v 0.2 0.12 0.21
v -0.8 0.12 0.21
l 1 2
v 0.05 0.12 0.21
v 0.05 -0.88 0.21
l 3 4
v 0.05 0.02 0.21
v 1.05 0.02 0.21
l 5 6
v 0.2 0.02 0.21
v 0.2 1.02 0.21
l 7 8
v 0 0 0.16
v 1 0 0.16
l 9 10
v 0.129302 0.428284 0.16
v -0.585045 1.12808 0.16
l 11 12
v 0.128714 0.42886 0.16
v -0.566142 1.14801 0.16
l 13 14
v 0.129906 0.427724 0.16
v -0.603417 1.1076 0.16
l 15 16
v 0.128142 0.429452 0.16
v -0.546652 1.16746 0.16
l 17 18
v 0.130524 0.427181 0.16
v -0.620695 1.08723 0.16
l 19 20
v 0.127587 0.430059 0.16
v -0.527298 1.18579 0.16
l 21 22
v 0.131158 0.426655 0.16
v -0.638448 1.06517 0.16
l 23 24
v 0.127048 0.430681 0.16
v -0.506046 1.20476 0.16
l 25 26
v 0.131805 0.426147 0.16
v -0.65474 1.04368 0.16
l 27 28
v 0.126527 0.431318 0.16
v -0.485664 1.22203 0.16
l 29 30
v 0.132466 0.425657 0.16
v -0.67087 1.02118 0.16
l 31 32
v 0.126023 0.431969 0.16
v -0.46402 1.23934 0.16
l 33 34
v 0.133141 0.425185 0.16
v -0.686368 0.998251 0.16
l 35 36
v 0.125537 0.432634 0.16
v -0.441701 1.25619 0.16
l 37 38
v 0.133828 0.424732 0.16
v -0.70102 0.975213 0.16
l 39 40
v 0.12507 0.433312 0.16
v -0.419487 1.27204 0.16
l 41 42
v 0.134527 0.424298 0.16
v -0.715031 0.951792 0.16
l 43 44
v 0.124622 0.434002 0.16
v -0.397718 1.28674 0.16
l 45 46
v 0.135238 0.423883 0.16
v -0.728413 0.927973 0.16
l 47 48
v 0.124192 0.434704 0.16
v -0.37286 1.30242 0.16
l 49 50
v 0.13596 0.423488 0.16
v -0.741329 0.903451 0.16
l 51 52
v 0.123783 0.435418 0.16
v -0.351409 1.3153 0.16
l 53 54
v 0.136693 0.423113 0.16
v -0.753566 0.878567 0.16
l 55 56
v 0.123392 0.436142 0.16
v -0.325767 1.32959 0.16
l 57 58
v 0.137436 0.422758 0.16
v -0.764875 0.853845 0.16
l 59 60
v 0.123022 0.436878 0.16
v -0.302189 1.34197 0.16
l 61 62
v 0.138188 0.422423 0.16
v -0.775269 0.829357 0.16
l 63 64
v 0.122672 0.437623 0.16
v -0.277257 1.35417 0.16
l 65 66
v 0.138949 0.42211 0.16
v -0.785875 0.802506 0.16
l 67 68
v 0.122343 0.438377 0.16
v -0.251979 1.36568 0.16
l 69 70
v 0.139718 0.421817 0.16
v -0.794754 0.777853 0.16
l 71 72
v 0.122035 0.43914 0.16
v -0.227878 1.37592 0.16
l 73 74
v 0.140495 0.421546 0.16
v -0.803726 0.750857 0.16
l 75 76
v 0.121747 0.439911 0.16
v -0.201396 1.38626 0.16
l 77 78
v 0.141279 0.421296 0.16
v -0.81145 0.725116 0.16
l 79 80
v 0.121481 0.44069 0.16
v -0.176116 1.39538 0.16
l 81 82
v 0.14207 0.421067 0.16
v -0.818485 0.699156 0.16
l 83 84
v 0.121236 0.441476 0.16
v -0.149467 1.40414 0.16
l 85 86
v 0.142867 0.42086 0.16
v -0.825019 0.67225 0.16
l 87 88
v 0.121013 0.442269 0.16
v -0.123235 1.41198 0.16
l 89 90
v 0.143669 0.420676 0.16
v -0.831008 0.644293 0.16
l 91 92
v 0.120812 0.443067 0.16
v -0.0967637 1.41911 0.16
l 93 94
v 0.144476 0.420513 0.16
v -0.835732 0.618484 0.16
l 95 96
v 0.120633 0.44387 0.16
v -0.0701049 1.42551 0.16
l 97 98
v 0.145287 0.420373 0.16
v -0.840136 0.590495 0.16
l 99 100
v 0.120476 0.444678 0.16
v -0.0435267 1.43114 0.16
l 101 102
v 0.146101 0.420254 0.16
v -0.843381 0.56491 0.16
l 103 104
v 0.120341 0.44549 0.16
v -0.0169984 1.43601 0.16
l 105 106
v 0.146919 0.420159 0.16
v -0.846407 0.535497 0.16
l 107 108
v 0.120228 0.446305 0.16
v 0.0109915 1.44032 0.16
l 109 110
v 0.147739 0.420085 0.16
v -0.848214 0.509963 0.16
l 111 112
v 0.120138 0.447124 0.16
v 0.0387055 1.4438 0.16
l 113 114
v 0.14856 0.420035 0.16
v -0.84959 0.480833 0.16
l 115 116
v 0.120071 0.447944 0.16
v 0.064198 1.44638 0.16
l 117 118
v 0.149383 0.420006 0.16
v -0.849997 0.455219 0.16
l 119 120
v 0.120025 0.448766 0.16
v 0.0932689 1.44841 0.16
l 121 122
v 0.150206 0.420001 0.16
v -0.849775 0.426084 0.16
l 123 124
v 0.120003 0.449588 0.16
v 0.120003 1.44959 0.16
l 125 126
v 0.151029 0.420018 0.16
v -0.848758 0.399382 0.16
l 127 128
v 0.151851 0.420057 0.16
v -0.847025 0.372651 0.16
l 129 130
v 0.152672 0.420119 0.16
v -0.84449 0.344829 0.16
l 131 132
v 0.15349 0.420204 0.16
v -0.841151 0.316819 0.16
l 133 134
v 0.154306 0.420311 0.16
v -0.837207 0.290306 0.16
l 135 136
v 0.155119 0.42044 0.16
v -0.832529 0.263749 0.16
l 137 138
v 0.155928 0.420592 0.16
v -0.826871 0.235911 0.16
l 139 140
v 0.156733 0.420765 0.16
v -0.820944 0.210654 0.16
l 141 142
v 0.157532 0.420961 0.16
v -0.813679 0.182741 0.16
l 143 144
v 0.158326 0.421179 0.16
v -0.805986 0.156411 0.16
l 145 146
v 0.159114 0.421418 0.16
v -0.797834 0.13116 0.16
l 147 148
v 0.159895 0.421679 0.16
v -0.788553 0.104746 0.16
l 149 150
v 0.160668 0.421961 0.16
v -0.778762 0.0792207 0.16
l 151 152
v 0.161433 0.422264 0.16
v -0.768295 0.0540166 0.16
l 153 154
v 0.165824 0.424513 0.16
v -0.690586 -0.0917838 0.16
l 155 156
v 0.308123 0.407031 0.16
v -0.398984 1.11414 0.16
l 157 158
v 0.166517 0.424956 0.16
v -0.676054 -0.113629 0.16
l 159 160
v 0.309244 0.405967 0.16
v -0.416066 1.09439 0.16
l 161 162
v 0.165119 0.424088 0.16
v -0.705577 -0.0677343 0.16
l 163 164
v 0.167198 0.425419 0.16
v -0.659768 -0.136833 0.16
l 165 166
v 0.307031 0.408123 0.16
v -0.381392 1.13343 0.16
l 167 168
v 0.310391 0.404932 0.16
v -0.432033 1.07486 0.16
l 169 170
v 0.163675 0.423298 0.16
v -0.732691 -0.0200165 0.16
l 171 172
v 0.164402 0.423683 0.16
v -0.719333 -0.0443046 0.16
l 173 174
v 0.167866 0.4259 0.16
v -0.643642 -0.158442 0.16
l 175 176
v 0.305967 0.409244 0.16
v -0.363964 1.15167 0.16
l 177 178
v 0.311564 0.403927 0.16
v -0.447829 1.05456 0.16
l 179 180
v 0.162937 0.422933 0.16
v -0.744905 0.0036199 0.16
l 181 182
v 0.16852 0.426399 0.16
v -0.626503 -0.18018 0.16
l 183 184
v 0.304932 0.410391 0.16
v -0.3457 1.16978 0.16
l 185 186
v 0.312763 0.402953 0.16
v -0.463412 1.03347 0.16
l 187 188
v 0.16219 0.422588 0.16
v -0.757153 0.0291318 0.16
l 189 190
v 0.169161 0.426916 0.16
v -0.609209 -0.20089 0.16
l 191 192
v 0.169787 0.42745 0.16
v -0.591012 -0.221538 0.16
l 193 194
v 0.303927 0.411564 0.16
v -0.32659 1.18774 0.16
l 195 196
v 0.313987 0.40201 0.16
v -0.478174 1.01232 0.16
l 197 198
v 0.170398 0.428002 0.16
v -0.571623 -0.242374 0.16
l 199 200
v 0.302953 0.412763 0.16
v -0.30735 1.20493 0.16
l 201 202
v 0.315235 0.401098 0.16
v -0.492162 0.991106 0.16
l 203 204
v 0.170994 0.42857 0.16
v -0.552912 -0.261328 0.16
l 205 206
v 0.30201 0.413987 0.16
v -0.28801 1.22138 0.16
l 207 208
v 0.316505 0.400219 0.16
v -0.505757 0.969329 0.16
l 209 210
v 0.171574 0.429154 0.16
v -0.533094 -0.280384 0.16
l 211 212
v 0.301098 0.415235 0.16
v -0.268008 1.2375 0.16
l 213 214
v 0.317798 0.399373 0.16
v -0.518996 0.946891 0.16
l 215 216
v 0.172138 0.429753 0.16
v -0.513386 -0.298297 0.16
l 217 218
v 0.300219 0.416505 0.16
v -0.24729 1.2533 0.16
l 219 220
v 0.319112 0.398561 0.16
v -0.531571 0.92424 0.16
l 221 222
v 0.172685 0.430368 0.16
v -0.491899 -0.316846 0.16
l 223 224
v 0.299373 0.417798 0.16
v -0.226315 1.26848 0.16
l 225 226
v 0.320447 0.397783 0.16
v -0.543545 0.901288 0.16
l 227 228
v 0.173215 0.430998 0.16
v -0.470555 -0.334221 0.16
l 229 230
v 0.173727 0.431642 0.16
v -0.448597 -0.351117 0.16
l 231 232
v 0.298561 0.419112 0.16
v -0.204959 1.2831 0.16
l 233 234
v 0.321801 0.397039 0.16
v -0.554603 0.878615 0.16
l 235 236
v 0.174222 0.4323 0.16
v -0.426941 -0.366826 0.16
l 237 238
v 0.297783 0.420447 0.16
v -0.183778 1.29686 0.16
l 239 240
v 0.323174 0.396331 0.16
v -0.56562 0.854638 0.16
l 241 242
v 0.174699 0.432971 0.16
v -0.404689 -0.382081 0.16
l 243 244
v 0.297039 0.421801 0.16
v -0.161283 1.31059 0.16
l 245 246
v 0.324565 0.395658 0.16
v -0.575603 0.8312 0.16
l 247 248
v 0.175156 0.433655 0.16
v -0.380392 -0.397829 0.16
l 249 250
v 0.296331 0.423174 0.16
v -0.139196 1.32335 0.16
l 251 252
v 0.325973 0.395021 0.16
v -0.585126 0.807209 0.16
l 253 254
v 0.175595 0.434351 0.16
v -0.357896 -0.411455 0.16
l 255 256
v 0.176015 0.435059 0.16
v -0.334183 -0.424998 0.16
l 257 258
v 0.295658 0.424565 0.16
v -0.11653 1.33566 0.16
l 259 260
v 0.327396 0.394421 0.16
v -0.594049 0.78293 0.16
l 261 262
v 0.176415 0.435779 0.16
v -0.309223 -0.438381 0.16
l 263 264
v 0.295021 0.425973 0.16
v -0.0935044 1.34741 0.16
l 265 266
v 0.328835 0.393857 0.16
v -0.602206 0.758772 0.16
l 267 268
v 0.294421 0.427396 0.16
v -0.0704778 1.35844 0.16
l 269 270
v 0.176795 0.436509 0.16
v -0.284945 -0.450506 0.16
l 271 272
v 0.330287 0.393331 0.16
v -0.609919 0.733937 0.16
l 273 274
v 0.293857 0.428835 0.16
v -0.0467485 1.36904 0.16
l 275 276
v 0.177155 0.437249 0.16
v -0.260312 -0.461986 0.16
l 277 278
v 0.331753 0.392842 0.16
v -0.616865 0.709266 0.16
l 279 280
v 0.177495 0.437999 0.16
v -0.23539 -0.472784 0.16
l 281 282
v 0.293331 0.430287 0.16
v -0.0230877 1.37891 0.16
l 283 284
v 0.333231 0.392391 0.16
v -0.623232 0.684244 0.16
l 285 286
v 0.177814 0.438758 0.16
v -0.20966 -0.483123 0.16
l 287 288
v 0.178112 0.439525 0.16
v -0.184025 -0.4926 0.16
l 289 290
v 0.292842 0.431753 0.16
v 0.000983622 1.38821 0.16
l 291 292
v 0.33472 0.391978 0.16
v -0.628899 0.659258 0.16
l 293 294
v 0.178389 0.4403 0.16
v -0.158184 -0.501358 0.16
l 295 296
v 0.292391 0.433231 0.16
v 0.0251162 1.39685 0.16
l 297 298
v 0.336219 0.391604 0.16
v -0.63404 0.633672 0.16
l 299 300
v 0.178644 0.441082 0.16
v -0.131376 -0.509648 0.16
l 301 302
v 0.291978 0.43472 0.16
v 0.0499054 1.40498 0.16
l 303 304
v 0.337727 0.391269 0.16
v -0.638474 0.608136 0.16
l 305 306
v 0.178878 0.441872 0.16
v -0.10512 -0.516953 0.16
l 307 308
v 0.17909 0.442667 0.16
v -0.0785693 -0.523569 0.16
l 309 310
v 0.291604 0.436219 0.16
v 0.0747369 1.41242 0.16
l 311 312
v 0.339243 0.390972 0.16
v -0.6421 0.583236 0.16
l 313 314
v 0.17928 0.443468 0.16
v -0.0515256 -0.529532 0.16
l 315 316
v 0.291269 0.437727 0.16
v 0.0990054 1.41907 0.16
l 317 318
v 0.340767 0.390715 0.16
v -0.645312 0.556993 0.16
l 319 320
v 0.179448 0.444273 0.16
v -0.0248435 -0.534637 0.16
l 321 322
v 0.290972 0.439243 0.16
v 0.124694 1.42532 0.16
l 323 324
v 0.342296 0.390497 0.16
v -0.647692 0.531648 0.16
l 325 326
v 0.179594 0.445084 0.16
v 0.00241788 -0.539095 0.16
l 327 328
v 0.290715 0.440767 0.16
v 0.149564 1.43076 0.16
l 329 330
v 0.343831 0.390318 0.16
v -0.649439 0.506141 0.16
l 331 332
v 0.179718 0.445897 0.16
v 0.0289326 -0.54267 0.16
l 333 334
v 0.17982 0.446714 0.16
v 0.0559367 -0.545583 0.16
l 335 336
v 0.290497 0.442296 0.16
v 0.174674 1.43557 0.16
l 337 338
v 0.345369 0.390179 0.16
v -0.650572 0.480188 0.16
l 339 340
v 0.179898 0.447533 0.16
v 0.0850974 -0.547963 0.16
l 341 342
v 0.290318 0.443831 0.16
v 0.20031 1.43977 0.16
l 343 344
v 0.346911 0.39008 0.16
v -0.651034 0.454152 0.16
l 345 346
v 0.179955 0.448355 0.16
v 0.110762 -0.549248 0.16
l 347 348
v 0.290179 0.445369 0.16
v 0.226107 1.44331 0.16
l 349 350
v 0.348455 0.39002 0.16
v -0.650791 0.428846 0.16
l 351 352
v 0.179989 0.449177 0.16
v 0.138675 -0.549969 0.16
l 353 354
v 0.29008 0.446911 0.16
v 0.251235 1.44616 0.16
l 355 356
v 0.35 0.39 0.16
v -0.649916 0.402962 0.16
l 357 358
v 0.179989 0.450823 0.16
v 0.193368 -0.549087 0.16
l 359 360
v 0.18 0.45 0.16
v 0.166621 -0.549911 0.16
l 361 362
v 0.29002 0.448455 0.16
v 0.277078 1.44837 0.16
l 363 364
v 0.351545 0.39002 0.16
v -0.648371 0.377059 0.16
l 365 366
v 0.179955 0.451645 0.16
v 0.221271 -0.547501 0.16
l 367 368
v 0.29 0.45 0.16
v 0.302942 1.44992 0.16
l 369 370
v 0.353089 0.39008 0.16
v -0.646157 0.351254 0.16
l 371 372
v 0.179898 0.452467 0.16
v 0.249089 -0.545136 0.16
l 373 374
v 0.29002 0.451545 0.16
v 0.328865 1.45079 0.16
l 375 376
v 0.354631 0.390179 0.16
v -0.643314 0.326107 0.16
l 377 378
v 0.17982 0.453286 0.16
v 0.274621 -0.54221 0.16
l 379 380
v 0.29008 0.453089 0.16
v 0.354152 1.45103 0.16
l 381 382
v 0.356169 0.390318 0.16
v -0.639772 0.300308 0.16
l 383 384
v 0.179718 0.454103 0.16
v 0.303601 -0.538194 0.16
l 385 386
v 0.179594 0.454916 0.16
v 0.330379 -0.533651 0.16
l 387 388
v 0.290179 0.454631 0.16
v 0.380188 1.45057 0.16
l 389 390
v 0.357704 0.390497 0.16
v -0.635566 0.274676 0.16
l 391 392
v 0.179448 0.455727 0.16
v 0.356624 -0.528452 0.16
l 393 394
v 0.290318 0.456169 0.16
v 0.406141 1.44944 0.16
l 395 396
v 0.359233 0.390715 0.16
v -0.630755 0.249561 0.16
l 397 398
v 0.290497 0.457704 0.16
v 0.431651 1.44769 0.16
l 399 400
v 0.17928 0.456532 0.16
v 0.383571 -0.522378 0.16
l 401 402
v 0.360757 0.390972 0.16
v -0.625322 0.224694 0.16
l 403 404
v 0.17909 0.457333 0.16
v 0.409896 -0.515667 0.16
l 405 406
v 0.290715 0.459233 0.16
v 0.456993 1.44531 0.16
l 407 408
v 0.362273 0.391269 0.16
v -0.619071 0.199009 0.16
l 409 410
v 0.178878 0.458128 0.16
v 0.436537 -0.508108 0.16
l 411 412
v 0.178644 0.458918 0.16
v 0.462642 -0.499907 0.16
l 413 414
v 0.290972 0.460757 0.16
v 0.483232 1.4421 0.16
l 415 416
v 0.363781 0.391604 0.16
v -0.61242 0.174737 0.16
l 417 418
v 0.291269 0.462273 0.16
v 0.508136 1.43847 0.16
l 419 420
v 0.178389 0.4597 0.16
v 0.48842 -0.491027 0.16
l 421 422
v 0.36528 0.391978 0.16
v -0.604978 0.149905 0.16
l 423 424
v 0.178112 0.460475 0.16
v 0.514673 -0.481187 0.16
l 425 426
v 0.291604 0.463781 0.16
v 0.533677 1.43404 0.16
l 427 428
v 0.366769 0.392391 0.16
v -0.59685 0.125111 0.16
l 429 430
v 0.177814 0.461242 0.16
v 0.539963 -0.470878 0.16
l 431 432
v 0.177495 0.462001 0.16
v 0.564956 -0.459885 0.16
l 433 434
v 0.291978 0.46528 0.16
v 0.559253 1.4289 0.16
l 435 436
v 0.368247 0.392842 0.16
v -0.588216 0.100989 0.16
l 437 438
v 0.177155 0.462751 0.16
v 0.59004 -0.448032 0.16
l 439 440
v 0.292391 0.466769 0.16
v 0.584249 1.42323 0.16
l 441 442
v 0.369713 0.393331 0.16
v -0.578907 0.0769123 0.16
l 443 444
v 0.176795 0.463491 0.16
v 0.614262 -0.435744 0.16
l 445 446
v 0.292842 0.468247 0.16
v 0.609261 1.41687 0.16
l 447 448
v 0.371165 0.393857 0.16
v -0.569041 0.0532515 0.16
l 449 450
v 0.176415 0.464221 0.16
v 0.638155 -0.422794 0.16
l 451 452
v 0.293331 0.469713 0.16
v 0.633937 1.40992 0.16
l 453 454
v 0.372604 0.394421 0.16
v -0.558437 0.0295055 0.16
l 455 456
v 0.176015 0.464941 0.16
v 0.661653 -0.409219 0.16
l 457 458
v 0.293857 0.471165 0.16
v 0.658756 1.40221 0.16
l 459 460
v 0.374027 0.395021 0.16
v -0.547418 0.00651196 0.16
l 461 462
v 0.175595 0.465649 0.16
v 0.685793 -0.394408 0.16
l 463 464
v 0.175156 0.466345 0.16
v 0.708647 -0.379461 0.16
l 465 466
v 0.294421 0.472604 0.16
v 0.682946 1.39404 0.16
l 467 468
v 0.375435 0.395658 0.16
v -0.535661 -0.0165373 0.16
l 469 470
v 0.174699 0.467029 0.16
v 0.730247 -0.364455 0.16
l 471 472
v 0.295021 0.474027 0.16
v 0.707216 1.38512 0.16
l 473 474
v 0.376826 0.396331 0.16
v -0.523342 -0.0392113 0.16
l 475 476
v 0.295658 0.475435 0.16
v 0.731177 1.37561 0.16
l 477 478
v 0.174222 0.4677 0.16
v 0.75361 -0.347352 0.16
l 479 480
v 0.378199 0.397039 0.16
v -0.510599 -0.0612599 0.16
l 481 482
v 0.296331 0.476826 0.16
v 0.754653 1.36561 0.16
l 483 484
v 0.173727 0.468358 0.16
v 0.77489 -0.330768 0.16
l 485 486
v 0.379553 0.397783 0.16
v -0.496847 -0.083801 0.16
l 487 488
v 0.297039 0.478199 0.16
v 0.7786 1.35461 0.16
l 489 490
v 0.173215 0.469002 0.16
v 0.795539 -0.313757 0.16
l 491 492
v 0.172685 0.469632 0.16
v 0.816455 -0.295587 0.16
l 493 494
v 0.380888 0.398561 0.16
v -0.483104 -0.104944 0.16
l 495 496
v 0.172138 0.470247 0.16
v 0.836722 -0.276967 0.16
l 497 498
v 0.297783 0.479553 0.16
v 0.801303 1.34354 0.16
l 499 500
v 0.382202 0.399373 0.16
v -0.468481 -0.126306 0.16
l 501 502
v 0.298561 0.480888 0.16
v 0.824249 1.33157 0.16
l 503 504
v 0.171574 0.470846 0.16
v 0.857098 -0.257204 0.16
l 505 506
v 0.383495 0.400219 0.16
v -0.453305 -0.14729 0.16
l 507 508
v 0.299373 0.482202 0.16
v 0.846882 1.319 0.16
l 509 510
v 0.170994 0.47143 0.16
v 0.875662 -0.238108 0.16
l 511 512
v 0.300219 0.483495 0.16
v 0.869325 1.30576 0.16
l 513 514
v 0.170398 0.471998 0.16
v 0.894304 -0.2179 0.16
l 515 516
v 0.384765 0.401098 0.16
v -0.43749 -0.168021 0.16
l 517 518
v 0.386013 0.40201 0.16
v -0.421384 -0.187998 0.16
l 519 520
v 0.169787 0.47255 0.16
v 0.911808 -0.197826 0.16
l 521 522
v 0.301098 0.484765 0.16
v 0.891118 1.29215 0.16
l 523 524
v 0.30201 0.486013 0.16
v 0.912313 1.27818 0.16
l 525 526
v 0.169161 0.473084 0.16
v 0.92996 -0.175904 0.16
l 527 528
v 0.16852 0.473601 0.16
v 0.94689 -0.154205 0.16
l 529 530
v 0.387237 0.402953 0.16
v -0.404931 -0.20735 0.16
l 531 532
v 0.388436 0.403927 0.16
v -0.387732 -0.2266 0.16
l 533 534
v 0.167866 0.4741 0.16
v 0.962889 -0.132479 0.16
l 535 536
v 0.302953 0.487237 0.16
v 0.93347 1.26341 0.16
l 537 538
v 0.303927 0.488436 0.16
v 0.954559 1.24783 0.16
l 539 540
v 0.167198 0.474581 0.16
v 0.978706 -0.109761 0.16
l 541 542
v 0.389609 0.404932 0.16
v -0.369792 -0.245691 0.16
l 543 544
v 0.390756 0.405967 0.16
v -0.351668 -0.263964 0.16
l 545 546
v 0.304932 0.489609 0.16
v 0.974863 1.23203 0.16
l 547 548
v 0.166517 0.475044 0.16
v 0.993483 -0.0872081 0.16
l 549 550
v 0.305967 0.490756 0.16
v 0.994399 1.21606 0.16
l 551 552
v 0.165824 0.475487 0.16
v 1.0084 -0.0630978 0.16
l 553 554
v 0.391877 0.407031 0.16
v -0.333424 -0.281401 0.16
l 555 556
v 0.307031 0.491877 0.16
v 1.01413 1.19899 0.16
l 557 558
v 0.165119 0.475912 0.16
v 1.02153 -0.0403848 0.16
l 559 560
v 0.392969 0.408123 0.16
v -0.314147 -0.298974 0.16
l 561 562
v 0.164402 0.476317 0.16
v 1.03511 -0.0154779 0.16
l 563 564
v 0.308123 0.492969 0.16
v 1.03343 1.18139 0.16
l 565 566
v 0.394033 0.409244 0.16
v -0.29439 -0.316066 0.16
l 567 568
v 0.395068 0.410391 0.16
v -0.274852 -0.332042 0.16
l 569 570
v 0.396073 0.411564 0.16
v -0.254571 -0.347819 0.16
l 571 572
v 0.397047 0.412763 0.16
v -0.23347 -0.363412 0.16
l 573 574
v 0.39799 0.413987 0.16
v -0.212301 -0.37819 0.16
l 575 576
v 0.398902 0.415235 0.16
v -0.191118 -0.392153 0.16
l 577 578
v 0.125537 0.467366 0.16
v 0.715597 1.27473 0.16
l 579 580
v 0.108123 0.707031 0.16
v -0.598977 1.41415 0.16
l 581 582
v 0.126023 0.468031 0.16
v 0.738197 1.25875 0.16
l 583 584
v 0.109244 0.705967 0.16
v -0.616061 1.39439 0.16
l 585 586
v 0.126527 0.468682 0.16
v 0.759639 1.24274 0.16
l 587 588
v 0.12507 0.466688 0.16
v 0.692308 1.29024 0.16
l 589 590
v 0.124622 0.465998 0.16
v 0.669179 1.30472 0.16
l 591 592
v 0.107031 0.708123 0.16
v -0.581401 1.43342 0.16
l 593 594
v 0.110391 0.704932 0.16
v -0.632023 1.37487 0.16
l 595 596
v 0.127048 0.469319 0.16
v 0.781933 1.22505 0.16
l 597 598
v 0.124192 0.465296 0.16
v 0.646532 1.31803 0.16
l 599 600
v 0.105967 0.709244 0.16
v -0.563971 1.45166 0.16
l 601 602
v 0.127587 0.469941 0.16
v 0.802363 1.20796 0.16
l 603 604
v 0.111564 0.703927 0.16
v -0.647833 1.35455 0.16
l 605 606
v 0.123783 0.464582 0.16
v 0.620835 1.3323 0.16
l 607 608
v 0.104932 0.710391 0.16
v -0.545694 1.46979 0.16
l 609 610
v 0.128142 0.470548 0.16
v 0.822998 1.1897 0.16
l 611 612
v 0.112763 0.702953 0.16
v -0.66341 1.33347 0.16
l 613 614
v 0.123392 0.463858 0.16
v 0.598584 1.34374 0.16
l 615 616
v 0.103927 0.711564 0.16
v -0.52659 1.48774 0.16
l 617 618
v 0.113987 0.70201 0.16
v -0.678177 1.31232 0.16
l 619 620
v 0.128714 0.47114 0.16
v 0.843079 1.17091 0.16
l 621 622
v 0.123022 0.463122 0.16
v 0.572181 1.35657 0.16
l 623 624
v 0.102953 0.712763 0.16
v -0.50736 1.50492 0.16
l 625 626
v 0.399781 0.416505 0.16
v -0.169325 -0.405759 0.16
l 627 628
v 0.115235 0.701098 0.16
v -0.692172 1.29109 0.16
l 629 630
v 0.129302 0.471716 0.16
v 0.862607 1.15162 0.16
l 631 632
v 0.122672 0.462377 0.16
v 0.547883 1.36747 0.16
l 633 634
v 0.10201 0.713987 0.16
v -0.488004 1.52138 0.16
l 635 636
v 0.116505 0.700219 0.16
v -0.705741 1.26935 0.16
l 637 638
v 0.129906 0.472276 0.16
v 0.881125 1.13233 0.16
l 639 640
v 0.122343 0.461623 0.16
v 0.522272 1.37817 0.16
l 641 642
v 0.101098 0.715235 0.16
v -0.468014 1.53749 0.16
l 643 644
v 0.117798 0.699373 0.16
v -0.719011 1.24687 0.16
l 645 646
v 0.130524 0.472819 0.16
v 0.90013 1.11134 0.16
l 647 648
v 0.122035 0.46086 0.16
v 0.496357 1.38816 0.16
l 649 650
v 0.100219 0.716505 0.16
v -0.447064 1.55345 0.16
l 651 652
v 0.119112 0.698561 0.16
v -0.731568 1.22424 0.16
l 653 654
v 0.131158 0.473345 0.16
v 0.917703 1.09088 0.16
l 655 656
v 0.121747 0.460089 0.16
v 0.47166 1.39687 0.16
l 657 658
v 0.0993735 0.717798 0.16
v -0.426503 1.56836 0.16
l 659 660
v 0.132466 0.474343 0.16
v 0.951975 1.04741 0.16
l 661 662
v 0.131805 0.473853 0.16
v 0.935141 1.06938 0.16
l 663 664
v 0.120447 0.697783 0.16
v -0.743538 1.2013 0.16
l 665 666
v 0.0985611 0.719112 0.16
v -0.405036 1.58305 0.16
l 667 668
v 0.121481 0.45931 0.16
v 0.444624 1.40566 0.16
l 669 670
v 0.400627 0.417798 0.16
v -0.146882 -0.419002 0.16
l 671 672
v 0.133141 0.474815 0.16
v 0.967989 1.0253 0.16
l 673 674
v 0.121801 0.697039 0.16
v -0.754609 1.1786 0.16
l 675 676
v 0.121236 0.458524 0.16
v 0.418822 1.41322 0.16
l 677 678
v 0.0977829 0.720447 0.16
v -0.383597 1.59696 0.16
l 679 680
v 0.123174 0.696331 0.16
v -0.765621 1.15464 0.16
l 681 682
v 0.133828 0.475268 0.16
v 0.983403 1.00274 0.16
l 683 684
v 0.121013 0.457731 0.16
v 0.391725 1.42039 0.16
l 685 686
v 0.0970393 0.721801 0.16
v -0.36153 1.61046 0.16
l 687 688
v 0.124565 0.695658 0.16
v -0.775612 1.13118 0.16
l 689 690
v 0.134527 0.475702 0.16
v 0.998162 0.979819 0.16
l 691 692
v 0.120812 0.456933 0.16
v 0.36506 1.42665 0.16
l 693 694
v 0.0963308 0.723174 0.16
v -0.33913 1.62338 0.16
l 695 696
v 0.401439 0.419112 0.16
v -0.124263 -0.431557 0.16
l 697 698
v 0.125973 0.695021 0.16
v -0.78511 1.10724 0.16
l 699 700
v 0.135238 0.476117 0.16
v 1.01253 0.95608 0.16
l 701 702
v 0.120633 0.45613 0.16
v 0.338209 1.43217 0.16
l 703 704
v 0.0956579 0.724565 0.16
v -0.316485 1.63568 0.16
l 705 706
v 0.127396 0.694421 0.16
v -0.794049 1.08293 0.16
l 707 708
v 0.13596 0.476512 0.16
v 1.02623 0.931938 0.16
l 709 710
v 0.120476 0.455322 0.16
v 0.311214 1.43696 0.16
l 711 712
v 0.095021 0.725973 0.16
v -0.293721 1.64732 0.16
l 713 714
v 0.402217 0.420447 0.16
v -0.101288 -0.443545 0.16
l 715 716
v 0.128835 0.693857 0.16
v -0.802211 1.05876 0.16
l 717 718
v 0.136693 0.476887 0.16
v 1.03899 0.908003 0.16
l 719 720
v 0.120341 0.45451 0.16
v 0.284344 1.44097 0.16
l 721 722
v 0.0944206 0.727396 0.16
v -0.270272 1.65852 0.16
l 723 724
v 0.130287 0.693331 0.16
v -0.80992 1.03393 0.16
l 725 726
v 0.137436 0.477242 0.16
v 1.05089 0.884176 0.16
l 727 728
v 0.093857 0.728835 0.16
v -0.246964 1.66896 0.16
l 729 730
v 0.131753 0.692842 0.16
v -0.816866 1.00926 0.16
l 731 732
v 0.138949 0.47789 0.16
v 1.07342 0.833926 0.16
l 733 734
v 0.138188 0.477577 0.16
v 1.06301 0.857973 0.16
l 735 736
v 0.402961 0.421801 0.16
v -0.0786001 -0.454612 0.16
l 737 738
v 0.133231 0.692391 0.16
v -0.823226 0.984264 0.16
l 739 740
v 0.139718 0.478183 0.16
v 1.08394 0.807494 0.16
l 741 742
v 0.140495 0.478454 0.16
v 1.09322 0.782274 0.16
l 743 744
v 0.13472 0.691978 0.16
v -0.8289 0.959255 0.16
l 745 746
v 0.403669 0.423174 0.16
v -0.054653 -0.465612 0.16
l 747 748
v 0.141279 0.478704 0.16
v 1.10183 0.756793 0.16
l 749 750
v 0.136219 0.691604 0.16
v -0.834044 0.933658 0.16
l 751 752
v 0.404342 0.424565 0.16
v -0.0311847 -0.475611 0.16
l 753 754
v 0.14207 0.478933 0.16
v 1.10996 0.730323 0.16
l 755 756
v 0.137727 0.691269 0.16
v -0.83847 0.908152 0.16
l 757 758
v 0.139243 0.690972 0.16
v -0.842101 0.883234 0.16
l 759 760
v 0.142867 0.47914 0.16
v 1.11754 0.702757 0.16
l 761 762
v 0.404979 0.425973 0.16
v -0.00720908 -0.485126 0.16
l 763 764
v 0.140767 0.690715 0.16
v -0.845315 0.856976 0.16
l 765 766
v 0.143669 0.479324 0.16
v 1.12388 0.677295 0.16
l 767 768
v 0.142296 0.690497 0.16
v -0.847689 0.831667 0.16
l 769 770
v 0.145287 0.479627 0.16
v 1.13477 0.624283 0.16
l 771 772
v 0.144476 0.479487 0.16
v 1.1299 0.649609 0.16
l 773 774
v 0.405579 0.427396 0.16
v 0.0170536 -0.494042 0.16
l 775 776
v 0.143831 0.690318 0.16
v -0.849439 0.806141 0.16
l 777 778
v 0.146101 0.479746 0.16
v 1.13943 0.595084 0.16
l 779 780
v 0.406143 0.428835 0.16
v 0.0412275 -0.502206 0.16
l 781 782
v 0.145369 0.690179 0.16
v -0.850572 0.780188 0.16
l 783 784
v 0.146919 0.479841 0.16
v 1.14287 0.569719 0.16
l 785 786
v 0.406669 0.430287 0.16
v 0.0660805 -0.509925 0.16
l 787 788
v 0.146911 0.69008 0.16
v -0.851034 0.754152 0.16
l 789 790
v 0.147739 0.479915 0.16
v 1.14589 0.540713 0.16
l 791 792
v 0.14856 0.479965 0.16
v 1.14794 0.515178 0.16
l 793 794
v 0.148455 0.69002 0.16
v -0.850792 0.728826 0.16
l 795 796
v 0.407158 0.431753 0.16
v 0.0907393 -0.516867 0.16
l 797 798
v 0.15 0.69 0.16
v -0.849916 0.702961 0.16
l 799 800
v 0.149383 0.479994 0.16
v 1.14936 0.486077 0.16
l 801 802
v 0.407609 0.433231 0.16
v 0.115751 -0.523231 0.16
l 803 804
v 0.151545 0.69002 0.16
v -0.848371 0.677059 0.16
l 805 806
v 0.150206 0.479999 0.16
v 1.14999 0.459327 0.16
l 807 808
v 0.408022 0.43472 0.16
v 0.140747 -0.5289 0.16
l 809 810
v 0.151851 0.479943 0.16
v 1.14901 0.404617 0.16
l 811 812
v 0.151029 0.479982 0.16
v 1.14991 0.432612 0.16
l 813 814
v 0.153089 0.69008 0.16
v -0.846158 0.651274 0.16
l 815 816
v 0.408396 0.436219 0.16
v 0.166305 -0.534035 0.16
l 817 818
v 0.154631 0.690179 0.16
v -0.843314 0.626107 0.16
l 819 820
v 0.152672 0.479881 0.16
v 1.14732 0.376532 0.16
l 821 822
v 0.408731 0.437727 0.16
v 0.191864 -0.538474 0.16
l 823 824
v 0.156169 0.690318 0.16
v -0.839772 0.600309 0.16
l 825 826
v 0.15349 0.479796 0.16
v 1.145 0.349791 0.16
l 827 828
v 0.157704 0.690497 0.16
v -0.835566 0.574674 0.16
l 829 830
v 0.154306 0.479689 0.16
v 1.14195 0.322962 0.16
l 831 832
v 0.409028 0.439243 0.16
v 0.216783 -0.542104 0.16
l 833 834
v 0.159233 0.690715 0.16
v -0.830752 0.549545 0.16
l 835 836
v 0.155119 0.47956 0.16
v 1.13792 0.294914 0.16
l 837 838
v 0.409285 0.440767 0.16
v 0.242988 -0.545309 0.16
l 839 840
v 0.155928 0.479408 0.16
v 1.13361 0.269297 0.16
l 841 842
v 0.160757 0.690972 0.16
v -0.825325 0.524713 0.16
l 843 844
v 0.409503 0.442296 0.16
v 0.268352 -0.547692 0.16
l 845 846
v 0.409682 0.443831 0.16
v 0.293859 -0.549439 0.16
l 847 848
v 0.156733 0.479235 0.16
v 1.12794 0.241015 0.16
l 849 850
v 0.162273 0.691269 0.16
v -0.819071 0.499007 0.16
l 851 852
v 0.409821 0.445369 0.16
v 0.319813 -0.550572 0.16
l 853 854
v 0.163781 0.691604 0.16
v -0.812416 0.474719 0.16
l 855 856
v 0.158326 0.478821 0.16
v 1.11527 0.188563 0.16
l 857 858
v 0.157532 0.479039 0.16
v 1.12184 0.214271 0.16
l 859 860
v 0.40992 0.446911 0.16
v 0.345848 -0.551034 0.16
l 861 862
v 0.159114 0.478582 0.16
v 1.10755 0.161616 0.16
l 863 864
v 0.16528 0.691978 0.16
v -0.804983 0.449924 0.16
l 865 866
v 0.40998 0.448455 0.16
v 0.371154 -0.550791 0.16
l 867 868
v 0.159895 0.478321 0.16
v 1.09934 0.135613 0.16
l 869 870
v 0.166769 0.692391 0.16
v -0.796851 0.425114 0.16
l 871 872
v 0.160668 0.478039 0.16
v 1.0904 0.109792 0.16
l 873 874
v 0.168247 0.692842 0.16
v -0.78821 0.400969 0.16
l 875 876
v 0.169713 0.693331 0.16
v -0.778907 0.376912 0.16
l 877 878
v 0.161433 0.477736 0.16
v 1.08076 0.0842492 0.16
l 879 880
v 0.16219 0.477412 0.16
v 1.07005 0.0581287 0.16
l 881 882
v 0.171165 0.693857 0.16
v -0.769041 0.353252 0.16
l 883 884
v 0.172604 0.694421 0.16
v -0.758442 0.329519 0.16
l 885 886
v 0.162937 0.477067 0.16
v 1.0593 0.0337525 0.16
l 887 888
v 0.174027 0.695021 0.16
v -0.747418 0.306512 0.16
l 889 890
v 0.163675 0.476702 0.16
v 1.0474 0.00868612 0.16
l 891 892
v 0.309244 0.494033 0.16
v 1.05167 1.16396 0.16
l 893 894
v 0.175435 0.695658 0.16
v -0.735649 0.283438 0.16
l 895 896
v 0.310391 0.495068 0.16
v 1.06978 1.1457 0.16
l 897 898
v 0.176826 0.696331 0.16
v -0.72335 0.260804 0.16
l 899 900
v 0.311564 0.496073 0.16
v 1.08774 1.12659 0.16
l 901 902
v 0.178199 0.697039 0.16
v -0.710595 0.238732 0.16
l 903 904
v 0.312763 0.497047 0.16
v 1.10492 1.10736 0.16
l 905 906
v 0.179553 0.697783 0.16
v -0.69686 0.216222 0.16
l 907 908
v 0.313987 0.49799 0.16
v 1.12138 1.088 0.16
l 909 910
v 0.180888 0.698561 0.16
v -0.683096 0.195041 0.16
l 911 912
v 0.182202 0.699373 0.16
v -0.668478 0.17369 0.16
l 913 914
v 0.315235 0.498902 0.16
v 1.1375 1.06801 0.16
l 915 916
v 0.316505 0.499781 0.16
v 1.15331 1.04729 0.16
l 917 918
v 0.183495 0.700219 0.16
v -0.653314 0.152723 0.16
l 919 920
v 0.184765 0.701098 0.16
v -0.637481 0.131966 0.16
l 921 922
v 0.317798 0.500627 0.16
v 1.16848 1.02631 0.16
l 923 924
v 0.186013 0.70201 0.16
v -0.621394 0.112015 0.16
l 925 926
v 0.319112 0.501439 0.16
v 1.1831 1.00496 0.16
l 927 928
v 0.187237 0.702953 0.16
v -0.604927 0.0926449 0.16
l 929 930
v 0.320447 0.502217 0.16
v 1.19686 0.983778 0.16
l 931 932
v 0.188436 0.703927 0.16
v -0.587739 0.0734099 0.16
l 933 934
v 0.321801 0.502961 0.16
v 1.21058 0.961298 0.16
l 935 936
v 0.189609 0.704932 0.16
v -0.569788 0.0543043 0.16
l 937 938
v 0.323174 0.503669 0.16
v 1.22335 0.939196 0.16
l 939 940
v 0.190756 0.705967 0.16
v -0.551654 0.0360208 0.16
l 941 942
v 0.324565 0.504342 0.16
v 1.23566 0.91653 0.16
l 943 944
v 0.120228 0.453695 0.16
v 0.257567 1.44422 0.16
l 945 946
v 0.120138 0.452876 0.16
v 0.229374 1.44689 0.16
l 947 948
v 0.120071 0.452056 0.16
v 0.201501 1.44874 0.16
l 949 950
v 0.120025 0.451234 0.16
v 0.1759 1.44967 0.16
l 951 952
v 0.120003 0.450412 0.16
v 0.146759 1.45005 0.16
l 953 954
v 0.105967 0.790756 0.16
v 0.794399 1.51606 0.16
l 955 956
v 0.104932 0.789609 0.16
v 0.77487 1.53203 0.16
l 957 958
v 0.103927 0.788436 0.16
v 0.754553 1.54783 0.16
l 959 960
v 0.102953 0.787237 0.16
v 0.73347 1.56341 0.16
l 961 962
v 0.10201 0.786013 0.16
v 0.712323 1.57817 0.16
l 963 964
v 0.101098 0.784765 0.16
v 0.691112 1.59216 0.16
l 965 966
v 0.100219 0.783495 0.16
v 0.669331 1.60575 0.16
l 967 968
v 0.0993735 0.782202 0.16
v 0.646656 1.61915 0.16
l 969 970
v 0.0985611 0.780888 0.16
v 0.624437 1.63145 0.16
l 971 972
v 0.0977829 0.779553 0.16
v 0.601381 1.64349 0.16
l 973 974
v 0.0970393 0.778199 0.16
v 0.57842 1.65471 0.16
l 975 976
v 0.0963308 0.776826 0.16
v 0.5549 1.66548 0.16
l 977 978
v 0.0956579 0.775435 0.16
v 0.531119 1.67564 0.16
l 979 980
v 0.095021 0.774027 0.16
v 0.507164 1.68515 0.16
l 981 982
v 0.0944206 0.772604 0.16
v 0.483163 1.69395 0.16
l 983 984
v 0.093857 0.771165 0.16
v 0.458549 1.70229 0.16
l 985 986
v 0.0933306 0.769713 0.16
v 0.434152 1.70984 0.16
l 987 988
v 0.0928419 0.768247 0.16
v 0.409093 1.71692 0.16
l 989 990
v 0.092391 0.766769 0.16
v 0.384187 1.72325 0.16
l 991 992
v 0.0919783 0.76528 0.16
v 0.359079 1.72895 0.16
l 993 994
v 0.0916041 0.763781 0.16
v 0.333804 1.73401 0.16
l 995 996
v 0.0912687 0.762273 0.16
v 0.308375 1.73842 0.16
l 997 998
v 0.0909721 0.760757 0.16
v 0.28298 1.74215 0.16
l 999 1000
v 0.0907147 0.759233 0.16
v 0.257252 1.74527 0.16
l 1001 1002
v 0.0904966 0.757704 0.16
v 0.231712 1.74768 0.16
l 1003 1004
v 0.090318 0.756169 0.16
v 0.205889 1.74947 0.16
l 1005 1006
v 0.0901789 0.754631 0.16
v 0.180253 1.75057 0.16
l 1007 1008
v 0.0900796 0.753089 0.16
v 0.154345 1.75102 0.16
l 1009 1010
v 0.0900199 0.751545 0.16
v 0.128658 1.7508 0.16
l 1011 1012
v 0 0.9 0.16
v 0 -0.1 0.16
l 1013 1014
v 0.09 0.75 0.16
v 0.102875 1.74992 0.16
l 1015 1016
v 0.0900199 0.748455 0.16
v 0.0771453 1.74837 0.16
l 1017 1018
v 0.0900796 0.746911 0.16
v 0.0514417 1.74616 0.16
l 1019 1020
v 0.0901789 0.745369 0.16
v 0.0259131 1.7433 0.16
l 1021 1022
v 0.090318 0.743831 0.16
v 0.000244233 1.73977 0.16
l 1023 1024
v 0.0904966 0.742296 0.16
v -0.0250743 1.7356 0.16
l 1025 1026
v 0.0907147 0.740767 0.16
v -0.0505007 1.73075 0.16
l 1027 1028
v 0.0909721 0.739243 0.16
v -0.0755652 1.72528 0.16
l 1029 1030
v 0.0912687 0.737727 0.16
v -0.100739 1.71912 0.16
l 1031 1032
v 0.0916041 0.736219 0.16
v -0.125502 1.71237 0.16
l 1033 1034
v 0.0919783 0.73472 0.16
v -0.150221 1.70495 0.16
l 1035 1036
v 0.092391 0.733231 0.16
v -0.17471 1.6969 0.16
l 1037 1038
v 0.0928419 0.731753 0.16
v -0.198954 1.68823 0.16
l 1039 1040
v 0.0933306 0.730287 0.16
v -0.22292 1.67896 0.16
l 1041 1042
v 0.107031 0.791877 0.16
v 0.814131 1.49899 0.16
l 1043 1044
v 0.108123 0.792969 0.16
v 0.833428 1.4814 0.16
l 1045 1046
v 0.109244 0.794033 0.16
v 0.851658 1.46397 0.16
l 1047 1048
v 0.110391 0.795068 0.16
v 0.869788 1.4457 0.16
l 1049 1050
v 0.111564 0.796073 0.16
v 0.887737 1.42659 0.16
l 1051 1052
v 0.112763 0.797047 0.16
v 0.904927 1.40736 0.16
l 1053 1054
v 0.113987 0.79799 0.16
v 0.921394 1.38799 0.16
l 1055 1056
v 0.115235 0.798902 0.16
v 0.937481 1.36803 0.16
l 1057 1058
v 0.116505 0.799781 0.16
v 0.953314 1.34728 0.16
l 1059 1060
v 0.117798 0.800627 0.16
v 0.968478 1.32631 0.16
l 1061 1062
v 0.119112 0.801439 0.16
v 0.983097 1.30496 0.16
l 1063 1064
v 0.120447 0.802217 0.16
v 0.996857 1.28378 0.16
l 1065 1066
v 0.121801 0.802961 0.16
v 1.0106 1.26127 0.16
l 1067 1068
v 0.123174 0.803669 0.16
v 1.02335 1.23919 0.16
l 1069 1070
v 0.124565 0.804342 0.16
v 1.03565 1.21656 0.16
l 1071 1072
v 0.125973 0.804979 0.16
v 1.04742 1.19349 0.16
l 1073 1074
v 0.127396 0.805579 0.16
v 1.05844 1.17048 0.16
l 1075 1076
v 0.128835 0.806143 0.16
v 1.06904 1.14675 0.16
l 1077 1078
v 0.130287 0.806669 0.16
v 1.07891 1.12309 0.16
l 1079 1080
v 0.131753 0.807158 0.16
v 1.08821 1.09903 0.16
l 1081 1082
v 0.133231 0.807609 0.16
v 1.09685 1.07489 0.16
l 1083 1084
v 0.13472 0.808022 0.16
v 1.10498 1.05008 0.16
l 1085 1086
v 0.136219 0.808396 0.16
v 1.11242 1.02528 0.16
l 1087 1088
v 0.137727 0.808731 0.16
v 1.11907 1.00099 0.16
l 1089 1090
v 0.139243 0.809028 0.16
v 1.12532 0.975289 0.16
l 1091 1092
v 0.140767 0.809285 0.16
v 1.13075 0.950455 0.16
l 1093 1094
v 0.142296 0.809503 0.16
v 1.13557 0.925326 0.16
l 1095 1096
v 0.143831 0.809682 0.16
v 1.13977 0.899691 0.16
l 1097 1098
v 0.145369 0.809821 0.16
v 1.14331 0.873893 0.16
l 1099 1100
v 0.146911 0.80992 0.16
v 1.14616 0.848726 0.16
l 1101 1102
v 0.148455 0.80998 0.16
v 1.14837 0.822941 0.16
l 1103 1104
v 0.15 0.81 0.16
v 1.14992 0.797039 0.16
l 1105 1106
v 0.151545 0.80998 0.16
v 1.15079 0.771174 0.16
l 1107 1108
v 0.153089 0.80992 0.16
v 1.15103 0.745848 0.16
l 1109 1110
v 0.154631 0.809821 0.16
v 1.15057 0.719812 0.16
l 1111 1112
v 0.156169 0.809682 0.16
v 1.14944 0.693859 0.16
l 1113 1114
v 0.157704 0.809503 0.16
v 1.14769 0.668333 0.16
l 1115 1116
v 0.159233 0.809285 0.16
v 1.14532 0.643026 0.16
l 1117 1118
v 0.160757 0.809028 0.16
v 1.1421 0.616766 0.16
l 1119 1120
v 0.162273 0.808731 0.16
v 1.13847 0.591846 0.16
l 1121 1122
v 0.199781 0.716505 0.16
v -0.369331 -0.105755 0.16
l 1123 1124
v 0.329302 0.728284 0.16
v -0.385045 1.42808 0.16
l 1125 1126
v 0.200627 0.717798 0.16
v -0.346882 -0.119002 0.16
l 1127 1128
v 0.328714 0.72886 0.16
v -0.366161 1.44799 0.16
l 1129 1130
v 0.329906 0.727724 0.16
v -0.4034 1.40762 0.16
l 1131 1132
v 0.198902 0.715235 0.16
v -0.391112 -0.0921579 0.16
l 1133 1134
v 0.328142 0.729452 0.16
v -0.346624 1.46748 0.16
l 1135 1136
v 0.201439 0.719112 0.16
v -0.324249 -0.131566 0.16
l 1137 1138
v 0.19799 0.713987 0.16
v -0.412323 -0.0781736 0.16
l 1139 1140
v 0.330524 0.727181 0.16
v -0.420702 1.38723 0.16
l 1141 1142
v 0.327587 0.730059 0.16
v -0.327316 1.48577 0.16
l 1143 1144
v 0.202217 0.720447 0.16
v -0.301287 -0.143546 0.16
l 1145 1146
v 0.331158 0.726655 0.16
v -0.438455 1.36517 0.16
l 1147 1148
v 0.197047 0.712763 0.16
v -0.43347 -0.0634124 0.16
l 1149 1150
v 0.202961 0.721801 0.16
v -0.278616 -0.154603 0.16
l 1151 1152
v 0.327048 0.730681 0.16
v -0.306064 1.50474 0.16
l 1153 1154
v 0.331805 0.726147 0.16
v -0.454708 1.34372 0.16
l 1155 1156
v 0.196073 0.711564 0.16
v -0.45455 -0.0478369 0.16
l 1157 1158
v 0.203669 0.723174 0.16
v -0.254645 -0.165616 0.16
l 1159 1160
v 0.326527 0.731318 0.16
v -0.285635 1.52205 0.16
l 1161 1162
v 0.195068 0.710391 0.16
v -0.474872 -0.0320239 0.16
l 1163 1164
v 0.332466 0.725657 0.16
v -0.470877 1.32117 0.16
l 1165 1166
v 0.326023 0.731969 0.16
v -0.264032 1.53933 0.16
l 1167 1168
v 0.333141 0.725185 0.16
v -0.486368 1.29825 0.16
l 1169 1170
v 0.204342 0.724565 0.16
v -0.23117 -0.175618 0.16
l 1171 1172
v 0.325537 0.732634 0.16
v -0.241714 1.55618 0.16
l 1173 1174
v 0.194033 0.709244 0.16
v -0.494399 -0.0160567 0.16
l 1175 1176
v 0.333828 0.724732 0.16
v -0.50102 1.27521 0.16
l 1177 1178
v 0.204979 0.725973 0.16
v -0.207224 -0.185119 0.16
l 1179 1180
v 0.32507 0.733312 0.16
v -0.21949 1.57203 0.16
l 1181 1182
v 0.192969 0.708123 0.16
v -0.514133 0.00101142 0.16
l 1183 1184
v 0.334527 0.724298 0.16
v -0.515043 1.25177 0.16
l 1185 1186
v 0.324622 0.734002 0.16
v -0.197715 1.58674 0.16
l 1187 1188
v 0.205579 0.727396 0.16
v -0.182938 -0.194045 0.16
l 1189 1190
v 0.335238 0.723883 0.16
v -0.528402 1.22799 0.16
l 1191 1192
v 0.191877 0.707031 0.16
v -0.533428 0.0186037 0.16
l 1193 1194
v 0.206143 0.728835 0.16
v -0.158779 -0.202203 0.16
l 1195 1196
v 0.324192 0.734704 0.16
v -0.17284 1.60244 0.16
l 1197 1198
v 0.33596 0.723488 0.16
v -0.541329 1.20345 0.16
l 1199 1200
v 0.325973 0.504979 0.16
v 1.24742 0.893488 0.16
l 1201 1202
v 0.323783 0.735418 0.16
v -0.151431 1.61529 0.16
l 1203 1204
v 0.206669 0.730287 0.16
v -0.133922 -0.209925 0.16
l 1205 1206
v 0.327396 0.505579 0.16
v 1.25844 0.870478 0.16
l 1207 1208
v 0.336693 0.723113 0.16
v -0.553577 1.17855 0.16
l 1209 1210
v 0.323392 0.736142 0.16
v -0.12576 1.6296 0.16
l 1211 1212
v 0.328835 0.506143 0.16
v 1.26904 0.846748 0.16
l 1213 1214
v 0.337436 0.722758 0.16
v -0.56486 1.15387 0.16
l 1215 1216
v 0.207158 0.731753 0.16
v -0.109266 -0.216865 0.16
l 1217 1218
v 0.323022 0.736878 0.16
v -0.102189 1.64197 0.16
l 1219 1220
v 0.330287 0.506669 0.16
v 1.2789 0.823093 0.16
l 1221 1222
v 0.338188 0.722423 0.16
v -0.575283 1.12933 0.16
l 1223 1224
v 0.207609 0.733231 0.16
v -0.084244 -0.223232 0.16
l 1225 1226
v 0.322672 0.737623 0.16
v -0.0772724 1.65416 0.16
l 1227 1228
v 0.338949 0.72211 0.16
v -0.585862 1.10254 0.16
l 1229 1230
v 0.322343 0.738377 0.16
v -0.051956 1.66569 0.16
l 1231 1232
v 0.208022 0.73472 0.16
v -0.0592578 -0.228899 0.16
l 1233 1234
v 0.339718 0.721817 0.16
v -0.594771 1.07781 0.16
l 1235 1236
v 0.331753 0.507158 0.16
v 1.28821 0.799029 0.16
l 1237 1238
v 0.322035 0.73914 0.16
v -0.0278819 1.67592 0.16
l 1239 1240
v 0.208396 0.736219 0.16
v -0.0336857 -0.234037 0.16
l 1241 1242
v 0.340495 0.721546 0.16
v -0.603711 1.0509 0.16
l 1243 1244
v 0.333231 0.507609 0.16
v 1.29685 0.774889 0.16
l 1245 1246
v 0.321747 0.739911 0.16
v -0.00142374 1.68625 0.16
l 1247 1248
v 0.33472 0.508022 0.16
v 1.30497 0.750108 0.16
l 1249 1250
v 0.341279 0.721296 0.16
v -0.611463 1.02508 0.16
l 1251 1252
v 0.208731 0.737727 0.16
v -0.00812694 -0.238476 0.16
l 1253 1254
v 0.321481 0.74069 0.16
v 0.0239275 1.6954 0.16
l 1255 1256
v 0.34207 0.721067 0.16
v -0.618487 0.999151 0.16
l 1257 1258
v 0.336219 0.508396 0.16
v 1.31242 0.725245 0.16
l 1259 1260
v 0.209028 0.739243 0.16
v 0.0167644 -0.2421 0.16
l 1261 1262
v 0.321236 0.741476 0.16
v 0.0505072 1.70413 0.16
l 1263 1264
v 0.337727 0.508731 0.16
v 1.31907 0.700995 0.16
l 1265 1266
v 0.342867 0.72086 0.16
v -0.625016 0.972259 0.16
l 1267 1268
v 0.321013 0.742269 0.16
v 0.0767566 1.71198 0.16
l 1269 1270
v 0.209285 0.740767 0.16
v 0.0430008 -0.245311 0.16
l 1271 1272
v 0.343669 0.720676 0.16
v -0.631009 0.944289 0.16
l 1273 1274
v 0.339243 0.509028 0.16
v 1.32533 0.675287 0.16
l 1275 1276
v 0.320812 0.743067 0.16
v 0.103245 1.71911 0.16
l 1277 1278
v 0.344476 0.720513 0.16
v -0.635726 0.918515 0.16
l 1279 1280
v 0.340767 0.509285 0.16
v 1.33075 0.650455 0.16
l 1281 1282
v 0.320633 0.74387 0.16
v 0.129895 1.72551 0.16
l 1283 1284
v 0.209503 0.742296 0.16
v 0.0683585 -0.247693 0.16
l 1285 1286
v 0.345287 0.720373 0.16
v -0.640135 0.890501 0.16
l 1287 1288
v 0.320476 0.744678 0.16
v 0.156465 1.73114 0.16
l 1289 1290
v 0.209682 0.743831 0.16
v 0.0938495 -0.249438 0.16
l 1291 1292
v 0.346101 0.720254 0.16
v -0.643386 0.864875 0.16
l 1293 1294
v 0.342296 0.509503 0.16
v 1.33557 0.625326 0.16
l 1295 1296
v 0.320341 0.74549 0.16
v 0.183023 1.73602 0.16
l 1297 1298
v 0.209821 0.745369 0.16
v 0.119814 -0.250572 0.16
l 1299 1300
v 0.343831 0.509682 0.16
v 1.33977 0.599691 0.16
l 1301 1302
v 0.346919 0.720159 0.16
v -0.646403 0.83553 0.16
l 1303 1304
v 0.320228 0.746305 0.16
v 0.210862 1.74031 0.16
l 1305 1306
v 0.20992 0.746911 0.16
v 0.145846 -0.251034 0.16
l 1307 1308
v 0.347739 0.720085 0.16
v -0.648217 0.809926 0.16
l 1309 1310
v 0.345369 0.509821 0.16
v 1.34331 0.573893 0.16
l 1311 1312
v 0.320138 0.747123 0.16
v 0.238805 1.74381 0.16
l 1313 1314
v 0.346911 0.50992 0.16
v 1.34616 0.548765 0.16
l 1315 1316
v 0.34856 0.720035 0.16
v -0.64959 0.780834 0.16
l 1317 1318
v 0.320071 0.747944 0.16
v 0.26418 1.74638 0.16
l 1319 1320
v 0.20998 0.748455 0.16
v 0.171154 -0.250791 0.16
l 1321 1322
v 0.349383 0.720006 0.16
v -0.649996 0.755255 0.16
l 1323 1324
v 0.348455 0.50998 0.16
v 1.34837 0.522903 0.16
l 1325 1326
v 0.21 0.75 0.16
v 0.197058 -0.249916 0.16
l 1327 1328
v 0.320025 0.748766 0.16
v 0.293278 1.74841 0.16
l 1329 1330
v 0.35 0.51 0.16
v 1.34992 0.497077 0.16
l 1331 1332
v 0.350206 0.720001 0.16
v -0.649776 0.726085 0.16
l 1333 1334
v 0.20998 0.751545 0.16
v 0.222922 -0.248371 0.16
l 1335 1336
v 0.320003 0.749588 0.16
v 0.320003 1.74959 0.16
l 1337 1338
v 0.351545 0.50998 0.16
v 1.35079 0.471135 0.16
l 1339 1340
v 0.351029 0.720018 0.16
v -0.648757 0.69931 0.16
l 1341 1342
v 0.20992 0.753089 0.16
v 0.248746 -0.246157 0.16
l 1343 1344
v 0.320003 0.750412 0.16
v 0.34675 1.75005 0.16
l 1345 1346
v 0.351851 0.720057 0.16
v -0.647026 0.672686 0.16
l 1347 1348
v 0.320025 0.751234 0.16
v 0.375916 1.74967 0.16
l 1349 1350
v 0.352672 0.720119 0.16
v -0.64449 0.644831 0.16
l 1351 1352
v 0.353089 0.50992 0.16
v 1.35103 0.445848 0.16
l 1353 1354
v 0.320071 0.752056 0.16
v 0.401404 1.74874 0.16
l 1355 1356
v 0.209821 0.754631 0.16
v 0.273895 -0.243314 0.16
l 1357 1358
v 0.35349 0.720204 0.16
v -0.641155 0.616851 0.16
l 1359 1360
v 0.354631 0.509821 0.16
v 1.35057 0.419811 0.16
l 1361 1362
v 0.209682 0.756169 0.16
v 0.299689 -0.239772 0.16
l 1363 1364
v 0.320138 0.752877 0.16
v 0.429504 1.74688 0.16
l 1365 1366
v 0.356169 0.509682 0.16
v 1.34944 0.393861 0.16
l 1367 1368
v 0.354306 0.720311 0.16
v -0.637208 0.590311 0.16
l 1369 1370
v 0.320228 0.753695 0.16
v 0.457546 1.74422 0.16
l 1371 1372
v 0.209503 0.757704 0.16
v 0.325335 -0.235565 0.16
l 1373 1374
v 0.355119 0.72044 0.16
v -0.632528 0.563743 0.16
l 1375 1376
v 0.357704 0.509503 0.16
v 1.34769 0.36833 0.16
l 1377 1378
v 0.320341 0.75451 0.16
v 0.484352 1.74097 0.16
l 1379 1380
v 0.209285 0.759233 0.16
v 0.350429 -0.230756 0.16
l 1381 1382
v 0.355928 0.720592 0.16
v -0.626865 0.535879 0.16
l 1383 1384
v 0.359233 0.509285 0.16
v 1.34532 0.343026 0.16
l 1385 1386
v 0.320476 0.755322 0.16
v 0.511214 1.73696 0.16
l 1387 1388
v 0.356733 0.720765 0.16
v -0.620951 0.510685 0.16
l 1389 1390
v 0.360757 0.509028 0.16
v 1.3421 0.316768 0.16
l 1391 1392
v 0.209028 0.760757 0.16
v 0.375312 -0.225321 0.16
l 1393 1394
v 0.320633 0.75613 0.16
v 0.5382 1.73218 0.16
l 1395 1396
v 0.362273 0.508731 0.16
v 1.33848 0.291882 0.16
l 1397 1398
v 0.357532 0.720961 0.16
v -0.613679 0.482741 0.16
l 1399 1400
v 0.320812 0.756933 0.16
v 0.565068 1.72664 0.16
l 1401 1402
v 0.208731 0.762273 0.16
v 0.400995 -0.21907 0.16
l 1403 1404
v 0.358326 0.721179 0.16
v -0.605977 0.456378 0.16
l 1405 1406
v 0.321013 0.757731 0.16
v 0.591742 1.72039 0.16
l 1407 1408
v 0.208396 0.763781 0.16
v 0.425254 -0.212422 0.16
l 1409 1410
v 0.363781 0.508396 0.16
v 1.33403 0.266305 0.16
l 1411 1412
v 0.359114 0.721418 0.16
v -0.597834 0.43116 0.16
l 1413 1414
v 0.321236 0.758524 0.16
v 0.61879 1.71323 0.16
l 1415 1416
v 0.36528 0.508022 0.16
v 1.3289 0.240742 0.16
l 1417 1418
v 0.359895 0.721679 0.16
v -0.588564 0.404778 0.16
l 1419 1420
v 0.321481 0.75931 0.16
v 0.644652 1.70565 0.16
l 1421 1422
v 0.208022 0.76528 0.16
v 0.450104 -0.204976 0.16
l 1423 1424
v 0.360668 0.721961 0.16
v -0.578753 0.379195 0.16
l 1425 1426
v 0.366769 0.507609 0.16
v 1.32323 0.215738 0.16
l 1427 1428
v 0.207609 0.766769 0.16
v 0.474889 -0.19685 0.16
l 1429 1430
v 0.321747 0.760089 0.16
v 0.671664 1.69687 0.16
l 1431 1432
v 0.368247 0.507158 0.16
v 1.31687 0.190739 0.16
l 1433 1434
v 0.361433 0.722264 0.16
v -0.568307 0.354048 0.16
l 1435 1436
v 0.322035 0.76086 0.16
v 0.696334 1.68817 0.16
l 1437 1438
v 0.207158 0.768247 0.16
v 0.499011 -0.188216 0.16
l 1439 1440
v 0.36219 0.722588 0.16
v -0.55714 0.329101 0.16
l 1441 1442
v 0.369713 0.506669 0.16
v 1.30992 0.166063 0.16
l 1443 1444
v 0.206669 0.769713 0.16
v 0.523093 -0.178905 0.16
l 1445 1446
v 0.322343 0.761623 0.16
v 0.722287 1.67816 0.16
l 1447 1448
v 0.371165 0.506143 0.16
v 1.30221 0.141244 0.16
l 1449 1450
v 0.362937 0.722933 0.16
v -0.544918 0.30365 0.16
l 1451 1452
v 0.322672 0.762377 0.16
v 0.747883 1.66747 0.16
l 1453 1454
v 0.372604 0.505579 0.16
v 1.29405 0.11707 0.16
l 1455 1456
v 0.363675 0.723298 0.16
v -0.532677 0.279954 0.16
l 1457 1458
v 0.323022 0.763122 0.16
v 0.772174 1.65658 0.16
l 1459 1460
v 0.206143 0.771165 0.16
v 0.546734 -0.169047 0.16
l 1461 1462
v 0.364402 0.723683 0.16
v -0.519333 0.255695 0.16
l 1463 1464
v 0.323392 0.763858 0.16
v 0.798606 1.64373 0.16
l 1465 1466
v 0.205579 0.772604 0.16
v 0.570501 -0.158434 0.16
l 1467 1468
v 0.365119 0.724088 0.16
v -0.505577 0.232266 0.16
l 1469 1470
v 0.374027 0.504979 0.16
v 1.28512 0.0927837 0.16
l 1471 1472
v 0.204979 0.774027 0.16
v 0.593496 -0.147414 0.16
l 1473 1474
v 0.323783 0.764582 0.16
v 0.820815 1.63231 0.16
l 1475 1476
v 0.375435 0.504342 0.16
v 1.27561 0.0688154 0.16
l 1477 1478
v 0.365824 0.724513 0.16
v -0.490607 0.208251 0.16
l 1479 1480
v 0.324192 0.765296 0.16
v 0.846529 1.61804 0.16
l 1481 1482
v 0.204342 0.775435 0.16
v 0.616545 -0.135657 0.16
l 1483 1484
v 0.376826 0.503669 0.16
v 1.26561 0.0453396 0.16
l 1485 1486
v 0.366517 0.724956 0.16
v -0.476049 0.186363 0.16
l 1487 1488
v 0.203669 0.776826 0.16
v 0.639181 -0.123357 0.16
l 1489 1490
v 0.324622 0.765998 0.16
v 0.869182 1.60472 0.16
l 1491 1492
v 0.378199 0.502961 0.16
v 1.25461 0.0213918 0.16
l 1493 1494
v 0.367198 0.725419 0.16
v -0.459762 0.163158 0.16
l 1495 1496
v 0.32507 0.766688 0.16
v 0.892321 1.59023 0.16
l 1497 1498
v 0.379553 0.502217 0.16
v 1.24354 -0.00130262 0.16
l 1499 1500
v 0.367866 0.7259 0.16
v -0.443648 0.141567 0.16
l 1501 1502
v 0.325537 0.767366 0.16
v 0.915592 1.57473 0.16
l 1503 1504
v 0.202961 0.778199 0.16
v 0.661275 -0.110591 0.16
l 1505 1506
v 0.380888 0.501439 0.16
v 1.23157 -0.02424 0.16
l 1507 1508
v 0.36852 0.726399 0.16
v -0.426479 0.119788 0.16
l 1509 1510
v 0.326023 0.768031 0.16
v 0.938185 1.55876 0.16
l 1511 1512
v 0.202217 0.779553 0.16
v 0.683794 -0.096851 0.16
l 1513 1514
v 0.382202 0.500627 0.16
v 1.21901 -0.0468687 0.16
l 1515 1516
v 0.369161 0.726916 0.16
v -0.409216 0.099119 0.16
l 1517 1518
v 0.201439 0.780888 0.16
v 0.704943 -0.0831049 0.16
l 1519 1520
v 0.326527 0.768682 0.16
v 0.959639 1.54274 0.16
l 1521 1522
v 0.383495 0.499781 0.16
v 1.20575 -0.0693377 0.16
l 1523 1524
v 0.369787 0.72745 0.16
v -0.391012 0.0784621 0.16
l 1525 1526
v 0.200627 0.782202 0.16
v 0.726315 -0.0684757 0.16
l 1527 1528
v 0.327048 0.769319 0.16
v 0.981951 1.52503 0.16
l 1529 1530
v 0.384765 0.498902 0.16
v 1.19216 -0.0911059 0.16
l 1531 1532
v 0.370398 0.728002 0.16
v -0.371631 0.0576347 0.16
l 1533 1534
v 0.199781 0.783495 0.16
v 0.74729 -0.0533047 0.16
l 1535 1536
v 0.327587 0.769941 0.16
v 1.00235 1.50797 0.16
l 1537 1538
v 0.370994 0.72857 0.16
v -0.352922 0.0386816 0.16
l 1539 1540
v 0.328142 0.770548 0.16
v 1.02302 1.48968 0.16
l 1541 1542
v 0.371574 0.729154 0.16
v -0.333103 0.0196254 0.16
l 1543 1544
v 0.386013 0.49799 0.16
v 1.17818 -0.112313 0.16
l 1545 1546
v 0.328714 0.77114 0.16
v 1.04306 1.47093 0.16
l 1547 1548
v 0.198902 0.784765 0.16
v 0.768014 -0.0374949 0.16
l 1549 1550
v 0.387237 0.497047 0.16
v 1.1634 -0.13348 0.16
l 1551 1552
v 0.372138 0.729753 0.16
v -0.313349 0.00166789 0.16
l 1553 1554
v 0.329302 0.771716 0.16
v 1.06261 1.45161 0.16
l 1555 1556
v 0.19799 0.786013 0.16
v 0.788004 -0.0213799 0.16
l 1557 1558
v 0.372685 0.730368 0.16
v -0.291899 -0.0168455 0.16
l 1559 1560
v 0.388436 0.496073 0.16
v 1.14784 -0.15455 0.16
l 1561 1562
v 0.329906 0.772276 0.16
v 1.08113 1.43232 0.16
l 1563 1564
v 0.197047 0.787237 0.16
v 0.80736 -0.00492357 0.16
l 1565 1566
v 0.389609 0.495068 0.16
v 1.13203 -0.174863 0.16
l 1567 1568
v 0.373215 0.730998 0.16
v -0.270573 -0.034206 0.16
l 1569 1570
v 0.196073 0.788436 0.16
v 0.82659 0.0122606 0.16
l 1571 1572
v 0.330524 0.772819 0.16
v 1.10014 1.41133 0.16
l 1573 1574
v 0.390756 0.494033 0.16
v 1.11606 -0.194399 0.16
l 1575 1576
v 0.373727 0.731642 0.16
v -0.24858 -0.0511315 0.16
l 1577 1578
v 0.331158 0.773345 0.16
v 1.11767 1.39092 0.16
l 1579 1580
v 0.195068 0.789609 0.16
v 0.845691 0.0302081 0.16
l 1581 1582
v 0.391877 0.492969 0.16
v 1.09898 -0.214138 0.16
l 1583 1584
v 0.374222 0.7323 0.16
v -0.22697 -0.0668044 0.16
l 1585 1586
v 0.331805 0.773853 0.16
v 1.13515 1.36937 0.16
l 1587 1588
v 0.194033 0.790756 0.16
v 0.863973 0.0483411 0.16
l 1589 1590
v 0.392969 0.491877 0.16
v 1.0814 -0.233424 0.16
l 1591 1592
v 0.374699 0.732971 0.16
v -0.204671 -0.0820933 0.16
l 1593 1594
v 0.332466 0.774343 0.16
v 1.15197 1.34741 0.16
l 1595 1596
v 0.394033 0.490756 0.16
v 1.06395 -0.251677 0.16
l 1597 1598
v 0.375156 0.733655 0.16
v -0.180397 -0.0978263 0.16
l 1599 1600
v 0.333141 0.774815 0.16
v 1.16799 1.3253 0.16
l 1601 1602
v 0.192969 0.791877 0.16
v 0.881401 0.0665762 0.16
l 1603 1604
v 0.395068 0.489609 0.16
v 1.04571 -0.269774 0.16
l 1605 1606
v 0.375595 0.734351 0.16
v -0.157909 -0.111447 0.16
l 1607 1608
v 0.333828 0.775268 0.16
v 1.1834 1.30274 0.16
l 1609 1610
v 0.191877 0.792969 0.16
v 0.898979 0.0858574 0.16
l 1611 1612
v 0.396073 0.488436 0.16
v 1.02659 -0.287739 0.16
l 1613 1614
v 0.376015 0.735059 0.16
v -0.134167 -0.125007 0.16
l 1615 1616
v 0.190756 0.794033 0.16
v 0.916061 0.105606 0.16
l 1617 1618
v 0.334527 0.775702 0.16
v 1.19817 1.27981 0.16
l 1619 1620
v 0.397047 0.487237 0.16
v 1.00734 -0.30494 0.16
l 1621 1622
v 0.376415 0.735779 0.16
v -0.109252 -0.138365 0.16
l 1623 1624
v 0.189609 0.795068 0.16
v 0.932019 0.125122 0.16
l 1625 1626
v 0.335238 0.776117 0.16
v 1.21253 1.25608 0.16
l 1627 1628
v 0.39799 0.486013 0.16
v 0.98801 -0.321375 0.16
l 1629 1630
v 0.376795 0.736509 0.16
v -0.084902 -0.150529 0.16
l 1631 1632
v 0.188436 0.796073 0.16
v 0.947833 0.145445 0.16
l 1633 1634
v 0.33596 0.776512 0.16
v 1.22623 1.23195 0.16
l 1635 1636
v 0.398902 0.484765 0.16
v 0.968008 -0.337499 0.16
l 1637 1638
v 0.377155 0.737249 0.16
v -0.0603265 -0.161978 0.16
l 1639 1640
v 0.336693 0.776887 0.16
v 1.23899 1.208 0.16
l 1641 1642
v 0.187237 0.797047 0.16
v 0.963412 0.16653 0.16
l 1643 1644
v 0.377495 0.737999 0.16
v -0.0353752 -0.172791 0.16
l 1645 1646
v 0.399781 0.483495 0.16
v 0.94729 -0.353305 0.16
l 1647 1648
v 0.337436 0.777242 0.16
v 1.25091 1.18415 0.16
l 1649 1650
v 0.186013 0.79799 0.16
v 0.978177 0.187682 0.16
l 1651 1652
v 0.377814 0.738758 0.16
v -0.00964741 -0.183128 0.16
l 1653 1654
v 0.400627 0.482202 0.16
v 0.926329 -0.368467 0.16
l 1655 1656
v 0.338188 0.777577 0.16
v 1.263 1.158 0.16
l 1657 1658
v 0.184765 0.798902 0.16
v 0.992172 0.208907 0.16
l 1659 1660
v 0.378112 0.739525 0.16
v 0.0159629 -0.192595 0.16
l 1661 1662
v 0.401439 0.480888 0.16
v 0.904944 -0.383104 0.16
l 1663 1664
v 0.338949 0.77789 0.16
v 1.27344 1.13388 0.16
l 1665 1666
v 0.183495 0.799781 0.16
v 1.00574 0.230649 0.16
l 1667 1668
v 0.378389 0.7403 0.16
v 0.0418003 -0.201352 0.16
l 1669 1670
v 0.339718 0.778183 0.16
v 1.28392 1.10754 0.16
l 1671 1672
v 0.340495 0.778454 0.16
v 1.29324 1.08224 0.16
l 1673 1674
v 0.182202 0.800627 0.16
v 1.01901 0.253131 0.16
l 1675 1676
v 0.341279 0.778704 0.16
v 1.30184 1.05679 0.16
l 1677 1678
v 0.180888 0.801439 0.16
v 1.03157 0.275756 0.16
l 1679 1680
v 0.34207 0.778933 0.16
v 1.30995 1.03033 0.16
l 1681 1682
v 0.179553 0.802217 0.16
v 1.04354 0.298697 0.16
l 1683 1684
v 0.342867 0.77914 0.16
v 1.31754 1.00275 0.16
l 1685 1686
v 0.178199 0.802961 0.16
v 1.05461 0.3214 0.16
l 1687 1688
v 0.176826 0.803669 0.16
v 1.06562 0.345362 0.16
l 1689 1690
v 0.175435 0.804342 0.16
v 1.07561 0.368815 0.16
l 1691 1692
v 0.174027 0.804979 0.16
v 1.08511 0.392759 0.16
l 1693 1694
v 0.172604 0.805579 0.16
v 1.09405 0.41707 0.16
l 1695 1696
v 0.171165 0.806143 0.16
v 1.10221 0.441241 0.16
l 1697 1698
v 0.169713 0.806669 0.16
v 1.10992 0.466063 0.16
l 1699 1700
v 0.168247 0.807158 0.16
v 1.11687 0.490739 0.16
l 1701 1702
v 0.166769 0.807609 0.16
v 1.12323 0.515736 0.16
l 1703 1704
v 0.16528 0.808022 0.16
v 1.1289 0.540745 0.16
l 1705 1706
v 0.163781 0.808396 0.16
v 1.13404 0.566342 0.16
l 1707 1708
v 0.5 0.9 0.16
v -0.5 0.9 0.16
l 1709 1710
v 0.40992 0.453089 0.16
v 0.448746 -0.546157 0.16
l 1711 1712
v 0.409821 0.454631 0.16
v 0.473893 -0.543314 0.16
l 1713 1714
v 0.409682 0.456169 0.16
v 0.499691 -0.539772 0.16
l 1715 1716
v 0.409503 0.457704 0.16
v 0.525326 -0.535566 0.16
l 1717 1718
v 0.409285 0.459233 0.16
v 0.550439 -0.530755 0.16
l 1719 1720
v 0.409028 0.460757 0.16
v 0.575325 -0.525319 0.16
l 1721 1722
v 0.408731 0.462273 0.16
v 0.600972 -0.519075 0.16
l 1723 1724
v 0.408396 0.463781 0.16
v 0.625263 -0.51242 0.16
l 1725 1726
v 0.408022 0.46528 0.16
v 0.650113 -0.504974 0.16
l 1727 1728
v 0.407609 0.466769 0.16
v 0.674884 -0.496851 0.16
l 1729 1730
v 0.407158 0.468247 0.16
v 0.699016 -0.488215 0.16
l 1731 1732
v 0.406669 0.469713 0.16
v 0.723088 -0.478907 0.16
l 1733 1734
v 0.406143 0.471165 0.16
v 0.746731 -0.469047 0.16
l 1735 1736
v 0.405579 0.472604 0.16
v 0.770494 -0.458437 0.16
l 1737 1738
v 0.404979 0.474027 0.16
v 0.793504 -0.447411 0.16
l 1739 1740
v 0.404342 0.475435 0.16
v 0.816537 -0.435661 0.16
l 1741 1742
v 0.403669 0.476826 0.16
v 0.839188 -0.423353 0.16
l 1743 1744
v 0.402961 0.478199 0.16
v 0.861283 -0.410587 0.16
l 1745 1746
v 0.402217 0.479553 0.16
v 0.883778 -0.39686 0.16
l 1747 1748
v 0.379989 0.750823 0.16
v 0.39335 -0.249088 0.16
l 1749 1750
v 0.379955 0.751645 0.16
v 0.421287 -0.2475 0.16
l 1751 1752
v 0.379898 0.752467 0.16
v 0.449058 -0.245139 0.16
l 1753 1754
v 0.37982 0.753286 0.16
v 0.474653 -0.242207 0.16
l 1755 1756
v 0.379718 0.754103 0.16
v 0.503583 -0.238196 0.16
l 1757 1758
v 0.379594 0.754916 0.16
v 0.530379 -0.233651 0.16
l 1759 1760
v 0.379448 0.755727 0.16
v 0.55663 -0.228451 0.16
l 1761 1762
v 0.37928 0.756532 0.16
v 0.583564 -0.22238 0.16
l 1763 1764
v 0.37909 0.757333 0.16
v 0.609887 -0.215669 0.16
l 1765 1766
v 0.378878 0.758128 0.16
v 0.636554 -0.208103 0.16
l 1767 1768
v 0.378644 0.758918 0.16
v 0.662658 -0.199902 0.16
l 1769 1770
v 0.378389 0.7597 0.16
v 0.688393 -0.191035 0.16
l 1771 1772
v 0.378112 0.760475 0.16
v 0.714701 -0.181177 0.16
l 1773 1774
v 0.377814 0.761242 0.16
v 0.739963 -0.170878 0.16
l 1775 1776
v 0.377495 0.762001 0.16
v 0.764956 -0.159885 0.16
l 1777 1778
v 0.377155 0.762751 0.16
v 0.790025 -0.148039 0.16
l 1779 1780
v 0.376795 0.763491 0.16
v 0.814277 -0.135736 0.16
l 1781 1782
v 0.376415 0.764221 0.16
v 0.838112 -0.122817 0.16
l 1783 1784
v 0.376015 0.764941 0.16
v 0.861683 -0.109203 0.16
l 1785 1786
v 0.375595 0.765649 0.16
v 0.885777 -0.0944172 0.16
l 1787 1788
v 0.375156 0.766345 0.16
v 0.90866 -0.0794527 0.16
l 1789 1790
v 0.374699 0.767029 0.16
v 0.930252 -0.0644523 0.16
l 1791 1792
v 0.374222 0.7677 0.16
v 0.953592 -0.0473643 0.16
l 1793 1794
v 0.373727 0.768358 0.16
v 0.974919 -0.0307464 0.16
l 1795 1796
v 0.373215 0.769002 0.16
v 0.995522 -0.0137715 0.16
l 1797 1798
v 0.372685 0.769632 0.16
v 1.01647 0.00442797 0.16
l 1799 1800
v 0.372138 0.770247 0.16
v 1.03672 0.0230335 0.16
l 1801 1802
v 0.371574 0.770846 0.16
v 1.05706 0.0427609 0.16
l 1803 1804
v 0.370994 0.77143 0.16
v 1.07567 0.0619015 0.16
l 1805 1806
v 0.370398 0.771998 0.16
v 1.09431 0.0821096 0.16
l 1807 1808
v 0.369787 0.77255 0.16
v 1.11182 0.102183 0.16
l 1809 1810
v 0.369161 0.773084 0.16
v 1.12996 0.124096 0.16
l 1811 1812
v 0.36852 0.773601 0.16
v 1.1469 0.145804 0.16
l 1813 1814
v 0.367866 0.7741 0.16
v 1.16287 0.167489 0.16
l 1815 1816
v 0.367198 0.774581 0.16
v 1.17871 0.190248 0.16
l 1817 1818
v 0.366517 0.775044 0.16
v 1.19348 0.212783 0.16
l 1819 1820
v 0.365824 0.775487 0.16
v 1.20839 0.236894 0.16
l 1821 1822
v 0.365119 0.775912 0.16
v 1.22155 0.25965 0.16
l 1823 1824
v 0.364402 0.776317 0.16
v 1.2351 0.284495 0.16
l 1825 1826
v 0.363675 0.776702 0.16
v 1.24741 0.308714 0.16
l 1827 1828
v 0.362937 0.777067 0.16
v 1.25929 0.333723 0.16
l 1829 1830
v 0.36219 0.777412 0.16
v 1.27005 0.358129 0.16
l 1831 1832
v 0.361433 0.777736 0.16
v 1.28076 0.384249 0.16
l 1833 1834
v 0.360668 0.778039 0.16
v 1.29041 0.409823 0.16
l 1835 1836
v 0.359895 0.778321 0.16
v 1.29932 0.435555 0.16
l 1837 1838
v 0.359114 0.778582 0.16
v 1.30757 0.461681 0.16
l 1839 1840
v 0.358326 0.778821 0.16
v 1.31527 0.488562 0.16
l 1841 1842
v 0.357532 0.779039 0.16
v 1.32183 0.514238 0.16
l 1843 1844
v 0.356733 0.779235 0.16
v 1.32794 0.541015 0.16
l 1845 1846
v 0.355928 0.779408 0.16
v 1.33361 0.569328 0.16
l 1847 1848
v 0.355119 0.77956 0.16
v 1.33791 0.594847 0.16
l 1849 1850
v 0.354306 0.779689 0.16
v 1.34195 0.622992 0.16
l 1851 1852
v 0.35349 0.779796 0.16
v 1.345 0.649796 0.16
l 1853 1854
v 0.352672 0.779881 0.16
v 1.34732 0.676528 0.16
l 1855 1856
v 0.351851 0.779943 0.16
v 1.34901 0.704655 0.16
l 1857 1858
v 0.351029 0.779982 0.16
v 1.34991 0.732611 0.16
l 1859 1860
v 0.350206 0.779999 0.16
v 1.34999 0.759291 0.16
l 1861 1862
v 0.349383 0.779994 0.16
v 1.34936 0.786078 0.16
l 1863 1864
v 0.34856 0.779965 0.16
v 1.34794 0.815214 0.16
l 1865 1866
v 0.347739 0.779915 0.16
v 1.34589 0.840714 0.16
l 1867 1868
v 0.346919 0.779841 0.16
v 1.34288 0.869682 0.16
l 1869 1870
v 0.346101 0.779746 0.16
v 1.33942 0.895117 0.16
l 1871 1872
v 0.345287 0.779627 0.16
v 1.33477 0.924248 0.16
l 1873 1874
v 0.344476 0.779487 0.16
v 1.3299 0.949615 0.16
l 1875 1876
v 0.343669 0.779324 0.16
v 1.32387 0.977326 0.16
l 1877 1878
v 0.378644 0.741082 0.16
v 0.0686405 -0.209653 0.16
l 1879 1880
v 0.378878 0.741872 0.16
v 0.0948636 -0.216948 0.16
l 1881 1882
v 0.37909 0.742667 0.16
v 0.121414 -0.223564 0.16
l 1883 1884
v 0.37928 0.743468 0.16
v 0.148483 -0.229534 0.16
l 1885 1886
v 0.379448 0.744273 0.16
v 0.175164 -0.234639 0.16
l 1887 1888
v 0.379594 0.745084 0.16
v 0.202412 -0.239094 0.16
l 1889 1890
v 0.379718 0.745897 0.16
v 0.228933 -0.24267 0.16
l 1891 1892
v 0.37982 0.746714 0.16
v 0.255955 -0.245585 0.16
l 1893 1894
v 0.379898 0.747533 0.16
v 0.285065 -0.24796 0.16
l 1895 1896
v 0.379955 0.748355 0.16
v 0.310795 -0.249251 0.16
l 1897 1898
v 0.379989 0.749177 0.16
v 0.338657 -0.249968 0.16
l 1899 1900
v 0.38 0.75 0.16
v 0.366639 -0.249911 0.16
l 1901 1902
v 0.5 0 0.16
v 0.5 1 0.16
l 1903 1904
v 0.40998 0.451545 0.16
v 0.422922 -0.548371 0.16
l 1905 1906
v 0.41 0.45 0.16
v 0.397058 -0.549916 0.16
l 1907 1908
v 0 0.9 0
v 1 0.9 0
l 1909 1910
v 0 0 0
v 0 1 0
l 1911 1912
v 0.5 0.9 0
v 0.5 -0.1 0
l 1913 1914
v 0.5 0 0
v -0.5 0 0
l 1915 1916
v 0.139071 0.439726 0.16
v 0.833927 -0.279423 0.16
l 1917 1918
v 0.139357 0.43943 0.16
v 0.853704 -0.260362 0.16
l 1919 1920
v 0.139651 0.439142 0.16
v 0.872974 -0.240739 0.16
l 1921 1922
v 0.138524 0.440341 0.16
v 0.791526 -0.317015 0.16
l 1923 1924
v 0.138793 0.440029 0.16
v 0.814842 -0.296827 0.16
l 1925 1926
v 0.139953 0.438862 0.16
v 0.891775 -0.220505 0.16
l 1927 1928
v 0.140262 0.438591 0.16
v 0.909875 -0.199919 0.16
l 1929 1930
v 0.138012 0.440985 0.16
v 0.748059 -0.35138 0.16
l 1931 1932
v 0.138263 0.440659 0.16
v 0.772693 -0.332321 0.16
l 1933 1934
v 0.140579 0.438328 0.16
v 0.927561 -0.178648 0.16
l 1935 1936
v 0.140903 0.438074 0.16
v 0.943808 -0.158032 0.16
l 1937 1938
v 0.137535 0.441656 0.16
v 0.705595 -0.381331 0.16
l 1939 1940
v 0.137769 0.441317 0.16
v 0.72841 -0.365617 0.16
l 1941 1942
v 0.141233 0.437829 0.16
v 0.960383 -0.13575 0.16
l 1943 1944
v 0.14157 0.437593 0.16
v 0.976214 -0.113196 0.16
l 1945 1946
v 0.137311 0.442001 0.16
v 0.681897 -0.396704 0.16
l 1947 1948
v 0.137096 0.442352 0.16
v 0.659407 -0.410403 0.16
l 1949 1950
v 0.141914 0.437366 0.16
v 0.991793 -0.0896113 0.16
l 1951 1952
v 0.142264 0.437149 0.16
v 1.00616 -0.0665236 0.16
l 1953 1954
v 0.142619 0.436942 0.16
v 1.01939 -0.0439678 0.16
l 1955 1956
v 0.136696 0.443071 0.16
v 0.610954 -0.437315 0.16
l 1957 1958
v 0.136891 0.442709 0.16
v 0.634849 -0.424492 0.16
l 1959 1960
v 0.136336 0.443811 0.16
v 0.562021 -0.46106 0.16
l 1961 1962
v 0.136511 0.443439 0.16
v 0.585663 -0.450017 0.16
l 1963 1964
v 0.14298 0.436744 0.16
v 1.0325 -0.020149 0.16
l 1965 1966
v 0.143346 0.436556 0.16
v 1.04632 0.00686113 0.16
l 1967 1968
v 0.143718 0.436379 0.16
v 1.05765 0.0305027 0.16
l 1969 1970
v 0.136172 0.444189 0.16
v 0.534181 -0.473192 0.16
l 1971 1972
v 0.136017 0.44457 0.16
v 0.51286 -0.481707 0.16
l 1973 1974
v 0.144474 0.436055 0.16
v 1.0795 0.0814717 0.16
l 1975 1976
v 0.144859 0.435909 0.16
v 1.08855 0.105084 0.16
l 1977 1978
v 0.135741 0.445345 0.16
v 0.459266 -0.500874 0.16
l 1979 1980
v 0.135874 0.444956 0.16
v 0.48325 -0.49277 0.16
l 1981 1982
v 0.144094 0.436212 0.16
v 1.06832 0.0543596 0.16
l 1983 1984
v 0.145247 0.435773 0.16
v 1.09821 0.132692 0.16
l 1985 1986
v 0.135507 0.446134 0.16
v 0.405396 -0.516757 0.16
l 1987 1988
v 0.135618 0.445738 0.16
v 0.434313 -0.508611 0.16
l 1989 1990
v 0.14564 0.435648 0.16
v 1.10643 0.158372 0.16
l 1991 1992
v 0.146035 0.435534 0.16
v 1.11354 0.18269 0.16
l 1993 1994
v 0.146433 0.43543 0.16
v 1.12111 0.211817 0.16
l 1995 1996
v 0.135316 0.446935 0.16
v 0.353793 -0.528907 0.16
l 1997 1998
v 0.135406 0.446533 0.16
v 0.380803 -0.52289 0.16
l 1999 2000
v 0.135238 0.447339 0.16
v 0.324789 -0.534532 0.16
l 2001 2002
v 0.13517 0.447745 0.16
v 0.300379 -0.538514 0.16
l 2003 2004
v 0.147238 0.435257 0.16
v 1.13222 0.262607 0.16
l 2005 2006
v 0.147643 0.435186 0.16
v 1.13735 0.292044 0.16
l 2007 2008
v 0.148051 0.435127 0.16
v 1.14121 0.318332 0.16
l 2009 2010
v 0.135069 0.448562 0.16
v 0.244435 -0.54544 0.16
l 2011 2012
v 0.135114 0.448153 0.16
v 0.271093 -0.542559 0.16
l 2013 2014
v 0.148459 0.435079 0.16
v 1.14463 0.347606 0.16
l 2015 2016
v 0.146834 0.435338 0.16
v 1.12732 0.238749 0.16
l 2017 2018
v 0.135001 0.449794 0.16
v 0.164174 -0.54978 0.16
l 2019 2020
v 0.135013 0.449383 0.16
v 0.18845 -0.549188 0.16
l 2021 2022
v 0.135035 0.448972 0.16
v 0.217691 -0.547606 0.16
l 2023 2024
v 0.148869 0.435043 0.16
v 1.14687 0.371867 0.16
l 2025 2026
v 0.14928 0.435017 0.16
v 1.1487 0.401029 0.16
l 2027 2028
v 0.149691 0.435003 0.16
v 1.14966 0.427697 0.16
l 2029 2030
v 0.135001 0.450206 0.16
v 0.135001 -0.549794 0.16
l 2031 2032
v 0.150103 0.435 0.16
v 1.14986 0.456893 0.16
l 2033 2034
v 0.135035 0.451028 0.16
v 0.0815983 -0.547543 0.16
l 2035 2036
v 0.135013 0.450617 0.16
v 0.105838 -0.548957 0.16
l 2037 2038
v 0.150514 0.435009 0.16
v 1.14933 0.483608 0.16
l 2039 2040
v 0.150925 0.435029 0.16
v 1.14809 0.510227 0.16
l 2041 2042
v 0.135114 0.451847 0.16
v 0.0257399 -0.542154 0.16
l 2043 2044
v 0.135069 0.451438 0.16
v 0.0524192 -0.545141 0.16
l 2045 2046
v 0.13517 0.452255 0.16
v -0.000798882 -0.538458 0.16
l 2047 2048
v 0.151336 0.43506 0.16
v 1.14611 0.53719 0.16
l 2049 2050
v 0.151745 0.435102 0.16
v 1.14341 0.563967 0.16
l 2051 2052
v 0.152153 0.435155 0.16
v 1.13964 0.592861 0.16
l 2053 2054
v 0.15256 0.43522 0.16
v 1.13532 0.620086 0.16
l 2055 2056
v 0.152964 0.435296 0.16
v 1.13034 0.646799 0.16
l 2057 2058
v 0.153366 0.435383 0.16
v 1.1252 0.671064 0.16
l 2059 2060
v 0.135507 0.453866 0.16
v -0.10989 -0.515557 0.16
l 2061 2062
v 0.135406 0.453467 0.16
v -0.0830715 -0.522375 0.16
l 2063 2064
v 0.135316 0.453065 0.16
v -0.0542352 -0.528806 0.16
l 2065 2066
v 0.135238 0.452661 0.16
v -0.029971 -0.533598 0.16
l 2067 2068
v 0.153766 0.43548 0.16
v 1.11809 0.700214 0.16
l 2069 2070
v 0.154163 0.435589 0.16
v 1.11077 0.726974 0.16
l 2071 2072
v 0.135741 0.454655 0.16
v -0.162934 -0.4997 0.16
l 2073 2074
v 0.135618 0.454262 0.16
v -0.13429 -0.508624 0.16
l 2075 2076
v 0.136017 0.45543 0.16
v -0.211359 -0.482296 0.16
l 2077 2078
v 0.135874 0.455044 0.16
v -0.187651 -0.491175 0.16
l 2079 2080
v 0.154557 0.435709 0.16
v 1.10324 0.751937 0.16
l 2081 2082
v 0.154947 0.435839 0.16
v 1.09453 0.778157 0.16
l 2083 2084
v 0.155334 0.43598 0.16
v 1.08446 0.805733 0.16
l 2085 2086
v 0.136336 0.456189 0.16
v -0.261673 -0.461192 0.16
l 2087 2088
v 0.136172 0.455811 0.16
v -0.240671 -0.470466 0.16
l 2089 2090
v 0.155716 0.436132 0.16
v 1.07526 0.829126 0.16
l 2091 2092
v 0.156095 0.436294 0.16
v 1.06461 0.854154 0.16
l 2093 2094
v 0.156469 0.436466 0.16
v 1.05188 0.881706 0.16
l 2095 2096
v 0.156837 0.436649 0.16
v 1.04033 0.905088 0.16
l 2097 2098
v 0.157201 0.436842 0.16
v 1.02813 0.928258 0.16
l 2099 2100
v 0.157559 0.437044 0.16
v 1.01482 0.951928 0.16
l 2101 2102
v 0.137311 0.457999 0.16
v -0.385032 -0.394736 0.16
l 2103 2104
v 0.137096 0.457648 0.16
v -0.360862 -0.409553 0.16
l 2105 2106
v 0.136891 0.457291 0.16
v -0.337367 -0.423095 0.16
l 2107 2108
v 0.136696 0.456929 0.16
v -0.312456 -0.436527 0.16
l 2109 2110
v 0.136511 0.456561 0.16
v -0.289174 -0.44831 0.16
l 2111 2112
v 0.157912 0.437256 0.16
v 1.00028 0.976164 0.16
l 2113 2114
v 0.158259 0.437478 0.16
v 0.985414 0.999452 0.16
l 2115 2116
v 0.158599 0.437709 0.16
v 0.969551 1.02282 0.16
l 2117 2118
v 0.138012 0.459015 0.16
v -0.452629 -0.347919 0.16
l 2119 2120
v 0.137769 0.458683 0.16
v -0.430291 -0.364304 0.16
l 2121 2122
v 0.138524 0.459659 0.16
v -0.495871 -0.31335 0.16
l 2123 2124
v 0.138263 0.459341 0.16
v -0.471819 -0.332997 0.16
l 2125 2126
v 0.137535 0.458344 0.16
v -0.407018 -0.380383 0.16
l 2127 2128
v 0.139071 0.460274 0.16
v -0.536978 -0.276582 0.16
l 2129 2130
v 0.138793 0.459971 0.16
v -0.514209 -0.297385 0.16
l 2131 2132
v 0.158933 0.43795 0.16
v 0.953351 1.04532 0.16
l 2133 2134
v 0.15926 0.4382 0.16
v 0.937754 1.06585 0.16
l 2135 2136
v 0.15958 0.438458 0.16
v 0.920379 1.08745 0.16
l 2137 2138
v 0.159893 0.438725 0.16
v 0.902458 1.1085 0.16
l 2139 2140
v 0.160199 0.439001 0.16
v 0.884079 1.12893 0.16
l 2141 2142
v 0.139651 0.460858 0.16
v -0.574732 -0.238897 0.16
l 2143 2144
v 0.139357 0.46057 0.16
v -0.555499 -0.258579 0.16
l 2145 2146
v 0.160787 0.439577 0.16
v 0.845715 1.16819 0.16
l 2147 2148
v 0.161069 0.439877 0.16
v 0.825577 1.18716 0.16
l 2149 2150
v 0.160497 0.439285 0.16
v 0.865174 1.14881 0.16
l 2151 2152
v 0.161342 0.440184 0.16
v 0.805094 1.20542 0.16
l 2153 2154
v 0.140579 0.461672 0.16
v -0.629034 -0.176838 0.16
l 2155 2156
v 0.140262 0.461409 0.16
v -0.61156 -0.197958 0.16
l 2157 2158
v 0.139953 0.461138 0.16
v -0.593334 -0.218781 0.16
l 2159 2160
v 0.161607 0.440499 0.16
v 0.785433 1.22206 0.16
l 2161 2162
v 0.161864 0.440821 0.16
v 0.762235 1.24054 0.16
l 2163 2164
v 0.141233 0.462171 0.16
v -0.661707 -0.133889 0.16
l 2165 2166
v 0.140903 0.461926 0.16
v -0.646079 -0.15505 0.16
l 2167 2168
v 0.162111 0.44115 0.16
v 0.74014 1.25717 0.16
l 2169 2170
v 0.141914 0.462634 0.16
v -0.69273 -0.0881553 0.16
l 2171 2172
v 0.14157 0.462407 0.16
v -0.677546 -0.111221 0.16
l 2173 2174
v 0.162349 0.441486 0.16
v 0.718719 1.27242 0.16
l 2175 2176
v 0.162578 0.441828 0.16
v 0.696936 1.28709 0.16
l 2177 2178
v 0.162798 0.442176 0.16
v 0.671215 1.30329 0.16
l 2179 2180
v 0.142619 0.463058 0.16
v -0.721244 -0.0406687 0.16
l 2181 2182
v 0.142264 0.462851 0.16
v -0.707648 -0.064074 0.16
l 2183 2184
v 0.163007 0.44253 0.16
v 0.651513 1.31509 0.16
l 2185 2186
v 0.163208 0.442889 0.16
v 0.624963 1.3299 0.16
l 2187 2188
v 0.163398 0.443254 0.16
v 0.60088 1.34248 0.16
l 2189 2190
v 0.144094 0.463788 0.16
v -0.769807 0.0578512 0.16
l 2191 2192
v 0.143718 0.463621 0.16
v -0.759284 0.0339851 0.16
l 2193 2194
v 0.143346 0.463444 0.16
v -0.746176 0.00655101 0.16
l 2195 2196
v 0.163578 0.443624 0.16
v 0.574434 1.35532 0.16
l 2197 2198
v 0.163747 0.443999 0.16
v 0.551814 1.36563 0.16
l 2199 2200
v 0.163907 0.444379 0.16
v 0.526472 1.37634 0.16
l 2201 2202
v 0.145247 0.464227 0.16
v -0.798468 0.133467 0.16
l 2203 2204
v 0.144859 0.464091 0.16
v -0.790165 0.109508 0.16
l 2205 2206
v 0.144474 0.463945 0.16
v -0.779749 0.0820926 0.16
l 2207 2208
v 0.14298 0.463256 0.16
v -0.73379 -0.0176538 0.16
l 2209 2210
v 0.14564 0.464352 0.16
v -0.807304 0.161205 0.16
l 2211 2212
v 0.164056 0.444762 0.16
v 0.499163 1.38694 0.16
l 2213 2214
v 0.164194 0.44515 0.16
v 0.47531 1.39552 0.16
l 2215 2216
v 0.164322 0.445541 0.16
v 0.448303 1.40437 0.16
l 2217 2218
v 0.146035 0.464466 0.16
v -0.814755 0.18719 0.16
l 2219 2220
v 0.164439 0.445936 0.16
v 0.422422 1.41209 0.16
l 2221 2222
v 0.164545 0.446333 0.16
v 0.395049 1.4194 0.16
l 2223 2224
v 0.16464 0.446734 0.16
v 0.368727 1.42569 0.16
l 2225 2226
v 0.147238 0.464743 0.16
v -0.833248 0.268154 0.16
l 2227 2228
v 0.146834 0.464662 0.16
v -0.827844 0.241049 0.16
l 2229 2230
v 0.148459 0.464921 0.16
v -0.844689 0.348054 0.16
l 2231 2232
v 0.148051 0.464873 0.16
v -0.841661 0.321802 0.16
l 2233 2234
v 0.147643 0.464814 0.16
v -0.837328 0.292093 0.16
l 2235 2236
v 0.148869 0.464957 0.16
v -0.847298 0.377484 0.16
l 2237 2238
v 0.146433 0.46457 0.16
v -0.821092 0.211794 0.16
l 2239 2240
v 0.164797 0.447542 0.16
v 0.31541 1.43613 0.16
l 2241 2242
v 0.164859 0.447949 0.16
v 0.288912 1.44022 0.16
l 2243 2244
v 0.16491 0.448357 0.16
v 0.259591 1.44386 0.16
l 2245 2246
v 0.164949 0.448767 0.16
v 0.233083 1.44644 0.16
l 2247 2248
v 0.164977 0.449177 0.16
v 0.206208 1.44833 0.16
l 2249 2250
v 0.164724 0.447137 0.16
v 0.342073 1.43128 0.16
l 2251 2252
v 0.150103 0.465 0.16
v -0.84987 0.457694 0.16
l 2253 2254
v 0.149691 0.464997 0.16
v -0.849729 0.430937 0.16
l 2255 2256
v 0.14928 0.464983 0.16
v -0.848727 0.401879 0.16
l 2257 2258
v 0.165 0.45 0.16
v 0.150391 1.44989 0.16
l 2259 2260
v 0.164994 0.449589 0.16
v 0.179604 1.44948 0.16
l 2261 2262
v 0.150514 0.464991 0.16
v -0.849246 0.486884 0.16
l 2263 2264
v 0.151336 0.46494 0.16
v -0.845833 0.540138 0.16
l 2265 2266
v 0.150925 0.464971 0.16
v -0.847893 0.51357 0.16
l 2267 2268
v 0.164977 0.450823 0.16
v 0.0968432 1.4485 0.16
l 2269 2270
v 0.164949 0.451233 0.16
v 0.0702611 1.44674 0.16
l 2271 2272
v 0.151745 0.464898 0.16
v -0.843019 0.5671 0.16
l 2273 2274
v 0.164994 0.450411 0.16
v 0.123763 1.44956 0.16
l 2275 2276
v 0.16491 0.451643 0.16
v 0.0408663 1.44392 0.16
l 2277 2278
v 0.164859 0.452051 0.16
v 0.0142463 1.44064 0.16
l 2279 2280
v 0.152964 0.464704 0.16
v -0.8298 0.64957 0.16
l 2281 2282
v 0.15256 0.46478 0.16
v -0.834926 0.622486 0.16
l 2283 2284
v 0.152153 0.464845 0.16
v -0.839518 0.593639 0.16
l 2285 2286
v 0.164797 0.452458 0.16
v -0.0125524 1.43661 0.16
l 2287 2288
v 0.164724 0.452863 0.16
v -0.0393632 1.43182 0.16
l 2289 2290
v 0.16464 0.453266 0.16
v -0.0658642 1.42634 0.16
l 2291 2292
v 0.154163 0.464411 0.16
v -0.81014 0.729212 0.16
l 2293 2294
v 0.153766 0.46452 0.16
v -0.818065 0.700201 0.16
l 2295 2296
v 0.154557 0.464291 0.16
v -0.802069 0.75561 0.16
l 2297 2298
v 0.153366 0.464617 0.16
v -0.824011 0.67612 0.16
l 2299 2300
v 0.164322 0.454459 0.16
v -0.146816 1.40482 0.16
l 2301 2302
v 0.164194 0.45485 0.16
v -0.170891 1.39704 0.16
l 2303 2304
v 0.155334 0.46402 0.16
v -0.78425 0.806338 0.16
l 2305 2306
v 0.154947 0.464161 0.16
v -0.793736 0.780389 0.16
l 2307 2308
v 0.164545 0.453667 0.16
v -0.0934381 1.41982 0.16
l 2309 2310
v 0.164439 0.454064 0.16
v -0.119542 1.41289 0.16
l 2311 2312
v 0.164056 0.455238 0.16
v -0.198509 1.3872 0.16
l 2313 2314
v 0.163907 0.455621 0.16
v -0.22416 1.37725 0.16
l 2315 2316
v 0.156095 0.463706 0.16
v -0.76342 0.856761 0.16
l 2317 2318
v 0.155716 0.463868 0.16
v -0.773414 0.833621 0.16
l 2319 2320
v 0.156469 0.463534 0.16
v -0.75207 0.881334 0.16
l 2321 2322
v 0.163747 0.456001 0.16
v -0.247136 1.36769 0.16
l 2323 2324
v 0.163578 0.456376 0.16
v -0.273875 1.35562 0.16
l 2325 2326
v 0.156837 0.463351 0.16
v -0.738574 0.908591 0.16
l 2327 2328
v 0.157912 0.462744 0.16
v -0.699348 0.977628 0.16
l 2329 2330
v 0.157559 0.462956 0.16
v -0.713366 0.954372 0.16
l 2331 2332
v 0.157201 0.463158 0.16
v -0.726295 0.931597 0.16
l 2333 2334
v 0.163398 0.456746 0.16
v -0.298357 1.34375 0.16
l 2335 2336
v 0.163208 0.457111 0.16
v -0.325298 1.32967 0.16
l 2337 2338
v 0.163007 0.45747 0.16
v -0.34541 1.31858 0.16
l 2339 2340
v 0.162798 0.457824 0.16
v -0.37156 1.30308 0.16
l 2341 2342
v 0.158599 0.462291 0.16
v -0.668556 1.02426 0.16
l 2343 2344
v 0.158259 0.462522 0.16
v -0.684106 1.00143 0.16
l 2345 2346
v 0.162578 0.458172 0.16
v -0.393792 1.28911 0.16
l 2347 2348
v 0.162349 0.458514 0.16
v -0.41568 1.27453 0.16
l 2349 2350
v 0.162111 0.45885 0.16
v -0.43826 1.25857 0.16
l 2351 2352
v 0.15958 0.461542 0.16
v -0.618914 1.08919 0.16
l 2353 2354
v 0.15926 0.4618 0.16
v -0.635193 1.06913 0.16
l 2355 2356
v 0.161864 0.459179 0.16
v -0.461962 1.24074 0.16
l 2357 2358
v 0.161607 0.459501 0.16
v -0.482145 1.22474 0.16
l 2359 2360
v 0.158933 0.46205 0.16
v -0.651985 1.04721 0.16
l 2361 2362
v 0.159893 0.461275 0.16
v -0.600906 1.11026 0.16
l 2363 2364
v 0.161342 0.459816 0.16
v -0.503166 1.2071 0.16
l 2365 2366
v 0.160199 0.460999 0.16
v -0.582366 1.13077 0.16
l 2367 2368
v 0.161069 0.460123 0.16
v -0.523859 1.18873 0.16
l 2369 2370
v 0.160787 0.460423 0.16
v -0.54389 1.16995 0.16
l 2371 2372
v 0.160497 0.460715 0.16
v -0.563383 1.15064 0.16
l 2373 2374
v 0.121619 0.721813 0.16
v 0.835976 0.0220315 0.16
l 2375 2376
v 0.122403 0.721045 0.16
v 0.855871 0.0413215 0.16
l 2377 2378
v 0.119397 0.724242 0.16
v 0.774158 -0.0315937 0.16
l 2379 2380
v 0.120116 0.723412 0.16
v 0.794616 -0.0148631 0.16
l 2381 2382
v 0.120856 0.722602 0.16
v 0.816025 0.00375567 0.16
l 2383 2384
v 0.123208 0.720299 0.16
v 0.874815 0.0606874 0.16
l 2385 2386
v 0.124033 0.719575 0.16
v 0.893295 0.0806418 0.16
l 2387 2388
v 0.118031 0.725959 0.16
v 0.729624 -0.0652137 0.16
l 2389 2390
v 0.118702 0.725091 0.16
v 0.752133 -0.0487081 0.16
l 2391 2392
v 0.117383 0.726845 0.16
v 0.707709 -0.0803199 0.16
l 2393 2394
v 0.124877 0.718874 0.16
v 0.911229 0.101095 0.16
l 2395 2396
v 0.12574 0.718196 0.16
v 0.929456 0.123183 0.16
l 2397 2398
v 0.126622 0.717543 0.16
v 0.945975 0.144254 0.16
l 2399 2400
v 0.127521 0.716914 0.16
v 0.961953 0.165803 0.16
l 2401 2402
v 0.128437 0.716309 0.16
v 0.978535 0.189684 0.16
l 2403 2404
v 0.12937 0.715731 0.16
v 0.992742 0.211162 0.16
l 2405 2406
v 0.115043 0.730557 0.16
v 0.613238 -0.136508 0.16
l 2407 2408
v 0.11559 0.729605 0.16
v 0.63703 -0.123683 0.16
l 2409 2410
v 0.11403 0.732504 0.16
v 0.56305 -0.161017 0.16
l 2411 2412
v 0.114523 0.731523 0.16
v 0.588531 -0.148998 0.16
l 2413 2414
v 0.130318 0.715177 0.16
v 1.00772 0.235424 0.16
l 2415 2416
v 0.13128 0.714651 0.16
v 1.02111 0.258367 0.16
l 2417 2418
v 0.132257 0.71415 0.16
v 1.03455 0.283034 0.16
l 2419 2420
v 0.113124 0.734503 0.16
v 0.513102 -0.182022 0.16
l 2421 2422
v 0.113563 0.733497 0.16
v 0.539138 -0.171426 0.16
l 2423 2424
v 0.116162 0.728669 0.16
v 0.66115 -0.109775 0.16
l 2425 2426
v 0.133247 0.713677 0.16
v 1.047 0.307397 0.16
l 2427 2428
v 0.13425 0.713231 0.16
v 1.05891 0.332427 0.16
l 2429 2430
v 0.11233 0.736549 0.16
v 0.461156 -0.200638 0.16
l 2431 2432
v 0.112713 0.73552 0.16
v 0.487389 -0.191636 0.16
l 2433 2434
v 0.135265 0.712813 0.16
v 1.07001 0.357507 0.16
l 2435 2436
v 0.136291 0.712423 0.16
v 1.08031 0.382529 0.16
l 2437 2438
v 0.111975 0.737587 0.16
v 0.435587 -0.208603 0.16
l 2439 2440
v 0.11676 0.727749 0.16
v 0.684233 -0.0956429 0.16
l 2441 2442
v 0.137327 0.712061 0.16
v 1.08987 0.407646 0.16
l 2443 2444
v 0.138372 0.711727 0.16
v 1.09926 0.434805 0.16
l 2445 2446
v 0.139427 0.711423 0.16
v 1.10728 0.459916 0.16
l 2447 2448
v 0.111083 0.740756 0.16
v 0.355125 -0.229009 0.16
l 2449 2450
v 0.111351 0.739691 0.16
v 0.382938 -0.222723 0.16
l 2451 2452
v 0.111649 0.738635 0.16
v 0.408671 -0.216236 0.16
l 2453 2454
v 0.140489 0.711147 0.16
v 1.11502 0.486899 0.16
l 2455 2456
v 0.141558 0.710901 0.16
v 1.12182 0.51319 0.16
l 2457 2458
v 0.110634 0.742904 0.16
v 0.302018 -0.238611 0.16
l 2459 2460
v 0.110844 0.741827 0.16
v 0.328636 -0.234168 0.16
l 2461 2462
v 0.110455 0.743987 0.16
v 0.273522 -0.242628 0.16
l 2463 2464
v 0.142634 0.710684 0.16
v 1.12803 0.540397 0.16
l 2465 2466
v 0.143716 0.710497 0.16
v 1.1333 0.566516 0.16
l 2467 2468
v 0.110184 0.746165 0.16
v 0.220413 -0.247741 0.16
l 2469 2470
v 0.110305 0.745074 0.16
v 0.247012 -0.245537 0.16
l 2471 2472
v 0.144802 0.710339 0.16
v 1.13808 0.594591 0.16
l 2473 2474
v 0.145892 0.710212 0.16
v 1.1419 0.620918 0.16
l 2475 2476
v 0.110034 0.748354 0.16
v 0.164703 -0.250151 0.16
l 2477 2478
v 0.110094 0.747258 0.16
v 0.192152 -0.24937 0.16
l 2479 2480
v 0.110004 0.750549 0.16
v 0.110004 -0.249451 0.16
l 2481 2482
v 0.110004 0.749451 0.16
v 0.137338 -0.250175 0.16
l 2483 2484
v 0.14808 0.710046 0.16
v 1.14748 0.675456 0.16
l 2485 2486
v 0.149177 0.710008 0.16
v 1.14916 0.703597 0.16
l 2487 2488
v 0.150274 0.710001 0.16
v 1.15007 0.730028 0.16
l 2489 2490
v 0.151372 0.710023 0.16
v 1.15021 0.758314 0.16
l 2491 2492
v 0.146985 0.710114 0.16
v 1.14506 0.648126 0.16
l 2493 2494
v 0.110184 0.753835 0.16
v 0.0281258 -0.242793 0.16
l 2495 2496
v 0.110094 0.752742 0.16
v 0.0554255 -0.245763 0.16
l 2497 2498
v 0.110034 0.751646 0.16
v 0.0826996 -0.24798 0.16
l 2499 2500
v 0.152468 0.710076 0.16
v 1.1496 0.785754 0.16
l 2501 2502
v 0.153562 0.710159 0.16
v 1.14825 0.813098 0.16
l 2503 2504
v 0.154654 0.710272 0.16
v 1.14625 0.839669 0.16
l 2505 2506
v 0.155742 0.710414 0.16
v 1.14324 0.868042 0.16
l 2507 2508
v 0.110844 0.758173 0.16
v -0.0805403 -0.223342 0.16
l 2509 2510
v 0.110634 0.757096 0.16
v -0.052433 -0.229519 0.16
l 2511 2512
v 0.110455 0.756013 0.16
v -0.0262525 -0.234598 0.16
l 2513 2514
v 0.156826 0.710587 0.16
v 1.13972 0.894766 0.16
l 2515 2516
v 0.157904 0.710789 0.16
v 1.13551 0.921223 0.16
l 2517 2518
v 0.158977 0.71102 0.16
v 1.13029 0.948844 0.16
l 2519 2520
v 0.111351 0.760309 0.16
v -0.132691 -0.209456 0.16
l 2521 2522
v 0.111083 0.759244 0.16
v -0.106709 -0.216751 0.16
l 2523 2524
v 0.110305 0.754926 0.16
v 7.61041e-05 -0.23898 0.16
l 2525 2526
v 0.161102 0.711571 0.16
v 1.11766 1.00311 0.16
l 2527 2528
v 0.162152 0.711891 0.16
v 1.11083 1.02814 0.16
l 2529 2530
v 0.11233 0.763451 0.16
v -0.211282 -0.182739 0.16
l 2531 2532
v 0.111975 0.762413 0.16
v -0.185047 -0.192457 0.16
l 2533 2534
v 0.111649 0.761365 0.16
v -0.159938 -0.201049 0.16
l 2535 2536
v 0.163193 0.712238 0.16
v 1.10267 1.05485 0.16
l 2537 2538
v 0.164224 0.712614 0.16
v 1.09364 1.08166 0.16
l 2539 2540
v 0.113563 0.766503 0.16
v -0.286415 -0.150022 0.16
l 2541 2542
v 0.113124 0.765497 0.16
v -0.261552 -0.161659 0.16
l 2543 2544
v 0.112713 0.76448 0.16
v -0.236113 -0.172708 0.16
l 2545 2546
v 0.160043 0.711281 0.16
v 1.12454 0.975381 0.16
l 2547 2548
v 0.165244 0.713019 0.16
v 1.08453 1.10662 0.16
l 2549 2550
v 0.166253 0.713451 0.16
v 1.07447 1.13196 0.16
l 2551 2552
v 0.114523 0.768477 0.16
v -0.334497 -0.125044 0.16
l 2553 2554
v 0.11403 0.767496 0.16
v -0.311545 -0.137427 0.16
l 2555 2556
v 0.167249 0.71391 0.16
v 1.06348 1.15749 0.16
l 2557 2558
v 0.168233 0.714397 0.16
v 1.05185 1.1826 0.16
l 2559 2560
v 0.115043 0.769443 0.16
v -0.358965 -0.111078 0.16
l 2561 2562
v 0.169203 0.714911 0.16
v 1.03967 1.20713 0.16
l 2563 2564
v 0.170158 0.715451 0.16
v 1.02684 1.23129 0.16
l 2565 2566
v 0.11676 0.772251 0.16
v -0.428228 -0.0661926 0.16
l 2567 2568
v 0.116162 0.771331 0.16
v -0.405278 -0.0819572 0.16
l 2569 2570
v 0.11559 0.770395 0.16
v -0.382605 -0.0966702 0.16
l 2571 2572
v 0.171098 0.716017 0.16
v 1.01379 1.25441 0.16
l 2573 2574
v 0.172023 0.716608 0.16
v 0.999125 1.27866 0.16
l 2575 2576
v 0.117383 0.773155 0.16
v -0.45009 -0.0502369 0.16
l 2577 2578
v 0.172931 0.717225 0.16
v 0.983946 1.30225 0.16
l 2579 2580
v 0.173821 0.717867 0.16
v 0.969311 1.32383 0.16
l 2581 2582
v 0.174694 0.718532 0.16
v 0.952991 1.34643 0.16
l 2583 2584
v 0.119397 0.775758 0.16
v -0.514034 0.00195899 0.16
l 2585 2586
v 0.118702 0.774909 0.16
v -0.492891 -0.0162637 0.16
l 2587 2588
v 0.118031 0.774041 0.16
v -0.472295 -0.033124 0.16
l 2589 2590
v 0.175548 0.719221 0.16
v 0.935646 1.36903 0.16
l 2591 2592
v 0.176382 0.719934 0.16
v 0.918999 1.38965 0.16
l 2593 2594
v 0.177197 0.720669 0.16
v 0.901385 1.41027 0.16
l 2595 2596
v 0.121619 0.778187 0.16
v -0.57355 0.0593406 0.16
l 2597 2598
v 0.120856 0.777398 0.16
v -0.553644 0.0391229 0.16
l 2599 2600
v 0.120116 0.776588 0.16
v -0.534645 0.0207523 0.16
l 2601 2602
v 0.177992 0.721426 0.16
v 0.882371 1.43125 0.16
l 2603 2604
v 0.123208 0.779701 0.16
v -0.61026 0.0999775 0.16
l 2605 2606
v 0.122403 0.778955 0.16
v -0.591954 0.0791735 0.16
l 2607 2608
v 0.178765 0.722205 0.16
v 0.86367 1.45084 0.16
l 2609 2610
v 0.179517 0.723005 0.16
v 0.844375 1.46997 0.16
l 2611 2612
v 0.124033 0.780425 0.16
v -0.627574 0.120813 0.16
l 2613 2614
v 0.180246 0.723824 0.16
v 0.824209 1.48888 0.16
l 2615 2616
v 0.12574 0.781804 0.16
v -0.660612 0.164025 0.16
l 2617 2618
v 0.124877 0.781126 0.16
v -0.644385 0.142193 0.16
l 2619 2620
v 0.180953 0.724664 0.16
v 0.803307 1.5074 0.16
l 2621 2622
v 0.181636 0.725523 0.16
v 0.78293 1.52455 0.16
l 2623 2624
v 0.127521 0.783086 0.16
v -0.691832 0.209797 0.16
l 2625 2626
v 0.126622 0.782457 0.16
v -0.677094 0.187444 0.16
l 2627 2628
v 0.182296 0.7264 0.16
v 0.760969 1.54196 0.16
l 2629 2630
v 0.182931 0.727295 0.16
v 0.739512 1.55809 0.16
l 2631 2632
v 0.183542 0.728207 0.16
v 0.716824 1.57414 0.16
l 2633 2634
v 0.184127 0.729135 0.16
v 0.694322 1.58919 0.16
l 2635 2636
v 0.130318 0.784823 0.16
v -0.733054 0.280254 0.16
l 2637 2638
v 0.12937 0.784269 0.16
v -0.720728 0.257644 0.16
l 2639 2640
v 0.128437 0.783691 0.16
v -0.705995 0.23258 0.16
l 2641 2642
v 0.184687 0.730079 0.16
v 0.670493 1.60415 0.16
l 2643 2644
v 0.18522 0.731038 0.16
v 0.646944 1.61806 0.16
l 2645 2646
v 0.132257 0.78585 0.16
v -0.757577 0.329566 0.16
l 2647 2648
v 0.13128 0.785349 0.16
v -0.746124 0.305596 0.16
l 2649 2650
v 0.133247 0.786323 0.16
v -0.769049 0.355207 0.16
l 2651 2652
v 0.185727 0.732012 0.16
v 0.623051 1.63132 0.16
l 2653 2654
v 0.186207 0.732999 0.16
v 0.599202 1.64373 0.16
l 2655 2656
v 0.18666 0.733998 0.16
v 0.57385 1.656 0.16
l 2657 2658
v 0.187085 0.73501 0.16
v 0.548871 1.66727 0.16
l 2659 2660
v 0.187482 0.736033 0.16
v 0.523597 1.67785 0.16
l 2661 2662
v 0.137327 0.787939 0.16
v -0.806691 0.458045 0.16
l 2663 2664
v 0.136291 0.787577 0.16
v -0.798459 0.43227 0.16
l 2665 2666
v 0.135265 0.787187 0.16
v -0.789391 0.406383 0.16
l 2667 2668
v 0.13425 0.786769 0.16
v -0.779499 0.380489 0.16
l 2669 2670
v 0.139427 0.788577 0.16
v -0.821466 0.511655 0.16
l 2671 2672
v 0.138372 0.788273 0.16
v -0.814168 0.483858 0.16
l 2673 2674
v 0.188192 0.73811 0.16
v 0.472524 1.69684 0.16
l 2675 2676
v 0.188504 0.739162 0.16
v 0.446234 1.70538 0.16
l 2677 2678
v 0.140489 0.788853 0.16
v -0.827366 0.537346 0.16
l 2679 2680
v 0.187851 0.737067 0.16
v 0.498598 1.68756 0.16
l 2681 2682
v 0.188787 0.740223 0.16
v 0.419513 1.71324 0.16
l 2683 2684
v 0.143716 0.789503 0.16
v -0.841678 0.619216 0.16
l 2685 2686
v 0.142634 0.789316 0.16
v -0.837626 0.591605 0.16
l 2687 2688
v 0.141558 0.789099 0.16
v -0.832974 0.564851 0.16
l 2689 2690
v 0.189265 0.742365 0.16
v 0.366067 1.72661 0.16
l 2691 2692
v 0.189459 0.743445 0.16
v 0.339799 1.73208 0.16
l 2693 2694
v 0.189624 0.74453 0.16
v 0.312656 1.73693 0.16
l 2695 2696
v 0.145892 0.789788 0.16
v -0.847387 0.67404 0.16
l 2697 2698
v 0.144802 0.789661 0.16
v -0.844778 0.64568 0.16
l 2699 2700
v 0.14808 0.789954 0.16
v -0.849997 0.727966 0.16
l 2701 2702
v 0.146985 0.789886 0.16
v -0.84902 0.700592 0.16
l 2703 2704
v 0.189759 0.745619 0.16
v 0.286366 1.74094 0.16
l 2705 2706
v 0.189865 0.746711 0.16
v 0.25821 1.74437 0.16
l 2707 2708
v 0.18994 0.747806 0.16
v 0.230929 1.74697 0.16
l 2709 2710
v 0.151372 0.789977 0.16
v -0.848427 0.810004 0.16
l 2711 2712
v 0.150274 0.789999 0.16
v -0.849705 0.783588 0.16
l 2713 2714
v 0.149177 0.789992 0.16
v -0.850225 0.755402 0.16
l 2715 2716
v 0.19 0.75 0.16
v 0.176337 1.74991 0.16
l 2717 2718
v 0.189985 0.751097 0.16
v 0.148996 1.75026 0.16
l 2719 2720
v 0.189985 0.748903 0.16
v 0.203648 1.74881 0.16
l 2721 2722
v 0.18994 0.752194 0.16
v 0.121595 1.74986 0.16
l 2723 2724
v 0.154654 0.789728 0.16
v -0.840034 0.892667 0.16
l 2725 2726
v 0.153562 0.789841 0.16
v -0.84357 0.865519 0.16
l 2727 2728
v 0.152468 0.789924 0.16
v -0.846365 0.838215 0.16
l 2729 2730
v 0.189865 0.753289 0.16
v 0.0932582 1.74861 0.16
l 2731 2732
v 0.189759 0.754381 0.16
v 0.0667271 1.74678 0.16
l 2733 2734
v 0.189624 0.75547 0.16
v 0.0392841 1.7441 0.16
l 2735 2736
v 0.156826 0.789413 0.16
v -0.830673 0.947041 0.16
l 2737 2738
v 0.155742 0.789586 0.16
v -0.835851 0.918983 0.16
l 2739 2740
v 0.189459 0.756555 0.16
v 0.012657 1.7408 0.16
l 2741 2742
v 0.158977 0.78898 0.16
v -0.818631 0.999414 0.16
l 2743 2744
v 0.157904 0.789211 0.16
v -0.824989 0.97339 0.16
l 2745 2746
v 0.161102 0.788429 0.16
v -0.803393 1.05253 0.16
l 2747 2748
v 0.160043 0.788719 0.16
v -0.811265 1.02654 0.16
l 2749 2750
v 0.18904 0.75871 0.16
v -0.0416857 1.73173 0.16
l 2751 2752
v 0.188787 0.759777 0.16
v -0.0689432 1.72599 0.16
l 2753 2754
v 0.188504 0.760838 0.16
v -0.0958275 1.71956 0.16
l 2755 2756
v 0.189265 0.757635 0.16
v -0.0155864 1.73643 0.16
l 2757 2758
v 0.188192 0.76189 0.16
v -0.122555 1.71238 0.16
l 2759 2760
v 0.18904 0.74129 0.16
v 0.393891 1.72008 0.16
l 2761 2762
v 0.164224 0.787386 0.16
v -0.775253 1.13 0.16
l 2763 2764
v 0.163193 0.787762 0.16
v -0.785485 1.10401 0.16
l 2765 2766
v 0.162152 0.788109 0.16
v -0.794408 1.07964 0.16
l 2767 2768
v 0.165244 0.786981 0.16
v -0.764168 1.15602 0.16
l 2769 2770
v 0.187851 0.762933 0.16
v -0.148264 1.70475 0.16
l 2771 2772
v 0.187482 0.763967 0.16
v -0.174304 1.69623 0.16
l 2773 2774
v 0.187085 0.76499 0.16
v -0.200105 1.68699 0.16
l 2775 2776
v 0.18666 0.766002 0.16
v -0.226335 1.67674 0.16
l 2777 2778
v 0.167249 0.78609 0.16
v -0.740965 1.2046 0.16
l 2779 2780
v 0.166253 0.786549 0.16
v -0.753029 1.18015 0.16
l 2781 2782
v 0.169203 0.785089 0.16
v -0.714417 1.25329 0.16
l 2783 2784
v 0.168233 0.785603 0.16
v -0.728 1.22919 0.16
l 2785 2786
v 0.172023 0.783392 0.16
v -0.670671 1.32178 0.16
l 2787 2788
v 0.171098 0.783983 0.16
v -0.685586 1.29982 0.16
l 2789 2790
v 0.170158 0.784549 0.16
v -0.700313 1.27677 0.16
l 2791 2792
v 0.185727 0.767988 0.16
v -0.275997 1.65501 0.16
l 2793 2794
v 0.18522 0.768962 0.16
v -0.300586 1.64303 0.16
l 2795 2796
v 0.184687 0.769921 0.16
v -0.325508 1.62998 0.16
l 2797 2798
v 0.184127 0.770865 0.16
v -0.349155 1.6168 0.16
l 2799 2800
v 0.183542 0.771793 0.16
v -0.373039 1.60259 0.16
l 2801 2802
v 0.172931 0.782775 0.16
v -0.654171 1.34483 0.16
l 2803 2804
v 0.186207 0.767001 0.16
v -0.251117 1.6663 0.16
l 2805 2806
v 0.182931 0.772705 0.16
v -0.395742 1.58826 0.16
l 2807 2808
v 0.174694 0.781468 0.16
v -0.620796 1.38743 0.16
l 2809 2810
v 0.173821 0.782133 0.16
v -0.637194 1.36716 0.16
l 2811 2812
v 0.182296 0.7736 0.16
v -0.418998 1.57263 0.16
l 2813 2814
v 0.181636 0.774477 0.16
v -0.440718 1.55721 0.16
l 2815 2816
v 0.180953 0.775336 0.16
v -0.46301 1.54039 0.16
l 2817 2818
v 0.180246 0.776176 0.16
v -0.484612 1.52315 0.16
l 2819 2820
v 0.177197 0.779331 0.16
v -0.56542 1.44905 0.16
l 2821 2822
v 0.176382 0.780066 0.16
v -0.583716 1.42987 0.16
l 2823 2824
v 0.175548 0.780779 0.16
v -0.602749 1.40868 0.16
l 2825 2826
v 0.179517 0.776995 0.16
v -0.505388 1.50563 0.16
l 2827 2828
v 0.178765 0.777795 0.16
v -0.525614 1.48762 0.16
l 2829 2830
v 0.177992 0.778574 0.16
v -0.546196 1.46818 0.16
l 2831 2832
v 0.321619 0.421813 0.16
v 1.03598 -0.277965 0.16
l 2833 2834
v 0.322403 0.421045 0.16
v 1.05587 -0.258682 0.16
l 2835 2836
v 0.320116 0.423412 0.16
v 0.994599 -0.314879 0.16
l 2837 2838
v 0.320856 0.422602 0.16
v 1.01603 -0.296244 0.16
l 2839 2840
v 0.323208 0.420299 0.16
v 1.07483 -0.239301 0.16
l 2841 2842
v 0.324033 0.419575 0.16
v 1.0933 -0.219358 0.16
l 2843 2844
v 0.318702 0.425091 0.16
v 0.952129 -0.348711 0.16
l 2845 2846
v 0.319397 0.424242 0.16
v 0.974162 -0.33159 0.16
l 2847 2848
v 0.324877 0.418874 0.16
v 1.11123 -0.198902 0.16
l 2849 2850
v 0.32574 0.418196 0.16
v 1.12944 -0.176835 0.16
l 2851 2852
v 0.326622 0.417543 0.16
v 1.14598 -0.155746 0.16
l 2853 2854
v 0.31676 0.427749 0.16
v 0.884211 -0.395658 0.16
l 2855 2856
v 0.317383 0.426845 0.16
v 0.907722 -0.38031 0.16
l 2857 2858
v 0.318031 0.425959 0.16
v 0.929637 -0.365204 0.16
l 2859 2860
v 0.327521 0.416914 0.16
v 1.16195 -0.134197 0.16
l 2861 2862
v 0.31559 0.429605 0.16
v 0.837037 -0.423679 0.16
l 2863 2864
v 0.316162 0.428669 0.16
v 0.86116 -0.409768 0.16
l 2865 2866
v 0.328437 0.416309 0.16
v 1.17853 -0.110322 0.16
l 2867 2868
v 0.32937 0.415731 0.16
v 1.19315 -0.0881434 0.16
l 2869 2870
v 0.330318 0.415178 0.16
v 1.20734 -0.0652705 0.16
l 2871 2872
v 0.314523 0.431523 0.16
v 0.788514 -0.449007 0.16
l 2873 2874
v 0.315043 0.430557 0.16
v 0.813233 -0.436511 0.16
l 2875 2876
v 0.33128 0.414651 0.16
v 1.22111 -0.0416486 0.16
l 2877 2878
v 0.332257 0.41415 0.16
v 1.23456 -0.0169441 0.16
l 2879 2880
v 0.313563 0.433497 0.16
v 0.739138 -0.471426 0.16
l 2881 2882
v 0.31403 0.432504 0.16
v 0.763078 -0.461004 0.16
l 2883 2884
v 0.333247 0.413677 0.16
v 1.24698 0.00735214 0.16
l 2885 2886
v 0.312713 0.43552 0.16
v 0.687404 -0.49163 0.16
l 2887 2888
v 0.313124 0.434503 0.16
v 0.713081 -0.482031 0.16
l 2889 2890
v 0.33425 0.413231 0.16
v 1.25892 0.0324552 0.16
l 2891 2892
v 0.335265 0.412813 0.16
v 1.27001 0.0574975 0.16
l 2893 2894
v 0.336291 0.412423 0.16
v 1.28032 0.0825577 0.16
l 2895 2896
v 0.311975 0.437587 0.16
v 0.635585 -0.508603 0.16
l 2897 2898
v 0.31233 0.436549 0.16
v 0.661144 -0.500643 0.16
l 2899 2900
v 0.311648 0.438635 0.16
v 0.609501 -0.515977 0.16
l 2901 2902
v 0.337327 0.412061 0.16
v 1.28986 0.107617 0.16
l 2903 2904
v 0.338372 0.411727 0.16
v 1.29927 0.13483 0.16
l 2905 2906
v 0.339427 0.411423 0.16
v 1.30728 0.159893 0.16
l 2907 2908
v 0.310844 0.441827 0.16
v 0.528628 -0.53417 0.16
l 2909 2910
v 0.311083 0.440756 0.16
v 0.555132 -0.529007 0.16
l 2911 2912
v 0.311351 0.439691 0.16
v 0.582101 -0.522959 0.16
l 2913 2914
v 0.340489 0.411147 0.16
v 1.31502 0.186899 0.16
l 2915 2916
v 0.341558 0.410901 0.16
v 1.32182 0.213187 0.16
l 2917 2918
v 0.310305 0.445074 0.16
v 0.447002 -0.545539 0.16
l 2919 2920
v 0.310455 0.443987 0.16
v 0.473515 -0.542629 0.16
l 2921 2922
v 0.343716 0.410497 0.16
v 1.3333 0.266514 0.16
l 2923 2924
v 0.344802 0.410339 0.16
v 1.33808 0.294621 0.16
l 2925 2926
v 0.345892 0.410212 0.16
v 1.34189 0.320891 0.16
l 2927 2928
v 0.342634 0.410684 0.16
v 1.32803 0.240399 0.16
l 2929 2930
v 0.310004 0.449451 0.16
v 0.337351 -0.550175 0.16
l 2931 2932
v 0.310034 0.448354 0.16
v 0.364689 -0.550151 0.16
l 2933 2934
v 0.310094 0.447258 0.16
v 0.392161 -0.549369 0.16
l 2935 2936
v 0.310184 0.446165 0.16
v 0.420413 -0.547741 0.16
l 2937 2938
v 0.34808 0.410046 0.16
v 1.34748 0.375429 0.16
l 2939 2940
v 0.349177 0.410008 0.16
v 1.34916 0.403624 0.16
l 2941 2942
v 0.310004 0.450549 0.16
v 0.310004 -0.549451 0.16
l 2943 2944
v 0.310634 0.442904 0.16
v 0.502031 -0.538609 0.16
l 2945 2946
v 0.350274 0.410001 0.16
v 1.35006 0.430923 0.16
l 2947 2948
v 0.310094 0.452742 0.16
v 0.255439 -0.545763 0.16
l 2949 2950
v 0.310034 0.451646 0.16
v 0.282687 -0.54798 0.16
l 2951 2952
v 0.310184 0.453835 0.16
v 0.228117 -0.542792 0.16
l 2953 2954
v 0.351372 0.410024 0.16
v 1.35025 0.45742 0.16
l 2955 2956
v 0.352468 0.410076 0.16
v 1.3496 0.485728 0.16
l 2957 2958
v 0.353562 0.410159 0.16
v 1.34825 0.513097 0.16
l 2959 2960
v 0.310305 0.454926 0.16
v 0.200076 -0.53898 0.16
l 2961 2962
v 0.310455 0.456013 0.16
v 0.173758 -0.5346 0.16
l 2963 2964
v 0.354654 0.410272 0.16
v 1.34624 0.539697 0.16
l 2965 2966
v 0.355742 0.410414 0.16
v 1.34324 0.568016 0.16
l 2967 2968
v 0.356826 0.410587 0.16
v 1.33975 0.594602 0.16
l 2969 2970
v 0.357905 0.410789 0.16
v 1.33547 0.621439 0.16
l 2971 2972
v 0.311083 0.459244 0.16
v 0.0932986 -0.516753 0.16
l 2973 2974
v 0.310844 0.458173 0.16
v 0.119447 -0.52334 0.16
l 2975 2976
v 0.310634 0.457096 0.16
v 0.147574 -0.52952 0.16
l 2977 2978
v 0.311351 0.460309 0.16
v 0.0673023 -0.509454 0.16
l 2979 2980
v 0.346985 0.410114 0.16
v 1.34506 0.348152 0.16
l 2981 2982
v 0.358977 0.41102 0.16
v 1.33029 0.648818 0.16
l 2983 2984
v 0.360043 0.411281 0.16
v 1.32453 0.6754 0.16
l 2985 2986
v 0.361102 0.411571 0.16
v 1.31792 0.702266 0.16
l 2987 2988
v 0.362152 0.41189 0.16
v 1.31056 0.72894 0.16
l 2989 2990
v 0.363193 0.412238 0.16
v 1.30267 0.754853 0.16
l 2991 2992
v 0.312713 0.46448 0.16
v -0.0361011 -0.472712 0.16
l 2993 2994
v 0.31233 0.463451 0.16
v -0.0112802 -0.482739 0.16
l 2995 2996
v 0.311975 0.462413 0.16
v 0.014122 -0.492199 0.16
l 2997 2998
v 0.311648 0.461365 0.16
v 0.0408977 -0.501285 0.16
l 2999 3000
v 0.364224 0.412614 0.16
v 1.29364 0.781653 0.16
l 3001 3002
v 0.365244 0.413019 0.16
v 1.28453 0.806601 0.16
l 3003 3004
v 0.313563 0.466503 0.16
v -0.086384 -0.450035 0.16
l 3005 3006
v 0.313124 0.465497 0.16
v -0.0615762 -0.461649 0.16
l 3007 3008
v 0.366253 0.413451 0.16
v 1.27445 0.831992 0.16
l 3009 3010
v 0.367249 0.41391 0.16
v 1.26349 0.857483 0.16
l 3011 3012
v 0.368233 0.414397 0.16
v 1.25184 0.882618 0.16
l 3013 3014
v 0.369203 0.414911 0.16
v 1.23968 0.907116 0.16
l 3015 3016
v 0.370158 0.415451 0.16
v 1.22685 0.93128 0.16
l 3017 3018
v 0.316162 0.471331 0.16
v -0.205285 -0.381953 0.16
l 3019 3020
v 0.31559 0.470395 0.16
v -0.1826 -0.396673 0.16
l 3021 3022
v 0.315043 0.469443 0.16
v -0.158948 -0.411087 0.16
l 3023 3024
v 0.314523 0.468477 0.16
v -0.134525 -0.425031 0.16
l 3025 3026
v 0.31403 0.467496 0.16
v -0.111545 -0.437427 0.16
l 3027 3028
v 0.318031 0.474041 0.16
v -0.272321 -0.333105 0.16
l 3029 3030
v 0.317383 0.473155 0.16
v -0.250068 -0.350252 0.16
l 3031 3032
v 0.31676 0.472251 0.16
v -0.228238 -0.366186 0.16
l 3033 3034
v 0.372931 0.417225 0.16
v 1.18394 1.00226 0.16
l 3035 3036
v 0.373821 0.417867 0.16
v 1.16931 1.02383 0.16
l 3037 3038
v 0.374694 0.418532 0.16
v 1.15298 1.04644 0.16
l 3039 3040
v 0.375548 0.419221 0.16
v 1.13564 1.06904 0.16
l 3041 3042
v 0.372023 0.416608 0.16
v 1.19914 0.978635 0.16
l 3043 3044
v 0.320116 0.476588 0.16
v -0.334636 -0.279256 0.16
l 3045 3046
v 0.319397 0.475758 0.16
v -0.314043 -0.298033 0.16
l 3047 3048
v 0.320856 0.477398 0.16
v -0.353627 -0.260893 0.16
l 3049 3050
v 0.318702 0.474909 0.16
v -0.292891 -0.316264 0.16
l 3051 3052
v 0.371098 0.416017 0.16
v 1.21377 0.954441 0.16
l 3053 3054
v 0.376382 0.419934 0.16
v 1.119 1.08964 0.16
l 3055 3056
v 0.377197 0.420669 0.16
v 1.1014 1.11026 0.16
l 3057 3058
v 0.377992 0.421426 0.16
v 1.08235 1.13127 0.16
l 3059 3060
v 0.378765 0.422205 0.16
v 1.06413 1.1504 0.16
l 3061 3062
v 0.323208 0.479701 0.16
v -0.410257 -0.200026 0.16
l 3063 3064
v 0.322403 0.478955 0.16
v -0.391957 -0.220823 0.16
l 3065 3066
v 0.321619 0.478187 0.16
v -0.37355 -0.240659 0.16
l 3067 3068
v 0.379517 0.423004 0.16
v 1.04394 1.17036 0.16
l 3069 3070
v 0.380246 0.423824 0.16
v 1.0242 1.18889 0.16
l 3071 3072
v 0.324877 0.481126 0.16
v -0.444385 -0.157807 0.16
l 3073 3074
v 0.324033 0.480425 0.16
v -0.427584 -0.179175 0.16
l 3075 3076
v 0.380953 0.424664 0.16
v 1.00329 1.20741 0.16
l 3077 3078
v 0.32574 0.481804 0.16
v -0.460614 -0.135972 0.16
l 3079 3080
v 0.381636 0.425523 0.16
v 0.982952 1.22453 0.16
l 3081 3082
v 0.382296 0.4264 0.16
v 0.960947 1.24198 0.16
l 3083 3084
v 0.382931 0.427295 0.16
v 0.939522 1.25808 0.16
l 3085 3086
v 0.383542 0.428207 0.16
v 0.916814 1.27415 0.16
l 3087 3088
v 0.32937 0.484269 0.16
v -0.520724 -0.0423623 0.16
l 3089 3090
v 0.328437 0.483691 0.16
v -0.505982 -0.0674394 0.16
l 3091 3092
v 0.384127 0.429135 0.16
v 0.894332 1.28919 0.16
l 3093 3094
v 0.330318 0.484822 0.16
v -0.533459 -0.0190524 0.16
l 3095 3096
v 0.332257 0.48585 0.16
v -0.557569 0.0295504 0.16
l 3097 3098
v 0.33128 0.485349 0.16
v -0.545743 0.00490051 0.16
l 3099 3100
v 0.327521 0.483086 0.16
v -0.491845 -0.0901849 0.16
l 3101 3102
v 0.326622 0.482457 0.16
v -0.477081 -0.112574 0.16
l 3103 3104
v 0.38522 0.431038 0.16
v 0.846944 1.31806 0.16
l 3105 3106
v 0.385727 0.432012 0.16
v 0.823084 1.3313 0.16
l 3107 3108
v 0.386207 0.432999 0.16
v 0.799191 1.34374 0.16
l 3109 3110
v 0.38666 0.433998 0.16
v 0.773848 1.356 0.16
l 3111 3112
v 0.387085 0.43501 0.16
v 0.748861 1.36727 0.16
l 3113 3114
v 0.387482 0.436033 0.16
v 0.7236 1.37785 0.16
l 3115 3116
v 0.384687 0.430079 0.16
v 0.870482 1.30415 0.16
l 3117 3118
v 0.387851 0.437067 0.16
v 0.698606 1.38756 0.16
l 3119 3120
v 0.339427 0.488577 0.16
v -0.621473 0.21168 0.16
l 3121 3122
v 0.338372 0.488273 0.16
v -0.614158 0.183829 0.16
l 3123 3124
v 0.337327 0.487939 0.16
v -0.606701 0.158074 0.16
l 3125 3126
v 0.336291 0.487577 0.16
v -0.598455 0.132261 0.16
l 3127 3128
v 0.335265 0.487187 0.16
v -0.589393 0.106388 0.16
l 3129 3130
v 0.33425 0.486769 0.16
v -0.579489 0.0804668 0.16
l 3131 3132
v 0.333247 0.486323 0.16
v -0.56906 0.0552289 0.16
l 3133 3134
v 0.388504 0.439162 0.16
v 0.646221 1.40538 0.16
l 3135 3136
v 0.388787 0.440223 0.16
v 0.6195 1.41324 0.16
l 3137 3138
v 0.341558 0.489099 0.16
v -0.632974 0.264851 0.16
l 3139 3140
v 0.340489 0.488853 0.16
v -0.627361 0.237323 0.16
l 3141 3142
v 0.388192 0.43811 0.16
v 0.672531 1.39683 0.16
l 3143 3144
v 0.38904 0.44129 0.16
v 0.593026 1.42026 0.16
l 3145 3146
v 0.343716 0.489503 0.16
v -0.641674 0.319192 0.16
l 3147 3148
v 0.342634 0.489316 0.16
v -0.637631 0.291628 0.16
l 3149 3150
v 0.389264 0.442365 0.16
v 0.566969 1.42645 0.16
l 3151 3152
v 0.389459 0.443445 0.16
v 0.53979 1.43208 0.16
l 3153 3154
v 0.345892 0.489788 0.16
v -0.64739 0.37407 0.16
l 3155 3156
v 0.344802 0.489661 0.16
v -0.644778 0.345678 0.16
l 3157 3158
v 0.389624 0.44453 0.16
v 0.512656 1.43693 0.16
l 3159 3160
v 0.389759 0.445619 0.16
v 0.486379 1.44094 0.16
l 3161 3162
v 0.389865 0.446711 0.16
v 0.458183 1.44437 0.16
l 3163 3164
v 0.38994 0.447806 0.16
v 0.430928 1.44697 0.16
l 3165 3166
v 0.350274 0.489999 0.16
v -0.649706 0.483615 0.16
l 3167 3168
v 0.349177 0.489992 0.16
v -0.650224 0.455374 0.16
l 3169 3170
v 0.34808 0.489954 0.16
v -0.649997 0.427965 0.16
l 3171 3172
v 0.346985 0.489886 0.16
v -0.64902 0.400592 0.16
l 3173 3174
v 0.351372 0.489976 0.16
v -0.648409 0.510925 0.16
l 3175 3176
v 0.39 0.45 0.16
v 0.376336 1.44991 0.16
l 3177 3178
v 0.389985 0.451097 0.16
v 0.348997 1.45026 0.16
l 3179 3180
v 0.352468 0.489924 0.16
v -0.646409 0.537293 0.16
l 3181 3182
v 0.38994 0.452194 0.16
v 0.321622 1.44986 0.16
l 3183 3184
v 0.389985 0.448903 0.16
v 0.403649 1.44881 0.16
l 3185 3186
v 0.389865 0.453289 0.16
v 0.293242 1.44861 0.16
l 3187 3188
v 0.355742 0.489586 0.16
v -0.635847 0.619011 0.16
l 3189 3190
v 0.354654 0.489728 0.16
v -0.640034 0.592666 0.16
l 3191 3192
v 0.353562 0.489841 0.16
v -0.643572 0.565493 0.16
l 3193 3194
v 0.356826 0.489413 0.16
v -0.630677 0.647015 0.16
l 3195 3196
v 0.389459 0.456555 0.16
v 0.211749 1.44064 0.16
l 3197 3198
v 0.389264 0.457635 0.16
v 0.185284 1.43661 0.16
l 3199 3200
v 0.358977 0.48898 0.16
v -0.618585 0.69963 0.16
l 3201 3202
v 0.357905 0.489211 0.16
v -0.625018 0.673226 0.16
l 3203 3204
v 0.389759 0.454381 0.16
v 0.26673 1.44678 0.16
l 3205 3206
v 0.389624 0.45547 0.16
v 0.239293 1.44411 0.16
l 3207 3208
v 0.38904 0.45871 0.16
v 0.158327 1.43173 0.16
l 3209 3210
v 0.360043 0.488719 0.16
v -0.611265 0.726543 0.16
l 3211 3212
v 0.361102 0.488429 0.16
v -0.603395 0.752522 0.16
l 3213 3214
v 0.388787 0.459777 0.16
v 0.131064 1.426 0.16
l 3215 3216
v 0.388504 0.460838 0.16
v 0.104172 1.41956 0.16
l 3217 3218
v 0.388192 0.46189 0.16
v 0.0774366 1.41238 0.16
l 3219 3220
v 0.363193 0.487762 0.16
v -0.585216 0.804812 0.16
l 3221 3222
v 0.362152 0.48811 0.16
v -0.594664 0.778805 0.16
l 3223 3224
v 0.364224 0.487386 0.16
v -0.575243 0.830025 0.16
l 3225 3226
v 0.365244 0.486981 0.16
v -0.564179 0.855997 0.16
l 3227 3228
v 0.387851 0.462933 0.16
v 0.051733 1.40475 0.16
l 3229 3230
v 0.387482 0.463967 0.16
v 0.0256964 1.39623 0.16
l 3231 3232
v 0.387085 0.46499 0.16
v -0.000102717 1.38699 0.16
l 3233 3234
v 0.38666 0.466002 0.16
v -0.0263137 1.37674 0.16
l 3235 3236
v 0.368233 0.485603 0.16
v -0.528005 0.929176 0.16
l 3237 3238
v 0.367249 0.48609 0.16
v -0.540959 0.904609 0.16
l 3239 3240
v 0.366253 0.486549 0.16
v -0.553027 0.880154 0.16
l 3241 3242
v 0.386207 0.467001 0.16
v -0.0511501 1.36629 0.16
l 3243 3244
v 0.385727 0.467988 0.16
v -0.0759966 1.35501 0.16
l 3245 3246
v 0.38522 0.468962 0.16
v -0.100575 1.34303 0.16
l 3247 3248
v 0.384687 0.469921 0.16
v -0.125518 1.32997 0.16
l 3249 3250
v 0.372023 0.483392 0.16
v -0.470651 1.02182 0.16
l 3251 3252
v 0.371098 0.483983 0.16
v -0.485605 0.999792 0.16
l 3253 3254
v 0.370158 0.484549 0.16
v -0.50031 0.976775 0.16
l 3255 3256
v 0.369203 0.485089 0.16
v -0.514409 0.95331 0.16
l 3257 3258
v 0.384127 0.470865 0.16
v -0.149145 1.31681 0.16
l 3259 3260
v 0.383542 0.471793 0.16
v -0.173049 1.30258 0.16
l 3261 3262
v 0.382296 0.4736 0.16
v -0.21902 1.27261 0.16
l 3263 3264
v 0.381636 0.474477 0.16
v -0.240715 1.25722 0.16
l 3265 3266
v 0.375548 0.480779 0.16
v -0.402741 1.10868 0.16
l 3267 3268
v 0.374694 0.481468 0.16
v -0.420796 1.08743 0.16
l 3269 3270
v 0.373821 0.482133 0.16
v -0.43719 1.06716 0.16
l 3271 3272
v 0.372931 0.482775 0.16
v -0.454188 1.0448 0.16
l 3273 3274
v 0.380953 0.475336 0.16
v -0.262983 1.24042 0.16
l 3275 3276
v 0.380246 0.476176 0.16
v -0.284182 1.22353 0.16
l 3277 3278
v 0.382931 0.472705 0.16
v -0.19572 1.28828 0.16
l 3279 3280
v 0.379517 0.476996 0.16
v -0.305849 1.2052 0.16
l 3281 3282
v 0.377992 0.478574 0.16
v -0.346223 1.16815 0.16
l 3283 3284
v 0.377197 0.479331 0.16
v -0.365412 1.14906 0.16
l 3285 3286
v 0.376382 0.480066 0.16
v -0.38371 1.12988 0.16
l 3287 3288
v 0.378765 0.477795 0.16
v -0.325594 1.18764 0.16
l 3289 3290
v 0.338793 0.740029 0.16
v 1.01488 0.00320587 0.16
l 3291 3292
v 0.339071 0.739726 0.16
v 1.03391 0.0205591 0.16
l 3293 3294
v 0.339357 0.73943 0.16
v 1.0537 0.0396381 0.16
l 3295 3296
v 0.339651 0.739142 0.16
v 1.07295 0.0592406 0.16
l 3297 3298
v 0.339953 0.738862 0.16
v 1.09181 0.0795363 0.16
l 3299 3300
v 0.340262 0.738591 0.16
v 1.10984 0.100038 0.16
l 3301 3302
v 0.340579 0.738328 0.16
v 1.12761 0.121415 0.16
l 3303 3304
v 0.338012 0.740985 0.16
v 0.948094 -0.0513535 0.16
l 3305 3306
v 0.338263 0.740659 0.16
v 0.972715 -0.0323032 0.16
l 3307 3308
v 0.338524 0.740341 0.16
v 0.991469 -0.017064 0.16
l 3309 3310
v 0.337535 0.741656 0.16
v 0.905586 -0.0813375 0.16
l 3311 3312
v 0.337769 0.741317 0.16
v 0.92841 -0.0656174 0.16
l 3313 3314
v 0.340903 0.738074 0.16
v 1.14382 0.14198 0.16
l 3315 3316
v 0.341233 0.737829 0.16
v 1.16032 0.164153 0.16
l 3317 3318
v 0.34157 0.737593 0.16
v 1.17626 0.186871 0.16
l 3319 3320
v 0.341914 0.737366 0.16
v 1.19179 0.210389 0.16
l 3321 3322
v 0.336891 0.742709 0.16
v 0.834908 -0.124458 0.16
l 3323 3324
v 0.337096 0.742352 0.16
v 0.859407 -0.110403 0.16
l 3325 3326
v 0.337311 0.742001 0.16
v 0.881871 -0.0967206 0.16
l 3327 3328
v 0.342264 0.737149 0.16
v 1.20613 0.233422 0.16
l 3329 3330
v 0.342619 0.736942 0.16
v 1.21939 0.256032 0.16
l 3331 3332
v 0.34298 0.736744 0.16
v 1.2325 0.279851 0.16
l 3333 3334
v 0.336511 0.743439 0.16
v 0.785692 -0.150002 0.16
l 3335 3336
v 0.336696 0.743071 0.16
v 0.810895 -0.137347 0.16
l 3337 3338
v 0.343346 0.736556 0.16
v 1.24637 0.306965 0.16
l 3339 3340
v 0.336336 0.743811 0.16
v 0.762021 -0.16106 0.16
l 3341 3342
v 0.336172 0.744189 0.16
v 0.73412 -0.173219 0.16
l 3343 3344
v 0.343718 0.736379 0.16
v 1.25763 0.330456 0.16
l 3345 3346
v 0.344094 0.736212 0.16
v 1.26831 0.354347 0.16
l 3347 3348
v 0.335874 0.744956 0.16
v 0.683313 -0.192746 0.16
l 3349 3350
v 0.336017 0.74457 0.16
v 0.71286 -0.181707 0.16
l 3351 3352
v 0.344474 0.736055 0.16
v 1.27948 0.38142 0.16
l 3353 3354
v 0.344859 0.735909 0.16
v 1.2886 0.405213 0.16
l 3355 3356
v 0.345247 0.735773 0.16
v 1.29817 0.43256 0.16
l 3357 3358
v 0.335406 0.746533 0.16
v 0.580803 -0.22289 0.16
l 3359 3360
v 0.335507 0.746134 0.16
v 0.6054 -0.216756 0.16
l 3361 3362
v 0.335316 0.746935 0.16
v 0.553778 -0.22891 0.16
l 3363 3364
v 0.335618 0.745738 0.16
v 0.634338 -0.208603 0.16
l 3365 3366
v 0.335741 0.745345 0.16
v 0.659224 -0.200889 0.16
l 3367 3368
v 0.34564 0.735648 0.16
v 1.30645 0.458438 0.16
l 3369 3370
v 0.346035 0.735534 0.16
v 1.31354 0.482699 0.16
l 3371 3372
v 0.346433 0.73543 0.16
v 1.32109 0.51174 0.16
l 3373 3374
v 0.346834 0.735338 0.16
v 1.32735 0.538888 0.16
l 3375 3376
v 0.335238 0.747339 0.16
v 0.524789 -0.234532 0.16
l 3377 3378
v 0.348051 0.735127 0.16
v 1.34121 0.618328 0.16
l 3379 3380
v 0.348459 0.735079 0.16
v 1.34463 0.647606 0.16
l 3381 3382
v 0.335035 0.748972 0.16
v 0.417685 -0.247607 0.16
l 3383 3384
v 0.335069 0.748562 0.16
v 0.444435 -0.24544 0.16
l 3385 3386
v 0.335114 0.748153 0.16
v 0.471093 -0.242559 0.16
l 3387 3388
v 0.33517 0.747745 0.16
v 0.500391 -0.238512 0.16
l 3389 3390
v 0.335013 0.749383 0.16
v 0.388454 -0.249188 0.16
l 3391 3392
v 0.348869 0.735043 0.16
v 1.34688 0.671939 0.16
l 3393 3394
v 0.34928 0.735017 0.16
v 1.3487 0.700957 0.16
l 3395 3396
v 0.349691 0.735003 0.16
v 1.34966 0.727769 0.16
l 3397 3398
v 0.347238 0.735257 0.16
v 1.3322 0.56246 0.16
l 3399 3400
v 0.347643 0.735186 0.16
v 1.33735 0.592054 0.16
l 3401 3402
v 0.335001 0.750206 0.16
v 0.335001 -0.249794 0.16
l 3403 3404
v 0.335001 0.749794 0.16
v 0.364208 -0.249779 0.16
l 3405 3406
v 0.350103 0.735 0.16
v 1.34986 0.756893 0.16
l 3407 3408
v 0.335035 0.751028 0.16
v 0.281594 -0.247543 0.16
l 3409 3410
v 0.335013 0.750617 0.16
v 0.305806 -0.248956 0.16
l 3411 3412
v 0.350514 0.735009 0.16
v 1.34934 0.783534 0.16
l 3413 3414
v 0.350925 0.735029 0.16
v 1.34809 0.810227 0.16
l 3415 3416
v 0.335114 0.751847 0.16
v 0.225748 -0.242154 0.16
l 3417 3418
v 0.335069 0.751438 0.16
v 0.252419 -0.245141 0.16
l 3419 3420
v 0.351336 0.73506 0.16
v 1.3461 0.837262 0.16
l 3421 3422
v 0.351745 0.735102 0.16
v 1.34342 0.863896 0.16
l 3423 3424
v 0.33517 0.752255 0.16
v 0.199191 -0.238457 0.16
l 3425 3426
v 0.352153 0.735155 0.16
v 1.33963 0.892926 0.16
l 3427 3428
v 0.35256 0.73522 0.16
v 1.33532 0.920086 0.16
l 3429 3430
v 0.335316 0.753065 0.16
v 0.145765 -0.228806 0.16
l 3431 3432
v 0.335238 0.752661 0.16
v 0.170017 -0.233596 0.16
l 3433 3434
v 0.335507 0.753866 0.16
v 0.0901101 -0.215557 0.16
l 3435 3436
v 0.335406 0.753467 0.16
v 0.116944 -0.222378 0.16
l 3437 3438
v 0.353366 0.735383 0.16
v 1.32461 0.973455 0.16
l 3439 3440
v 0.353766 0.735481 0.16
v 1.3187 0.997992 0.16
l 3441 3442
v 0.352964 0.735296 0.16
v 1.33035 0.946745 0.16
l 3443 3444
v 0.354163 0.735589 0.16
v 1.31079 1.0269 0.16
l 3445 3446
v 0.335741 0.754655 0.16
v 0.0370211 -0.199686 0.16
l 3447 3448
v 0.335618 0.754262 0.16
v 0.0657246 -0.208628 0.16
l 3449 3450
v 0.335874 0.755044 0.16
v 0.0123913 -0.19119 0.16
l 3451 3452
v 0.354557 0.735709 0.16
v 1.30324 1.05194 0.16
l 3453 3454
v 0.354947 0.735839 0.16
v 1.29456 1.07808 0.16
l 3455 3456
v 0.355334 0.73598 0.16
v 1.28443 1.10582 0.16
l 3457 3458
v 0.336172 0.755811 0.16
v -0.0406714 -0.170466 0.16
l 3459 3460
v 0.336017 0.75543 0.16
v -0.0114223 -0.182272 0.16
l 3461 3462
v 0.356095 0.736294 0.16
v 1.26461 1.15414 0.16
l 3463 3464
v 0.356469 0.736466 0.16
v 1.25188 1.18171 0.16
l 3465 3466
v 0.336696 0.756929 0.16
v -0.112485 -0.136512 0.16
l 3467 3468
v 0.336511 0.756561 0.16
v -0.0891743 -0.14831 0.16
l 3469 3470
v 0.336336 0.756189 0.16
v -0.0616124 -0.161219 0.16
l 3471 3472
v 0.356837 0.736649 0.16
v 1.24033 1.20509 0.16
l 3473 3474
v 0.336891 0.757291 0.16
v -0.137308 -0.123127 0.16
l 3475 3476
v 0.357201 0.736842 0.16
v 1.22812 1.22827 0.16
l 3477 3478
v 0.355716 0.736132 0.16
v 1.27528 1.12906 0.16
l 3479 3480
v 0.337311 0.757999 0.16
v -0.185 -0.0947562 0.16
l 3481 3482
v 0.337096 0.757648 0.16
v -0.160921 -0.109519 0.16
l 3483 3484
v 0.337535 0.758344 0.16
v -0.207025 -0.0803776 0.16
l 3485 3486
v 0.338012 0.759015 0.16
v -0.252629 -0.0479193 0.16
l 3487 3488
v 0.337769 0.758683 0.16
v -0.230282 -0.0643105 0.16
l 3489 3490
v 0.357559 0.737044 0.16
v 1.21483 1.25191 0.16
l 3491 3492
v 0.357912 0.737256 0.16
v 1.20023 1.27623 0.16
l 3493 3494
v 0.358259 0.737478 0.16
v 1.18546 1.29939 0.16
l 3495 3496
v 0.358599 0.737709 0.16
v 1.16948 1.32292 0.16
l 3497 3498
v 0.358933 0.73795 0.16
v 1.15337 1.34529 0.16
l 3499 3500
v 0.338524 0.759659 0.16
v -0.295928 -0.0133032 0.16
l 3501 3502
v 0.338263 0.759341 0.16
v -0.271819 -0.0329975 0.16
l 3503 3504
v 0.35926 0.7382 0.16
v 1.1378 1.36579 0.16
l 3505 3506
v 0.35958 0.738458 0.16
v 1.12033 1.38751 0.16
l 3507 3508
v 0.339071 0.760274 0.16
v -0.337015 0.0234509 0.16
l 3509 3510
v 0.338793 0.759971 0.16
v -0.314152 0.002566 0.16
l 3511 3512
v 0.359893 0.738725 0.16
v 1.10251 1.40844 0.16
l 3513 3514
v 0.360199 0.739001 0.16
v 1.08408 1.42893 0.16
l 3515 3516
v 0.339357 0.76057 0.16
v -0.35548 0.0414031 0.16
l 3517 3518
v 0.360497 0.739285 0.16
v 1.06517 1.44881 0.16
l 3519 3520
v 0.360787 0.739577 0.16
v 1.0457 1.46821 0.16
l 3521 3522
v 0.340262 0.761409 0.16
v -0.411595 0.102083 0.16
l 3523 3524
v 0.339953 0.761138 0.16
v -0.393351 0.0812367 0.16
l 3525 3526
v 0.339651 0.760858 0.16
v -0.374696 0.0610661 0.16
l 3527 3528
v 0.361069 0.739877 0.16
v 1.02558 1.48715 0.16
l 3529 3530
v 0.361342 0.740184 0.16
v 1.00505 1.50545 0.16
l 3531 3532
v 0.361607 0.740499 0.16
v 0.985455 1.52204 0.16
l 3533 3534
v 0.361864 0.740821 0.16
v 0.962235 1.54054 0.16
l 3535 3536
v 0.34157 0.762407 0.16
v -0.477512 0.188731 0.16
l 3537 3538
v 0.341233 0.762171 0.16
v -0.461681 0.166077 0.16
l 3539 3540
v 0.340903 0.761926 0.16
v -0.446128 0.145013 0.16
l 3541 3542
v 0.340579 0.761672 0.16
v -0.428999 0.123119 0.16
l 3543 3544
v 0.362111 0.74115 0.16
v 0.94014 1.55717 0.16
l 3545 3546
v 0.362349 0.741486 0.16
v 0.918719 1.57242 0.16
l 3547 3548
v 0.342264 0.762851 0.16
v -0.507615 0.235874 0.16
l 3549 3550
v 0.341914 0.762634 0.16
v -0.492775 0.211912 0.16
l 3551 3552
v 0.362578 0.741828 0.16
v 0.896969 1.58707 0.16
l 3553 3554
v 0.362798 0.742176 0.16
v 0.872985 1.60224 0.16
l 3555 3556
v 0.342619 0.763058 0.16
v -0.521244 0.259331 0.16
l 3557 3558
v 0.363008 0.74253 0.16
v 0.849691 1.61611 0.16
l 3559 3560
v 0.363208 0.742889 0.16
v 0.824905 1.62993 0.16
l 3561 3562
v 0.363398 0.743254 0.16
v 0.799941 1.64294 0.16
l 3563 3564
v 0.343718 0.763621 0.16
v -0.559306 0.33403 0.16
l 3565 3566
v 0.343346 0.763444 0.16
v -0.546176 0.306551 0.16
l 3567 3568
v 0.363578 0.743625 0.16
v 0.775361 1.65491 0.16
l 3569 3570
v 0.344859 0.764091 0.16
v -0.590146 0.409456 0.16
l 3571 3572
v 0.344474 0.763945 0.16
v -0.579744 0.38208 0.16
l 3573 3574
v 0.344094 0.763788 0.16
v -0.569813 0.357865 0.16
l 3575 3576
v 0.34298 0.763256 0.16
v -0.53379 0.282346 0.16
l 3577 3578
v 0.363747 0.743999 0.16
v 0.75184 1.66562 0.16
l 3579 3580
v 0.363907 0.744379 0.16
v 0.726416 1.67636 0.16
l 3581 3582
v 0.364056 0.744762 0.16
v 0.699173 1.68694 0.16
l 3583 3584
v 0.364194 0.74515 0.16
v 0.675353 1.69551 0.16
l 3585 3586
v 0.364322 0.745541 0.16
v 0.648336 1.70436 0.16
l 3587 3588
v 0.346035 0.764466 0.16
v -0.614774 0.487256 0.16
l 3589 3590
v 0.34564 0.764352 0.16
v -0.607283 0.461139 0.16
l 3591 3592
v 0.345247 0.764227 0.16
v -0.59849 0.433531 0.16
l 3593 3594
v 0.346834 0.764662 0.16
v -0.627826 0.540972 0.16
l 3595 3596
v 0.346433 0.76457 0.16
v -0.621076 0.511735 0.16
l 3597 3598
v 0.364439 0.745936 0.16
v 0.622336 1.71211 0.16
l 3599 3600
v 0.364545 0.746333 0.16
v 0.595083 1.7194 0.16
l 3601 3602
v 0.36464 0.746734 0.16
v 0.568727 1.72569 0.16
l 3603 3604
v 0.347643 0.764814 0.16
v -0.637314 0.592017 0.16
l 3605 3606
v 0.347238 0.764743 0.16
v -0.633276 0.568293 0.16
l 3607 3608
v 0.348459 0.764921 0.16
v -0.644697 0.648122 0.16
l 3609 3610
v 0.348051 0.764873 0.16
v -0.641653 0.621742 0.16
l 3611 3612
v 0.364724 0.747137 0.16
v 0.542073 1.73128 0.16
l 3613 3614
v 0.364797 0.747542 0.16
v 0.515445 1.73613 0.16
l 3615 3616
v 0.364859 0.747949 0.16
v 0.488876 1.74023 0.16
l 3617 3618
v 0.36491 0.748357 0.16
v 0.459555 1.74387 0.16
l 3619 3620
v 0.364949 0.748767 0.16
v 0.433124 1.74644 0.16
l 3621 3622
v 0.34928 0.764983 0.16
v -0.648727 0.701879 0.16
l 3623 3624
v 0.348869 0.764957 0.16
v -0.647298 0.677484 0.16
l 3625 3626
v 0.349691 0.764997 0.16
v -0.649729 0.730937 0.16
l 3627 3628
v 0.350103 0.765 0.16
v -0.649871 0.757766 0.16
l 3629 3630
v 0.365 0.75 0.16
v 0.350353 1.74989 0.16
l 3631 3632
v 0.364994 0.749589 0.16
v 0.379641 1.74948 0.16
l 3633 3634
v 0.350514 0.764991 0.16
v -0.649246 0.786884 0.16
l 3635 3636
v 0.364994 0.750411 0.16
v 0.323802 1.74956 0.16
l 3637 3638
v 0.364977 0.750823 0.16
v 0.296802 1.7485 0.16
l 3639 3640
v 0.364977 0.749177 0.16
v 0.406169 1.74833 0.16
l 3641 3642
v 0.351336 0.76494 0.16
v -0.645833 0.840138 0.16
l 3643 3644
v 0.350925 0.764971 0.16
v -0.647897 0.813496 0.16
l 3645 3646
v 0.35256 0.76478 0.16
v -0.634916 0.922551 0.16
l 3647 3648
v 0.352153 0.764845 0.16
v -0.639518 0.893639 0.16
l 3649 3650
v 0.36491 0.751643 0.16
v 0.240893 1.74392 0.16
l 3651 3652
v 0.364859 0.752051 0.16
v 0.214211 1.74064 0.16
l 3653 3654
v 0.364797 0.752458 0.16
v 0.187448 1.73661 0.16
l 3655 3656
v 0.351745 0.764898 0.16
v -0.643019 0.8671 0.16
l 3657 3658
v 0.352964 0.764704 0.16
v -0.6298 0.94957 0.16
l 3659 3660
v 0.364724 0.752863 0.16
v 0.160637 1.73182 0.16
l 3661 3662
v 0.36464 0.753266 0.16
v 0.134102 1.72633 0.16
l 3663 3664
v 0.364545 0.753667 0.16
v 0.106648 1.71984 0.16
l 3665 3666
v 0.354163 0.764411 0.16
v -0.610766 1.02692 0.16
l 3667 3668
v 0.353766 0.764519 0.16
v -0.617481 1.00259 0.16
l 3669 3670
v 0.364949 0.751233 0.16
v 0.270304 1.74674 0.16
l 3671 3672
v 0.364439 0.754064 0.16
v 0.0804246 1.71288 0.16
l 3673 3674
v 0.354947 0.764161 0.16
v -0.593736 1.08039 0.16
l 3675 3676
v 0.354557 0.764291 0.16
v -0.602072 1.0556 0.16
l 3677 3678
v 0.353366 0.764617 0.16
v -0.624023 0.976066 0.16
l 3679 3680
v 0.355716 0.763868 0.16
v -0.573379 1.13371 0.16
l 3681 3682
v 0.355334 0.76402 0.16
v -0.584278 1.10626 0.16
l 3683 3684
v 0.364322 0.754459 0.16
v 0.0531628 1.70482 0.16
l 3685 3686
v 0.364194 0.75485 0.16
v 0.0290773 1.69703 0.16
l 3687 3688
v 0.364056 0.755238 0.16
v 0.00154674 1.68722 0.16
l 3689 3690
v 0.363907 0.755621 0.16
v -0.0241855 1.67724 0.16
l 3691 3692
v 0.356837 0.763351 0.16
v -0.538574 1.20859 0.16
l 3693 3694
v 0.356469 0.763534 0.16
v -0.552049 1.18138 0.16
l 3695 3696
v 0.356095 0.763706 0.16
v -0.563472 1.15664 0.16
l 3697 3698
v 0.363747 0.756001 0.16
v -0.0480362 1.66728 0.16
l 3699 3700
v 0.363578 0.756375 0.16
v -0.072965 1.65606 0.16
l 3701 3702
v 0.363398 0.756746 0.16
v -0.098299 1.64378 0.16
l 3703 3704
v 0.363208 0.757111 0.16
v -0.123475 1.63069 0.16
l 3705 3706
v 0.358259 0.762522 0.16
v -0.484062 1.3015 0.16
l 3707 3708
v 0.357912 0.762744 0.16
v -0.499357 1.27761 0.16
l 3709 3710
v 0.357559 0.762956 0.16
v -0.513357 1.25439 0.16
l 3711 3712
v 0.357201 0.763158 0.16
v -0.526295 1.2316 0.16
l 3713 3714
v 0.358933 0.76205 0.16
v -0.45195 1.34726 0.16
l 3715 3716
v 0.358599 0.762291 0.16
v -0.468601 1.3242 0.16
l 3717 3718
v 0.362349 0.758514 0.16
v -0.21568 1.57453 0.16
l 3719 3720
v 0.362111 0.75885 0.16
v -0.23826 1.55857 0.16
l 3721 3722
v 0.361864 0.759179 0.16
v -0.261984 1.54072 0.16
l 3723 3724
v 0.35958 0.761542 0.16
v -0.418963 1.38913 0.16
l 3725 3726
v 0.35926 0.7618 0.16
v -0.43518 1.36914 0.16
l 3727 3728
v 0.363008 0.75747 0.16
v -0.147179 1.61753 0.16
l 3729 3730
v 0.362798 0.757824 0.16
v -0.171593 1.60306 0.16
l 3731 3732
v 0.362578 0.758172 0.16
v -0.193792 1.58911 0.16
l 3733 3734
v 0.361607 0.759501 0.16
v -0.282103 1.52477 0.16
l 3735 3736
v 0.360199 0.760999 0.16
v -0.382419 1.43071 0.16
l 3737 3738
v 0.359893 0.761275 0.16
v -0.400855 1.41032 0.16
l 3739 3740
v 0.361342 0.759816 0.16
v -0.30317 1.50709 0.16
l 3741 3742
v 0.361069 0.760123 0.16
v -0.323839 1.48875 0.16
l 3743 3744
v 0.360787 0.760423 0.16
v -0.34389 1.46995 0.16
l 3745 3746
v 0.360497 0.760715 0.16
v -0.363383 1.45064 0.16
l 3747 3748
v 0.2 0.12 0.21
v 0.2 0.12 -0.79
l 3749 3750
v 0.05 0.12 0.16
v 0.05 0.12 1.16
l 3751 3752
v 0.05 0.02 0.16
v 0.05 0.02 1.16
l 3753 3754
v 0.2 0.02 0.16
v 0.2 0.02 1.16
l 3755 3756
v 0.5 0.9 0.16
v 0.5 0.9 -0.84
l 3757 3758
v 0 0.9 0
v 0 0.9 1
l 3759 3760
v 0.5 0 0.16
v 0.5 0 -0.84
l 3761 3762
v 0 0 0
v 0 0 1
l 3763 3764
v 0.05 0.02 0.16
v 0.05 1.02 0.16
l 3765 3766
v 0.2 0.02 0.16
v -0.8 0.02 0.16
l 3767 3768
v 0.2 0.12 0.16
v 0.2 -0.88 0.16
l 3769 3770
v 0.05 0.12 0.16
v 1.05 0.12 0.16
l 3771 3772
v 0.19 0.75 0.06
v 0.176337 1.74991 0.06
l 3773 3774
v 0.189985 0.751097 0.06
v 0.148996 1.75026 0.06
l 3775 3776
v 0.18994 0.752194 0.06
v 0.121595 1.74986 0.06
l 3777 3778
v 0.189865 0.753289 0.06
v 0.0932582 1.74861 0.06
l 3779 3780
v 0.189759 0.754381 0.06
v 0.0667271 1.74678 0.06
l 3781 3782
v 0.189624 0.75547 0.06
v 0.0392841 1.7441 0.06
l 3783 3784
v 0.189459 0.756555 0.06
v 0.012657 1.7408 0.06
l 3785 3786
v 0.189265 0.757635 0.06
v -0.0155864 1.73643 0.06
l 3787 3788
v 0.18904 0.75871 0.06
v -0.0416857 1.73173 0.06
l 3789 3790
v 0.188787 0.759777 0.06
v -0.0689432 1.72599 0.06
l 3791 3792
v 0.188504 0.760838 0.06
v -0.0958275 1.71956 0.06
l 3793 3794
v 0.188192 0.76189 0.06
v -0.122555 1.71238 0.06
l 3795 3796
v 0.187851 0.762933 0.06
v -0.148264 1.70475 0.06
l 3797 3798
v 0.187482 0.763967 0.06
v -0.174304 1.69623 0.06
l 3799 3800
v 0.187085 0.76499 0.06
v -0.200105 1.68699 0.06
l 3801 3802
v 0.18666 0.766002 0.06
v -0.226335 1.67674 0.06
l 3803 3804
v 0.186207 0.767001 0.06
v -0.251117 1.6663 0.06
l 3805 3806
v 0.185727 0.767988 0.06
v -0.275997 1.65501 0.06
l 3807 3808
v 0.18522 0.768962 0.06
v -0.300586 1.64303 0.06
l 3809 3810
v 0.184687 0.769921 0.06
v -0.325508 1.62998 0.06
l 3811 3812
v 0.184127 0.770865 0.06
v -0.349155 1.6168 0.06
l 3813 3814
v 0.183542 0.771793 0.06
v -0.373039 1.60259 0.06
l 3815 3816
v 0.182931 0.772705 0.06
v -0.395742 1.58826 0.06
l 3817 3818
v 0.182296 0.7736 0.06
v -0.418998 1.57263 0.06
l 3819 3820
v 0.181636 0.774477 0.06
v -0.440718 1.55721 0.06
l 3821 3822
v 0.180953 0.775336 0.06
v -0.46301 1.54039 0.06
l 3823 3824
v 0.180246 0.776176 0.06
v -0.484612 1.52315 0.06
l 3825 3826
v 0.179517 0.776995 0.06
v -0.505388 1.50563 0.06
l 3827 3828
v 0.178765 0.777795 0.06
v -0.525614 1.48762 0.06
l 3829 3830
v 0.177992 0.778574 0.06
v -0.546196 1.46818 0.06
l 3831 3832
v 0.177197 0.779331 0.06
v -0.56542 1.44905 0.06
l 3833 3834
v 0.176382 0.780066 0.06
v -0.583716 1.42987 0.06
l 3835 3836
v 0.175548 0.780779 0.06
v -0.602749 1.40868 0.06
l 3837 3838
v 0.174694 0.781468 0.06
v -0.620796 1.38743 0.06
l 3839 3840
v 0.173821 0.782133 0.06
v -0.637194 1.36716 0.06
l 3841 3842
v 0.172931 0.782775 0.06
v -0.654171 1.34483 0.06
l 3843 3844
v 0.172023 0.783392 0.06
v -0.670671 1.32178 0.06
l 3845 3846
v 0.171098 0.783983 0.06
v -0.685586 1.29982 0.06
l 3847 3848
v 0.170158 0.784549 0.06
v -0.700313 1.27677 0.06
l 3849 3850
v 0.169203 0.785089 0.06
v -0.714417 1.25329 0.06
l 3851 3852
v 0.168233 0.785603 0.06
v -0.728 1.22919 0.06
l 3853 3854
v 0.167249 0.78609 0.06
v -0.740965 1.2046 0.06
l 3855 3856
v 0.166253 0.786549 0.06
v -0.753029 1.18015 0.06
l 3857 3858
v 0.165244 0.786981 0.06
v -0.764168 1.15602 0.06
l 3859 3860
v 0.164224 0.787386 0.06
v -0.775253 1.13 0.06
l 3861 3862
v 0.163193 0.787762 0.06
v -0.785485 1.10401 0.06
l 3863 3864
v 0.162152 0.788109 0.06
v -0.794408 1.07964 0.06
l 3865 3866
v 0.161102 0.788429 0.06
v -0.803393 1.05253 0.06
l 3867 3868
v 0.160043 0.788719 0.06
v -0.811265 1.02654 0.06
l 3869 3870
v 0.158977 0.78898 0.06
v -0.818631 0.999414 0.06
l 3871 3872
v 0.157904 0.789211 0.06
v -0.824989 0.97339 0.06
l 3873 3874
v 0.156826 0.789413 0.06
v -0.830673 0.947041 0.06
l 3875 3876
v 0.155742 0.789586 0.06
v -0.835851 0.918983 0.06
l 3877 3878
v 0.154654 0.789728 0.06
v -0.840034 0.892667 0.06
l 3879 3880
v 0.153562 0.789841 0.06
v -0.84357 0.865519 0.06
l 3881 3882
v 0.152468 0.789924 0.06
v -0.846365 0.838215 0.06
l 3883 3884
v 0.151372 0.789977 0.06
v -0.848427 0.810004 0.06
l 3885 3886
v 0.150274 0.789999 0.06
v -0.849705 0.783588 0.06
l 3887 3888
v 0.149177 0.789992 0.06
v -0.850225 0.755402 0.06
l 3889 3890
v 0.14808 0.789954 0.06
v -0.849997 0.727966 0.06
l 3891 3892
v 0.146985 0.789886 0.06
v -0.84902 0.700592 0.06
l 3893 3894
v 0.145892 0.789788 0.06
v -0.847387 0.67404 0.06
l 3895 3896
v 0.144802 0.789661 0.06
v -0.844778 0.64568 0.06
l 3897 3898
v 0.143716 0.789503 0.06
v -0.841678 0.619216 0.06
l 3899 3900
v 0.142634 0.789316 0.06
v -0.837626 0.591605 0.06
l 3901 3902
v 0.141558 0.789099 0.06
v -0.832974 0.564851 0.06
l 3903 3904
v 0.140489 0.788853 0.06
v -0.827366 0.537346 0.06
l 3905 3906
v 0.139427 0.788577 0.06
v -0.821466 0.511655 0.06
l 3907 3908
v 0.138372 0.788273 0.06
v -0.814168 0.483858 0.06
l 3909 3910
v 0.137327 0.787939 0.06
v -0.806691 0.458045 0.06
l 3911 3912
v 0.136291 0.787577 0.06
v -0.798459 0.43227 0.06
l 3913 3914
v 0.135265 0.787187 0.06
v -0.789391 0.406383 0.06
l 3915 3916
v 0.13425 0.786769 0.06
v -0.779499 0.380489 0.06
l 3917 3918
v 0.133247 0.786323 0.06
v -0.769049 0.355207 0.06
l 3919 3920
v 0.132257 0.78585 0.06
v -0.757577 0.329566 0.06
l 3921 3922
v 0.13128 0.785349 0.06
v -0.746124 0.305596 0.06
l 3923 3924
v 0.130318 0.784823 0.06
v -0.733054 0.280254 0.06
l 3925 3926
v 0.12937 0.784269 0.06
v -0.720728 0.257644 0.06
l 3927 3928
v 0.128437 0.783691 0.06
v -0.705995 0.23258 0.06
l 3929 3930
v 0.127521 0.783086 0.06
v -0.691832 0.209797 0.06
l 3931 3932
v 0.126622 0.782457 0.06
v -0.677094 0.187444 0.06
l 3933 3934
v 0.12574 0.781804 0.06
v -0.660612 0.164025 0.06
l 3935 3936
v 0.124877 0.781126 0.06
v -0.644385 0.142193 0.06
l 3937 3938
v 0.124033 0.780425 0.06
v -0.627574 0.120813 0.06
l 3939 3940
v 0.123208 0.779701 0.06
v -0.61026 0.0999775 0.06
l 3941 3942
v 0.122403 0.778955 0.06
v -0.591954 0.0791735 0.06
l 3943 3944
v 0.121619 0.778187 0.06
v -0.57355 0.0593406 0.06
l 3945 3946
v 0.120856 0.777398 0.06
v -0.553644 0.0391229 0.06
l 3947 3948
v 0.120116 0.776588 0.06
v -0.534645 0.0207523 0.06
l 3949 3950
v 0.119397 0.775758 0.06
v -0.514034 0.00195899 0.06
l 3951 3952
v 0.118702 0.774909 0.06
v -0.492891 -0.0162637 0.06
l 3953 3954
v 0.118031 0.774041 0.06
v -0.472295 -0.033124 0.06
l 3955 3956
v 0.117383 0.773155 0.06
v -0.45009 -0.0502369 0.06
l 3957 3958
v 0.11676 0.772251 0.06
v -0.428228 -0.0661926 0.06
l 3959 3960
v 0.116162 0.771331 0.06
v -0.405278 -0.0819572 0.06
l 3961 3962
v 0.11559 0.770395 0.06
v -0.382605 -0.0966702 0.06
l 3963 3964
v 0.115043 0.769443 0.06
v -0.358965 -0.111078 0.06
l 3965 3966
v 0.114523 0.768477 0.06
v -0.334497 -0.125044 0.06
l 3967 3968
v 0.11403 0.767496 0.06
v -0.311545 -0.137427 0.06
l 3969 3970
v 0.113563 0.766503 0.06
v -0.286415 -0.150022 0.06
l 3971 3972
v 0.113124 0.765497 0.06
v -0.261552 -0.161659 0.06
l 3973 3974
v 0.112713 0.76448 0.06
v -0.236113 -0.172708 0.06
l 3975 3976
v 0.11233 0.763451 0.06
v -0.211282 -0.182739 0.06
l 3977 3978
v 0.111975 0.762413 0.06
v -0.185047 -0.192457 0.06
l 3979 3980
v 0.111649 0.761365 0.06
v -0.159938 -0.201049 0.06
l 3981 3982
v 0.111351 0.760309 0.06
v -0.132691 -0.209456 0.06
l 3983 3984
v 0.111083 0.759244 0.06
v -0.106709 -0.216751 0.06
l 3985 3986
v 0.110844 0.758173 0.06
v -0.0805403 -0.223342 0.06
l 3987 3988
v 0.110634 0.757096 0.06
v -0.052433 -0.229519 0.06
l 3989 3990
v 0.110455 0.756013 0.06
v -0.0262525 -0.234598 0.06
l 3991 3992
v 0.110305 0.754926 0.06
v 7.61041e-05 -0.23898 0.06
l 3993 3994
v 0.110184 0.753835 0.06
v 0.0281258 -0.242793 0.06
l 3995 3996
v 0.110094 0.752742 0.06
v 0.0554255 -0.245763 0.06
l 3997 3998
v 0.110034 0.751646 0.06
v 0.0826996 -0.24798 0.06
l 3999 4000
v 0.110004 0.750549 0.06
v 0.110004 -0.249451 0.06
l 4001 4002
v 0.110004 0.749451 0.06
v 0.137338 -0.250175 0.06
l 4003 4004
v 0.110034 0.748354 0.06
v 0.164703 -0.250151 0.06
l 4005 4006
v 0.110094 0.747258 0.06
v 0.192152 -0.24937 0.06
l 4007 4008
v 0.110184 0.746165 0.06
v 0.220413 -0.247741 0.06
l 4009 4010
v 0.110305 0.745074 0.06
v 0.247012 -0.245537 0.06
l 4011 4012
v 0.110455 0.743987 0.06
v 0.273522 -0.242628 0.06
l 4013 4014
v 0.110634 0.742904 0.06
v 0.302018 -0.238611 0.06
l 4015 4016
v 0.110844 0.741827 0.06
v 0.328636 -0.234168 0.06
l 4017 4018
v 0.111083 0.740756 0.06
v 0.355125 -0.229009 0.06
l 4019 4020
v 0.111351 0.739691 0.06
v 0.382938 -0.222723 0.06
l 4021 4022
v 0.111649 0.738635 0.06
v 0.408671 -0.216236 0.06
l 4023 4024
v 0.111975 0.737587 0.06
v 0.435587 -0.208603 0.06
l 4025 4026
v 0.11233 0.736549 0.06
v 0.461156 -0.200638 0.06
l 4027 4028
v 0.112713 0.73552 0.06
v 0.487389 -0.191636 0.06
l 4029 4030
v 0.113124 0.734503 0.06
v 0.513102 -0.182022 0.06
l 4031 4032
v 0.113563 0.733497 0.06
v 0.539138 -0.171426 0.06
l 4033 4034
v 0.11403 0.732504 0.06
v 0.56305 -0.161017 0.06
l 4035 4036
v 0.114523 0.731523 0.06
v 0.588531 -0.148998 0.06
l 4037 4038
v 0.115043 0.730557 0.06
v 0.613238 -0.136508 0.06
l 4039 4040
v 0.11559 0.729605 0.06
v 0.63703 -0.123683 0.06
l 4041 4042
v 0.116162 0.728669 0.06
v 0.66115 -0.109775 0.06
l 4043 4044
v 0.11676 0.727749 0.06
v 0.684233 -0.0956429 0.06
l 4045 4046
v 0.117383 0.726845 0.06
v 0.707709 -0.0803199 0.06
l 4047 4048
v 0.118031 0.725959 0.06
v 0.729624 -0.0652137 0.06
l 4049 4050
v 0.118702 0.725091 0.06
v 0.752133 -0.0487081 0.06
l 4051 4052
v 0.119397 0.724242 0.06
v 0.774158 -0.0315937 0.06
l 4053 4054
v 0.120116 0.723412 0.06
v 0.794616 -0.0148631 0.06
l 4055 4056
v 0.120856 0.722602 0.06
v 0.816025 0.00375567 0.06
l 4057 4058
v 0.121619 0.721813 0.06
v 0.835976 0.0220315 0.06
l 4059 4060
v 0.122403 0.721045 0.06
v 0.855871 0.0413215 0.06
l 4061 4062
v 0.123208 0.720299 0.06
v 0.874815 0.0606874 0.06
l 4063 4064
v 0.124033 0.719575 0.06
v 0.893295 0.0806418 0.06
l 4065 4066
v 0.124877 0.718874 0.06
v 0.911229 0.101095 0.06
l 4067 4068
v 0.12574 0.718196 0.06
v 0.929456 0.123183 0.06
l 4069 4070
v 0.126622 0.717543 0.06
v 0.945975 0.144254 0.06
l 4071 4072
v 0.127521 0.716914 0.06
v 0.961953 0.165803 0.06
l 4073 4074
v 0.128437 0.716309 0.06
v 0.978535 0.189684 0.06
l 4075 4076
v 0.12937 0.715731 0.06
v 0.992742 0.211162 0.06
l 4077 4078
v 0.130318 0.715177 0.06
v 1.00772 0.235424 0.06
l 4079 4080
v 0.13128 0.714651 0.06
v 1.02111 0.258367 0.06
l 4081 4082
v 0.132257 0.71415 0.06
v 1.03455 0.283034 0.06
l 4083 4084
v 0.133247 0.713677 0.06
v 1.047 0.307397 0.06
l 4085 4086
v 0.13425 0.713231 0.06
v 1.05891 0.332427 0.06
l 4087 4088
v 0.135265 0.712813 0.06
v 1.07001 0.357507 0.06
l 4089 4090
v 0.136291 0.712423 0.06
v 1.08031 0.382529 0.06
l 4091 4092
v 0.137327 0.712061 0.06
v 1.08987 0.407646 0.06
l 4093 4094
v 0.138372 0.711727 0.06
v 1.09926 0.434805 0.06
l 4095 4096
v 0.139427 0.711423 0.06
v 1.10728 0.459916 0.06
l 4097 4098
v 0.140489 0.711147 0.06
v 1.11502 0.486899 0.06
l 4099 4100
v 0.141558 0.710901 0.06
v 1.12182 0.51319 0.06
l 4101 4102
v 0.142634 0.710684 0.06
v 1.12803 0.540397 0.06
l 4103 4104
v 0.143716 0.710497 0.06
v 1.1333 0.566516 0.06
l 4105 4106
v 0.144802 0.710339 0.06
v 1.13808 0.594591 0.06
l 4107 4108
v 0.145892 0.710212 0.06
v 1.1419 0.620918 0.06
l 4109 4110
v 0.146985 0.710114 0.06
v 1.14506 0.648126 0.06
l 4111 4112
v 0.14808 0.710046 0.06
v 1.14748 0.675456 0.06
l 4113 4114
v 0.149177 0.710008 0.06
v 1.14916 0.703597 0.06
l 4115 4116
v 0.150274 0.710001 0.06
v 1.15007 0.730028 0.06
l 4117 4118
v 0.151372 0.710023 0.06
v 1.15021 0.758314 0.06
l 4119 4120
v 0.152468 0.710076 0.06
v 1.1496 0.785754 0.06
l 4121 4122
v 0.153562 0.710159 0.06
v 1.14825 0.813098 0.06
l 4123 4124
v 0.154654 0.710272 0.06
v 1.14625 0.839669 0.06
l 4125 4126
v 0.155742 0.710414 0.06
v 1.14324 0.868042 0.06
l 4127 4128
v 0.156826 0.710587 0.06
v 1.13972 0.894766 0.06
l 4129 4130
v 0.157904 0.710789 0.06
v 1.13551 0.921223 0.06
l 4131 4132
v 0.158977 0.71102 0.06
v 1.13029 0.948844 0.06
l 4133 4134
v 0.160043 0.711281 0.06
v 1.12454 0.975381 0.06
l 4135 4136
v 0.161102 0.711571 0.06
v 1.11766 1.00311 0.06
l 4137 4138
v 0.162152 0.711891 0.06
v 1.11083 1.02814 0.06
l 4139 4140
v 0.163193 0.712238 0.06
v 1.10267 1.05485 0.06
l 4141 4142
v 0.164224 0.712614 0.06
v 1.09364 1.08166 0.06
l 4143 4144
v 0.165244 0.713019 0.06
v 1.08453 1.10662 0.06
l 4145 4146
v 0.166253 0.713451 0.06
v 1.07447 1.13196 0.06
l 4147 4148
v 0.167249 0.71391 0.06
v 1.06348 1.15749 0.06
l 4149 4150
v 0.168233 0.714397 0.06
v 1.05185 1.1826 0.06
l 4151 4152
v 0.169203 0.714911 0.06
v 1.03967 1.20713 0.06
l 4153 4154
v 0.170158 0.715451 0.06
v 1.02684 1.23129 0.06
l 4155 4156
v 0.171098 0.716017 0.06
v 1.01379 1.25441 0.06
l 4157 4158
v 0.172023 0.716608 0.06
v 0.999125 1.27866 0.06
l 4159 4160
v 0.172931 0.717225 0.06
v 0.983946 1.30225 0.06
l 4161 4162
v 0.173821 0.717867 0.06
v 0.969311 1.32383 0.06
l 4163 4164
v 0.174694 0.718532 0.06
v 0.952991 1.34643 0.06
l 4165 4166
v 0.175548 0.719221 0.06
v 0.935646 1.36903 0.06
l 4167 4168
v 0.176382 0.719934 0.06
v 0.918999 1.38965 0.06
l 4169 4170
v 0.177197 0.720669 0.06
v 0.901385 1.41027 0.06
l 4171 4172
v 0.177992 0.721426 0.06
v 0.882371 1.43125 0.06
l 4173 4174
v 0.178765 0.722205 0.06
v 0.86367 1.45084 0.06
l 4175 4176
v 0.179517 0.723005 0.06
v 0.844375 1.46997 0.06
l 4177 4178
v 0.180246 0.723824 0.06
v 0.824209 1.48888 0.06
l 4179 4180
v 0.180953 0.724664 0.06
v 0.803307 1.5074 0.06
l 4181 4182
v 0.181636 0.725523 0.06
v 0.78293 1.52455 0.06
l 4183 4184
v 0.182296 0.7264 0.06
v 0.760969 1.54196 0.06
l 4185 4186
v 0.182931 0.727295 0.06
v 0.739512 1.55809 0.06
l 4187 4188
v 0.183542 0.728207 0.06
v 0.716824 1.57414 0.06
l 4189 4190
v 0.184127 0.729135 0.06
v 0.694322 1.58919 0.06
l 4191 4192
v 0.184687 0.730079 0.06
v 0.670493 1.60415 0.06
l 4193 4194
v 0.18522 0.731038 0.06
v 0.646944 1.61806 0.06
l 4195 4196
v 0.185727 0.732012 0.06
v 0.623051 1.63132 0.06
l 4197 4198
v 0.186207 0.732999 0.06
v 0.599202 1.64373 0.06
l 4199 4200
v 0.18666 0.733998 0.06
v 0.57385 1.656 0.06
l 4201 4202
v 0.187085 0.73501 0.06
v 0.548871 1.66727 0.06
l 4203 4204
v 0.187482 0.736033 0.06
v 0.523597 1.67785 0.06
l 4205 4206
v 0.187851 0.737067 0.06
v 0.498598 1.68756 0.06
l 4207 4208
v 0.188192 0.73811 0.06
v 0.472524 1.69684 0.06
l 4209 4210
v 0.188504 0.739162 0.06
v 0.446234 1.70538 0.06
l 4211 4212
v 0.188787 0.740223 0.06
v 0.419513 1.71324 0.06
l 4213 4214
v 0.18904 0.74129 0.06
v 0.393891 1.72008 0.06
l 4215 4216
v 0.189265 0.742365 0.06
v 0.366067 1.72661 0.06
l 4217 4218
v 0.189459 0.743445 0.06
v 0.339799 1.73208 0.06
l 4219 4220
v 0.189624 0.74453 0.06
v 0.312656 1.73693 0.06
l 4221 4222
v 0.189759 0.745619 0.06
v 0.286366 1.74094 0.06
l 4223 4224
v 0.189865 0.746711 0.06
v 0.25821 1.74437 0.06
l 4225 4226
v 0.18994 0.747806 0.06
v 0.230929 1.74697 0.06
l 4227 4228
v 0.189985 0.748903 0.06
v 0.203648 1.74881 0.06
l 4229 4230
v 0.39 0.45 0.06
v 0.376336 1.44991 0.06
l 4231 4232
v 0.389985 0.451097 0.06
v 0.348997 1.45026 0.06
l 4233 4234
v 0.38994 0.452194 0.06
v 0.321622 1.44986 0.06
l 4235 4236
v 0.389865 0.453289 0.06
v 0.293242 1.44861 0.06
l 4237 4238
v 0.389759 0.454381 0.06
v 0.26673 1.44678 0.06
l 4239 4240
v 0.389624 0.45547 0.06
v 0.239293 1.44411 0.06
l 4241 4242
v 0.389459 0.456555 0.06
v 0.211749 1.44064 0.06
l 4243 4244
v 0.389264 0.457635 0.06
v 0.185284 1.43661 0.06
l 4245 4246
v 0.38904 0.45871 0.06
v 0.158327 1.43173 0.06
l 4247 4248
v 0.388787 0.459777 0.06
v 0.131064 1.426 0.06
l 4249 4250
v 0.388504 0.460838 0.06
v 0.104172 1.41956 0.06
l 4251 4252
v 0.388192 0.46189 0.06
v 0.0774366 1.41238 0.06
l 4253 4254
v 0.387851 0.462933 0.06
v 0.051733 1.40475 0.06
l 4255 4256
v 0.387482 0.463967 0.06
v 0.0256964 1.39623 0.06
l 4257 4258
v 0.387085 0.46499 0.06
v -0.000102717 1.38699 0.06
l 4259 4260
v 0.38666 0.466002 0.06
v -0.0263137 1.37674 0.06
l 4261 4262
v 0.386207 0.467001 0.06
v -0.0511501 1.36629 0.06
l 4263 4264
v 0.385727 0.467988 0.06
v -0.0759966 1.35501 0.06
l 4265 4266
v 0.38522 0.468962 0.06
v -0.100575 1.34303 0.06
l 4267 4268
v 0.384687 0.469921 0.06
v -0.125518 1.32997 0.06
l 4269 4270
v 0.384127 0.470865 0.06
v -0.149145 1.31681 0.06
l 4271 4272
v 0.383542 0.471793 0.06
v -0.173049 1.30258 0.06
l 4273 4274
v 0.382931 0.472705 0.06
v -0.19572 1.28828 0.06
l 4275 4276
v 0.382296 0.4736 0.06
v -0.21902 1.27261 0.06
l 4277 4278
v 0.381636 0.474477 0.06
v -0.240715 1.25722 0.06
l 4279 4280
v 0.380953 0.475336 0.06
v -0.262983 1.24042 0.06
l 4281 4282
v 0.380246 0.476176 0.06
v -0.284182 1.22353 0.06
l 4283 4284
v 0.379517 0.476996 0.06
v -0.305849 1.2052 0.06
l 4285 4286
v 0.378765 0.477795 0.06
v -0.325594 1.18764 0.06
l 4287 4288
v 0.377992 0.478574 0.06
v -0.346223 1.16815 0.06
l 4289 4290
v 0.377197 0.479331 0.06
v -0.365412 1.14906 0.06
l 4291 4292
v 0.376382 0.480066 0.06
v -0.38371 1.12988 0.06
l 4293 4294
v 0.375548 0.480779 0.06
v -0.402741 1.10868 0.06
l 4295 4296
v 0.374694 0.481468 0.06
v -0.420796 1.08743 0.06
l 4297 4298
v 0.373821 0.482133 0.06
v -0.43719 1.06716 0.06
l 4299 4300
v 0.372931 0.482775 0.06
v -0.454188 1.0448 0.06
l 4301 4302
v 0.372023 0.483392 0.06
v -0.470651 1.02182 0.06
l 4303 4304
v 0.371098 0.483983 0.06
v -0.485605 0.999792 0.06
l 4305 4306
v 0.370158 0.484549 0.06
v -0.50031 0.976775 0.06
l 4307 4308
v 0.369203 0.485089 0.06
v -0.514409 0.95331 0.06
l 4309 4310
v 0.368233 0.485603 0.06
v -0.528005 0.929176 0.06
l 4311 4312
v 0.367249 0.48609 0.06
v -0.540959 0.904609 0.06
l 4313 4314
v 0.366253 0.486549 0.06
v -0.553027 0.880154 0.06
l 4315 4316
v 0.365244 0.486981 0.06
v -0.564179 0.855997 0.06
l 4317 4318
v 0.364224 0.487386 0.06
v -0.575243 0.830025 0.06
l 4319 4320
v 0.363193 0.487762 0.06
v -0.585216 0.804812 0.06
l 4321 4322
v 0.362152 0.48811 0.06
v -0.594664 0.778805 0.06
l 4323 4324
v 0.361102 0.488429 0.06
v -0.603395 0.752522 0.06
l 4325 4326
v 0.360043 0.488719 0.06
v -0.611265 0.726543 0.06
l 4327 4328
v 0.358977 0.48898 0.06
v -0.618585 0.69963 0.06
l 4329 4330
v 0.357905 0.489211 0.06
v -0.625018 0.673226 0.06
l 4331 4332
v 0.356826 0.489413 0.06
v -0.630677 0.647015 0.06
l 4333 4334
v 0.355742 0.489586 0.06
v -0.635847 0.619011 0.06
l 4335 4336
v 0.354654 0.489728 0.06
v -0.640034 0.592666 0.06
l 4337 4338
v 0.353562 0.489841 0.06
v -0.643572 0.565493 0.06
l 4339 4340
v 0.352468 0.489924 0.06
v -0.646409 0.537293 0.06
l 4341 4342
v 0.351372 0.489976 0.06
v -0.648409 0.510925 0.06
l 4343 4344
v 0.350274 0.489999 0.06
v -0.649706 0.483615 0.06
l 4345 4346
v 0.349177 0.489992 0.06
v -0.650224 0.455374 0.06
l 4347 4348
v 0.34808 0.489954 0.06
v -0.649997 0.427965 0.06
l 4349 4350
v 0.346985 0.489886 0.06
v -0.64902 0.400592 0.06
l 4351 4352
v 0.345892 0.489788 0.06
v -0.64739 0.37407 0.06
l 4353 4354
v 0.344802 0.489661 0.06
v -0.644778 0.345678 0.06
l 4355 4356
v 0.343716 0.489503 0.06
v -0.641674 0.319192 0.06
l 4357 4358
v 0.342634 0.489316 0.06
v -0.637631 0.291628 0.06
l 4359 4360
v 0.341558 0.489099 0.06
v -0.632974 0.264851 0.06
l 4361 4362
v 0.340489 0.488853 0.06
v -0.627361 0.237323 0.06
l 4363 4364
v 0.339427 0.488577 0.06
v -0.621473 0.21168 0.06
l 4365 4366
v 0.338372 0.488273 0.06
v -0.614158 0.183829 0.06
l 4367 4368
v 0.337327 0.487939 0.06
v -0.606701 0.158074 0.06
l 4369 4370
v 0.336291 0.487577 0.06
v -0.598455 0.132261 0.06
l 4371 4372
v 0.335265 0.487187 0.06
v -0.589393 0.106388 0.06
l 4373 4374
v 0.33425 0.486769 0.06
v -0.579489 0.0804668 0.06
l 4375 4376
v 0.333247 0.486323 0.06
v -0.56906 0.0552289 0.06
l 4377 4378
v 0.332257 0.48585 0.06
v -0.557569 0.0295504 0.06
l 4379 4380
v 0.33128 0.485349 0.06
v -0.545743 0.00490051 0.06
l 4381 4382
v 0.330318 0.484822 0.06
v -0.533459 -0.0190524 0.06
l 4383 4384
v 0.32937 0.484269 0.06
v -0.520724 -0.0423623 0.06
l 4385 4386
v 0.328437 0.483691 0.06
v -0.505982 -0.0674394 0.06
l 4387 4388
v 0.327521 0.483086 0.06
v -0.491845 -0.0901849 0.06
l 4389 4390
v 0.326622 0.482457 0.06
v -0.477081 -0.112574 0.06
l 4391 4392
v 0.32574 0.481804 0.06
v -0.460614 -0.135972 0.06
l 4393 4394
v 0.324877 0.481126 0.06
v -0.444385 -0.157807 0.06
l 4395 4396
v 0.324033 0.480425 0.06
v -0.427584 -0.179175 0.06
l 4397 4398
v 0.323208 0.479701 0.06
v -0.410257 -0.200026 0.06
l 4399 4400
v 0.322403 0.478955 0.06
v -0.391957 -0.220823 0.06
l 4401 4402
v 0.321619 0.478187 0.06
v -0.37355 -0.240659 0.06
l 4403 4404
v 0.320856 0.477398 0.06
v -0.353627 -0.260893 0.06
l 4405 4406
v 0.320116 0.476588 0.06
v -0.334636 -0.279256 0.06
l 4407 4408
v 0.319397 0.475758 0.06
v -0.314043 -0.298033 0.06
l 4409 4410
v 0.318702 0.474909 0.06
v -0.292891 -0.316264 0.06
l 4411 4412
v 0.318031 0.474041 0.06
v -0.272321 -0.333105 0.06
l 4413 4414
v 0.317383 0.473155 0.06
v -0.250068 -0.350252 0.06
l 4415 4416
v 0.31676 0.472251 0.06
v -0.228238 -0.366186 0.06
l 4417 4418
v 0.316162 0.471331 0.06
v -0.205285 -0.381953 0.06
l 4419 4420
v 0.31559 0.470395 0.06
v -0.1826 -0.396673 0.06
l 4421 4422
v 0.315043 0.469443 0.06
v -0.158948 -0.411087 0.06
l 4423 4424
v 0.314523 0.468477 0.06
v -0.134525 -0.425031 0.06
l 4425 4426
v 0.31403 0.467496 0.06
v -0.111545 -0.437427 0.06
l 4427 4428
v 0.313563 0.466503 0.06
v -0.086384 -0.450035 0.06
l 4429 4430
v 0.313124 0.465497 0.06
v -0.0615762 -0.461649 0.06
l 4431 4432
v 0.312713 0.46448 0.06
v -0.0361011 -0.472712 0.06
l 4433 4434
v 0.31233 0.463451 0.06
v -0.0112802 -0.482739 0.06
l 4435 4436
v 0.311975 0.462413 0.06
v 0.014122 -0.492199 0.06
l 4437 4438
v 0.311648 0.461365 0.06
v 0.0408977 -0.501285 0.06
l 4439 4440
v 0.311351 0.460309 0.06
v 0.0673023 -0.509454 0.06
l 4441 4442
v 0.311083 0.459244 0.06
v 0.0932986 -0.516753 0.06
l 4443 4444
v 0.310844 0.458173 0.06
v 0.119447 -0.52334 0.06
l 4445 4446
v 0.310634 0.457096 0.06
v 0.147574 -0.52952 0.06
l 4447 4448
v 0.310455 0.456013 0.06
v 0.173758 -0.5346 0.06
l 4449 4450
v 0.310305 0.454926 0.06
v 0.200076 -0.53898 0.06
l 4451 4452
v 0.310184 0.453835 0.06
v 0.228117 -0.542792 0.06
l 4453 4454
v 0.310094 0.452742 0.06
v 0.255439 -0.545763 0.06
l 4455 4456
v 0.310034 0.451646 0.06
v 0.282687 -0.54798 0.06
l 4457 4458
v 0.310004 0.450549 0.06
v 0.310004 -0.549451 0.06
l 4459 4460
v 0.310004 0.449451 0.06
v 0.337351 -0.550175 0.06
l 4461 4462
v 0.310034 0.448354 0.06
v 0.364689 -0.550151 0.06
l 4463 4464
v 0.310094 0.447258 0.06
v 0.392161 -0.549369 0.06
l 4465 4466
v 0.310184 0.446165 0.06
v 0.420413 -0.547741 0.06
l 4467 4468
v 0.310305 0.445074 0.06
v 0.447002 -0.545539 0.06
l 4469 4470
v 0.310455 0.443987 0.06
v 0.473515 -0.542629 0.06
l 4471 4472
v 0.310634 0.442904 0.06
v 0.502031 -0.538609 0.06
l 4473 4474
v 0.310844 0.441827 0.06
v 0.528628 -0.53417 0.06
l 4475 4476
v 0.311083 0.440756 0.06
v 0.555132 -0.529007 0.06
l 4477 4478
v 0.311351 0.439691 0.06
v 0.582101 -0.522959 0.06
l 4479 4480
v 0.311648 0.438635 0.06
v 0.609501 -0.515977 0.06
l 4481 4482
v 0.311975 0.437587 0.06
v 0.635585 -0.508603 0.06
l 4483 4484
v 0.31233 0.436549 0.06
v 0.661144 -0.500643 0.06
l 4485 4486
v 0.312713 0.43552 0.06
v 0.687404 -0.49163 0.06
l 4487 4488
v 0.313124 0.434503 0.06
v 0.713081 -0.482031 0.06
l 4489 4490
v 0.313563 0.433497 0.06
v 0.739138 -0.471426 0.06
l 4491 4492
v 0.31403 0.432504 0.06
v 0.763078 -0.461004 0.06
l 4493 4494
v 0.314523 0.431523 0.06
v 0.788514 -0.449007 0.06
l 4495 4496
v 0.315043 0.430557 0.06
v 0.813233 -0.436511 0.06
l 4497 4498
v 0.31559 0.429605 0.06
v 0.837037 -0.423679 0.06
l 4499 4500
v 0.316162 0.428669 0.06
v 0.86116 -0.409768 0.06
l 4501 4502
v 0.31676 0.427749 0.06
v 0.884211 -0.395658 0.06
l 4503 4504
v 0.317383 0.426845 0.06
v 0.907722 -0.38031 0.06
l 4505 4506
v 0.318031 0.425959 0.06
v 0.929637 -0.365204 0.06
l 4507 4508
v 0.318702 0.425091 0.06
v 0.952129 -0.348711 0.06
l 4509 4510
v 0.319397 0.424242 0.06
v 0.974162 -0.33159 0.06
l 4511 4512
v 0.320116 0.423412 0.06
v 0.994599 -0.314879 0.06
l 4513 4514
v 0.320856 0.422602 0.06
v 1.01603 -0.296244 0.06
l 4515 4516
v 0.321619 0.421813 0.06
v 1.03598 -0.277965 0.06
l 4517 4518
v 0.322403 0.421045 0.06
v 1.05587 -0.258682 0.06
l 4519 4520
v 0.323208 0.420299 0.06
v 1.07483 -0.239301 0.06
l 4521 4522
v 0.324033 0.419575 0.06
v 1.0933 -0.219358 0.06
l 4523 4524
v 0.324877 0.418874 0.06
v 1.11123 -0.198902 0.06
l 4525 4526
v 0.32574 0.418196 0.06
v 1.12944 -0.176835 0.06
l 4527 4528
v 0.326622 0.417543 0.06
v 1.14598 -0.155746 0.06
l 4529 4530
v 0.327521 0.416914 0.06
v 1.16195 -0.134197 0.06
l 4531 4532
v 0.328437 0.416309 0.06
v 1.17853 -0.110322 0.06
l 4533 4534
v 0.32937 0.415731 0.06
v 1.19315 -0.0881434 0.06
l 4535 4536
v 0.330318 0.415178 0.06
v 1.20734 -0.0652705 0.06
l 4537 4538
v 0.33128 0.414651 0.06
v 1.22111 -0.0416486 0.06
l 4539 4540
v 0.332257 0.41415 0.06
v 1.23456 -0.0169441 0.06
l 4541 4542
v 0.333247 0.413677 0.06
v 1.24698 0.00735214 0.06
l 4543 4544
v 0.33425 0.413231 0.06
v 1.25892 0.0324552 0.06
l 4545 4546
v 0.335265 0.412813 0.06
v 1.27001 0.0574975 0.06
l 4547 4548
v 0.336291 0.412423 0.06
v 1.28032 0.0825577 0.06
l 4549 4550
v 0.337327 0.412061 0.06
v 1.28986 0.107617 0.06
l 4551 4552
v 0.338372 0.411727 0.06
v 1.29927 0.13483 0.06
l 4553 4554
v 0.339427 0.411423 0.06
v 1.30728 0.159893 0.06
l 4555 4556
v 0.340489 0.411147 0.06
v 1.31502 0.186899 0.06
l 4557 4558
v 0.341558 0.410901 0.06
v 1.32182 0.213187 0.06
l 4559 4560
v 0.342634 0.410684 0.06
v 1.32803 0.240399 0.06
l 4561 4562
v 0.343716 0.410497 0.06
v 1.3333 0.266514 0.06
l 4563 4564
v 0.344802 0.410339 0.06
v 1.33808 0.294621 0.06
l 4565 4566
v 0.345892 0.410212 0.06
v 1.34189 0.320891 0.06
l 4567 4568
v 0.346985 0.410114 0.06
v 1.34506 0.348152 0.06
l 4569 4570
v 0.34808 0.410046 0.06
v 1.34748 0.375429 0.06
l 4571 4572
v 0.349177 0.410008 0.06
v 1.34916 0.403624 0.06
l 4573 4574
v 0.350274 0.410001 0.06
v 1.35006 0.430923 0.06
l 4575 4576
v 0.351372 0.410024 0.06
v 1.35025 0.45742 0.06
l 4577 4578
v 0.352468 0.410076 0.06
v 1.3496 0.485728 0.06
l 4579 4580
v 0.353562 0.410159 0.06
v 1.34825 0.513097 0.06
l 4581 4582
v 0.354654 0.410272 0.06
v 1.34624 0.539697 0.06
l 4583 4584
v 0.355742 0.410414 0.06
v 1.34324 0.568016 0.06
l 4585 4586
v 0.356826 0.410587 0.06
v 1.33975 0.594602 0.06
l 4587 4588
v 0.357905 0.410789 0.06
v 1.33547 0.621439 0.06
l 4589 4590
v 0.358977 0.41102 0.06
v 1.33029 0.648818 0.06
l 4591 4592
v 0.360043 0.411281 0.06
v 1.32453 0.6754 0.06
l 4593 4594
v 0.361102 0.411571 0.06
v 1.31792 0.702266 0.06
l 4595 4596
v 0.362152 0.41189 0.06
v 1.31056 0.72894 0.06
l 4597 4598
v 0.363193 0.412238 0.06
v 1.30267 0.754853 0.06
l 4599 4600
v 0.364224 0.412614 0.06
v 1.29364 0.781653 0.06
l 4601 4602
v 0.365244 0.413019 0.06
v 1.28453 0.806601 0.06
l 4603 4604
v 0.366253 0.413451 0.06
v 1.27445 0.831992 0.06
l 4605 4606
v 0.367249 0.41391 0.06
v 1.26349 0.857483 0.06
l 4607 4608
v 0.368233 0.414397 0.06
v 1.25184 0.882618 0.06
l 4609 4610
v 0.369203 0.414911 0.06
v 1.23968 0.907116 0.06
l 4611 4612
v 0.370158 0.415451 0.06
v 1.22685 0.93128 0.06
l 4613 4614
v 0.371098 0.416017 0.06
v 1.21377 0.954441 0.06
l 4615 4616
v 0.372023 0.416608 0.06
v 1.19914 0.978635 0.06
l 4617 4618
v 0.372931 0.417225 0.06
v 1.18394 1.00226 0.06
l 4619 4620
v 0.373821 0.417867 0.06
v 1.16931 1.02383 0.06
l 4621 4622
v 0.374694 0.418532 0.06
v 1.15298 1.04644 0.06
l 4623 4624
v 0.375548 0.419221 0.06
v 1.13564 1.06904 0.06
l 4625 4626
v 0.376382 0.419934 0.06
v 1.119 1.08964 0.06
l 4627 4628
v 0.377197 0.420669 0.06
v 1.1014 1.11026 0.06
l 4629 4630
v 0.377992 0.421426 0.06
v 1.08235 1.13127 0.06
l 4631 4632
v 0.378765 0.422205 0.06
v 1.06413 1.1504 0.06
l 4633 4634
v 0.379517 0.423004 0.06
v 1.04394 1.17036 0.06
l 4635 4636
v 0.380246 0.423824 0.06
v 1.0242 1.18889 0.06
l 4637 4638
v 0.380953 0.424664 0.06
v 1.00329 1.20741 0.06
l 4639 4640
v 0.381636 0.425523 0.06
v 0.982952 1.22453 0.06
l 4641 4642
v 0.382296 0.4264 0.06
v 0.960947 1.24198 0.06
l 4643 4644
v 0.382931 0.427295 0.06
v 0.939522 1.25808 0.06
l 4645 4646
v 0.383542 0.428207 0.06
v 0.916814 1.27415 0.06
l 4647 4648
v 0.384127 0.429135 0.06
v 0.894332 1.28919 0.06
l 4649 4650
v 0.384687 0.430079 0.06
v 0.870482 1.30415 0.06
l 4651 4652
v 0.38522 0.431038 0.06
v 0.846944 1.31806 0.06
l 4653 4654
v 0.385727 0.432012 0.06
v 0.823084 1.3313 0.06
l 4655 4656
v 0.386207 0.432999 0.06
v 0.799191 1.34374 0.06
l 4657 4658
v 0.38666 0.433998 0.06
v 0.773848 1.356 0.06
l 4659 4660
v 0.387085 0.43501 0.06
v 0.748861 1.36727 0.06
l 4661 4662
v 0.387482 0.436033 0.06
v 0.7236 1.37785 0.06
l 4663 4664
v 0.387851 0.437067 0.06
v 0.698606 1.38756 0.06
l 4665 4666
v 0.388192 0.43811 0.06
v 0.672531 1.39683 0.06
l 4667 4668
v 0.388504 0.439162 0.06
v 0.646221 1.40538 0.06
l 4669 4670
v 0.388787 0.440223 0.06
v 0.6195 1.41324 0.06
l 4671 4672
v 0.38904 0.44129 0.06
v 0.593026 1.42026 0.06
l 4673 4674
v 0.389264 0.442365 0.06
v 0.566969 1.42645 0.06
l 4675 4676
v 0.389459 0.443445 0.06
v 0.53979 1.43208 0.06
l 4677 4678
v 0.389624 0.44453 0.06
v 0.512656 1.43693 0.06
l 4679 4680
v 0.389759 0.445619 0.06
v 0.486379 1.44094 0.06
l 4681 4682
v 0.389865 0.446711 0.06
v 0.458183 1.44437 0.06
l 4683 4684
v 0.38994 0.447806 0.06
v 0.430928 1.44697 0.06
l 4685 4686
v 0.389985 0.448903 0.06
v 0.403649 1.44881 0.06
l 4687 4688
v 0.20998 0.751545 0.06
v 0.222922 -0.248371 0.06
l 4689 4690
v 0.20992 0.753089 0.06
v 0.248746 -0.246157 0.06
l 4691 4692
v 0.209821 0.754631 0.06
v 0.273895 -0.243314 0.06
l 4693 4694
v 0.209682 0.756169 0.06
v 0.299689 -0.239772 0.06
l 4695 4696
v 0.209503 0.757704 0.06
v 0.325335 -0.235565 0.06
l 4697 4698
v 0.209285 0.759233 0.06
v 0.350429 -0.230756 0.06
l 4699 4700
v 0.209028 0.760757 0.06
v 0.375312 -0.225321 0.06
l 4701 4702
v 0.208731 0.762273 0.06
v 0.400995 -0.21907 0.06
l 4703 4704
v 0.208396 0.763781 0.06
v 0.425254 -0.212422 0.06
l 4705 4706
v 0.208022 0.76528 0.06
v 0.450104 -0.204976 0.06
l 4707 4708
v 0.207609 0.766769 0.06
v 0.474889 -0.19685 0.06
l 4709 4710
v 0.207158 0.768247 0.06
v 0.499011 -0.188216 0.06
l 4711 4712
v 0.206669 0.769713 0.06
v 0.523093 -0.178905 0.06
l 4713 4714
v 0.206143 0.771165 0.06
v 0.546734 -0.169047 0.06
l 4715 4716
v 0.205579 0.772604 0.06
v 0.570501 -0.158434 0.06
l 4717 4718
v 0.204979 0.774027 0.06
v 0.593496 -0.147414 0.06
l 4719 4720
v 0.204342 0.775435 0.06
v 0.616545 -0.135657 0.06
l 4721 4722
v 0.203669 0.776826 0.06
v 0.639181 -0.123357 0.06
l 4723 4724
v 0.202961 0.778199 0.06
v 0.661275 -0.110591 0.06
l 4725 4726
v 0.202217 0.779553 0.06
v 0.683794 -0.096851 0.06
l 4727 4728
v 0.201439 0.780888 0.06
v 0.704943 -0.0831049 0.06
l 4729 4730
v 0.200627 0.782202 0.06
v 0.726315 -0.0684757 0.06
l 4731 4732
v 0.199781 0.783495 0.06
v 0.74729 -0.0533047 0.06
l 4733 4734
v 0.198902 0.784765 0.06
v 0.768014 -0.0374949 0.06
l 4735 4736
v 0.19799 0.786013 0.06
v 0.788004 -0.0213799 0.06
l 4737 4738
v 0.197047 0.787237 0.06
v 0.80736 -0.00492357 0.06
l 4739 4740
v 0.196073 0.788436 0.06
v 0.82659 0.0122606 0.06
l 4741 4742
v 0.195068 0.789609 0.06
v 0.845691 0.0302081 0.06
l 4743 4744
v 0.194033 0.790756 0.06
v 0.863973 0.0483411 0.06
l 4745 4746
v 0.192969 0.791877 0.06
v 0.881401 0.0665762 0.06
l 4747 4748
v 0.191877 0.792969 0.06
v 0.898979 0.0858574 0.06
l 4749 4750
v 0.190756 0.794033 0.06
v 0.916061 0.105606 0.06
l 4751 4752
v 0.189609 0.795068 0.06
v 0.932019 0.125122 0.06
l 4753 4754
v 0.188436 0.796073 0.06
v 0.947833 0.145445 0.06
l 4755 4756
v 0.187237 0.797047 0.06
v 0.963412 0.16653 0.06
l 4757 4758
v 0.186013 0.79799 0.06
v 0.978177 0.187682 0.06
l 4759 4760
v 0.184765 0.798902 0.06
v 0.992172 0.208907 0.06
l 4761 4762
v 0.183495 0.799781 0.06
v 1.00574 0.230649 0.06
l 4763 4764
v 0.182202 0.800627 0.06
v 1.01901 0.253131 0.06
l 4765 4766
v 0.180888 0.801439 0.06
v 1.03157 0.275756 0.06
l 4767 4768
v 0.179553 0.802217 0.06
v 1.04354 0.298697 0.06
l 4769 4770
v 0.178199 0.802961 0.06
v 1.05461 0.3214 0.06
l 4771 4772
v 0.176826 0.803669 0.06
v 1.06562 0.345362 0.06
l 4773 4774
v 0.175435 0.804342 0.06
v 1.07561 0.368815 0.06
l 4775 4776
v 0.174027 0.804979 0.06
v 1.08511 0.392759 0.06
l 4777 4778
v 0.172604 0.805579 0.06
v 1.09405 0.41707 0.06
l 4779 4780
v 0.171165 0.806143 0.06
v 1.10221 0.441241 0.06
l 4781 4782
v 0.169713 0.806669 0.06
v 1.10992 0.466063 0.06
l 4783 4784
v 0.168247 0.807158 0.06
v 1.11687 0.490739 0.06
l 4785 4786
v 0.166769 0.807609 0.06
v 1.12323 0.515736 0.06
l 4787 4788
v 0.16528 0.808022 0.06
v 1.1289 0.540745 0.06
l 4789 4790
v 0.163781 0.808396 0.06
v 1.13404 0.566342 0.06
l 4791 4792
v 0.162273 0.808731 0.06
v 1.13847 0.591846 0.06
l 4793 4794
v 0.160757 0.809028 0.06
v 1.1421 0.616766 0.06
l 4795 4796
v 0.159233 0.809285 0.06
v 1.14532 0.643026 0.06
l 4797 4798
v 0.157704 0.809503 0.06
v 1.14769 0.668333 0.06
l 4799 4800
v 0.156169 0.809682 0.06
v 1.14944 0.693859 0.06
l 4801 4802
v 0.154631 0.809821 0.06
v 1.15057 0.719812 0.06
l 4803 4804
v 0.153089 0.80992 0.06
v 1.15103 0.745848 0.06
l 4805 4806
v 0.151545 0.80998 0.06
v 1.15079 0.771174 0.06
l 4807 4808
v 0.15 0.81 0.06
v 1.14992 0.797039 0.06
l 4809 4810
v 0.148455 0.80998 0.06
v 1.14837 0.822941 0.06
l 4811 4812
v 0.146911 0.80992 0.06
v 1.14616 0.848726 0.06
l 4813 4814
v 0.145369 0.809821 0.06
v 1.14331 0.873893 0.06
l 4815 4816
v 0.143831 0.809682 0.06
v 1.13977 0.899691 0.06
l 4817 4818
v 0.142296 0.809503 0.06
v 1.13557 0.925326 0.06
l 4819 4820
v 0.140767 0.809285 0.06
v 1.13075 0.950455 0.06
l 4821 4822
v 0.139243 0.809028 0.06
v 1.12532 0.975289 0.06
l 4823 4824
v 0.137727 0.808731 0.06
v 1.11907 1.00099 0.06
l 4825 4826
v 0.136219 0.808396 0.06
v 1.11242 1.02528 0.06
l 4827 4828
v 0.13472 0.808022 0.06
v 1.10498 1.05008 0.06
l 4829 4830
v 0.133231 0.807609 0.06
v 1.09685 1.07489 0.06
l 4831 4832
v 0.131753 0.807158 0.06
v 1.08821 1.09903 0.06
l 4833 4834
v 0.130287 0.806669 0.06
v 1.07891 1.12309 0.06
l 4835 4836
v 0.128835 0.806143 0.06
v 1.06904 1.14675 0.06
l 4837 4838
v 0.127396 0.805579 0.06
v 1.05844 1.17048 0.06
l 4839 4840
v 0.125973 0.804979 0.06
v 1.04742 1.19349 0.06
l 4841 4842
v 0.124565 0.804342 0.06
v 1.03565 1.21656 0.06
l 4843 4844
v 0.123174 0.803669 0.06
v 1.02335 1.23919 0.06
l 4845 4846
v 0.121801 0.802961 0.06
v 1.0106 1.26127 0.06
l 4847 4848
v 0.120447 0.802217 0.06
v 0.996857 1.28378 0.06
l 4849 4850
v 0.119112 0.801439 0.06
v 0.983097 1.30496 0.06
l 4851 4852
v 0.117798 0.800627 0.06
v 0.968478 1.32631 0.06
l 4853 4854
v 0.116505 0.799781 0.06
v 0.953314 1.34728 0.06
l 4855 4856
v 0.115235 0.798902 0.06
v 0.937481 1.36803 0.06
l 4857 4858
v 0.113987 0.79799 0.06
v 0.921394 1.38799 0.06
l 4859 4860
v 0.112763 0.797047 0.06
v 0.904927 1.40736 0.06
l 4861 4862
v 0.111564 0.796073 0.06
v 0.887737 1.42659 0.06
l 4863 4864
v 0.110391 0.795068 0.06
v 0.869788 1.4457 0.06
l 4865 4866
v 0.109244 0.794033 0.06
v 0.851658 1.46397 0.06
l 4867 4868
v 0.108123 0.792969 0.06
v 0.833428 1.4814 0.06
l 4869 4870
v 0.107031 0.791877 0.06
v 0.814131 1.49899 0.06
l 4871 4872
v 0.105967 0.790756 0.06
v 0.794399 1.51606 0.06
l 4873 4874
v 0.104932 0.789609 0.06
v 0.77487 1.53203 0.06
l 4875 4876
v 0.103927 0.788436 0.06
v 0.754553 1.54783 0.06
l 4877 4878
v 0.102953 0.787237 0.06
v 0.73347 1.56341 0.06
l 4879 4880
v 0.10201 0.786013 0.06
v 0.712323 1.57817 0.06
l 4881 4882
v 0.101098 0.784765 0.06
v 0.691112 1.59216 0.06
l 4883 4884
v 0.100219 0.783495 0.06
v 0.669331 1.60575 0.06
l 4885 4886
v 0.0993735 0.782202 0.06
v 0.646656 1.61915 0.06
l 4887 4888
v 0.0985611 0.780888 0.06
v 0.624437 1.63145 0.06
l 4889 4890
v 0.0977829 0.779553 0.06
v 0.601381 1.64349 0.06
l 4891 4892
v 0.0970393 0.778199 0.06
v 0.57842 1.65471 0.06
l 4893 4894
v 0.0963308 0.776826 0.06
v 0.5549 1.66548 0.06
l 4895 4896
v 0.0956579 0.775435 0.06
v 0.531119 1.67564 0.06
l 4897 4898
v 0.095021 0.774027 0.06
v 0.507164 1.68515 0.06
l 4899 4900
v 0.0944206 0.772604 0.06
v 0.483163 1.69395 0.06
l 4901 4902
v 0.093857 0.771165 0.06
v 0.458549 1.70229 0.06
l 4903 4904
v 0.0933306 0.769713 0.06
v 0.434152 1.70984 0.06
l 4905 4906
v 0.0928419 0.768247 0.06
v 0.409093 1.71692 0.06
l 4907 4908
v 0.092391 0.766769 0.06
v 0.384187 1.72325 0.06
l 4909 4910
v 0.0919783 0.76528 0.06
v 0.359079 1.72895 0.06
l 4911 4912
v 0.0916041 0.763781 0.06
v 0.333804 1.73401 0.06
l 4913 4914
v 0.0912687 0.762273 0.06
v 0.308375 1.73842 0.06
l 4915 4916
v 0.0909721 0.760757 0.06
v 0.28298 1.74215 0.06
l 4917 4918
v 0.0907147 0.759233 0.06
v 0.257252 1.74527 0.06
l 4919 4920
v 0.0904966 0.757704 0.06
v 0.231712 1.74768 0.06
l 4921 4922
v 0.090318 0.756169 0.06
v 0.205889 1.74947 0.06
l 4923 4924
v 0.0901789 0.754631 0.06
v 0.180253 1.75057 0.06
l 4925 4926
v 0.0900796 0.753089 0.06
v 0.154345 1.75102 0.06
l 4927 4928
v 0.0900199 0.751545 0.06
v 0.128658 1.7508 0.06
l 4929 4930
v 0.09 0.75 0.06
v 0.102875 1.74992 0.06
l 4931 4932
v 0.0900199 0.748455 0.06
v 0.0771453 1.74837 0.06
l 4933 4934
v 0.0900796 0.746911 0.06
v 0.0514417 1.74616 0.06
l 4935 4936
v 0.0901789 0.745369 0.06
v 0.0259131 1.7433 0.06
l 4937 4938
v 0.090318 0.743831 0.06
v 0.000244233 1.73977 0.06
l 4939 4940
v 0.0904966 0.742296 0.06
v -0.0250743 1.7356 0.06
l 4941 4942
v 0.0907147 0.740767 0.06
v -0.0505007 1.73075 0.06
l 4943 4944
v 0.0909721 0.739243 0.06
v -0.0755652 1.72528 0.06
l 4945 4946
v 0.0912687 0.737727 0.06
v -0.100739 1.71912 0.06
l 4947 4948
v 0.0916041 0.736219 0.06
v -0.125502 1.71237 0.06
l 4949 4950
v 0.0919783 0.73472 0.06
v -0.150221 1.70495 0.06
l 4951 4952
v 0.092391 0.733231 0.06
v -0.17471 1.6969 0.06
l 4953 4954
v 0.0928419 0.731753 0.06
v -0.198954 1.68823 0.06
l 4955 4956
v 0.0933306 0.730287 0.06
v -0.22292 1.67896 0.06
l 4957 4958
v 0.093857 0.728835 0.06
v -0.246964 1.66896 0.06
l 4959 4960
v 0.0944206 0.727396 0.06
v -0.270272 1.65852 0.06
l 4961 4962
v 0.095021 0.725973 0.06
v -0.293721 1.64732 0.06
l 4963 4964
v 0.0956579 0.724565 0.06
v -0.316485 1.63568 0.06
l 4965 4966
v 0.0963308 0.723174 0.06
v -0.33913 1.62338 0.06
l 4967 4968
v 0.0970393 0.721801 0.06
v -0.36153 1.61046 0.06
l 4969 4970
v 0.0977829 0.720447 0.06
v -0.383597 1.59696 0.06
l 4971 4972
v 0.0985611 0.719112 0.06
v -0.405036 1.58305 0.06
l 4973 4974
v 0.0993735 0.717798 0.06
v -0.426503 1.56836 0.06
l 4975 4976
v 0.100219 0.716505 0.06
v -0.447064 1.55345 0.06
l 4977 4978
v 0.101098 0.715235 0.06
v -0.468014 1.53749 0.06
l 4979 4980
v 0.10201 0.713987 0.06
v -0.488004 1.52138 0.06
l 4981 4982
v 0.102953 0.712763 0.06
v -0.50736 1.50492 0.06
l 4983 4984
v 0.103927 0.711564 0.06
v -0.52659 1.48774 0.06
l 4985 4986
v 0.104932 0.710391 0.06
v -0.545694 1.46979 0.06
l 4987 4988
v 0.105967 0.709244 0.06
v -0.563971 1.45166 0.06
l 4989 4990
v 0.107031 0.708123 0.06
v -0.581401 1.43342 0.06
l 4991 4992
v 0.108123 0.707031 0.06
v -0.598977 1.41415 0.06
l 4993 4994
v 0.109244 0.705967 0.06
v -0.616061 1.39439 0.06
l 4995 4996
v 0.110391 0.704932 0.06
v -0.632023 1.37487 0.06
l 4997 4998
v 0.111564 0.703927 0.06
v -0.647833 1.35455 0.06
l 4999 5000
v 0.112763 0.702953 0.06
v -0.66341 1.33347 0.06
l 5001 5002
v 0.113987 0.70201 0.06
v -0.678177 1.31232 0.06
l 5003 5004
v 0.115235 0.701098 0.06
v -0.692172 1.29109 0.06
l 5005 5006
v 0.116505 0.700219 0.06
v -0.705741 1.26935 0.06
l 5007 5008
v 0.117798 0.699373 0.06
v -0.719011 1.24687 0.06
l 5009 5010
v 0.119112 0.698561 0.06
v -0.731568 1.22424 0.06
l 5011 5012
v 0.120447 0.697783 0.06
v -0.743538 1.2013 0.06
l 5013 5014
v 0.121801 0.697039 0.06
v -0.754609 1.1786 0.06
l 5015 5016
v 0.123174 0.696331 0.06
v -0.765621 1.15464 0.06
l 5017 5018
v 0.124565 0.695658 0.06
v -0.775612 1.13118 0.06
l 5019 5020
v 0.125973 0.695021 0.06
v -0.78511 1.10724 0.06
l 5021 5022
v 0.127396 0.694421 0.06
v -0.794049 1.08293 0.06
l 5023 5024
v 0.128835 0.693857 0.06
v -0.802211 1.05876 0.06
l 5025 5026
v 0.130287 0.693331 0.06
v -0.80992 1.03393 0.06
l 5027 5028
v 0.131753 0.692842 0.06
v -0.816866 1.00926 0.06
l 5029 5030
v 0.133231 0.692391 0.06
v -0.823226 0.984264 0.06
l 5031 5032
v 0.13472 0.691978 0.06
v -0.8289 0.959255 0.06
l 5033 5034
v 0.136219 0.691604 0.06
v -0.834044 0.933658 0.06
l 5035 5036
v 0.137727 0.691269 0.06
v -0.83847 0.908152 0.06
l 5037 5038
v 0.139243 0.690972 0.06
v -0.842101 0.883234 0.06
l 5039 5040
v 0.140767 0.690715 0.06
v -0.845315 0.856976 0.06
l 5041 5042
v 0.142296 0.690497 0.06
v -0.847689 0.831667 0.06
l 5043 5044
v 0.143831 0.690318 0.06
v -0.849439 0.806141 0.06
l 5045 5046
v 0.145369 0.690179 0.06
v -0.850572 0.780188 0.06
l 5047 5048
v 0.146911 0.69008 0.06
v -0.851034 0.754152 0.06
l 5049 5050
v 0.148455 0.69002 0.06
v -0.850792 0.728826 0.06
l 5051 5052
v 0.15 0.69 0.06
v -0.849916 0.702961 0.06
l 5053 5054
v 0.151545 0.69002 0.06
v -0.848371 0.677059 0.06
l 5055 5056
v 0.153089 0.69008 0.06
v -0.846158 0.651274 0.06
l 5057 5058
v 0.154631 0.690179 0.06
v -0.843314 0.626107 0.06
l 5059 5060
v 0.156169 0.690318 0.06
v -0.839772 0.600309 0.06
l 5061 5062
v 0.157704 0.690497 0.06
v -0.835566 0.574674 0.06
l 5063 5064
v 0.159233 0.690715 0.06
v -0.830752 0.549545 0.06
l 5065 5066
v 0.160757 0.690972 0.06
v -0.825325 0.524713 0.06
l 5067 5068
v 0.162273 0.691269 0.06
v -0.819071 0.499007 0.06
l 5069 5070
v 0.163781 0.691604 0.06
v -0.812416 0.474719 0.06
l 5071 5072
v 0.16528 0.691978 0.06
v -0.804983 0.449924 0.06
l 5073 5074
v 0.166769 0.692391 0.06
v -0.796851 0.425114 0.06
l 5075 5076
v 0.168247 0.692842 0.06
v -0.78821 0.400969 0.06
l 5077 5078
v 0.169713 0.693331 0.06
v -0.778907 0.376912 0.06
l 5079 5080
v 0.171165 0.693857 0.06
v -0.769041 0.353252 0.06
l 5081 5082
v 0.172604 0.694421 0.06
v -0.758442 0.329519 0.06
l 5083 5084
v 0.174027 0.695021 0.06
v -0.747418 0.306512 0.06
l 5085 5086
v 0.175435 0.695658 0.06
v -0.735649 0.283438 0.06
l 5087 5088
v 0.176826 0.696331 0.06
v -0.72335 0.260804 0.06
l 5089 5090
v 0.178199 0.697039 0.06
v -0.710595 0.238732 0.06
l 5091 5092
v 0.179553 0.697783 0.06
v -0.69686 0.216222 0.06
l 5093 5094
v 0.180888 0.698561 0.06
v -0.683096 0.195041 0.06
l 5095 5096
v 0.182202 0.699373 0.06
v -0.668478 0.17369 0.06
l 5097 5098
v 0.183495 0.700219 0.06
v -0.653314 0.152723 0.06
l 5099 5100
v 0.184765 0.701098 0.06
v -0.637481 0.131966 0.06
l 5101 5102
v 0.186013 0.70201 0.06
v -0.621394 0.112015 0.06
l 5103 5104
v 0.187237 0.702953 0.06
v -0.604927 0.0926449 0.06
l 5105 5106
v 0.188436 0.703927 0.06
v -0.587739 0.0734099 0.06
l 5107 5108
v 0.189609 0.704932 0.06
v -0.569788 0.0543043 0.06
l 5109 5110
v 0.190756 0.705967 0.06
v -0.551654 0.0360208 0.06
l 5111 5112
v 0.191877 0.707031 0.06
v -0.533428 0.0186037 0.06
l 5113 5114
v 0.192969 0.708123 0.06
v -0.514133 0.00101142 0.06
l 5115 5116
v 0.194033 0.709244 0.06
v -0.494399 -0.0160567 0.06
l 5117 5118
v 0.195068 0.710391 0.06
v -0.474872 -0.0320239 0.06
l 5119 5120
v 0.196073 0.711564 0.06
v -0.45455 -0.0478369 0.06
l 5121 5122
v 0.197047 0.712763 0.06
v -0.43347 -0.0634124 0.06
l 5123 5124
v 0.19799 0.713987 0.06
v -0.412323 -0.0781736 0.06
l 5125 5126
v 0.198902 0.715235 0.06
v -0.391112 -0.0921579 0.06
l 5127 5128
v 0.199781 0.716505 0.06
v -0.369331 -0.105755 0.06
l 5129 5130
v 0.200627 0.717798 0.06
v -0.346882 -0.119002 0.06
l 5131 5132
v 0.201439 0.719112 0.06
v -0.324249 -0.131566 0.06
l 5133 5134
v 0.202217 0.720447 0.06
v -0.301287 -0.143546 0.06
l 5135 5136
v 0.202961 0.721801 0.06
v -0.278616 -0.154603 0.06
l 5137 5138
v 0.203669 0.723174 0.06
v -0.254645 -0.165616 0.06
l 5139 5140
v 0.204342 0.724565 0.06
v -0.23117 -0.175618 0.06
l 5141 5142
v 0.204979 0.725973 0.06
v -0.207224 -0.185119 0.06
l 5143 5144
v 0.205579 0.727396 0.06
v -0.182938 -0.194045 0.06
l 5145 5146
v 0.206143 0.728835 0.06
v -0.158779 -0.202203 0.06
l 5147 5148
v 0.206669 0.730287 0.06
v -0.133922 -0.209925 0.06
l 5149 5150
v 0.207158 0.731753 0.06
v -0.109266 -0.216865 0.06
l 5151 5152
v 0.207609 0.733231 0.06
v -0.084244 -0.223232 0.06
l 5153 5154
v 0.208022 0.73472 0.06
v -0.0592578 -0.228899 0.06
l 5155 5156
v 0.208396 0.736219 0.06
v -0.0336857 -0.234037 0.06
l 5157 5158
v 0.208731 0.737727 0.06
v -0.00812694 -0.238476 0.06
l 5159 5160
v 0.209028 0.739243 0.06
v 0.0167644 -0.2421 0.06
l 5161 5162
v 0.209285 0.740767 0.06
v 0.0430008 -0.245311 0.06
l 5163 5164
v 0.209503 0.742296 0.06
v 0.0683585 -0.247693 0.06
l 5165 5166
v 0.209682 0.743831 0.06
v 0.0938495 -0.249438 0.06
l 5167 5168
v 0.209821 0.745369 0.06
v 0.119814 -0.250572 0.06
l 5169 5170
v 0.20992 0.746911 0.06
v 0.145846 -0.251034 0.06
l 5171 5172
v 0.20998 0.748455 0.06
v 0.171154 -0.250791 0.06
l 5173 5174
v 0.21 0.75 0.06
v 0.197058 -0.249916 0.06
l 5175 5176
v 0.165 0.45 0.06
v 0.150391 1.44989 0.06
l 5177 5178
v 0.164994 0.450411 0.06
v 0.123763 1.44956 0.06
l 5179 5180
v 0.164977 0.450823 0.06
v 0.0968432 1.4485 0.06
l 5181 5182
v 0.164949 0.451233 0.06
v 0.0702611 1.44674 0.06
l 5183 5184
v 0.16491 0.451643 0.06
v 0.0408663 1.44392 0.06
l 5185 5186
v 0.164859 0.452051 0.06
v 0.0142463 1.44064 0.06
l 5187 5188
v 0.164797 0.452458 0.06
v -0.0125524 1.43661 0.06
l 5189 5190
v 0.164724 0.452863 0.06
v -0.0393632 1.43182 0.06
l 5191 5192
v 0.16464 0.453266 0.06
v -0.0658642 1.42634 0.06
l 5193 5194
v 0.164545 0.453667 0.06
v -0.0934381 1.41982 0.06
l 5195 5196
v 0.164439 0.454064 0.06
v -0.119542 1.41289 0.06
l 5197 5198
v 0.164322 0.454459 0.06
v -0.146816 1.40482 0.06
l 5199 5200
v 0.164194 0.45485 0.06
v -0.170891 1.39704 0.06
l 5201 5202
v 0.164056 0.455238 0.06
v -0.198509 1.3872 0.06
l 5203 5204
v 0.163907 0.455621 0.06
v -0.22416 1.37725 0.06
l 5205 5206
v 0.163747 0.456001 0.06
v -0.247136 1.36769 0.06
l 5207 5208
v 0.163578 0.456376 0.06
v -0.273875 1.35562 0.06
l 5209 5210
v 0.163398 0.456746 0.06
v -0.298357 1.34375 0.06
l 5211 5212
v 0.163208 0.457111 0.06
v -0.325298 1.32967 0.06
l 5213 5214
v 0.163007 0.45747 0.06
v -0.34541 1.31858 0.06
l 5215 5216
v 0.162798 0.457824 0.06
v -0.37156 1.30308 0.06
l 5217 5218
v 0.162578 0.458172 0.06
v -0.393792 1.28911 0.06
l 5219 5220
v 0.162349 0.458514 0.06
v -0.41568 1.27453 0.06
l 5221 5222
v 0.162111 0.45885 0.06
v -0.43826 1.25857 0.06
l 5223 5224
v 0.161864 0.459179 0.06
v -0.461962 1.24074 0.06
l 5225 5226
v 0.161607 0.459501 0.06
v -0.482145 1.22474 0.06
l 5227 5228
v 0.161342 0.459816 0.06
v -0.503166 1.2071 0.06
l 5229 5230
v 0.161069 0.460123 0.06
v -0.523859 1.18873 0.06
l 5231 5232
v 0.160787 0.460423 0.06
v -0.54389 1.16995 0.06
l 5233 5234
v 0.160497 0.460715 0.06
v -0.563383 1.15064 0.06
l 5235 5236
v 0.160199 0.460999 0.06
v -0.582366 1.13077 0.06
l 5237 5238
v 0.159893 0.461275 0.06
v -0.600906 1.11026 0.06
l 5239 5240
v 0.15958 0.461542 0.06
v -0.618914 1.08919 0.06
l 5241 5242
v 0.15926 0.4618 0.06
v -0.635193 1.06913 0.06
l 5243 5244
v 0.158933 0.46205 0.06
v -0.651985 1.04721 0.06
l 5245 5246
v 0.158599 0.462291 0.06
v -0.668556 1.02426 0.06
l 5247 5248
v 0.158259 0.462522 0.06
v -0.684106 1.00143 0.06
l 5249 5250
v 0.157912 0.462744 0.06
v -0.699348 0.977628 0.06
l 5251 5252
v 0.157559 0.462956 0.06
v -0.713366 0.954372 0.06
l 5253 5254
v 0.157201 0.463158 0.06
v -0.726295 0.931597 0.06
l 5255 5256
v 0.156837 0.463351 0.06
v -0.738574 0.908591 0.06
l 5257 5258
v 0.156469 0.463534 0.06
v -0.75207 0.881334 0.06
l 5259 5260
v 0.156095 0.463706 0.06
v -0.76342 0.856761 0.06
l 5261 5262
v 0.155716 0.463868 0.06
v -0.773414 0.833621 0.06
l 5263 5264
v 0.155334 0.46402 0.06
v -0.78425 0.806338 0.06
l 5265 5266
v 0.154947 0.464161 0.06
v -0.793736 0.780389 0.06
l 5267 5268
v 0.154557 0.464291 0.06
v -0.802069 0.75561 0.06
l 5269 5270
v 0.154163 0.464411 0.06
v -0.81014 0.729212 0.06
l 5271 5272
v 0.153766 0.46452 0.06
v -0.818065 0.700201 0.06
l 5273 5274
v 0.153366 0.464617 0.06
v -0.824011 0.67612 0.06
l 5275 5276
v 0.152964 0.464704 0.06
v -0.8298 0.64957 0.06
l 5277 5278
v 0.15256 0.46478 0.06
v -0.834926 0.622486 0.06
l 5279 5280
v 0.152153 0.464845 0.06
v -0.839518 0.593639 0.06
l 5281 5282
v 0.151745 0.464898 0.06
v -0.843019 0.5671 0.06
l 5283 5284
v 0.151336 0.46494 0.06
v -0.845833 0.540138 0.06
l 5285 5286
v 0.150925 0.464971 0.06
v -0.847893 0.51357 0.06
l 5287 5288
v 0.150514 0.464991 0.06
v -0.849246 0.486884 0.06
l 5289 5290
v 0.150103 0.465 0.06
v -0.84987 0.457694 0.06
l 5291 5292
v 0.149691 0.464997 0.06
v -0.849729 0.430937 0.06
l 5293 5294
v 0.14928 0.464983 0.06
v -0.848727 0.401879 0.06
l 5295 5296
v 0.148869 0.464957 0.06
v -0.847298 0.377484 0.06
l 5297 5298
v 0.148459 0.464921 0.06
v -0.844689 0.348054 0.06
l 5299 5300
v 0.148051 0.464873 0.06
v -0.841661 0.321802 0.06
l 5301 5302
v 0.147643 0.464814 0.06
v -0.837328 0.292093 0.06
l 5303 5304
v 0.147238 0.464743 0.06
v -0.833248 0.268154 0.06
l 5305 5306
v 0.146834 0.464662 0.06
v -0.827844 0.241049 0.06
l 5307 5308
v 0.146433 0.46457 0.06
v -0.821092 0.211794 0.06
l 5309 5310
v 0.146035 0.464466 0.06
v -0.814755 0.18719 0.06
l 5311 5312
v 0.14564 0.464352 0.06
v -0.807304 0.161205 0.06
l 5313 5314
v 0.145247 0.464227 0.06
v -0.798468 0.133467 0.06
l 5315 5316
v 0.144859 0.464091 0.06
v -0.790165 0.109508 0.06
l 5317 5318
v 0.144474 0.463945 0.06
v -0.779749 0.0820926 0.06
l 5319 5320
v 0.144094 0.463788 0.06
v -0.769807 0.0578512 0.06
l 5321 5322
v 0.143718 0.463621 0.06
v -0.759284 0.0339851 0.06
l 5323 5324
v 0.143346 0.463444 0.06
v -0.746176 0.00655101 0.06
l 5325 5326
v 0.14298 0.463256 0.06
v -0.73379 -0.0176538 0.06
l 5327 5328
v 0.142619 0.463058 0.06
v -0.721244 -0.0406687 0.06
l 5329 5330
v 0.142264 0.462851 0.06
v -0.707648 -0.064074 0.06
l 5331 5332
v 0.141914 0.462634 0.06
v -0.69273 -0.0881553 0.06
l 5333 5334
v 0.14157 0.462407 0.06
v -0.677546 -0.111221 0.06
l 5335 5336
v 0.141233 0.462171 0.06
v -0.661707 -0.133889 0.06
l 5337 5338
v 0.140903 0.461926 0.06
v -0.646079 -0.15505 0.06
l 5339 5340
v 0.140579 0.461672 0.06
v -0.629034 -0.176838 0.06
l 5341 5342
v 0.140262 0.461409 0.06
v -0.61156 -0.197958 0.06
l 5343 5344
v 0.139953 0.461138 0.06
v -0.593334 -0.218781 0.06
l 5345 5346
v 0.139651 0.460858 0.06
v -0.574732 -0.238897 0.06
l 5347 5348
v 0.139357 0.46057 0.06
v -0.555499 -0.258579 0.06
l 5349 5350
v 0.139071 0.460274 0.06
v -0.536978 -0.276582 0.06
l 5351 5352
v 0.138793 0.459971 0.06
v -0.514209 -0.297385 0.06
l 5353 5354
v 0.138524 0.459659 0.06
v -0.495871 -0.31335 0.06
l 5355 5356
v 0.138263 0.459341 0.06
v -0.471819 -0.332997 0.06
l 5357 5358
v 0.138012 0.459015 0.06
v -0.452629 -0.347919 0.06
l 5359 5360
v 0.137769 0.458683 0.06
v -0.430291 -0.364304 0.06
l 5361 5362
v 0.137535 0.458344 0.06
v -0.407018 -0.380383 0.06
l 5363 5364
v 0.137311 0.457999 0.06
v -0.385032 -0.394736 0.06
l 5365 5366
v 0.137096 0.457648 0.06
v -0.360862 -0.409553 0.06
l 5367 5368
v 0.136891 0.457291 0.06
v -0.337367 -0.423095 0.06
l 5369 5370
v 0.136696 0.456929 0.06
v -0.312456 -0.436527 0.06
l 5371 5372
v 0.136511 0.456561 0.06
v -0.289174 -0.44831 0.06
l 5373 5374
v 0.136336 0.456189 0.06
v -0.261673 -0.461192 0.06
l 5375 5376
v 0.136172 0.455811 0.06
v -0.240671 -0.470466 0.06
l 5377 5378
v 0.136017 0.45543 0.06
v -0.211359 -0.482296 0.06
l 5379 5380
v 0.135874 0.455044 0.06
v -0.187651 -0.491175 0.06
l 5381 5382
v 0.135741 0.454655 0.06
v -0.162934 -0.4997 0.06
l 5383 5384
v 0.135618 0.454262 0.06
v -0.13429 -0.508624 0.06
l 5385 5386
v 0.135507 0.453866 0.06
v -0.10989 -0.515557 0.06
l 5387 5388
v 0.135406 0.453467 0.06
v -0.0830715 -0.522375 0.06
l 5389 5390
v 0.135316 0.453065 0.06
v -0.0542352 -0.528806 0.06
l 5391 5392
v 0.135238 0.452661 0.06
v -0.029971 -0.533598 0.06
l 5393 5394
v 0.13517 0.452255 0.06
v -0.000798882 -0.538458 0.06
l 5395 5396
v 0.135114 0.451847 0.06
v 0.0257399 -0.542154 0.06
l 5397 5398
v 0.135069 0.451438 0.06
v 0.0524192 -0.545141 0.06
l 5399 5400
v 0.135035 0.451028 0.06
v 0.0815983 -0.547543 0.06
l 5401 5402
v 0.135013 0.450617 0.06
v 0.105838 -0.548957 0.06
l 5403 5404
v 0.135001 0.450206 0.06
v 0.135001 -0.549794 0.06
l 5405 5406
v 0.135001 0.449794 0.06
v 0.164174 -0.54978 0.06
l 5407 5408
v 0.135013 0.449383 0.06
v 0.18845 -0.549188 0.06
l 5409 5410
v 0.135035 0.448972 0.06
v 0.217691 -0.547606 0.06
l 5411 5412
v 0.135069 0.448562 0.06
v 0.244435 -0.54544 0.06
l 5413 5414
v 0.135114 0.448153 0.06
v 0.271093 -0.542559 0.06
l 5415 5416
v 0.13517 0.447745 0.06
v 0.300379 -0.538514 0.06
l 5417 5418
v 0.135238 0.447339 0.06
v 0.324789 -0.534532 0.06
l 5419 5420
v 0.135316 0.446935 0.06
v 0.353793 -0.528907 0.06
l 5421 5422
v 0.135406 0.446533 0.06
v 0.380803 -0.52289 0.06
l 5423 5424
v 0.135507 0.446134 0.06
v 0.405396 -0.516757 0.06
l 5425 5426
v 0.135618 0.445738 0.06
v 0.434313 -0.508611 0.06
l 5427 5428
v 0.135741 0.445345 0.06
v 0.459266 -0.500874 0.06
l 5429 5430
v 0.135874 0.444956 0.06
v 0.48325 -0.49277 0.06
l 5431 5432
v 0.136017 0.44457 0.06
v 0.51286 -0.481707 0.06
l 5433 5434
v 0.136172 0.444189 0.06
v 0.534181 -0.473192 0.06
l 5435 5436
v 0.136336 0.443811 0.06
v 0.562021 -0.46106 0.06
l 5437 5438
v 0.136511 0.443439 0.06
v 0.585663 -0.450017 0.06
l 5439 5440
v 0.136696 0.443071 0.06
v 0.610954 -0.437315 0.06
l 5441 5442
v 0.136891 0.442709 0.06
v 0.634849 -0.424492 0.06
l 5443 5444
v 0.137096 0.442352 0.06
v 0.659407 -0.410403 0.06
l 5445 5446
v 0.137311 0.442001 0.06
v 0.681897 -0.396704 0.06
l 5447 5448
v 0.137535 0.441656 0.06
v 0.705595 -0.381331 0.06
l 5449 5450
v 0.137769 0.441317 0.06
v 0.72841 -0.365617 0.06
l 5451 5452
v 0.138012 0.440985 0.06
v 0.748059 -0.35138 0.06
l 5453 5454
v 0.138263 0.440659 0.06
v 0.772693 -0.332321 0.06
l 5455 5456
v 0.138524 0.440341 0.06
v 0.791526 -0.317015 0.06
l 5457 5458
v 0.138793 0.440029 0.06
v 0.814842 -0.296827 0.06
l 5459 5460
v 0.139071 0.439726 0.06
v 0.833927 -0.279423 0.06
l 5461 5462
v 0.139357 0.43943 0.06
v 0.853704 -0.260362 0.06
l 5463 5464
v 0.139651 0.439142 0.06
v 0.872974 -0.240739 0.06
l 5465 5466
v 0.139953 0.438862 0.06
v 0.891775 -0.220505 0.06
l 5467 5468
v 0.140262 0.438591 0.06
v 0.909875 -0.199919 0.06
l 5469 5470
v 0.140579 0.438328 0.06
v 0.927561 -0.178648 0.06
l 5471 5472
v 0.140903 0.438074 0.06
v 0.943808 -0.158032 0.06
l 5473 5474
v 0.141233 0.437829 0.06
v 0.960383 -0.13575 0.06
l 5475 5476
v 0.14157 0.437593 0.06
v 0.976214 -0.113196 0.06
l 5477 5478
v 0.141914 0.437366 0.06
v 0.991793 -0.0896113 0.06
l 5479 5480
v 0.142264 0.437149 0.06
v 1.00616 -0.0665236 0.06
l 5481 5482
v 0.142619 0.436942 0.06
v 1.01939 -0.0439678 0.06
l 5483 5484
v 0.14298 0.436744 0.06
v 1.0325 -0.020149 0.06
l 5485 5486
v 0.143346 0.436556 0.06
v 1.04632 0.00686113 0.06
l 5487 5488
v 0.143718 0.436379 0.06
v 1.05765 0.0305027 0.06
l 5489 5490
v 0.144094 0.436212 0.06
v 1.06832 0.0543596 0.06
l 5491 5492
v 0.144474 0.436055 0.06
v 1.0795 0.0814717 0.06
l 5493 5494
v 0.144859 0.435909 0.06
v 1.08855 0.105084 0.06
l 5495 5496
v 0.145247 0.435773 0.06
v 1.09821 0.132692 0.06
l 5497 5498
v 0.14564 0.435648 0.06
v 1.10643 0.158372 0.06
l 5499 5500
v 0.146035 0.435534 0.06
v 1.11354 0.18269 0.06
l 5501 5502
v 0.146433 0.43543 0.06
v 1.12111 0.211817 0.06
l 5503 5504
v 0.146834 0.435338 0.06
v 1.12732 0.238749 0.06
l 5505 5506
v 0.147238 0.435257 0.06
v 1.13222 0.262607 0.06
l 5507 5508
v 0.147643 0.435186 0.06
v 1.13735 0.292044 0.06
l 5509 5510
v 0.148051 0.435127 0.06
v 1.14121 0.318332 0.06
l 5511 5512
v 0.148459 0.435079 0.06
v 1.14463 0.347606 0.06
l 5513 5514
v 0.148869 0.435043 0.06
v 1.14687 0.371867 0.06
l 5515 5516
v 0.14928 0.435017 0.06
v 1.1487 0.401029 0.06
l 5517 5518
v 0.149691 0.435003 0.06
v 1.14966 0.427697 0.06
l 5519 5520
v 0.150103 0.435 0.06
v 1.14986 0.456893 0.06
l 5521 5522
v 0.150514 0.435009 0.06
v 1.14933 0.483608 0.06
l 5523 5524
v 0.150925 0.435029 0.06
v 1.14809 0.510227 0.06
l 5525 5526
v 0.151336 0.43506 0.06
v 1.14611 0.53719 0.06
l 5527 5528
v 0.151745 0.435102 0.06
v 1.14341 0.563967 0.06
l 5529 5530
v 0.152153 0.435155 0.06
v 1.13964 0.592861 0.06
l 5531 5532
v 0.15256 0.43522 0.06
v 1.13532 0.620086 0.06
l 5533 5534
v 0.152964 0.435296 0.06
v 1.13034 0.646799 0.06
l 5535 5536
v 0.153366 0.435383 0.06
v 1.1252 0.671064 0.06
l 5537 5538
v 0.153766 0.43548 0.06
v 1.11809 0.700214 0.06
l 5539 5540
v 0.154163 0.435589 0.06
v 1.11077 0.726974 0.06
l 5541 5542
v 0.154557 0.435709 0.06
v 1.10324 0.751937 0.06
l 5543 5544
v 0.154947 0.435839 0.06
v 1.09453 0.778157 0.06
l 5545 5546
v 0.155334 0.43598 0.06
v 1.08446 0.805733 0.06
l 5547 5548
v 0.155716 0.436132 0.06
v 1.07526 0.829126 0.06
l 5549 5550
v 0.156095 0.436294 0.06
v 1.06461 0.854154 0.06
l 5551 5552
v 0.156469 0.436466 0.06
v 1.05188 0.881706 0.06
l 5553 5554
v 0.156837 0.436649 0.06
v 1.04033 0.905088 0.06
l 5555 5556
v 0.157201 0.436842 0.06
v 1.02813 0.928258 0.06
l 5557 5558
v 0.157559 0.437044 0.06
v 1.01482 0.951928 0.06
l 5559 5560
v 0.157912 0.437256 0.06
v 1.00028 0.976164 0.06
l 5561 5562
v 0.158259 0.437478 0.06
v 0.985414 0.999452 0.06
l 5563 5564
v 0.158599 0.437709 0.06
v 0.969551 1.02282 0.06
l 5565 5566
v 0.158933 0.43795 0.06
v 0.953351 1.04532 0.06
l 5567 5568
v 0.15926 0.4382 0.06
v 0.937754 1.06585 0.06
l 5569 5570
v 0.15958 0.438458 0.06
v 0.920379 1.08745 0.06
l 5571 5572
v 0.159893 0.438725 0.06
v 0.902458 1.1085 0.06
l 5573 5574
v 0.160199 0.439001 0.06
v 0.884079 1.12893 0.06
l 5575 5576
v 0.160497 0.439285 0.06
v 0.865174 1.14881 0.06
l 5577 5578
v 0.160787 0.439577 0.06
v 0.845715 1.16819 0.06
l 5579 5580
v 0.161069 0.439877 0.06
v 0.825577 1.18716 0.06
l 5581 5582
v 0.161342 0.440184 0.06
v 0.805094 1.20542 0.06
l 5583 5584
v 0.161607 0.440499 0.06
v 0.785433 1.22206 0.06
l 5585 5586
v 0.161864 0.440821 0.06
v 0.762235 1.24054 0.06
l 5587 5588
v 0.162111 0.44115 0.06
v 0.74014 1.25717 0.06
l 5589 5590
v 0.162349 0.441486 0.06
v 0.718719 1.27242 0.06
l 5591 5592
v 0.162578 0.441828 0.06
v 0.696936 1.28709 0.06
l 5593 5594
v 0.162798 0.442176 0.06
v 0.671215 1.30329 0.06
l 5595 5596
v 0.163007 0.44253 0.06
v 0.651513 1.31509 0.06
l 5597 5598
v 0.163208 0.442889 0.06
v 0.624963 1.3299 0.06
l 5599 5600
v 0.163398 0.443254 0.06
v 0.60088 1.34248 0.06
l 5601 5602
v 0.163578 0.443624 0.06
v 0.574434 1.35532 0.06
l 5603 5604
v 0.163747 0.443999 0.06
v 0.551814 1.36563 0.06
l 5605 5606
v 0.163907 0.444379 0.06
v 0.526472 1.37634 0.06
l 5607 5608
v 0.164056 0.444762 0.06
v 0.499163 1.38694 0.06
l 5609 5610
v 0.164194 0.44515 0.06
v 0.47531 1.39552 0.06
l 5611 5612
v 0.164322 0.445541 0.06
v 0.448303 1.40437 0.06
l 5613 5614
v 0.164439 0.445936 0.06
v 0.422422 1.41209 0.06
l 5615 5616
v 0.164545 0.446333 0.06
v 0.395049 1.4194 0.06
l 5617 5618
v 0.16464 0.446734 0.06
v 0.368727 1.42569 0.06
l 5619 5620
v 0.164724 0.447137 0.06
v 0.342073 1.43128 0.06
l 5621 5622
v 0.164797 0.447542 0.06
v 0.31541 1.43613 0.06
l 5623 5624
v 0.164859 0.447949 0.06
v 0.288912 1.44022 0.06
l 5625 5626
v 0.16491 0.448357 0.06
v 0.259591 1.44386 0.06
l 5627 5628
v 0.164949 0.448767 0.06
v 0.233083 1.44644 0.06
l 5629 5630
v 0.164977 0.449177 0.06
v 0.206208 1.44833 0.06
l 5631 5632
v 0.164994 0.449589 0.06
v 0.179604 1.44948 0.06
l 5633 5634
v 0.128714 0.42886 0.06
v 0.843061 -0.270932 0.06
l 5635 5636
v 0.128142 0.429452 0.06
v 0.822998 -0.289697 0.06
l 5637 5638
v 0.129302 0.428284 0.06
v 0.862625 -0.251596 0.06
l 5639 5640
v 0.127587 0.430059 0.06
v 0.802381 -0.307947 0.06
l 5641 5642
v 0.129906 0.427724 0.06
v 0.881125 -0.23233 0.06
l 5643 5644
v 0.127048 0.430681 0.06
v 0.781933 -0.325048 0.06
l 5645 5646
v 0.130524 0.427181 0.06
v 0.90013 -0.211338 0.06
l 5647 5648
v 0.126527 0.431318 0.06
v 0.759621 -0.342757 0.06
l 5649 5650
v 0.131158 0.426655 0.06
v 0.917703 -0.190879 0.06
l 5651 5652
v 0.126023 0.431969 0.06
v 0.738214 -0.358741 0.06
l 5653 5654
v 0.131805 0.426147 0.06
v 0.935141 -0.169378 0.06
l 5655 5656
v 0.125537 0.432634 0.06
v 0.71558 -0.374738 0.06
l 5657 5658
v 0.132466 0.425657 0.06
v 0.951975 -0.147409 0.06
l 5659 5660
v 0.133141 0.425185 0.06
v 0.967989 -0.125296 0.06
l 5661 5662
v 0.12507 0.433312 0.06
v 0.692308 -0.390242 0.06
l 5663 5664
v 0.124622 0.434002 0.06
v 0.669179 -0.404722 0.06
l 5665 5666
v 0.133828 0.424732 0.06
v 0.983386 -0.102762 0.06
l 5667 5668
v 0.134527 0.424298 0.06
v 0.998178 -0.0797925 0.06
l 5669 5670
v 0.123783 0.435418 0.06
v 0.620835 -0.432303 0.06
l 5671 5672
v 0.124192 0.434704 0.06
v 0.646532 -0.418033 0.06
l 5673 5674
v 0.135238 0.423883 0.06
v 1.01253 -0.05608 0.06
l 5675 5676
v 0.123392 0.436142 0.06
v 0.598584 -0.44374 0.06
l 5677 5678
v 0.13596 0.423488 0.06
v 1.02622 -0.0319665 0.06
l 5679 5680
v 0.123022 0.436878 0.06
v 0.572181 -0.456574 0.06
l 5681 5682
v 0.136693 0.423113 0.06
v 1.039 -0.00797365 0.06
l 5683 5684
v 0.122672 0.437623 0.06
v 0.547883 -0.467471 0.06
l 5685 5686
v 0.137436 0.422758 0.06
v 1.05089 0.0158237 0.06
l 5687 5688
v 0.138188 0.422423 0.06
v 1.06301 0.0420266 0.06
l 5689 5690
v 0.122343 0.438377 0.06
v 0.522272 -0.478169 0.06
l 5691 5692
v 0.138949 0.42211 0.06
v 1.07342 0.066074 0.06
l 5693 5694
v 0.122035 0.43914 0.06
v 0.496357 -0.488159 0.06
l 5695 5696
v 0.139718 0.421817 0.06
v 1.08394 0.0925057 0.06
l 5697 5698
v 0.121481 0.44069 0.06
v 0.444624 -0.50566 0.06
l 5699 5700
v 0.121747 0.439911 0.06
v 0.47166 -0.496871 0.06
l 5701 5702
v 0.140495 0.421546 0.06
v 1.09322 0.117726 0.06
l 5703 5704
v 0.141279 0.421296 0.06
v 1.10183 0.143207 0.06
l 5705 5706
v 0.121236 0.441476 0.06
v 0.418833 -0.513216 0.06
l 5707 5708
v 0.121013 0.442269 0.06
v 0.391716 -0.520394 0.06
l 5709 5710
v 0.14207 0.421067 0.06
v 1.10996 0.169677 0.06
l 5711 5712
v 0.142867 0.42086 0.06
v 1.11754 0.197243 0.06
l 5713 5714
v 0.120812 0.443067 0.06
v 0.36506 -0.526646 0.06
l 5715 5716
v 0.120476 0.444678 0.06
v 0.311214 -0.536963 0.06
l 5717 5718
v 0.120633 0.44387 0.06
v 0.338209 -0.532173 0.06
l 5719 5720
v 0.143669 0.420676 0.06
v 1.12388 0.222705 0.06
l 5721 5722
v 0.144476 0.420513 0.06
v 1.1299 0.250391 0.06
l 5723 5724
v 0.145287 0.420373 0.06
v 1.13477 0.275717 0.06
l 5725 5726
v 0.120341 0.44549 0.06
v 0.284344 -0.54097 0.06
l 5727 5728
v 0.120138 0.447124 0.06
v 0.229374 -0.546892 0.06
l 5729 5730
v 0.120228 0.446305 0.06
v 0.257567 -0.544219 0.06
l 5731 5732
v 0.146101 0.420254 0.06
v 1.13943 0.304916 0.06
l 5733 5734
v 0.120071 0.447944 0.06
v 0.201504 -0.548735 0.06
l 5735 5736
v 0.146919 0.420159 0.06
v 1.14287 0.330281 0.06
l 5737 5738
v 0.147739 0.420085 0.06
v 1.14589 0.359287 0.06
l 5739 5740
v 0.14856 0.420035 0.06
v 1.14794 0.384822 0.06
l 5741 5742
v 0.120025 0.448766 0.06
v 0.175898 -0.549672 0.06
l 5743 5744
v 0.120003 0.450412 0.06
v 0.120003 -0.549588 0.06
l 5745 5746
v 0.120003 0.449588 0.06
v 0.146759 -0.550054 0.06
l 5747 5748
v 0.149383 0.420006 0.06
v 1.14936 0.413923 0.06
l 5749 5750
v 0.150206 0.420001 0.06
v 1.14999 0.440637 0.06
l 5751 5752
v 0.120025 0.451234 0.06
v 0.0932689 -0.548408 0.06
l 5753 5754
v 0.151029 0.420018 0.06
v 1.1499 0.467424 0.06
l 5755 5756
v 0.120071 0.452056 0.06
v 0.064196 -0.546382 0.06
l 5757 5758
v 0.151851 0.420057 0.06
v 1.14901 0.495347 0.06
l 5759 5760
v 0.120138 0.452876 0.06
v 0.0387084 -0.543803 0.06
l 5761 5762
v 0.152672 0.420119 0.06
v 1.14731 0.523504 0.06
l 5763 5764
v 0.120341 0.45451 0.06
v -0.0169984 -0.536014 0.06
l 5765 5766
v 0.120228 0.453695 0.06
v 0.0109915 -0.540321 0.06
l 5767 5768
v 0.15349 0.420204 0.06
v 1.145 0.550209 0.06
l 5769 5770
v 0.154306 0.420311 0.06
v 1.14195 0.577002 0.06
l 5771 5772
v 0.155119 0.42044 0.06
v 1.13792 0.605121 0.06
l 5773 5774
v 0.120476 0.455322 0.06
v -0.0435267 -0.531138 0.06
l 5775 5776
v 0.120633 0.45613 0.06
v -0.0701049 -0.525511 0.06
l 5777 5778
v 0.155928 0.420592 0.06
v 1.13361 0.630703 0.06
l 5779 5780
v 0.121013 0.457731 0.06
v -0.123235 -0.511982 0.06
l 5781 5782
v 0.120812 0.456933 0.06
v -0.0967637 -0.51911 0.06
l 5783 5784
v 0.156733 0.420765 0.06
v 1.12794 0.658985 0.06
l 5785 5786
v 0.157532 0.420961 0.06
v 1.12184 0.685729 0.06
l 5787 5788
v 0.121236 0.458524 0.06
v -0.149476 -0.504136 0.06
l 5789 5790
v 0.158326 0.421179 0.06
v 1.11527 0.711438 0.06
l 5791 5792
v 0.121481 0.45931 0.06
v -0.176106 -0.495385 0.06
l 5793 5794
v 0.159114 0.421418 0.06
v 1.10756 0.738351 0.06
l 5795 5796
v 0.159895 0.421679 0.06
v 1.09933 0.764419 0.06
l 5797 5798
v 0.121747 0.460089 0.06
v -0.201396 -0.486261 0.06
l 5799 5800
v 0.122035 0.46086 0.06
v -0.227878 -0.475922 0.06
l 5801 5802
v 0.160668 0.421961 0.06
v 1.0904 0.790208 0.06
l 5803 5804
v 0.122343 0.461623 0.06
v -0.251979 -0.465676 0.06
l 5805 5806
v 0.161433 0.422264 0.06
v 1.08078 0.81572 0.06
l 5807 5808
v 0.122672 0.462377 0.06
v -0.277257 -0.454169 0.06
l 5809 5810
v 0.16219 0.422588 0.06
v 1.07003 0.841901 0.06
l 5811 5812
v 0.162937 0.422933 0.06
v 1.0593 0.866247 0.06
l 5813 5814
v 0.123392 0.463858 0.06
v -0.325767 -0.429594 0.06
l 5815 5816
v 0.123022 0.463122 0.06
v -0.302189 -0.441972 0.06
l 5817 5818
v 0.163675 0.423298 0.06
v 1.04741 0.891286 0.06
l 5819 5820
v 0.164402 0.423683 0.06
v 1.0351 0.915505 0.06
l 5821 5822
v 0.123783 0.464582 0.06
v -0.351409 -0.4153 0.06
l 5823 5824
v 0.124622 0.465998 0.06
v -0.397718 -0.386739 0.06
l 5825 5826
v 0.124192 0.465296 0.06
v -0.37286 -0.402425 0.06
l 5827 5828
v 0.165119 0.424088 0.06
v 1.02153 0.940385 0.06
l 5829 5830
v 0.165824 0.424513 0.06
v 1.0084 0.963098 0.06
l 5831 5832
v 0.166517 0.424956 0.06
v 0.993483 0.987208 0.06
l 5833 5834
v 0.125537 0.467366 0.06
v -0.441701 -0.356188 0.06
l 5835 5836
v 0.12507 0.466688 0.06
v -0.419487 -0.372036 0.06
l 5837 5838
v 0.167198 0.425419 0.06
v 0.978706 1.00976 0.06
l 5839 5840
v 0.126023 0.468031 0.06
v -0.464037 -0.339328 0.06
l 5841 5842
v 0.167866 0.4259 0.06
v 0.962889 1.03248 0.06
l 5843 5844
v 0.127048 0.469319 0.06
v -0.506064 -0.304742 0.06
l 5845 5846
v 0.126527 0.468682 0.06
v -0.485647 -0.322041 0.06
l 5847 5848
v 0.16852 0.426399 0.06
v 0.94689 1.0542 0.06
l 5849 5850
v 0.169161 0.426916 0.06
v 0.92996 1.0759 0.06
l 5851 5852
v 0.127587 0.469941 0.06
v -0.527298 -0.285788 0.06
l 5853 5854
v 0.169787 0.42745 0.06
v 0.911808 1.09783 0.06
l 5855 5856
v 0.128142 0.470548 0.06
v -0.546634 -0.267475 0.06
l 5857 5858
v 0.170398 0.428002 0.06
v 0.894304 1.1179 0.06
l 5859 5860
v 0.128714 0.47114 0.06
v -0.566142 -0.248009 0.06
l 5861 5862
v 0.170994 0.42857 0.06
v 0.875662 1.13811 0.06
l 5863 5864
v 0.129302 0.471716 0.06
v -0.585063 -0.228057 0.06
l 5865 5866
v 0.171574 0.429154 0.06
v 0.857098 1.1572 0.06
l 5867 5868
v 0.129906 0.472276 0.06
v -0.603399 -0.207624 0.06
l 5869 5870
v 0.172138 0.429753 0.06
v 0.836722 1.17697 0.06
l 5871 5872
v 0.130524 0.472819 0.06
v -0.620695 -0.187235 0.06
l 5873 5874
v 0.172685 0.430368 0.06
v 0.816455 1.19559 0.06
l 5875 5876
v 0.131158 0.473345 0.06
v -0.638448 -0.165174 0.06
l 5877 5878
v 0.173215 0.430998 0.06
v 0.795539 1.21376 0.06
l 5879 5880
v 0.131805 0.473853 0.06
v -0.65474 -0.143681 0.06
l 5881 5882
v 0.173727 0.431642 0.06
v 0.77489 1.23077 0.06
l 5883 5884
v 0.132466 0.474343 0.06
v -0.67087 -0.121182 0.06
l 5885 5886
v 0.174222 0.4323 0.06
v 0.75361 1.24735 0.06
l 5887 5888
v 0.133141 0.474815 0.06
v -0.686368 -0.0982514 0.06
l 5889 5890
v 0.174699 0.432971 0.06
v 0.730247 1.26446 0.06
l 5891 5892
v 0.133828 0.475268 0.06
v -0.70102 -0.0752129 0.06
l 5893 5894
v 0.175156 0.433655 0.06
v 0.708647 1.27946 0.06
l 5895 5896
v 0.134527 0.475702 0.06
v -0.715048 -0.0517664 0.06
l 5897 5898
v 0.175595 0.434351 0.06
v 0.685793 1.29441 0.06
l 5899 5900
v 0.135238 0.476117 0.06
v -0.728397 -0.0280004 0.06
l 5901 5902
v 0.176015 0.435059 0.06
v 0.661653 1.30922 0.06
l 5903 5904
v 0.13596 0.476512 0.06
v -0.741329 -0.00345102 0.06
l 5905 5906
v 0.176415 0.435779 0.06
v 0.638155 1.32279 0.06
l 5907 5908
v 0.136693 0.476887 0.06
v -0.753581 0.0214612 0.06
l 5909 5910
v 0.176795 0.436509 0.06
v 0.614262 1.33574 0.06
l 5911 5912
v 0.137436 0.477242 0.06
v -0.76486 0.0461259 0.06
l 5913 5914
v 0.177155 0.437249 0.06
v 0.59004 1.34803 0.06
l 5915 5916
v 0.138188 0.477577 0.06
v -0.775269 0.0706426 0.06
l 5917 5918
v 0.177495 0.437999 0.06
v 0.564969 1.35988 0.06
l 5919 5920
v 0.138949 0.47789 0.06
v -0.785875 0.0974936 0.06
l 5921 5922
v 0.177814 0.438758 0.06
v 0.539951 1.37088 0.06
l 5923 5924
v 0.139718 0.478183 0.06
v -0.794754 0.122147 0.06
l 5925 5926
v 0.178112 0.439525 0.06
v 0.514685 1.38118 0.06
l 5927 5928
v 0.140495 0.478454 0.06
v -0.803726 0.149143 0.06
l 5929 5930
v 0.178389 0.4403 0.06
v 0.488409 1.39103 0.06
l 5931 5932
v 0.141279 0.478704 0.06
v -0.81145 0.174884 0.06
l 5933 5934
v 0.178644 0.441082 0.06
v 0.462642 1.39991 0.06
l 5935 5936
v 0.14207 0.478933 0.06
v -0.818485 0.200844 0.06
l 5937 5938
v 0.178878 0.441872 0.06
v 0.436537 1.40811 0.06
l 5939 5940
v 0.142867 0.47914 0.06
v -0.825019 0.22775 0.06
l 5941 5942
v 0.17909 0.442667 0.06
v 0.409896 1.41567 0.06
l 5943 5944
v 0.143669 0.479324 0.06
v -0.831008 0.255707 0.06
l 5945 5946
v 0.17928 0.443468 0.06
v 0.383571 1.42238 0.06
l 5947 5948
v 0.144476 0.479487 0.06
v -0.835732 0.281516 0.06
l 5949 5950
v 0.179448 0.444273 0.06
v 0.356624 1.42845 0.06
l 5951 5952
v 0.145287 0.479627 0.06
v -0.840136 0.309505 0.06
l 5953 5954
v 0.179594 0.445084 0.06
v 0.330379 1.43365 0.06
l 5955 5956
v 0.146101 0.479746 0.06
v -0.843381 0.33509 0.06
l 5957 5958
v 0.179718 0.445897 0.06
v 0.303601 1.43819 0.06
l 5959 5960
v 0.146919 0.479841 0.06
v -0.846407 0.364503 0.06
l 5961 5962
v 0.17982 0.446714 0.06
v 0.274621 1.44221 0.06
l 5963 5964
v 0.147739 0.479915 0.06
v -0.848214 0.390037 0.06
l 5965 5966
v 0.179898 0.447533 0.06
v 0.249091 1.44514 0.06
l 5967 5968
v 0.14856 0.479965 0.06
v -0.84959 0.419167 0.06
l 5969 5970
v 0.179955 0.448355 0.06
v 0.221269 1.4475 0.06
l 5971 5972
v 0.149383 0.479994 0.06
v -0.849997 0.444781 0.06
l 5973 5974
v 0.179989 0.449177 0.06
v 0.193368 1.44909 0.06
l 5975 5976
v 0.150206 0.479999 0.06
v -0.849775 0.473916 0.06
l 5977 5978
v 0.18 0.45 0.06
v 0.166621 1.44991 0.06
l 5979 5980
v 0.151029 0.479982 0.06
v -0.848757 0.500654 0.06
l 5981 5982
v 0.179989 0.450823 0.06
v 0.138673 1.44997 0.06
l 5983 5984
v 0.151851 0.479943 0.06
v -0.847026 0.527313 0.06
l 5985 5986
v 0.179955 0.451645 0.06
v 0.110764 1.44925 0.06
l 5987 5988
v 0.152672 0.479881 0.06
v -0.844487 0.555207 0.06
l 5989 5990
v 0.179898 0.452467 0.06
v 0.0850974 1.44796 0.06
l 5991 5992
v 0.15349 0.479796 0.06
v -0.841155 0.583145 0.06
l 5993 5994
v 0.17982 0.453286 0.06
v 0.0559367 1.44558 0.06
l 5995 5996
v 0.154306 0.479689 0.06
v -0.837207 0.609694 0.06
l 5997 5998
v 0.179718 0.454103 0.06
v 0.0289326 1.44267 0.06
l 5999 6000
v 0.155119 0.47956 0.06
v -0.832523 0.636287 0.06
l 6001 6002
v 0.179594 0.454916 0.06
v 0.00241788 1.4391 0.06
l 6003 6004
v 0.155928 0.479408 0.06
v -0.826877 0.664054 0.06
l 6005 6006
v 0.179448 0.455727 0.06
v -0.0248435 1.43464 0.06
l 6007 6008
v 0.156733 0.479235 0.06
v -0.820944 0.689346 0.06
l 6009 6010
v 0.17928 0.456532 0.06
v -0.0515256 1.42953 0.06
l 6011 6012
v 0.157532 0.479039 0.06
v -0.813679 0.717259 0.06
l 6013 6014
v 0.17909 0.457333 0.06
v -0.0785693 1.42357 0.06
l 6015 6016
v 0.158326 0.478821 0.06
v -0.805986 0.743589 0.06
l 6017 6018
v 0.178878 0.458128 0.06
v -0.10512 1.41695 0.06
l 6019 6020
v 0.159114 0.478582 0.06
v -0.797834 0.768841 0.06
l 6021 6022
v 0.178644 0.458918 0.06
v -0.131387 1.40964 0.06
l 6023 6024
v 0.159895 0.478321 0.06
v -0.788542 0.795287 0.06
l 6025 6026
v 0.178389 0.4597 0.06
v -0.158172 1.40136 0.06
l 6027 6028
v 0.160668 0.478039 0.06
v -0.778774 0.820747 0.06
l 6029 6030
v 0.178112 0.460475 0.06
v -0.184037 1.3926 0.06
l 6031 6032
v 0.161433 0.477736 0.06
v -0.768295 0.845983 0.06
l 6033 6034
v 0.177814 0.461242 0.06
v -0.209647 1.38313 0.06
l 6035 6036
v 0.16219 0.477412 0.06
v -0.75714 0.870899 0.06
l 6037 6038
v 0.177495 0.462001 0.06
v -0.23539 1.37278 0.06
l 6039 6040
v 0.162937 0.477067 0.06
v -0.744918 0.89635 0.06
l 6041 6042
v 0.177155 0.462751 0.06
v -0.260312 1.36199 0.06
l 6043 6044
v 0.163675 0.476702 0.06
v -0.732691 0.920016 0.06
l 6045 6046
v 0.176795 0.463491 0.06
v -0.284945 1.35051 0.06
l 6047 6048
v 0.164402 0.476317 0.06
v -0.719318 0.944333 0.06
l 6049 6050
v 0.176415 0.464221 0.06
v -0.309223 1.33838 0.06
l 6051 6052
v 0.165119 0.475912 0.06
v -0.705592 0.967707 0.06
l 6053 6054
v 0.176015 0.464941 0.06
v -0.334183 1.325 0.06
l 6055 6056
v 0.165824 0.475487 0.06
v -0.690586 0.991784 0.06
l 6057 6058
v 0.175595 0.465649 0.06
v -0.357896 1.31145 0.06
l 6059 6060
v 0.166517 0.475044 0.06
v -0.676054 1.01363 0.06
l 6061 6062
v 0.175156 0.466345 0.06
v -0.380392 1.29783 0.06
l 6063 6064
v 0.167198 0.474581 0.06
v -0.659768 1.03683 0.06
l 6065 6066
v 0.174699 0.467029 0.06
v -0.404689 1.28208 0.06
l 6067 6068
v 0.167866 0.4741 0.06
v -0.643642 1.05844 0.06
l 6069 6070
v 0.174222 0.4677 0.06
v -0.426941 1.26683 0.06
l 6071 6072
v 0.16852 0.473601 0.06
v -0.626503 1.08018 0.06
l 6073 6074
v 0.173727 0.468358 0.06
v -0.448597 1.25112 0.06
l 6075 6076
v 0.169161 0.473084 0.06
v -0.609209 1.10089 0.06
l 6077 6078
v 0.173215 0.469002 0.06
v -0.470555 1.23422 0.06
l 6079 6080
v 0.169787 0.47255 0.06
v -0.591012 1.12154 0.06
l 6081 6082
v 0.172685 0.469632 0.06
v -0.491899 1.21685 0.06
l 6083 6084
v 0.170398 0.471998 0.06
v -0.571623 1.14237 0.06
l 6085 6086
v 0.172138 0.470247 0.06
v -0.513386 1.1983 0.06
l 6087 6088
v 0.170994 0.47143 0.06
v -0.552912 1.16133 0.06
l 6089 6090
v 0.171574 0.470846 0.06
v -0.533094 1.18038 0.06
l 6091 6092
v 0.307031 0.408123 0.06
v 1.01414 -0.298984 0.06
l 6093 6094
v 0.308123 0.407031 0.06
v 1.03343 -0.281392 0.06
l 6095 6096
v 0.305967 0.409244 0.06
v 0.99439 -0.316066 0.06
l 6097 6098
v 0.309244 0.405967 0.06
v 1.05167 -0.263964 0.06
l 6099 6100
v 0.304932 0.410391 0.06
v 0.974863 -0.332033 0.06
l 6101 6102
v 0.310391 0.404932 0.06
v 1.06978 -0.2457 0.06
l 6103 6104
v 0.303927 0.411564 0.06
v 0.954559 -0.347829 0.06
l 6105 6106
v 0.311564 0.403927 0.06
v 1.08774 -0.22659 0.06
l 6107 6108
v 0.302953 0.412763 0.06
v 0.93347 -0.363412 0.06
l 6109 6110
v 0.312763 0.402953 0.06
v 1.10492 -0.20736 0.06
l 6111 6112
v 0.30201 0.413987 0.06
v 0.912313 -0.378181 0.06
l 6113 6114
v 0.313987 0.40201 0.06
v 1.12138 -0.187998 0.06
l 6115 6116
v 0.300219 0.416505 0.06
v 0.869325 -0.405759 0.06
l 6117 6118
v 0.301098 0.415235 0.06
v 0.891118 -0.392153 0.06
l 6119 6120
v 0.315235 0.401098 0.06
v 1.1375 -0.168012 0.06
l 6121 6122
v 0.299373 0.417798 0.06
v 0.846882 -0.419002 0.06
l 6123 6124
v 0.316505 0.400219 0.06
v 1.1533 -0.147299 0.06
l 6125 6126
v 0.298561 0.419112 0.06
v 0.824249 -0.431566 0.06
l 6127 6128
v 0.317798 0.399373 0.06
v 1.16848 -0.126306 0.06
l 6129 6130
v 0.297783 0.420447 0.06
v 0.801303 -0.443537 0.06
l 6131 6132
v 0.319112 0.398561 0.06
v 1.1831 -0.104944 0.06
l 6133 6134
v 0.320447 0.397783 0.06
v 1.19685 -0.0837928 0.06
l 6135 6136
v 0.297039 0.421801 0.06
v 0.7786 -0.454612 0.06
l 6137 6138
v 0.321801 0.397039 0.06
v 1.2106 -0.0612678 0.06
l 6139 6140
v 0.296331 0.423174 0.06
v 0.754653 -0.465612 0.06
l 6141 6142
v 0.323174 0.396331 0.06
v 1.22334 -0.0392113 0.06
l 6143 6144
v 0.295658 0.424565 0.06
v 0.731185 -0.475611 0.06
l 6145 6146
v 0.324565 0.395658 0.06
v 1.23566 -0.0165301 0.06
l 6147 6148
v 0.295021 0.425973 0.06
v 0.707209 -0.485126 0.06
l 6149 6150
v 0.325973 0.395021 0.06
v 1.24742 0.00651196 0.06
l 6151 6152
v 0.294421 0.427396 0.06
v 0.682946 -0.494042 0.06
l 6153 6154
v 0.327396 0.394421 0.06
v 1.25844 0.0295055 0.06
l 6155 6156
v 0.293857 0.428835 0.06
v 0.658756 -0.502212 0.06
l 6157 6158
v 0.328835 0.393857 0.06
v 1.26904 0.0532515 0.06
l 6159 6160
v 0.293331 0.430287 0.06
v 0.633937 -0.509919 0.06
l 6161 6162
v 0.330287 0.393331 0.06
v 1.2789 0.0769065 0.06
l 6163 6164
v 0.292842 0.431753 0.06
v 0.609261 -0.516867 0.06
l 6165 6166
v 0.331753 0.392842 0.06
v 1.28822 0.100989 0.06
l 6167 6168
v 0.292391 0.433231 0.06
v 0.584249 -0.523231 0.06
l 6169 6170
v 0.333231 0.392391 0.06
v 1.29685 0.125111 0.06
l 6171 6172
v 0.291978 0.43472 0.06
v 0.559253 -0.5289 0.06
l 6173 6174
v 0.33472 0.391978 0.06
v 1.30498 0.14991 0.06
l 6175 6176
v 0.291604 0.436219 0.06
v 0.533677 -0.534039 0.06
l 6177 6178
v 0.336219 0.391604 0.06
v 1.31242 0.174737 0.06
l 6179 6180
v 0.290972 0.439243 0.06
v 0.483236 -0.5421 0.06
l 6181 6182
v 0.291269 0.437727 0.06
v 0.508136 -0.538474 0.06
l 6183 6184
v 0.337727 0.391269 0.06
v 1.31907 0.199005 0.06
l 6185 6186
v 0.290715 0.440767 0.06
v 0.456993 -0.545312 0.06
l 6187 6188
v 0.339243 0.390972 0.06
v 1.32532 0.224694 0.06
l 6189 6190
v 0.290497 0.442296 0.06
v 0.431648 -0.547692 0.06
l 6191 6192
v 0.340767 0.390715 0.06
v 1.33076 0.249564 0.06
l 6193 6194
v 0.290318 0.443831 0.06
v 0.406141 -0.549439 0.06
l 6195 6196
v 0.342296 0.390497 0.06
v 1.33557 0.274674 0.06
l 6197 6198
v 0.343831 0.390318 0.06
v 1.33977 0.30031 0.06
l 6199 6200
v 0.290179 0.445369 0.06
v 0.380188 -0.550572 0.06
l 6201 6202
v 0.345369 0.390179 0.06
v 1.34331 0.326107 0.06
l 6203 6204
v 0.29008 0.446911 0.06
v 0.354152 -0.551034 0.06
l 6205 6206
v 0.346911 0.39008 0.06
v 1.34616 0.351254 0.06
l 6207 6208
v 0.29002 0.448455 0.06
v 0.328865 -0.55079 0.06
l 6209 6210
v 0.348455 0.39002 0.06
v 1.34837 0.377058 0.06
l 6211 6212
v 0.29 0.45 0.06
v 0.302942 -0.549916 0.06
l 6213 6214
v 0.35 0.39 0.06
v 1.34992 0.402961 0.06
l 6215 6216
v 0.29002 0.451545 0.06
v 0.277078 -0.548371 0.06
l 6217 6218
v 0.351545 0.39002 0.06
v 1.35079 0.428846 0.06
l 6219 6220
v 0.29008 0.453089 0.06
v 0.251235 -0.546156 0.06
l 6221 6222
v 0.353089 0.39008 0.06
v 1.35103 0.454152 0.06
l 6223 6224
v 0.290179 0.454631 0.06
v 0.226107 -0.543314 0.06
l 6225 6226
v 0.354631 0.390179 0.06
v 1.35057 0.480189 0.06
l 6227 6228
v 0.290318 0.456169 0.06
v 0.20031 -0.539772 0.06
l 6229 6230
v 0.356169 0.390318 0.06
v 1.34944 0.506139 0.06
l 6231 6232
v 0.290497 0.457704 0.06
v 0.174674 -0.535566 0.06
l 6233 6234
v 0.357704 0.390497 0.06
v 1.34769 0.531651 0.06
l 6235 6236
v 0.290715 0.459233 0.06
v 0.149561 -0.530755 0.06
l 6237 6238
v 0.359233 0.390715 0.06
v 1.34531 0.556993 0.06
l 6239 6240
v 0.290972 0.460757 0.06
v 0.124694 -0.525322 0.06
l 6241 6242
v 0.360757 0.390972 0.06
v 1.3421 0.583232 0.06
l 6243 6244
v 0.291604 0.463781 0.06
v 0.0747369 -0.51242 0.06
l 6245 6246
v 0.291269 0.462273 0.06
v 0.099009 -0.519071 0.06
l 6247 6248
v 0.362273 0.391269 0.06
v 1.33847 0.608136 0.06
l 6249 6250
v 0.291978 0.46528 0.06
v 0.0499054 -0.504978 0.06
l 6251 6252
v 0.363781 0.391604 0.06
v 1.33404 0.633677 0.06
l 6253 6254
v 0.292391 0.466769 0.06
v 0.0251162 -0.496851 0.06
l 6255 6256
v 0.36528 0.391978 0.06
v 1.3289 0.659258 0.06
l 6257 6258
v 0.292842 0.468247 0.06
v 0.000983622 -0.488215 0.06
l 6259 6260
v 0.366769 0.392391 0.06
v 1.32323 0.684244 0.06
l 6261 6262
v 0.368247 0.392842 0.06
v 1.31687 0.709261 0.06
l 6263 6264
v 0.293331 0.469713 0.06
v -0.0230877 -0.478907 0.06
l 6265 6266
v 0.369713 0.393331 0.06
v 1.30992 0.733937 0.06
l 6267 6268
v 0.293857 0.471165 0.06
v -0.0467485 -0.469041 0.06
l 6269 6270
v 0.371165 0.393857 0.06
v 1.30221 0.758772 0.06
l 6271 6272
v 0.294421 0.472604 0.06
v -0.0704778 -0.458443 0.06
l 6273 6274
v 0.372604 0.394421 0.06
v 1.29405 0.78293 0.06
l 6275 6276
v 0.295021 0.474027 0.06
v -0.0935044 -0.447411 0.06
l 6277 6278
v 0.374027 0.395021 0.06
v 1.28512 0.807216 0.06
l 6279 6280
v 0.295658 0.475435 0.06
v -0.116537 -0.435661 0.06
l 6281 6282
v 0.375435 0.395658 0.06
v 1.2756 0.8312 0.06
l 6283 6284
v 0.296331 0.476826 0.06
v -0.139188 -0.423353 0.06
l 6285 6286
v 0.376826 0.396331 0.06
v 1.26562 0.85463 0.06
l 6287 6288
v 0.297039 0.478199 0.06
v -0.161283 -0.410587 0.06
l 6289 6290
v 0.378199 0.397039 0.06
v 1.2546 0.878623 0.06
l 6291 6292
v 0.297783 0.479553 0.06
v -0.183778 -0.39686 0.06
l 6293 6294
v 0.379553 0.397783 0.06
v 1.24355 0.901288 0.06
l 6295 6296
v 0.298561 0.480888 0.06
v -0.204959 -0.383096 0.06
l 6297 6298
v 0.380888 0.398561 0.06
v 1.23157 0.92424 0.06
l 6299 6300
v 0.299373 0.482202 0.06
v -0.226315 -0.368476 0.06
l 6301 6302
v 0.382202 0.399373 0.06
v 1.219 0.946882 0.06
l 6303 6304
v 0.300219 0.483495 0.06
v -0.24729 -0.353305 0.06
l 6305 6306
v 0.383495 0.400219 0.06
v 1.20575 0.969338 0.06
l 6307 6308
v 0.30201 0.486013 0.06
v -0.28801 -0.321375 0.06
l 6309 6310
v 0.301098 0.484765 0.06
v -0.268008 -0.337499 0.06
l 6311 6312
v 0.384765 0.401098 0.06
v 1.19216 0.991106 0.06
l 6313 6314
v 0.302953 0.487237 0.06
v -0.30735 -0.304931 0.06
l 6315 6316
v 0.386013 0.40201 0.06
v 1.17818 1.01231 0.06
l 6317 6318
v 0.303927 0.488436 0.06
v -0.32659 -0.287739 0.06
l 6319 6320
v 0.387237 0.402953 0.06
v 1.1634 1.03348 0.06
l 6321 6322
v 0.304932 0.489609 0.06
v -0.3457 -0.269784 0.06
l 6323 6324
v 0.388436 0.403927 0.06
v 1.14784 1.05455 0.06
l 6325 6326
v 0.305967 0.490756 0.06
v -0.363964 -0.251668 0.06
l 6327 6328
v 0.389609 0.404932 0.06
v 1.13203 1.07486 0.06
l 6329 6330
v 0.307031 0.491877 0.06
v -0.381401 -0.233424 0.06
l 6331 6332
v 0.390756 0.405967 0.06
v 1.11606 1.0944 0.06
l 6333 6334
v 0.308123 0.492969 0.06
v -0.398974 -0.214147 0.06
l 6335 6336
v 0.391877 0.407031 0.06
v 1.09899 1.11413 0.06
l 6337 6338
v 0.309244 0.494033 0.06
v -0.416066 -0.19439 0.06
l 6339 6340
v 0.392969 0.408123 0.06
v 1.08139 1.13343 0.06
l 6341 6342
v 0.310391 0.495068 0.06
v -0.432033 -0.174863 0.06
l 6343 6344
v 0.394033 0.409244 0.06
v 1.06395 1.15168 0.06
l 6345 6346
v 0.311564 0.496073 0.06
v -0.447829 -0.154559 0.06
l 6347 6348
v 0.395068 0.410391 0.06
v 1.04571 1.16977 0.06
l 6349 6350
v 0.312763 0.497047 0.06
v -0.463412 -0.13347 0.06
l 6351 6352
v 0.396073 0.411564 0.06
v 1.02659 1.18774 0.06
l 6353 6354
v 0.313987 0.49799 0.06
v -0.478174 -0.112323 0.06
l 6355 6356
v 0.397047 0.412763 0.06
v 1.00734 1.20494 0.06
l 6357 6358
v 0.315235 0.498902 0.06
v -0.492162 -0.0911059 0.06
l 6359 6360
v 0.39799 0.413987 0.06
v 0.98801 1.22138 0.06
l 6361 6362
v 0.316505 0.499781 0.06
v -0.505757 -0.0693286 0.06
l 6363 6364
v 0.398902 0.415235 0.06
v 0.968008 1.2375 0.06
l 6365 6366
v 0.317798 0.500627 0.06
v -0.519005 -0.0468775 0.06
l 6367 6368
v 0.399781 0.416505 0.06
v 0.94729 1.2533 0.06
l 6369 6370
v 0.319112 0.501439 0.06
v -0.531571 -0.02424 0.06
l 6371 6372
v 0.400627 0.417798 0.06
v 0.926329 1.26847 0.06
l 6373 6374
v 0.320447 0.502217 0.06
v -0.543537 -0.00130262 0.06
l 6375 6376
v 0.401439 0.419112 0.06
v 0.904944 1.2831 0.06
l 6377 6378
v 0.321801 0.502961 0.06
v -0.554612 0.0213999 0.06
l 6379 6380
v 0.402217 0.420447 0.06
v 0.883778 1.29686 0.06
l 6381 6382
v 0.323174 0.503669 0.06
v -0.565604 0.0453318 0.06
l 6383 6384
v 0.402961 0.421801 0.06
v 0.861283 1.31059 0.06
l 6385 6386
v 0.324565 0.504342 0.06
v -0.575611 0.0688154 0.06
l 6387 6388
v 0.403669 0.423174 0.06
v 0.839196 1.32335 0.06
l 6389 6390
v 0.325973 0.504979 0.06
v -0.585126 0.0927909 0.06
l 6391 6392
v 0.404342 0.424565 0.06
v 0.81653 1.33566 0.06
l 6393 6394
v 0.327396 0.505579 0.06
v -0.594049 0.11707 0.06
l 6395 6396
v 0.404979 0.425973 0.06
v 0.793504 1.34741 0.06
l 6397 6398
v 0.328835 0.506143 0.06
v -0.602212 0.141244 0.06
l 6399 6400
v 0.405579 0.427396 0.06
v 0.770494 1.35844 0.06
l 6401 6402
v 0.330287 0.506669 0.06
v -0.609919 0.166063 0.06
l 6403 6404
v 0.406143 0.428835 0.06
v 0.746731 1.36905 0.06
l 6405 6406
v 0.331753 0.507158 0.06
v -0.616865 0.190734 0.06
l 6407 6408
v 0.406669 0.430287 0.06
v 0.723088 1.37891 0.06
l 6409 6410
v 0.333231 0.507609 0.06
v -0.623227 0.215738 0.06
l 6411 6412
v 0.407158 0.431753 0.06
v 0.699016 1.38821 0.06
l 6413 6414
v 0.33472 0.508022 0.06
v -0.628899 0.240742 0.06
l 6415 6416
v 0.407609 0.433231 0.06
v 0.674884 1.39685 0.06
l 6417 6418
v 0.336219 0.508396 0.06
v -0.634036 0.26631 0.06
l 6419 6420
v 0.408022 0.43472 0.06
v 0.650113 1.40497 0.06
l 6421 6422
v 0.337727 0.508731 0.06
v -0.638478 0.291882 0.06
l 6423 6424
v 0.408396 0.436219 0.06
v 0.625263 1.41242 0.06
l 6425 6426
v 0.339243 0.509028 0.06
v -0.6421 0.316764 0.06
l 6427 6428
v 0.408731 0.437727 0.06
v 0.600976 1.41907 0.06
l 6429 6430
v 0.340767 0.509285 0.06
v -0.645315 0.343026 0.06
l 6431 6432
v 0.409028 0.439243 0.06
v 0.575325 1.42532 0.06
l 6433 6434
v 0.342296 0.509503 0.06
v -0.647689 0.368333 0.06
l 6435 6436
v 0.409285 0.440767 0.06
v 0.550436 1.43076 0.06
l 6437 6438
v 0.343831 0.509682 0.06
v -0.649439 0.393859 0.06
l 6439 6440
v 0.409503 0.442296 0.06
v 0.525326 1.43557 0.06
l 6441 6442
v 0.345369 0.509821 0.06
v -0.650572 0.419812 0.06
l 6443 6444
v 0.409682 0.443831 0.06
v 0.499691 1.43977 0.06
l 6445 6446
v 0.346911 0.50992 0.06
v -0.651034 0.445848 0.06
l 6447 6448
v 0.409821 0.445369 0.06
v 0.473893 1.44331 0.06
l 6449 6450
v 0.348455 0.50998 0.06
v -0.65079 0.471135 0.06
l 6451 6452
v 0.40992 0.446911 0.06
v 0.448746 1.44616 0.06
l 6453 6454
v 0.35 0.51 0.06
v -0.649916 0.497077 0.06
l 6455 6456
v 0.40998 0.448455 0.06
v 0.422922 1.44837 0.06
l 6457 6458
v 0.351545 0.50998 0.06
v -0.648371 0.522903 0.06
l 6459 6460
v 0.41 0.45 0.06
v 0.397058 1.44992 0.06
l 6461 6462
v 0.353089 0.50992 0.06
v -0.646156 0.548765 0.06
l 6463 6464
v 0.40998 0.451545 0.06
v 0.371154 1.45079 0.06
l 6465 6466
v 0.354631 0.509821 0.06
v -0.643314 0.573893 0.06
l 6467 6468
v 0.40992 0.453089 0.06
v 0.345848 1.45103 0.06
l 6469 6470
v 0.356169 0.509682 0.06
v -0.639772 0.599692 0.06
l 6471 6472
v 0.409821 0.454631 0.06
v 0.319813 1.45057 0.06
l 6473 6474
v 0.357704 0.509503 0.06
v -0.635566 0.625324 0.06
l 6475 6476
v 0.409682 0.456169 0.06
v 0.293859 1.44944 0.06
l 6477 6478
v 0.359233 0.509285 0.06
v -0.630752 0.650458 0.06
l 6479 6480
v 0.409503 0.457704 0.06
v 0.268349 1.44769 0.06
l 6481 6482
v 0.360757 0.509028 0.06
v -0.625325 0.675287 0.06
l 6483 6484
v 0.409285 0.459233 0.06
v 0.242988 1.44531 0.06
l 6485 6486
v 0.362273 0.508731 0.06
v -0.619071 0.700991 0.06
l 6487 6488
v 0.409028 0.460757 0.06
v 0.216787 1.4421 0.06
l 6489 6490
v 0.363781 0.508396 0.06
v -0.612424 0.725245 0.06
l 6491 6492
v 0.408731 0.462273 0.06
v 0.191864 1.43847 0.06
l 6493 6494
v 0.36528 0.508022 0.06
v -0.604974 0.750113 0.06
l 6495 6496
v 0.408396 0.463781 0.06
v 0.166305 1.43403 0.06
l 6497 6498
v 0.366769 0.507609 0.06
v -0.59685 0.774889 0.06
l 6499 6500
v 0.408022 0.46528 0.06
v 0.140747 1.4289 0.06
l 6501 6502
v 0.368247 0.507158 0.06
v -0.588211 0.799029 0.06
l 6503 6504
v 0.407609 0.466769 0.06
v 0.115751 1.42323 0.06
l 6505 6506
v 0.369713 0.506669 0.06
v -0.578907 0.823088 0.06
l 6507 6508
v 0.407158 0.468247 0.06
v 0.0907393 1.41687 0.06
l 6509 6510
v 0.371165 0.506143 0.06
v -0.569041 0.846748 0.06
l 6511 6512
v 0.406669 0.469713 0.06
v 0.0660805 1.40993 0.06
l 6513 6514
v 0.406143 0.471165 0.06
v 0.0412275 1.40221 0.06
l 6515 6516
v 0.372604 0.505579 0.06
v -0.558443 0.870478 0.06
l 6517 6518
v 0.374027 0.504979 0.06
v -0.547418 0.893488 0.06
l 6519 6520
v 0.405579 0.472604 0.06
v 0.0170536 1.39404 0.06
l 6521 6522
v 0.404979 0.474027 0.06
v -0.00721632 1.38512 0.06
l 6523 6524
v 0.375435 0.504342 0.06
v -0.535661 0.916537 0.06
l 6525 6526
v 0.376826 0.503669 0.06
v -0.52335 0.939196 0.06
l 6527 6528
v 0.404342 0.475435 0.06
v -0.0311771 1.37561 0.06
l 6529 6530
v 0.403669 0.476826 0.06
v -0.054653 1.36561 0.06
l 6531 6532
v 0.378199 0.502961 0.06
v -0.510583 0.96129 0.06
l 6533 6534
v 0.402961 0.478199 0.06
v -0.0786001 1.35461 0.06
l 6535 6536
v 0.379553 0.502217 0.06
v -0.496855 0.983786 0.06
l 6537 6538
v 0.380888 0.501439 0.06
v -0.483096 1.00496 0.06
l 6539 6540
v 0.402217 0.479553 0.06
v -0.101288 1.34355 0.06
l 6541 6542
v 0.382202 0.500627 0.06
v -0.468481 1.02631 0.06
l 6543 6544
v 0.401439 0.480888 0.06
v -0.124263 1.33156 0.06
l 6545 6546
v 0.383495 0.499781 0.06
v -0.453314 1.04728 0.06
l 6547 6548
v 0.400627 0.482202 0.06
v -0.146882 1.319 0.06
l 6549 6550
v 0.384765 0.498902 0.06
v -0.43749 1.06802 0.06
l 6551 6552
v 0.399781 0.483495 0.06
v -0.169325 1.30576 0.06
l 6553 6554
v 0.386013 0.49799 0.06
v -0.421384 1.088 0.06
l 6555 6556
v 0.398902 0.484765 0.06
v -0.191118 1.29215 0.06
l 6557 6558
v 0.387237 0.497047 0.06
v -0.404931 1.10735 0.06
l 6559 6560
v 0.39799 0.486013 0.06
v -0.212301 1.27819 0.06
l 6561 6562
v 0.388436 0.496073 0.06
v -0.387732 1.1266 0.06
l 6563 6564
v 0.397047 0.487237 0.06
v -0.23347 1.26341 0.06
l 6565 6566
v 0.389609 0.495068 0.06
v -0.369792 1.14569 0.06
l 6567 6568
v 0.396073 0.488436 0.06
v -0.254571 1.24782 0.06
l 6569 6570
v 0.390756 0.494033 0.06
v -0.351668 1.16396 0.06
l 6571 6572
v 0.395068 0.489609 0.06
v -0.274852 1.23204 0.06
l 6573 6574
v 0.391877 0.492969 0.06
v -0.333424 1.1814 0.06
l 6575 6576
v 0.394033 0.490756 0.06
v -0.294399 1.21606 0.06
l 6577 6578
v 0.392969 0.491877 0.06
v -0.314138 1.19898 0.06
l 6579 6580
v 0.365 0.75 0.06
v 0.350353 1.74989 0.06
l 6581 6582
v 0.364994 0.750411 0.06
v 0.323802 1.74956 0.06
l 6583 6584
v 0.364977 0.750823 0.06
v 0.296802 1.7485 0.06
l 6585 6586
v 0.364949 0.751233 0.06
v 0.270304 1.74674 0.06
l 6587 6588
v 0.36491 0.751643 0.06
v 0.240893 1.74392 0.06
l 6589 6590
v 0.364859 0.752051 0.06
v 0.214211 1.74064 0.06
l 6591 6592
v 0.364797 0.752458 0.06
v 0.187448 1.73661 0.06
l 6593 6594
v 0.364724 0.752863 0.06
v 0.160637 1.73182 0.06
l 6595 6596
v 0.36464 0.753266 0.06
v 0.134102 1.72633 0.06
l 6597 6598
v 0.364545 0.753667 0.06
v 0.106648 1.71984 0.06
l 6599 6600
v 0.364439 0.754064 0.06
v 0.0804246 1.71288 0.06
l 6601 6602
v 0.364322 0.754459 0.06
v 0.0531628 1.70482 0.06
l 6603 6604
v 0.364194 0.75485 0.06
v 0.0290773 1.69703 0.06
l 6605 6606
v 0.364056 0.755238 0.06
v 0.00154674 1.68722 0.06
l 6607 6608
v 0.363907 0.755621 0.06
v -0.0241855 1.67724 0.06
l 6609 6610
v 0.363747 0.756001 0.06
v -0.0480362 1.66728 0.06
l 6611 6612
v 0.363578 0.756375 0.06
v -0.072965 1.65606 0.06
l 6613 6614
v 0.363398 0.756746 0.06
v -0.098299 1.64378 0.06
l 6615 6616
v 0.363208 0.757111 0.06
v -0.123475 1.63069 0.06
l 6617 6618
v 0.363008 0.75747 0.06
v -0.147179 1.61753 0.06
l 6619 6620
v 0.362798 0.757824 0.06
v -0.171593 1.60306 0.06
l 6621 6622
v 0.362578 0.758172 0.06
v -0.193792 1.58911 0.06
l 6623 6624
v 0.362349 0.758514 0.06
v -0.21568 1.57453 0.06
l 6625 6626
v 0.362111 0.75885 0.06
v -0.23826 1.55857 0.06
l 6627 6628
v 0.361864 0.759179 0.06
v -0.261984 1.54072 0.06
l 6629 6630
v 0.361607 0.759501 0.06
v -0.282103 1.52477 0.06
l 6631 6632
v 0.361342 0.759816 0.06
v -0.30317 1.50709 0.06
l 6633 6634
v 0.361069 0.760123 0.06
v -0.323839 1.48875 0.06
l 6635 6636
v 0.360787 0.760423 0.06
v -0.34389 1.46995 0.06
l 6637 6638
v 0.360497 0.760715 0.06
v -0.363383 1.45064 0.06
l 6639 6640
v 0.360199 0.760999 0.06
v -0.382419 1.43071 0.06
l 6641 6642
v 0.359893 0.761275 0.06
v -0.400855 1.41032 0.06
l 6643 6644
v 0.35958 0.761542 0.06
v -0.418963 1.38913 0.06
l 6645 6646
v 0.35926 0.7618 0.06
v -0.43518 1.36914 0.06
l 6647 6648
v 0.358933 0.76205 0.06
v -0.45195 1.34726 0.06
l 6649 6650
v 0.358599 0.762291 0.06
v -0.468601 1.3242 0.06
l 6651 6652
v 0.358259 0.762522 0.06
v -0.484062 1.3015 0.06
l 6653 6654
v 0.357912 0.762744 0.06
v -0.499357 1.27761 0.06
l 6655 6656
v 0.357559 0.762956 0.06
v -0.513357 1.25439 0.06
l 6657 6658
v 0.357201 0.763158 0.06
v -0.526295 1.2316 0.06
l 6659 6660
v 0.356837 0.763351 0.06
v -0.538574 1.20859 0.06
l 6661 6662
v 0.356469 0.763534 0.06
v -0.552049 1.18138 0.06
l 6663 6664
v 0.356095 0.763706 0.06
v -0.563472 1.15664 0.06
l 6665 6666
v 0.355716 0.763868 0.06
v -0.573379 1.13371 0.06
l 6667 6668
v 0.355334 0.76402 0.06
v -0.584278 1.10626 0.06
l 6669 6670
v 0.354947 0.764161 0.06
v -0.593736 1.08039 0.06
l 6671 6672
v 0.354557 0.764291 0.06
v -0.602072 1.0556 0.06
l 6673 6674
v 0.354163 0.764411 0.06
v -0.610766 1.02692 0.06
l 6675 6676
v 0.353766 0.764519 0.06
v -0.617481 1.00259 0.06
l 6677 6678
v 0.353366 0.764617 0.06
v -0.624023 0.976066 0.06
l 6679 6680
v 0.352964 0.764704 0.06
v -0.6298 0.94957 0.06
l 6681 6682
v 0.35256 0.76478 0.06
v -0.634916 0.922551 0.06
l 6683 6684
v 0.352153 0.764845 0.06
v -0.639518 0.893639 0.06
l 6685 6686
v 0.351745 0.764898 0.06
v -0.643019 0.8671 0.06
l 6687 6688
v 0.351336 0.76494 0.06
v -0.645833 0.840138 0.06
l 6689 6690
v 0.350925 0.764971 0.06
v -0.647897 0.813496 0.06
l 6691 6692
v 0.350514 0.764991 0.06
v -0.649246 0.786884 0.06
l 6693 6694
v 0.350103 0.765 0.06
v -0.649871 0.757766 0.06
l 6695 6696
v 0.349691 0.764997 0.06
v -0.649729 0.730937 0.06
l 6697 6698
v 0.34928 0.764983 0.06
v -0.648727 0.701879 0.06
l 6699 6700
v 0.348869 0.764957 0.06
v -0.647298 0.677484 0.06
l 6701 6702
v 0.348459 0.764921 0.06
v -0.644697 0.648122 0.06
l 6703 6704
v 0.348051 0.764873 0.06
v -0.641653 0.621742 0.06
l 6705 6706
v 0.347643 0.764814 0.06
v -0.637314 0.592017 0.06
l 6707 6708
v 0.347238 0.764743 0.06
v -0.633276 0.568293 0.06
l 6709 6710
v 0.346834 0.764662 0.06
v -0.627826 0.540972 0.06
l 6711 6712
v 0.346433 0.76457 0.06
v -0.621076 0.511735 0.06
l 6713 6714
v 0.346035 0.764466 0.06
v -0.614774 0.487256 0.06
l 6715 6716
v 0.34564 0.764352 0.06
v -0.607283 0.461139 0.06
l 6717 6718
v 0.345247 0.764227 0.06
v -0.59849 0.433531 0.06
l 6719 6720
v 0.344859 0.764091 0.06
v -0.590146 0.409456 0.06
l 6721 6722
v 0.344474 0.763945 0.06
v -0.579744 0.38208 0.06
l 6723 6724
v 0.344094 0.763788 0.06
v -0.569813 0.357865 0.06
l 6725 6726
v 0.343718 0.763621 0.06
v -0.559306 0.33403 0.06
l 6727 6728
v 0.343346 0.763444 0.06
v -0.546176 0.306551 0.06
l 6729 6730
v 0.34298 0.763256 0.06
v -0.53379 0.282346 0.06
l 6731 6732
v 0.342619 0.763058 0.06
v -0.521244 0.259331 0.06
l 6733 6734
v 0.342264 0.762851 0.06
v -0.507615 0.235874 0.06
l 6735 6736
v 0.341914 0.762634 0.06
v -0.492775 0.211912 0.06
l 6737 6738
v 0.34157 0.762407 0.06
v -0.477512 0.188731 0.06
l 6739 6740
v 0.341233 0.762171 0.06
v -0.461681 0.166077 0.06
l 6741 6742
v 0.340903 0.761926 0.06
v -0.446128 0.145013 0.06
l 6743 6744
v 0.340579 0.761672 0.06
v -0.428999 0.123119 0.06
l 6745 6746
v 0.340262 0.761409 0.06
v -0.411595 0.102083 0.06
l 6747 6748
v 0.339953 0.761138 0.06
v -0.393351 0.0812367 0.06
l 6749 6750
v 0.339651 0.760858 0.06
v -0.374696 0.0610661 0.06
l 6751 6752
v 0.339357 0.76057 0.06
v -0.35548 0.0414031 0.06
l 6753 6754
v 0.339071 0.760274 0.06
v -0.337015 0.0234509 0.06
l 6755 6756
v 0.338793 0.759971 0.06
v -0.314152 0.002566 0.06
l 6757 6758
v 0.338524 0.759659 0.06
v -0.295928 -0.0133032 0.06
l 6759 6760
v 0.338263 0.759341 0.06
v -0.271819 -0.0329975 0.06
l 6761 6762
v 0.338012 0.759015 0.06
v -0.252629 -0.0479193 0.06
l 6763 6764
v 0.337769 0.758683 0.06
v -0.230282 -0.0643105 0.06
l 6765 6766
v 0.337535 0.758344 0.06
v -0.207025 -0.0803776 0.06
l 6767 6768
v 0.337311 0.757999 0.06
v -0.185 -0.0947562 0.06
l 6769 6770
v 0.337096 0.757648 0.06
v -0.160921 -0.109519 0.06
l 6771 6772
v 0.336891 0.757291 0.06
v -0.137308 -0.123127 0.06
l 6773 6774
v 0.336696 0.756929 0.06
v -0.112485 -0.136512 0.06
l 6775 6776
v 0.336511 0.756561 0.06
v -0.0891743 -0.14831 0.06
l 6777 6778
v 0.336336 0.756189 0.06
v -0.0616124 -0.161219 0.06
l 6779 6780
v 0.336172 0.755811 0.06
v -0.0406714 -0.170466 0.06
l 6781 6782
v 0.336017 0.75543 0.06
v -0.0114223 -0.182272 0.06
l 6783 6784
v 0.335874 0.755044 0.06
v 0.0123913 -0.19119 0.06
l 6785 6786
v 0.335741 0.754655 0.06
v 0.0370211 -0.199686 0.06
l 6787 6788
v 0.335618 0.754262 0.06
v 0.0657246 -0.208628 0.06
l 6789 6790
v 0.335507 0.753866 0.06
v 0.0901101 -0.215557 0.06
l 6791 6792
v 0.335406 0.753467 0.06
v 0.116944 -0.222378 0.06
l 6793 6794
v 0.335316 0.753065 0.06
v 0.145765 -0.228806 0.06
l 6795 6796
v 0.335238 0.752661 0.06
v 0.170017 -0.233596 0.06
l 6797 6798
v 0.33517 0.752255 0.06
v 0.199191 -0.238457 0.06
l 6799 6800
v 0.335114 0.751847 0.06
v 0.225748 -0.242154 0.06
l 6801 6802
v 0.335069 0.751438 0.06
v 0.252419 -0.245141 0.06
l 6803 6804
v 0.335035 0.751028 0.06
v 0.281594 -0.247543 0.06
l 6805 6806
v 0.335013 0.750617 0.06
v 0.305806 -0.248956 0.06
l 6807 6808
v 0.335001 0.750206 0.06
v 0.335001 -0.249794 0.06
l 6809 6810
v 0.335001 0.749794 0.06
v 0.364208 -0.249779 0.06
l 6811 6812
v 0.335013 0.749383 0.06
v 0.388454 -0.249188 0.06
l 6813 6814
v 0.335035 0.748972 0.06
v 0.417685 -0.247607 0.06
l 6815 6816
v 0.335069 0.748562 0.06
v 0.444435 -0.24544 0.06
l 6817 6818
v 0.335114 0.748153 0.06
v 0.471093 -0.242559 0.06
l 6819 6820
v 0.33517 0.747745 0.06
v 0.500391 -0.238512 0.06
l 6821 6822
v 0.335238 0.747339 0.06
v 0.524789 -0.234532 0.06
l 6823 6824
v 0.335316 0.746935 0.06
v 0.553778 -0.22891 0.06
l 6825 6826
v 0.335406 0.746533 0.06
v 0.580803 -0.22289 0.06
l 6827 6828
v 0.335507 0.746134 0.06
v 0.6054 -0.216756 0.06
l 6829 6830
v 0.335618 0.745738 0.06
v 0.634338 -0.208603 0.06
l 6831 6832
v 0.335741 0.745345 0.06
v 0.659224 -0.200889 0.06
l 6833 6834
v 0.335874 0.744956 0.06
v 0.683313 -0.192746 0.06
l 6835 6836
v 0.336017 0.74457 0.06
v 0.71286 -0.181707 0.06
l 6837 6838
v 0.336172 0.744189 0.06
v 0.73412 -0.173219 0.06
l 6839 6840
v 0.336336 0.743811 0.06
v 0.762021 -0.16106 0.06
l 6841 6842
v 0.336511 0.743439 0.06
v 0.785692 -0.150002 0.06
l 6843 6844
v 0.336696 0.743071 0.06
v 0.810895 -0.137347 0.06
l 6845 6846
v 0.336891 0.742709 0.06
v 0.834908 -0.124458 0.06
l 6847 6848
v 0.337096 0.742352 0.06
v 0.859407 -0.110403 0.06
l 6849 6850
v 0.337311 0.742001 0.06
v 0.881871 -0.0967206 0.06
l 6851 6852
v 0.337535 0.741656 0.06
v 0.905586 -0.0813375 0.06
l 6853 6854
v 0.337769 0.741317 0.06
v 0.92841 -0.0656174 0.06
l 6855 6856
v 0.338012 0.740985 0.06
v 0.948094 -0.0513535 0.06
l 6857 6858
v 0.338263 0.740659 0.06
v 0.972715 -0.0323032 0.06
l 6859 6860
v 0.338524 0.740341 0.06
v 0.991469 -0.017064 0.06
l 6861 6862
v 0.338793 0.740029 0.06
v 1.01488 0.00320587 0.06
l 6863 6864
v 0.339071 0.739726 0.06
v 1.03391 0.0205591 0.06
l 6865 6866
v 0.339357 0.73943 0.06
v 1.0537 0.0396381 0.06
l 6867 6868
v 0.339651 0.739142 0.06
v 1.07295 0.0592406 0.06
l 6869 6870
v 0.339953 0.738862 0.06
v 1.09181 0.0795363 0.06
l 6871 6872
v 0.340262 0.738591 0.06
v 1.10984 0.100038 0.06
l 6873 6874
v 0.340579 0.738328 0.06
v 1.12761 0.121415 0.06
l 6875 6876
v 0.340903 0.738074 0.06
v 1.14382 0.14198 0.06
l 6877 6878
v 0.341233 0.737829 0.06
v 1.16032 0.164153 0.06
l 6879 6880
v 0.34157 0.737593 0.06
v 1.17626 0.186871 0.06
l 6881 6882
v 0.341914 0.737366 0.06
v 1.19179 0.210389 0.06
l 6883 6884
v 0.342264 0.737149 0.06
v 1.20613 0.233422 0.06
l 6885 6886
v 0.342619 0.736942 0.06
v 1.21939 0.256032 0.06
l 6887 6888
v 0.34298 0.736744 0.06
v 1.2325 0.279851 0.06
l 6889 6890
v 0.343346 0.736556 0.06
v 1.24637 0.306965 0.06
l 6891 6892
v 0.343718 0.736379 0.06
v 1.25763 0.330456 0.06
l 6893 6894
v 0.344094 0.736212 0.06
v 1.26831 0.354347 0.06
l 6895 6896
v 0.344474 0.736055 0.06
v 1.27948 0.38142 0.06
l 6897 6898
v 0.344859 0.735909 0.06
v 1.2886 0.405213 0.06
l 6899 6900
v 0.345247 0.735773 0.06
v 1.29817 0.43256 0.06
l 6901 6902
v 0.34564 0.735648 0.06
v 1.30645 0.458438 0.06
l 6903 6904
v 0.346035 0.735534 0.06
v 1.31354 0.482699 0.06
l 6905 6906
v 0.346433 0.73543 0.06
v 1.32109 0.51174 0.06
l 6907 6908
v 0.346834 0.735338 0.06
v 1.32735 0.538888 0.06
l 6909 6910
v 0.347238 0.735257 0.06
v 1.3322 0.56246 0.06
l 6911 6912
v 0.347643 0.735186 0.06
v 1.33735 0.592054 0.06
l 6913 6914
v 0.348051 0.735127 0.06
v 1.34121 0.618328 0.06
l 6915 6916
v 0.348459 0.735079 0.06
v 1.34463 0.647606 0.06
l 6917 6918
v 0.348869 0.735043 0.06
v 1.34688 0.671939 0.06
l 6919 6920
v 0.34928 0.735017 0.06
v 1.3487 0.700957 0.06
l 6921 6922
v 0.349691 0.735003 0.06
v 1.34966 0.727769 0.06
l 6923 6924
v 0.350103 0.735 0.06
v 1.34986 0.756893 0.06
l 6925 6926
v 0.350514 0.735009 0.06
v 1.34934 0.783534 0.06
l 6927 6928
v 0.350925 0.735029 0.06
v 1.34809 0.810227 0.06
l 6929 6930
v 0.351336 0.73506 0.06
v 1.3461 0.837262 0.06
l 6931 6932
v 0.351745 0.735102 0.06
v 1.34342 0.863896 0.06
l 6933 6934
v 0.352153 0.735155 0.06
v 1.33963 0.892926 0.06
l 6935 6936
v 0.35256 0.73522 0.06
v 1.33532 0.920086 0.06
l 6937 6938
v 0.352964 0.735296 0.06
v 1.33035 0.946745 0.06
l 6939 6940
v 0.353366 0.735383 0.06
v 1.32461 0.973455 0.06
l 6941 6942
v 0.353766 0.735481 0.06
v 1.3187 0.997992 0.06
l 6943 6944
v 0.354163 0.735589 0.06
v 1.31079 1.0269 0.06
l 6945 6946
v 0.354557 0.735709 0.06
v 1.30324 1.05194 0.06
l 6947 6948
v 0.354947 0.735839 0.06
v 1.29456 1.07808 0.06
l 6949 6950
v 0.355334 0.73598 0.06
v 1.28443 1.10582 0.06
l 6951 6952
v 0.355716 0.736132 0.06
v 1.27528 1.12906 0.06
l 6953 6954
v 0.356095 0.736294 0.06
v 1.26461 1.15414 0.06
l 6955 6956
v 0.356469 0.736466 0.06
v 1.25188 1.18171 0.06
l 6957 6958
v 0.356837 0.736649 0.06
v 1.24033 1.20509 0.06
l 6959 6960
v 0.357201 0.736842 0.06
v 1.22812 1.22827 0.06
l 6961 6962
v 0.357559 0.737044 0.06
v 1.21483 1.25191 0.06
l 6963 6964
v 0.357912 0.737256 0.06
v 1.20023 1.27623 0.06
l 6965 6966
v 0.358259 0.737478 0.06
v 1.18546 1.29939 0.06
l 6967 6968
v 0.358599 0.737709 0.06
v 1.16948 1.32292 0.06
l 6969 6970
v 0.358933 0.73795 0.06
v 1.15337 1.34529 0.06
l 6971 6972
v 0.35926 0.7382 0.06
v 1.1378 1.36579 0.06
l 6973 6974
v 0.35958 0.738458 0.06
v 1.12033 1.38751 0.06
l 6975 6976
v 0.359893 0.738725 0.06
v 1.10251 1.40844 0.06
l 6977 6978
v 0.360199 0.739001 0.06
v 1.08408 1.42893 0.06
l 6979 6980
v 0.360497 0.739285 0.06
v 1.06517 1.44881 0.06
l 6981 6982
v 0.360787 0.739577 0.06
v 1.0457 1.46821 0.06
l 6983 6984
v 0.361069 0.739877 0.06
v 1.02558 1.48715 0.06
l 6985 6986
v 0.361342 0.740184 0.06
v 1.00505 1.50545 0.06
l 6987 6988
v 0.361607 0.740499 0.06
v 0.985455 1.52204 0.06
l 6989 6990
v 0.361864 0.740821 0.06
v 0.962235 1.54054 0.06
l 6991 6992
v 0.362111 0.74115 0.06
v 0.94014 1.55717 0.06
l 6993 6994
v 0.362349 0.741486 0.06
v 0.918719 1.57242 0.06
l 6995 6996
v 0.362578 0.741828 0.06
v 0.896969 1.58707 0.06
l 6997 6998
v 0.362798 0.742176 0.06
v 0.872985 1.60224 0.06
l 6999 7000
v 0.363008 0.74253 0.06
v 0.849691 1.61611 0.06
l 7001 7002
v 0.363208 0.742889 0.06
v 0.824905 1.62993 0.06
l 7003 7004
v 0.363398 0.743254 0.06
v 0.799941 1.64294 0.06
l 7005 7006
v 0.363578 0.743625 0.06
v 0.775361 1.65491 0.06
l 7007 7008
v 0.363747 0.743999 0.06
v 0.75184 1.66562 0.06
l 7009 7010
v 0.363907 0.744379 0.06
v 0.726416 1.67636 0.06
l 7011 7012
v 0.364056 0.744762 0.06
v 0.699173 1.68694 0.06
l 7013 7014
v 0.364194 0.74515 0.06
v 0.675353 1.69551 0.06
l 7015 7016
v 0.364322 0.745541 0.06
v 0.648336 1.70436 0.06
l 7017 7018
v 0.364439 0.745936 0.06
v 0.622336 1.71211 0.06
l 7019 7020
v 0.364545 0.746333 0.06
v 0.595083 1.7194 0.06
l 7021 7022
v 0.36464 0.746734 0.06
v 0.568727 1.72569 0.06
l 7023 7024
v 0.364724 0.747137 0.06
v 0.542073 1.73128 0.06
l 7025 7026
v 0.364797 0.747542 0.06
v 0.515445 1.73613 0.06
l 7027 7028
v 0.364859 0.747949 0.06
v 0.488876 1.74023 0.06
l 7029 7030
v 0.36491 0.748357 0.06
v 0.459555 1.74387 0.06
l 7031 7032
v 0.364949 0.748767 0.06
v 0.433124 1.74644 0.06
l 7033 7034
v 0.364977 0.749177 0.06
v 0.406169 1.74833 0.06
l 7035 7036
v 0.364994 0.749589 0.06
v 0.379641 1.74948 0.06
l 7037 7038
v 0.328714 0.72886 0.06
v 1.04306 0.0290681 0.06
l 7039 7040
v 0.328142 0.729452 0.06
v 1.02302 0.0103213 0.06
l 7041 7042
v 0.329302 0.728284 0.06
v 1.06261 0.0483855 0.06
l 7043 7044
v 0.327048 0.730681 0.06
v 0.981951 -0.025032 0.06
l 7045 7046
v 0.327587 0.730059 0.06
v 1.00235 -0.00797288 0.06
l 7047 7048
v 0.329906 0.727724 0.06
v 1.08113 0.0676794 0.06
l 7049 7050
v 0.326527 0.731318 0.06
v 0.959639 -0.0427426 0.06
l 7051 7052
v 0.330524 0.727181 0.06
v 1.10014 0.0886705 0.06
l 7053 7054
v 0.331158 0.726655 0.06
v 1.11767 0.109081 0.06
l 7055 7056
v 0.326023 0.731969 0.06
v 0.938185 -0.0587632 0.06
l 7057 7058
v 0.331805 0.726147 0.06
v 1.13515 0.13063 0.06
l 7059 7060
v 0.325537 0.732634 0.06
v 0.915592 -0.0747293 0.06
l 7061 7062
v 0.332466 0.725657 0.06
v 1.15197 0.152591 0.06
l 7063 7064
v 0.32507 0.733312 0.06
v 0.892321 -0.0902332 0.06
l 7065 7066
v 0.333141 0.725185 0.06
v 1.16799 0.174704 0.06
l 7067 7068
v 0.324622 0.734002 0.06
v 0.869182 -0.10472 0.06
l 7069 7070
v 0.333828 0.724732 0.06
v 1.1834 0.197256 0.06
l 7071 7072
v 0.324192 0.734704 0.06
v 0.846529 -0.118035 0.06
l 7073 7074
v 0.334527 0.724298 0.06
v 1.19817 0.220188 0.06
l 7075 7076
v 0.323783 0.735418 0.06
v 0.820815 -0.132314 0.06
l 7077 7078
v 0.335238 0.723883 0.06
v 1.21253 0.24392 0.06
l 7079 7080
v 0.323392 0.736142 0.06
v 0.798606 -0.143728 0.06
l 7081 7082
v 0.33596 0.723488 0.06
v 1.22623 0.268055 0.06
l 7083 7084
v 0.336693 0.723113 0.06
v 1.23899 0.291997 0.06
l 7085 7086
v 0.322672 0.737623 0.06
v 0.747883 -0.167471 0.06
l 7087 7088
v 0.323022 0.736878 0.06
v 0.772174 -0.156578 0.06
l 7089 7090
v 0.337436 0.722758 0.06
v 1.25091 0.315854 0.06
l 7091 7092
v 0.338188 0.722423 0.06
v 1.263 0.341996 0.06
l 7093 7094
v 0.322343 0.738377 0.06
v 0.722287 -0.178162 0.06
l 7095 7096
v 0.322035 0.73914 0.06
v 0.696334 -0.188168 0.06
l 7097 7098
v 0.338949 0.72211 0.06
v 1.27344 0.366118 0.06
l 7099 7100
v 0.321481 0.74069 0.06
v 0.644652 -0.205651 0.06
l 7101 7102
v 0.321747 0.739911 0.06
v 0.671664 -0.19687 0.06
l 7103 7104
v 0.339718 0.721817 0.06
v 1.28392 0.392462 0.06
l 7105 7106
v 0.321236 0.741476 0.06
v 0.61879 -0.213229 0.06
l 7107 7108
v 0.340495 0.721546 0.06
v 1.29324 0.417764 0.06
l 7109 7110
v 0.341279 0.721296 0.06
v 1.30184 0.443212 0.06
l 7111 7112
v 0.321013 0.742269 0.06
v 0.591742 -0.220387 0.06
l 7113 7114
v 0.34207 0.721067 0.06
v 1.30995 0.469668 0.06
l 7115 7116
v 0.320812 0.743067 0.06
v 0.565068 -0.226644 0.06
l 7117 7118
v 0.342867 0.72086 0.06
v 1.31754 0.497247 0.06
l 7119 7120
v 0.343669 0.720676 0.06
v 1.32387 0.522674 0.06
l 7121 7122
v 0.320476 0.744678 0.06
v 0.511214 -0.236963 0.06
l 7123 7124
v 0.320633 0.74387 0.06
v 0.5382 -0.232175 0.06
l 7125 7126
v 0.344476 0.720513 0.06
v 1.3299 0.550385 0.06
l 7127 7128
v 0.320228 0.746305 0.06
v 0.457546 -0.244222 0.06
l 7129 7130
v 0.320341 0.74549 0.06
v 0.484352 -0.240968 0.06
l 7131 7132
v 0.345287 0.720373 0.06
v 1.33477 0.575752 0.06
l 7133 7134
v 0.346101 0.720254 0.06
v 1.33942 0.604883 0.06
l 7135 7136
v 0.320138 0.747123 0.06
v 0.429504 -0.246879 0.06
l 7137 7138
v 0.346919 0.720159 0.06
v 1.34288 0.630318 0.06
l 7139 7140
v 0.320071 0.747944 0.06
v 0.401404 -0.248743 0.06
l 7141 7142
v 0.347739 0.720085 0.06
v 1.34589 0.659286 0.06
l 7143 7144
v 0.34856 0.720035 0.06
v 1.34794 0.684786 0.06
l 7145 7146
v 0.320025 0.748766 0.06
v 0.375916 -0.249671 0.06
l 7147 7148
v 0.349383 0.720006 0.06
v 1.34936 0.713922 0.06
l 7149 7150
v 0.320003 0.750412 0.06
v 0.320003 -0.249588 0.06
l 7151 7152
v 0.320003 0.749588 0.06
v 0.34675 -0.250054 0.06
l 7153 7154
v 0.350206 0.720001 0.06
v 1.34999 0.740709 0.06
l 7155 7156
v 0.320025 0.751234 0.06
v 0.293278 -0.248408 0.06
l 7157 7158
v 0.351029 0.720018 0.06
v 1.34991 0.767389 0.06
l 7159 7160
v 0.320071 0.752056 0.06
v 0.26418 -0.246381 0.06
l 7161 7162
v 0.351851 0.720057 0.06
v 1.34901 0.795345 0.06
l 7163 7164
v 0.320138 0.752877 0.06
v 0.238805 -0.24381 0.06
l 7165 7166
v 0.352672 0.720119 0.06
v 1.34732 0.823472 0.06
l 7167 7168
v 0.320341 0.75451 0.06
v 0.183023 -0.236017 0.06
l 7169 7170
v 0.320228 0.753695 0.06
v 0.210862 -0.240307 0.06
l 7171 7172
v 0.35349 0.720204 0.06
v 1.345 0.850204 0.06
l 7173 7174
v 0.354306 0.720311 0.06
v 1.34195 0.877008 0.06
l 7175 7176
v 0.355119 0.72044 0.06
v 1.33791 0.905153 0.06
l 7177 7178
v 0.320476 0.755322 0.06
v 0.156465 -0.231136 0.06
l 7179 7180
v 0.320633 0.75613 0.06
v 0.129895 -0.225511 0.06
l 7181 7182
v 0.355928 0.720592 0.06
v 1.33361 0.930672 0.06
l 7183 7184
v 0.320812 0.756933 0.06
v 0.103245 -0.219112 0.06
l 7185 7186
v 0.356733 0.720765 0.06
v 1.32794 0.958985 0.06
l 7187 7188
v 0.321013 0.757731 0.06
v 0.0767566 -0.21198 0.06
l 7189 7190
v 0.357532 0.720961 0.06
v 1.32183 0.985762 0.06
l 7191 7192
v 0.358326 0.721179 0.06
v 1.31527 1.01144 0.06
l 7193 7194
v 0.321236 0.758524 0.06
v 0.0505072 -0.204132 0.06
l 7195 7196
v 0.321481 0.75931 0.06
v 0.0239275 -0.195395 0.06
l 7197 7198
v 0.359114 0.721418 0.06
v 1.30757 1.03832 0.06
l 7199 7200
v 0.321747 0.760089 0.06
v -0.00142374 -0.186252 0.06
l 7201 7202
v 0.359895 0.721679 0.06
v 1.29932 1.06445 0.06
l 7203 7204
v 0.322035 0.76086 0.06
v -0.0278819 -0.175921 0.06
l 7205 7206
v 0.360668 0.721961 0.06
v 1.29041 1.09018 0.06
l 7207 7208
v 0.322343 0.761623 0.06
v -0.051956 -0.165685 0.06
l 7209 7210
v 0.361433 0.722264 0.06
v 1.28076 1.11575 0.06
l 7211 7212
v 0.322672 0.762377 0.06
v -0.0772724 -0.154162 0.06
l 7213 7214
v 0.36219 0.722588 0.06
v 1.27005 1.14187 0.06
l 7215 7216
v 0.323022 0.763122 0.06
v -0.102189 -0.141972 0.06
l 7217 7218
v 0.362937 0.722933 0.06
v 1.25929 1.16628 0.06
l 7219 7220
v 0.323392 0.763858 0.06
v -0.12576 -0.129597 0.06
l 7221 7222
v 0.363675 0.723298 0.06
v 1.24741 1.19129 0.06
l 7223 7224
v 0.323783 0.764582 0.06
v -0.151431 -0.115288 0.06
l 7225 7226
v 0.364402 0.723683 0.06
v 1.2351 1.21551 0.06
l 7227 7228
v 0.365119 0.724088 0.06
v 1.22155 1.24035 0.06
l 7229 7230
v 0.324622 0.765998 0.06
v -0.197715 -0.0867411 0.06
l 7231 7232
v 0.324192 0.765296 0.06
v -0.17284 -0.102436 0.06
l 7233 7234
v 0.365824 0.724513 0.06
v 1.20839 1.26311 0.06
l 7235 7236
v 0.366517 0.724956 0.06
v 1.19348 1.28722 0.06
l 7237 7238
v 0.32507 0.766688 0.06
v -0.21949 -0.0720336 0.06
l 7239 7240
v 0.325537 0.767366 0.06
v -0.241714 -0.0561792 0.06
l 7241 7242
v 0.367198 0.725419 0.06
v 1.17871 1.30975 0.06
l 7243 7244
v 0.326023 0.768031 0.06
v -0.264032 -0.0393323 0.06
l 7245 7246
v 0.367866 0.7259 0.06
v 1.16287 1.33251 0.06
l 7247 7248
v 0.327048 0.769319 0.06
v -0.306064 -0.00474156 0.06
l 7249 7250
v 0.326527 0.768682 0.06
v -0.285635 -0.0220502 0.06
l 7251 7252
v 0.36852 0.726399 0.06
v 1.1469 1.3542 0.06
l 7253 7254
v 0.369161 0.726916 0.06
v 1.12996 1.3759 0.06
l 7255 7256
v 0.327587 0.769941 0.06
v -0.327316 0.014228 0.06
l 7257 7258
v 0.369787 0.72745 0.06
v 1.11182 1.39782 0.06
l 7259 7260
v 0.328142 0.770548 0.06
v -0.346624 0.0325161 0.06
l 7261 7262
v 0.370398 0.728002 0.06
v 1.09431 1.41789 0.06
l 7263 7264
v 0.328714 0.77114 0.06
v -0.366161 0.0520093 0.06
l 7265 7266
v 0.370994 0.72857 0.06
v 1.07567 1.4381 0.06
l 7267 7268
v 0.329302 0.771716 0.06
v -0.385045 0.0719241 0.06
l 7269 7270
v 0.371574 0.729154 0.06
v 1.05706 1.45724 0.06
l 7271 7272
v 0.329906 0.772276 0.06
v -0.4034 0.0923775 0.06
l 7273 7274
v 0.372138 0.729753 0.06
v 1.03672 1.47697 0.06
l 7275 7276
v 0.330524 0.772819 0.06
v -0.420702 0.112774 0.06
l 7277 7278
v 0.372685 0.730368 0.06
v 1.01647 1.49557 0.06
l 7279 7280
v 0.331158 0.773345 0.06
v -0.438455 0.134835 0.06
l 7281 7282
v 0.373215 0.730998 0.06
v 0.995522 1.51377 0.06
l 7283 7284
v 0.331805 0.773853 0.06
v -0.454708 0.156279 0.06
l 7285 7286
v 0.373727 0.731642 0.06
v 0.974919 1.53075 0.06
l 7287 7288
v 0.332466 0.774343 0.06
v -0.470877 0.178826 0.06
l 7289 7290
v 0.374222 0.7323 0.06
v 0.953592 1.54736 0.06
l 7291 7292
v 0.333141 0.774815 0.06
v -0.486368 0.201749 0.06
l 7293 7294
v 0.374699 0.732971 0.06
v 0.930252 1.56445 0.06
l 7295 7296
v 0.333828 0.775268 0.06
v -0.50102 0.224787 0.06
l 7297 7298
v 0.375156 0.733655 0.06
v 0.90866 1.57945 0.06
l 7299 7300
v 0.334527 0.775702 0.06
v -0.515043 0.248226 0.06
l 7301 7302
v 0.375595 0.734351 0.06
v 0.885777 1.59442 0.06
l 7303 7304
v 0.335238 0.776117 0.06
v -0.528402 0.272007 0.06
l 7305 7306
v 0.376015 0.735059 0.06
v 0.861683 1.6092 0.06
l 7307 7308
v 0.33596 0.776512 0.06
v -0.541329 0.296549 0.06
l 7309 7310
v 0.376415 0.735779 0.06
v 0.838112 1.62282 0.06
l 7311 7312
v 0.336693 0.776887 0.06
v -0.553577 0.321454 0.06
l 7313 7314
v 0.376795 0.736509 0.06
v 0.814277 1.63574 0.06
l 7315 7316
v 0.337436 0.777242 0.06
v -0.56486 0.346126 0.06
l 7317 7318
v 0.377155 0.737249 0.06
v 0.790025 1.64804 0.06
l 7319 7320
v 0.338188 0.777577 0.06
v -0.575283 0.370673 0.06
l 7321 7322
v 0.377495 0.737999 0.06
v 0.764956 1.65988 0.06
l 7323 7324
v 0.338949 0.77789 0.06
v -0.585862 0.397463 0.06
l 7325 7326
v 0.377814 0.738758 0.06
v 0.739963 1.67088 0.06
l 7327 7328
v 0.339718 0.778183 0.06
v -0.594771 0.422191 0.06
l 7329 7330
v 0.378112 0.739525 0.06
v 0.714701 1.68118 0.06
l 7331 7332
v 0.340495 0.778454 0.06
v -0.603711 0.449099 0.06
l 7333 7334
v 0.378389 0.7403 0.06
v 0.688393 1.69104 0.06
l 7335 7336
v 0.341279 0.778704 0.06
v -0.611463 0.474922 0.06
l 7337 7338
v 0.378644 0.741082 0.06
v 0.662658 1.6999 0.06
l 7339 7340
v 0.34207 0.778933 0.06
v -0.618487 0.500849 0.06
l 7341 7342
v 0.378878 0.741872 0.06
v 0.636554 1.7081 0.06
l 7343 7344
v 0.342867 0.77914 0.06
v -0.625016 0.527741 0.06
l 7345 7346
v 0.37909 0.742667 0.06
v 0.609887 1.71567 0.06
l 7347 7348
v 0.343669 0.779324 0.06
v -0.631009 0.555711 0.06
l 7349 7350
v 0.37928 0.743468 0.06
v 0.583564 1.72238 0.06
l 7351 7352
v 0.344476 0.779487 0.06
v -0.635726 0.581485 0.06
l 7353 7354
v 0.379448 0.744273 0.06
v 0.55663 1.72845 0.06
l 7355 7356
v 0.345287 0.779627 0.06
v -0.640135 0.609499 0.06
l 7357 7358
v 0.379594 0.745084 0.06
v 0.530379 1.73365 0.06
l 7359 7360
v 0.346101 0.779746 0.06
v -0.643386 0.635125 0.06
l 7361 7362
v 0.379718 0.745897 0.06
v 0.503583 1.7382 0.06
l 7363 7364
v 0.346919 0.779841 0.06
v -0.646403 0.66447 0.06
l 7365 7366
v 0.37982 0.746714 0.06
v 0.474653 1.74221 0.06
l 7367 7368
v 0.347739 0.779915 0.06
v -0.648217 0.690074 0.06
l 7369 7370
v 0.379898 0.747533 0.06
v 0.449058 1.74514 0.06
l 7371 7372
v 0.34856 0.779965 0.06
v -0.64959 0.719166 0.06
l 7373 7374
v 0.379955 0.748355 0.06
v 0.421287 1.7475 0.06
l 7375 7376
v 0.349383 0.779994 0.06
v -0.649996 0.744745 0.06
l 7377 7378
v 0.379989 0.749177 0.06
v 0.39335 1.74909 0.06
l 7379 7380
v 0.350206 0.779999 0.06
v -0.649776 0.773915 0.06
l 7381 7382
v 0.38 0.75 0.06
v 0.366639 1.74991 0.06
l 7383 7384
v 0.351029 0.779982 0.06
v -0.648757 0.80069 0.06
l 7385 7386
v 0.379989 0.750823 0.06
v 0.338657 1.74997 0.06
l 7387 7388
v 0.351851 0.779943 0.06
v -0.647026 0.827314 0.06
l 7389 7390
v 0.379955 0.751645 0.06
v 0.310795 1.74925 0.06
l 7391 7392
v 0.352672 0.779881 0.06
v -0.64449 0.855169 0.06
l 7393 7394
v 0.379898 0.752467 0.06
v 0.285065 1.74796 0.06
l 7395 7396
v 0.35349 0.779796 0.06
v -0.641155 0.883149 0.06
l 7397 7398
v 0.37982 0.753286 0.06
v 0.255955 1.74559 0.06
l 7399 7400
v 0.354306 0.779689 0.06
v -0.637208 0.909689 0.06
l 7401 7402
v 0.379718 0.754103 0.06
v 0.228933 1.74267 0.06
l 7403 7404
v 0.355119 0.77956 0.06
v -0.632528 0.936257 0.06
l 7405 7406
v 0.379594 0.754916 0.06
v 0.202412 1.73909 0.06
l 7407 7408
v 0.355928 0.779408 0.06
v -0.626865 0.964121 0.06
l 7409 7410
v 0.379448 0.755727 0.06
v 0.175164 1.73464 0.06
l 7411 7412
v 0.356733 0.779235 0.06
v -0.620951 0.989315 0.06
l 7413 7414
v 0.37928 0.756532 0.06
v 0.148483 1.72953 0.06
l 7415 7416
v 0.357532 0.779039 0.06
v -0.613679 1.01726 0.06
l 7417 7418
v 0.37909 0.757333 0.06
v 0.121414 1.72356 0.06
l 7419 7420
v 0.358326 0.778821 0.06
v -0.605977 1.04362 0.06
l 7421 7422
v 0.378878 0.758128 0.06
v 0.0948636 1.71695 0.06
l 7423 7424
v 0.359114 0.778582 0.06
v -0.597834 1.06884 0.06
l 7425 7426
v 0.378644 0.758918 0.06
v 0.0686405 1.70965 0.06
l 7427 7428
v 0.359895 0.778321 0.06
v -0.588564 1.09522 0.06
l 7429 7430
v 0.378389 0.7597 0.06
v 0.0418003 1.70135 0.06
l 7431 7432
v 0.360668 0.778039 0.06
v -0.578753 1.12081 0.06
l 7433 7434
v 0.378112 0.760475 0.06
v 0.0159629 1.6926 0.06
l 7435 7436
v 0.361433 0.777736 0.06
v -0.568307 1.14595 0.06
l 7437 7438
v 0.377814 0.761242 0.06
v -0.00964741 1.68313 0.06
l 7439 7440
v 0.36219 0.777412 0.06
v -0.55714 1.1709 0.06
l 7441 7442
v 0.377495 0.762001 0.06
v -0.0353752 1.67279 0.06
l 7443 7444
v 0.362937 0.777067 0.06
v -0.544918 1.19635 0.06
l 7445 7446
v 0.377155 0.762751 0.06
v -0.0603265 1.66198 0.06
l 7447 7448
v 0.363675 0.776702 0.06
v -0.532677 1.22005 0.06
l 7449 7450
v 0.376795 0.763491 0.06
v -0.084902 1.65053 0.06
l 7451 7452
v 0.364402 0.776317 0.06
v -0.519333 1.2443 0.06
l 7453 7454
v 0.376415 0.764221 0.06
v -0.109252 1.63836 0.06
l 7455 7456
v 0.365119 0.775912 0.06
v -0.505577 1.26773 0.06
l 7457 7458
v 0.376015 0.764941 0.06
v -0.134167 1.62501 0.06
l 7459 7460
v 0.365824 0.775487 0.06
v -0.490607 1.29175 0.06
l 7461 7462
v 0.375595 0.765649 0.06
v -0.157909 1.61145 0.06
l 7463 7464
v 0.366517 0.775044 0.06
v -0.476049 1.31364 0.06
l 7465 7466
v 0.375156 0.766345 0.06
v -0.180397 1.59783 0.06
l 7467 7468
v 0.367198 0.774581 0.06
v -0.459762 1.33684 0.06
l 7469 7470
v 0.374699 0.767029 0.06
v -0.204671 1.58209 0.06
l 7471 7472
v 0.367866 0.7741 0.06
v -0.443648 1.35843 0.06
l 7473 7474
v 0.374222 0.7677 0.06
v -0.22697 1.5668 0.06
l 7475 7476
v 0.36852 0.773601 0.06
v -0.426479 1.38021 0.06
l 7477 7478
v 0.373727 0.768358 0.06
v -0.24858 1.55113 0.06
l 7479 7480
v 0.369161 0.773084 0.06
v -0.409216 1.40088 0.06
l 7481 7482
v 0.373215 0.769002 0.06
v -0.270573 1.53421 0.06
l 7483 7484
v 0.369787 0.77255 0.06
v -0.391012 1.42154 0.06
l 7485 7486
v 0.372685 0.769632 0.06
v -0.291899 1.51685 0.06
l 7487 7488
v 0.370398 0.771998 0.06
v -0.371631 1.44237 0.06
l 7489 7490
v 0.372138 0.770247 0.06
v -0.313349 1.49833 0.06
l 7491 7492
v 0.370994 0.77143 0.06
v -0.352922 1.46132 0.06
l 7493 7494
v 0.371574 0.770846 0.06
v -0.333103 1.48037 0.06
l 7495 7496
