# Wavefront OBJ file written 2025-10-18T23:42:41
o model_m_edgeMesh

# points : 3740
# lines  : 3748

# <points count="3740">
v 0.2 0.12 0.21
v 0.05 0.12 0.21
v 0.05 0.02 0.21
v 0.2 0.02 0.21
v 0 0 0.16
v 0.5 0 0.16
v 0 0.9 0.16
v 0.5 0.9 0.16
v 0 0.9 0
v 0.5 0.9 0
v 0 0 0
v 0.5 0 0
v 0.05 0.12 0.16
v 0.05 0.02 0.16
v 0.2 0.02 0.16
v 0.2 0.12 0.16
v 0.129302 0.428284 0.16
v 0.128714 0.42886 0.16
v 0.128142 0.429452 0.16
v 0.129906 0.427724 0.16
v 0.127587 0.430059 0.16
v 0.130524 0.427181 0.16
v 0.127048 0.430681 0.16
v 0.131158 0.426655 0.16
v 0.126527 0.431318 0.16
v 0.131805 0.426147 0.16
v 0.126023 0.431969 0.16
v 0.132466 0.425657 0.16
v 0.125537 0.432634 0.16
v 0.133141 0.425185 0.16
v 0.12507 0.433312 0.16
v 0.133828 0.424732 0.16
v 0.124622 0.434002 0.16
v 0.134527 0.424298 0.16
v 0.124192 0.434704 0.16
v 0.135238 0.423883 0.16
v 0.123783 0.435418 0.16
v 0.13596 0.423488 0.16
v 0.123392 0.436142 0.16
v 0.136693 0.423113 0.16
v 0.123022 0.436878 0.16
v 0.137436 0.422758 0.16
v 0.122672 0.437623 0.16
v 0.138188 0.422423 0.16
v 0.122343 0.438377 0.16
v 0.138949 0.42211 0.16
v 0.122035 0.43914 0.16
v 0.139718 0.421817 0.16
v 0.121747 0.439911 0.16
v 0.140495 0.421546 0.16
v 0.121481 0.44069 0.16
v 0.141279 0.421296 0.16
v 0.121236 0.441476 0.16
v 0.14207 0.421067 0.16
v 0.121013 0.442269 0.16
v 0.142867 0.42086 0.16
v 0.120812 0.443067 0.16
v 0.143669 0.420676 0.16
v 0.120633 0.44387 0.16
v 0.144476 0.420513 0.16
v 0.120476 0.444678 0.16
v 0.145287 0.420373 0.16
v 0.120341 0.44549 0.16
v 0.146101 0.420254 0.16
v 0.120228 0.446305 0.16
v 0.146919 0.420159 0.16
v 0.120138 0.447124 0.16
v 0.147739 0.420085 0.16
v 0.120071 0.447944 0.16
v 0.14856 0.420035 0.16
v 0.120025 0.448766 0.16
v 0.149383 0.420006 0.16
v 0.120003 0.449588 0.16
v 0.150206 0.420001 0.16
v 0.120003 0.450412 0.16
v 0.151029 0.420018 0.16
v 0.151851 0.420057 0.16
v 0.152672 0.420119 0.16
v 0.15349 0.420204 0.16
v 0.154306 0.420311 0.16
v 0.155119 0.42044 0.16
v 0.155928 0.420592 0.16
v 0.156733 0.420765 0.16
v 0.157532 0.420961 0.16
v 0.158326 0.421179 0.16
v 0.159114 0.421418 0.16
v 0.159895 0.421679 0.16
v 0.160668 0.421961 0.16
v 0.161433 0.422264 0.16
v 0.165824 0.424513 0.16
v 0.165119 0.424088 0.16
v 0.308123 0.407031 0.16
v 0.307031 0.408123 0.16
v 0.166517 0.424956 0.16
v 0.309244 0.405967 0.16
v 0.164402 0.423683 0.16
v 0.167198 0.425419 0.16
v 0.305967 0.409244 0.16
v 0.310391 0.404932 0.16
v 0.163675 0.423298 0.16
v 0.162937 0.422933 0.16
v 0.167866 0.4259 0.16
v 0.304932 0.410391 0.16
v 0.311564 0.403927 0.16
v 0.16219 0.422588 0.16
v 0.16852 0.426399 0.16
v 0.303927 0.411564 0.16
v 0.312763 0.402953 0.16
v 0.169161 0.426916 0.16
v 0.169787 0.42745 0.16
v 0.302953 0.412763 0.16
v 0.313987 0.40201 0.16
v 0.170398 0.428002 0.16
v 0.30201 0.413987 0.16
v 0.315235 0.401098 0.16
v 0.170994 0.42857 0.16
v 0.301098 0.415235 0.16
v 0.316505 0.400219 0.16
v 0.171574 0.429154 0.16
v 0.300219 0.416505 0.16
v 0.317798 0.399373 0.16
v 0.172138 0.429753 0.16
v 0.299373 0.417798 0.16
v 0.319112 0.398561 0.16
v 0.172685 0.430368 0.16
v 0.298561 0.419112 0.16
v 0.320447 0.397783 0.16
v 0.173215 0.430998 0.16
v 0.173727 0.431642 0.16
v 0.297783 0.420447 0.16
v 0.321801 0.397039 0.16
v 0.174222 0.4323 0.16
v 0.297039 0.421801 0.16
v 0.323174 0.396331 0.16
v 0.174699 0.432971 0.16
v 0.296331 0.423174 0.16
v 0.324565 0.395658 0.16
v 0.175156 0.433655 0.16
v 0.295658 0.424565 0.16
v 0.325973 0.395021 0.16
v 0.175595 0.434351 0.16
v 0.176015 0.435059 0.16
v 0.295021 0.425973 0.16
v 0.327396 0.394421 0.16
v 0.176415 0.435779 0.16
v 0.294421 0.427396 0.16
v 0.328835 0.393857 0.16
v 0.293857 0.428835 0.16
v 0.176795 0.436509 0.16
v 0.330287 0.393331 0.16
v 0.293331 0.430287 0.16
v 0.177155 0.437249 0.16
v 0.331753 0.392842 0.16
v 0.177495 0.437999 0.16
v 0.292842 0.431753 0.16
v 0.333231 0.392391 0.16
v 0.177814 0.438758 0.16
v 0.178112 0.439525 0.16
v 0.292391 0.433231 0.16
v 0.33472 0.391978 0.16
v 0.178389 0.4403 0.16
v 0.291978 0.43472 0.16
v 0.336219 0.391604 0.16
v 0.178644 0.441082 0.16
v 0.291604 0.436219 0.16
v 0.337727 0.391269 0.16
v 0.178878 0.441872 0.16
v 0.17909 0.442667 0.16
v 0.291269 0.437727 0.16
v 0.339243 0.390972 0.16
v 0.17928 0.443468 0.16
v 0.290972 0.439243 0.16
v 0.340767 0.390715 0.16
v 0.179448 0.444273 0.16
v 0.290715 0.440767 0.16
v 0.342296 0.390497 0.16
v 0.179594 0.445084 0.16
v 0.290497 0.442296 0.16
v 0.343831 0.390318 0.16
v 0.179718 0.445897 0.16
v 0.17982 0.446714 0.16
v 0.290318 0.443831 0.16
v 0.345369 0.390179 0.16
v 0.179898 0.447533 0.16
v 0.290179 0.445369 0.16
v 0.346911 0.39008 0.16
v 0.179955 0.448355 0.16
v 0.29008 0.446911 0.16
v 0.348455 0.39002 0.16
v 0.179989 0.449177 0.16
v 0.29002 0.448455 0.16
v 0.35 0.39 0.16
v 0.179989 0.450823 0.16
v 0.18 0.45 0.16
v 0.29 0.45 0.16
v 0.351545 0.39002 0.16
v 0.179955 0.451645 0.16
v 0.29002 0.451545 0.16
v 0.353089 0.39008 0.16
v 0.179898 0.452467 0.16
v 0.29008 0.453089 0.16
v 0.354631 0.390179 0.16
v 0.17982 0.453286 0.16
v 0.290179 0.454631 0.16
v 0.356169 0.390318 0.16
v 0.179718 0.454103 0.16
v 0.179594 0.454916 0.16
v 0.290318 0.456169 0.16
v 0.357704 0.390497 0.16
v 0.179448 0.455727 0.16
v 0.290497 0.457704 0.16
v 0.359233 0.390715 0.16
v 0.290715 0.459233 0.16
v 0.17928 0.456532 0.16
v 0.360757 0.390972 0.16
v 0.17909 0.457333 0.16
v 0.290972 0.460757 0.16
v 0.362273 0.391269 0.16
v 0.178878 0.458128 0.16
v 0.178644 0.458918 0.16
v 0.291269 0.462273 0.16
v 0.363781 0.391604 0.16
v 0.291604 0.463781 0.16
v 0.178389 0.4597 0.16
v 0.36528 0.391978 0.16
v 0.178112 0.460475 0.16
v 0.291978 0.46528 0.16
v 0.366769 0.392391 0.16
v 0.177814 0.461242 0.16
v 0.177495 0.462001 0.16
v 0.292391 0.466769 0.16
v 0.368247 0.392842 0.16
v 0.177155 0.462751 0.16
v 0.292842 0.468247 0.16
v 0.369713 0.393331 0.16
v 0.176795 0.463491 0.16
v 0.293331 0.469713 0.16
v 0.371165 0.393857 0.16
v 0.176415 0.464221 0.16
v 0.293857 0.471165 0.16
v 0.372604 0.394421 0.16
v 0.176015 0.464941 0.16
v 0.294421 0.472604 0.16
v 0.374027 0.395021 0.16
v 0.175595 0.465649 0.16
v 0.175156 0.466345 0.16
v 0.295021 0.474027 0.16
v 0.375435 0.395658 0.16
v 0.174699 0.467029 0.16
v 0.295658 0.475435 0.16
v 0.376826 0.396331 0.16
v 0.296331 0.476826 0.16
v 0.174222 0.4677 0.16
v 0.378199 0.397039 0.16
v 0.297039 0.478199 0.16
v 0.173727 0.468358 0.16
v 0.379553 0.397783 0.16
v 0.297783 0.479553 0.16
v 0.173215 0.469002 0.16
v 0.172685 0.469632 0.16
v 0.380888 0.398561 0.16
v 0.172138 0.470247 0.16
v 0.298561 0.480888 0.16
v 0.382202 0.399373 0.16
v 0.299373 0.482202 0.16
v 0.171574 0.470846 0.16
v 0.383495 0.400219 0.16
v 0.300219 0.483495 0.16
v 0.170994 0.47143 0.16
v 0.301098 0.484765 0.16
v 0.170398 0.471998 0.16
v 0.384765 0.401098 0.16
v 0.386013 0.40201 0.16
v 0.169787 0.47255 0.16
v 0.30201 0.486013 0.16
v 0.302953 0.487237 0.16
v 0.169161 0.473084 0.16
v 0.16852 0.473601 0.16
v 0.387237 0.402953 0.16
v 0.388436 0.403927 0.16
v 0.167866 0.4741 0.16
v 0.303927 0.488436 0.16
v 0.304932 0.489609 0.16
v 0.167198 0.474581 0.16
v 0.389609 0.404932 0.16
v 0.390756 0.405967 0.16
v 0.305967 0.490756 0.16
v 0.166517 0.475044 0.16
v 0.307031 0.491877 0.16
v 0.165824 0.475487 0.16
v 0.391877 0.407031 0.16
v 0.308123 0.492969 0.16
v 0.165119 0.475912 0.16
v 0.392969 0.408123 0.16
v 0.164402 0.476317 0.16
v 0.309244 0.494033 0.16
v 0.394033 0.409244 0.16
v 0.395068 0.410391 0.16
v 0.396073 0.411564 0.16
v 0.397047 0.412763 0.16
v 0.39799 0.413987 0.16
v 0.398902 0.415235 0.16
v 0.125537 0.467366 0.16
v 0.126023 0.468031 0.16
v 0.108123 0.707031 0.16
v 0.107031 0.708123 0.16
v 0.126527 0.468682 0.16
v 0.109244 0.705967 0.16
v 0.127048 0.469319 0.16
v 0.12507 0.466688 0.16
v 0.124622 0.465998 0.16
v 0.105967 0.709244 0.16
v 0.110391 0.704932 0.16
v 0.127587 0.469941 0.16
v 0.124192 0.465296 0.16
v 0.104932 0.710391 0.16
v 0.128142 0.470548 0.16
v 0.111564 0.703927 0.16
v 0.123783 0.464582 0.16
v 0.103927 0.711564 0.16
v 0.128714 0.47114 0.16
v 0.112763 0.702953 0.16
v 0.123392 0.463858 0.16
v 0.102953 0.712763 0.16
v 0.113987 0.70201 0.16
v 0.129302 0.471716 0.16
v 0.123022 0.463122 0.16
v 0.10201 0.713987 0.16
v 0.399781 0.416505 0.16
v 0.115235 0.701098 0.16
v 0.129906 0.472276 0.16
v 0.122672 0.462377 0.16
v 0.101098 0.715235 0.16
v 0.116505 0.700219 0.16
v 0.130524 0.472819 0.16
v 0.122343 0.461623 0.16
v 0.100219 0.716505 0.16
v 0.117798 0.699373 0.16
v 0.131158 0.473345 0.16
v 0.122035 0.46086 0.16
v 0.0993735 0.717798 0.16
v 0.119112 0.698561 0.16
v 0.131805 0.473853 0.16
v 0.121747 0.460089 0.16
v 0.0985611 0.719112 0.16
v 0.132466 0.474343 0.16
v 0.133141 0.474815 0.16
v 0.120447 0.697783 0.16
v 0.0977829 0.720447 0.16
v 0.121481 0.45931 0.16
v 0.400627 0.417798 0.16
v 0.133828 0.475268 0.16
v 0.121801 0.697039 0.16
v 0.121236 0.458524 0.16
v 0.0970393 0.721801 0.16
v 0.123174 0.696331 0.16
v 0.134527 0.475702 0.16
v 0.121013 0.457731 0.16
v 0.0963308 0.723174 0.16
v 0.124565 0.695658 0.16
v 0.135238 0.476117 0.16
v 0.120812 0.456933 0.16
v 0.0956579 0.724565 0.16
v 0.401439 0.419112 0.16
v 0.125973 0.695021 0.16
v 0.13596 0.476512 0.16
v 0.120633 0.45613 0.16
v 0.095021 0.725973 0.16
v 0.127396 0.694421 0.16
v 0.136693 0.476887 0.16
v 0.120476 0.455322 0.16
v 0.0944206 0.727396 0.16
v 0.402217 0.420447 0.16
v 0.128835 0.693857 0.16
v 0.137436 0.477242 0.16
v 0.120341 0.45451 0.16
v 0.093857 0.728835 0.16
v 0.130287 0.693331 0.16
v 0.138188 0.477577 0.16
v 0.0933306 0.730287 0.16
v 0.131753 0.692842 0.16
v 0.138949 0.47789 0.16
v 0.139718 0.478183 0.16
v 0.402961 0.421801 0.16
v 0.133231 0.692391 0.16
v 0.140495 0.478454 0.16
v 0.141279 0.478704 0.16
v 0.13472 0.691978 0.16
v 0.403669 0.423174 0.16
v 0.14207 0.478933 0.16
v 0.136219 0.691604 0.16
v 0.404342 0.424565 0.16
v 0.142867 0.47914 0.16
v 0.137727 0.691269 0.16
v 0.139243 0.690972 0.16
v 0.143669 0.479324 0.16
v 0.404979 0.425973 0.16
v 0.140767 0.690715 0.16
v 0.144476 0.479487 0.16
v 0.142296 0.690497 0.16
v 0.145287 0.479627 0.16
v 0.146101 0.479746 0.16
v 0.405579 0.427396 0.16
v 0.143831 0.690318 0.16
v 0.146919 0.479841 0.16
v 0.406143 0.428835 0.16
v 0.145369 0.690179 0.16
v 0.147739 0.479915 0.16
v 0.406669 0.430287 0.16
v 0.146911 0.69008 0.16
v 0.14856 0.479965 0.16
v 0.149383 0.479994 0.16
v 0.148455 0.69002 0.16
v 0.407158 0.431753 0.16
v 0.15 0.69 0.16
v 0.150206 0.479999 0.16
v 0.407609 0.433231 0.16
v 0.151545 0.69002 0.16
v 0.151029 0.479982 0.16
v 0.408022 0.43472 0.16
v 0.151851 0.479943 0.16
v 0.152672 0.479881 0.16
v 0.153089 0.69008 0.16
v 0.408396 0.436219 0.16
v 0.154631 0.690179 0.16
v 0.15349 0.479796 0.16
v 0.408731 0.437727 0.16
v 0.156169 0.690318 0.16
v 0.154306 0.479689 0.16
v 0.157704 0.690497 0.16
v 0.155119 0.47956 0.16
v 0.409028 0.439243 0.16
v 0.159233 0.690715 0.16
v 0.155928 0.479408 0.16
v 0.409285 0.440767 0.16
v 0.156733 0.479235 0.16
v 0.160757 0.690972 0.16
v 0.409503 0.442296 0.16
v 0.409682 0.443831 0.16
v 0.157532 0.479039 0.16
v 0.162273 0.691269 0.16
v 0.409821 0.445369 0.16
v 0.163781 0.691604 0.16
v 0.158326 0.478821 0.16
v 0.159114 0.478582 0.16
v 0.40992 0.446911 0.16
v 0.159895 0.478321 0.16
v 0.16528 0.691978 0.16
v 0.40998 0.448455 0.16
v 0.160668 0.478039 0.16
v 0.166769 0.692391 0.16
v 0.161433 0.477736 0.16
v 0.168247 0.692842 0.16
v 0.169713 0.693331 0.16
v 0.16219 0.477412 0.16
v 0.162937 0.477067 0.16
v 0.171165 0.693857 0.16
v 0.172604 0.694421 0.16
v 0.163675 0.476702 0.16
v 0.174027 0.695021 0.16
v 0.310391 0.495068 0.16
v 0.175435 0.695658 0.16
v 0.311564 0.496073 0.16
v 0.176826 0.696331 0.16
v 0.312763 0.497047 0.16
v 0.178199 0.697039 0.16
v 0.313987 0.49799 0.16
v 0.179553 0.697783 0.16
v 0.315235 0.498902 0.16
v 0.180888 0.698561 0.16
v 0.182202 0.699373 0.16
v 0.316505 0.499781 0.16
v 0.317798 0.500627 0.16
v 0.183495 0.700219 0.16
v 0.184765 0.701098 0.16
v 0.319112 0.501439 0.16
v 0.186013 0.70201 0.16
v 0.320447 0.502217 0.16
v 0.187237 0.702953 0.16
v 0.321801 0.502961 0.16
v 0.188436 0.703927 0.16
v 0.323174 0.503669 0.16
v 0.189609 0.704932 0.16
v 0.324565 0.504342 0.16
v 0.190756 0.705967 0.16
v 0.325973 0.504979 0.16
v 0.120228 0.453695 0.16
v 0.120138 0.452876 0.16
v 0.120071 0.452056 0.16
v 0.120025 0.451234 0.16
v 0.105967 0.790756 0.16
v 0.107031 0.791877 0.16
v 0.104932 0.789609 0.16
v 0.103927 0.788436 0.16
v 0.102953 0.787237 0.16
v 0.10201 0.786013 0.16
v 0.101098 0.784765 0.16
v 0.100219 0.783495 0.16
v 0.0993735 0.782202 0.16
v 0.0985611 0.780888 0.16
v 0.0977829 0.779553 0.16
v 0.0970393 0.778199 0.16
v 0.0963308 0.776826 0.16
v 0.0956579 0.775435 0.16
v 0.095021 0.774027 0.16
v 0.0944206 0.772604 0.16
v 0.093857 0.771165 0.16
v 0.0933306 0.769713 0.16
v 0.0928419 0.768247 0.16
v 0.092391 0.766769 0.16
v 0.0919783 0.76528 0.16
v 0.0916041 0.763781 0.16
v 0.0912687 0.762273 0.16
v 0.0909721 0.760757 0.16
v 0.0907147 0.759233 0.16
v 0.0904966 0.757704 0.16
v 0.090318 0.756169 0.16
v 0.0901789 0.754631 0.16
v 0.0900796 0.753089 0.16
v 0.0900199 0.751545 0.16
v 0.09 0.75 0.16
v 0.0900199 0.748455 0.16
v 0.0900796 0.746911 0.16
v 0.0901789 0.745369 0.16
v 0.090318 0.743831 0.16
v 0.0904966 0.742296 0.16
v 0.0907147 0.740767 0.16
v 0.0909721 0.739243 0.16
v 0.0912687 0.737727 0.16
v 0.0916041 0.736219 0.16
v 0.0919783 0.73472 0.16
v 0.092391 0.733231 0.16
v 0.0928419 0.731753 0.16
v 0.108123 0.792969 0.16
v 0.109244 0.794033 0.16
v 0.110391 0.795068 0.16
v 0.111564 0.796073 0.16
v 0.112763 0.797047 0.16
v 0.113987 0.79799 0.16
v 0.115235 0.798902 0.16
v 0.116505 0.799781 0.16
v 0.117798 0.800627 0.16
v 0.119112 0.801439 0.16
v 0.120447 0.802217 0.16
v 0.121801 0.802961 0.16
v 0.123174 0.803669 0.16
v 0.124565 0.804342 0.16
v 0.125973 0.804979 0.16
v 0.127396 0.805579 0.16
v 0.128835 0.806143 0.16
v 0.130287 0.806669 0.16
v 0.131753 0.807158 0.16
v 0.133231 0.807609 0.16
v 0.13472 0.808022 0.16
v 0.136219 0.808396 0.16
v 0.137727 0.808731 0.16
v 0.139243 0.809028 0.16
v 0.140767 0.809285 0.16
v 0.142296 0.809503 0.16
v 0.143831 0.809682 0.16
v 0.145369 0.809821 0.16
v 0.146911 0.80992 0.16
v 0.148455 0.80998 0.16
v 0.15 0.81 0.16
v 0.151545 0.80998 0.16
v 0.153089 0.80992 0.16
v 0.154631 0.809821 0.16
v 0.156169 0.809682 0.16
v 0.157704 0.809503 0.16
v 0.159233 0.809285 0.16
v 0.160757 0.809028 0.16
v 0.162273 0.808731 0.16
v 0.163781 0.808396 0.16
v 0.199781 0.716505 0.16
v 0.198902 0.715235 0.16
v 0.329302 0.728284 0.16
v 0.328714 0.72886 0.16
v 0.200627 0.717798 0.16
v 0.328142 0.729452 0.16
v 0.329906 0.727724 0.16
v 0.19799 0.713987 0.16
v 0.327587 0.730059 0.16
v 0.201439 0.719112 0.16
v 0.197047 0.712763 0.16
v 0.330524 0.727181 0.16
v 0.327048 0.730681 0.16
v 0.202217 0.720447 0.16
v 0.331158 0.726655 0.16
v 0.196073 0.711564 0.16
v 0.202961 0.721801 0.16
v 0.326527 0.731318 0.16
v 0.331805 0.726147 0.16
v 0.195068 0.710391 0.16
v 0.203669 0.723174 0.16
v 0.326023 0.731969 0.16
v 0.194033 0.709244 0.16
v 0.332466 0.725657 0.16
v 0.325537 0.732634 0.16
v 0.333141 0.725185 0.16
v 0.204342 0.724565 0.16
v 0.32507 0.733312 0.16
v 0.192969 0.708123 0.16
v 0.333828 0.724732 0.16
v 0.204979 0.725973 0.16
v 0.324622 0.734002 0.16
v 0.191877 0.707031 0.16
v 0.334527 0.724298 0.16
v 0.324192 0.734704 0.16
v 0.205579 0.727396 0.16
v 0.335238 0.723883 0.16
v 0.206143 0.728835 0.16
v 0.323783 0.735418 0.16
v 0.33596 0.723488 0.16
v 0.327396 0.505579 0.16
v 0.323392 0.736142 0.16
v 0.206669 0.730287 0.16
v 0.328835 0.506143 0.16
v 0.336693 0.723113 0.16
v 0.323022 0.736878 0.16
v 0.330287 0.506669 0.16
v 0.337436 0.722758 0.16
v 0.207158 0.731753 0.16
v 0.322672 0.737623 0.16
v 0.331753 0.507158 0.16
v 0.338188 0.722423 0.16
v 0.207609 0.733231 0.16
v 0.322343 0.738377 0.16
v 0.338949 0.72211 0.16
v 0.322035 0.73914 0.16
v 0.208022 0.73472 0.16
v 0.339718 0.721817 0.16
v 0.333231 0.507609 0.16
v 0.321747 0.739911 0.16
v 0.208396 0.736219 0.16
v 0.340495 0.721546 0.16
v 0.33472 0.508022 0.16
v 0.321481 0.74069 0.16
v 0.336219 0.508396 0.16
v 0.341279 0.721296 0.16
v 0.208731 0.737727 0.16
v 0.321236 0.741476 0.16
v 0.34207 0.721067 0.16
v 0.337727 0.508731 0.16
v 0.209028 0.739243 0.16
v 0.321013 0.742269 0.16
v 0.339243 0.509028 0.16
v 0.342867 0.72086 0.16
v 0.320812 0.743067 0.16
v 0.209285 0.740767 0.16
v 0.343669 0.720676 0.16
v 0.340767 0.509285 0.16
v 0.320633 0.74387 0.16
v 0.344476 0.720513 0.16
v 0.342296 0.509503 0.16
v 0.320476 0.744678 0.16
v 0.209503 0.742296 0.16
v 0.345287 0.720373 0.16
v 0.320341 0.74549 0.16
v 0.209682 0.743831 0.16
v 0.346101 0.720254 0.16
v 0.343831 0.509682 0.16
v 0.320228 0.746305 0.16
v 0.209821 0.745369 0.16
v 0.345369 0.509821 0.16
v 0.346919 0.720159 0.16
v 0.320138 0.747123 0.16
v 0.20992 0.746911 0.16
v 0.347739 0.720085 0.16
v 0.346911 0.50992 0.16
v 0.320071 0.747944 0.16
v 0.348455 0.50998 0.16
v 0.34856 0.720035 0.16
v 0.320025 0.748766 0.16
v 0.20998 0.748455 0.16
v 0.349383 0.720006 0.16
v 0.35 0.51 0.16
v 0.21 0.75 0.16
v 0.320003 0.749588 0.16
v 0.351545 0.50998 0.16
v 0.350206 0.720001 0.16
v 0.20998 0.751545 0.16
v 0.320003 0.750412 0.16
v 0.353089 0.50992 0.16
v 0.351029 0.720018 0.16
v 0.20992 0.753089 0.16
v 0.320025 0.751234 0.16
v 0.351851 0.720057 0.16
v 0.320071 0.752056 0.16
v 0.352672 0.720119 0.16
v 0.354631 0.509821 0.16
v 0.320138 0.752877 0.16
v 0.209821 0.754631 0.16
v 0.35349 0.720204 0.16
v 0.356169 0.509682 0.16
v 0.209682 0.756169 0.16
v 0.320228 0.753695 0.16
v 0.357704 0.509503 0.16
v 0.354306 0.720311 0.16
v 0.320341 0.75451 0.16
v 0.209503 0.757704 0.16
v 0.355119 0.72044 0.16
v 0.359233 0.509285 0.16
v 0.320476 0.755322 0.16
v 0.209285 0.759233 0.16
v 0.355928 0.720592 0.16
v 0.360757 0.509028 0.16
v 0.320633 0.75613 0.16
v 0.356733 0.720765 0.16
v 0.362273 0.508731 0.16
v 0.209028 0.760757 0.16
v 0.320812 0.756933 0.16
v 0.363781 0.508396 0.16
v 0.357532 0.720961 0.16
v 0.321013 0.757731 0.16
v 0.208731 0.762273 0.16
v 0.358326 0.721179 0.16
v 0.321236 0.758524 0.16
v 0.208396 0.763781 0.16
v 0.36528 0.508022 0.16
v 0.359114 0.721418 0.16
v 0.321481 0.75931 0.16
v 0.366769 0.507609 0.16
v 0.359895 0.721679 0.16
v 0.321747 0.760089 0.16
v 0.208022 0.76528 0.16
v 0.360668 0.721961 0.16
v 0.368247 0.507158 0.16
v 0.207609 0.766769 0.16
v 0.322035 0.76086 0.16
v 0.369713 0.506669 0.16
v 0.361433 0.722264 0.16
v 0.322343 0.761623 0.16
v 0.207158 0.768247 0.16
v 0.36219 0.722588 0.16
v 0.371165 0.506143 0.16
v 0.206669 0.769713 0.16
v 0.322672 0.762377 0.16
v 0.372604 0.505579 0.16
v 0.362937 0.722933 0.16
v 0.323022 0.763122 0.16
v 0.374027 0.504979 0.16
v 0.363675 0.723298 0.16
v 0.323392 0.763858 0.16
v 0.206143 0.771165 0.16
v 0.364402 0.723683 0.16
v 0.323783 0.764582 0.16
v 0.205579 0.772604 0.16
v 0.365119 0.724088 0.16
v 0.375435 0.504342 0.16
v 0.204979 0.774027 0.16
v 0.324192 0.765296 0.16
v 0.376826 0.503669 0.16
v 0.365824 0.724513 0.16
v 0.324622 0.765998 0.16
v 0.204342 0.775435 0.16
v 0.378199 0.502961 0.16
v 0.366517 0.724956 0.16
v 0.203669 0.776826 0.16
v 0.32507 0.766688 0.16
v 0.379553 0.502217 0.16
v 0.367198 0.725419 0.16
v 0.325537 0.767366 0.16
v 0.380888 0.501439 0.16
v 0.367866 0.7259 0.16
v 0.326023 0.768031 0.16
v 0.202961 0.778199 0.16
v 0.382202 0.500627 0.16
v 0.36852 0.726399 0.16
v 0.326527 0.768682 0.16
v 0.202217 0.779553 0.16
v 0.383495 0.499781 0.16
v 0.369161 0.726916 0.16
v 0.201439 0.780888 0.16
v 0.327048 0.769319 0.16
v 0.384765 0.498902 0.16
v 0.369787 0.72745 0.16
v 0.200627 0.782202 0.16
v 0.327587 0.769941 0.16
v 0.386013 0.49799 0.16
v 0.370398 0.728002 0.16
v 0.199781 0.783495 0.16
v 0.328142 0.770548 0.16
v 0.370994 0.72857 0.16
v 0.328714 0.77114 0.16
v 0.371574 0.729154 0.16
v 0.387237 0.497047 0.16
v 0.329302 0.771716 0.16
v 0.198902 0.784765 0.16
v 0.388436 0.496073 0.16
v 0.372138 0.729753 0.16
v 0.329906 0.772276 0.16
v 0.19799 0.786013 0.16
v 0.372685 0.730368 0.16
v 0.389609 0.495068 0.16
v 0.330524 0.772819 0.16
v 0.197047 0.787237 0.16
v 0.390756 0.494033 0.16
v 0.373215 0.730998 0.16
v 0.196073 0.788436 0.16
v 0.331158 0.773345 0.16
v 0.391877 0.492969 0.16
v 0.373727 0.731642 0.16
v 0.331805 0.773853 0.16
v 0.195068 0.789609 0.16
v 0.392969 0.491877 0.16
v 0.374222 0.7323 0.16
v 0.332466 0.774343 0.16
v 0.194033 0.790756 0.16
v 0.394033 0.490756 0.16
v 0.374699 0.732971 0.16
v 0.333141 0.774815 0.16
v 0.395068 0.489609 0.16
v 0.375156 0.733655 0.16
v 0.333828 0.775268 0.16
v 0.192969 0.791877 0.16
v 0.396073 0.488436 0.16
v 0.375595 0.734351 0.16
v 0.334527 0.775702 0.16
v 0.191877 0.792969 0.16
v 0.397047 0.487237 0.16
v 0.376015 0.735059 0.16
v 0.190756 0.794033 0.16
v 0.335238 0.776117 0.16
v 0.39799 0.486013 0.16
v 0.376415 0.735779 0.16
v 0.189609 0.795068 0.16
v 0.33596 0.776512 0.16
v 0.398902 0.484765 0.16
v 0.376795 0.736509 0.16
v 0.188436 0.796073 0.16
v 0.336693 0.776887 0.16
v 0.399781 0.483495 0.16
v 0.377155 0.737249 0.16
v 0.337436 0.777242 0.16
v 0.187237 0.797047 0.16
v 0.377495 0.737999 0.16
v 0.400627 0.482202 0.16
v 0.338188 0.777577 0.16
v 0.186013 0.79799 0.16
v 0.377814 0.738758 0.16
v 0.401439 0.480888 0.16
v 0.338949 0.77789 0.16
v 0.184765 0.798902 0.16
v 0.378112 0.739525 0.16
v 0.402217 0.479553 0.16
v 0.339718 0.778183 0.16
v 0.183495 0.799781 0.16
v 0.378389 0.7403 0.16
v 0.340495 0.778454 0.16
v 0.341279 0.778704 0.16
v 0.182202 0.800627 0.16
v 0.34207 0.778933 0.16
v 0.180888 0.801439 0.16
v 0.342867 0.77914 0.16
v 0.179553 0.802217 0.16
v 0.343669 0.779324 0.16
v 0.178199 0.802961 0.16
v 0.176826 0.803669 0.16
v 0.175435 0.804342 0.16
v 0.174027 0.804979 0.16
v 0.172604 0.805579 0.16
v 0.171165 0.806143 0.16
v 0.169713 0.806669 0.16
v 0.168247 0.807158 0.16
v 0.166769 0.807609 0.16
v 0.16528 0.808022 0.16
v 0.40992 0.453089 0.16
v 0.40998 0.451545 0.16
v 0.409821 0.454631 0.16
v 0.409682 0.456169 0.16
v 0.409503 0.457704 0.16
v 0.409285 0.459233 0.16
v 0.409028 0.460757 0.16
v 0.408731 0.462273 0.16
v 0.408396 0.463781 0.16
v 0.408022 0.46528 0.16
v 0.407609 0.466769 0.16
v 0.407158 0.468247 0.16
v 0.406669 0.469713 0.16
v 0.406143 0.471165 0.16
v 0.405579 0.472604 0.16
v 0.404979 0.474027 0.16
v 0.404342 0.475435 0.16
v 0.403669 0.476826 0.16
v 0.402961 0.478199 0.16
v 0.379989 0.750823 0.16
v 0.38 0.75 0.16
v 0.379955 0.751645 0.16
v 0.379898 0.752467 0.16
v 0.37982 0.753286 0.16
v 0.379718 0.754103 0.16
v 0.379594 0.754916 0.16
v 0.379448 0.755727 0.16
v 0.37928 0.756532 0.16
v 0.37909 0.757333 0.16
v 0.378878 0.758128 0.16
v 0.378644 0.758918 0.16
v 0.378389 0.7597 0.16
v 0.378112 0.760475 0.16
v 0.377814 0.761242 0.16
v 0.377495 0.762001 0.16
v 0.377155 0.762751 0.16
v 0.376795 0.763491 0.16
v 0.376415 0.764221 0.16
v 0.376015 0.764941 0.16
v 0.375595 0.765649 0.16
v 0.375156 0.766345 0.16
v 0.374699 0.767029 0.16
v 0.374222 0.7677 0.16
v 0.373727 0.768358 0.16
v 0.373215 0.769002 0.16
v 0.372685 0.769632 0.16
v 0.372138 0.770247 0.16
v 0.371574 0.770846 0.16
v 0.370994 0.77143 0.16
v 0.370398 0.771998 0.16
v 0.369787 0.77255 0.16
v 0.369161 0.773084 0.16
v 0.36852 0.773601 0.16
v 0.367866 0.7741 0.16
v 0.367198 0.774581 0.16
v 0.366517 0.775044 0.16
v 0.365824 0.775487 0.16
v 0.365119 0.775912 0.16
v 0.364402 0.776317 0.16
v 0.363675 0.776702 0.16
v 0.362937 0.777067 0.16
v 0.36219 0.777412 0.16
v 0.361433 0.777736 0.16
v 0.360668 0.778039 0.16
v 0.359895 0.778321 0.16
v 0.359114 0.778582 0.16
v 0.358326 0.778821 0.16
v 0.357532 0.779039 0.16
v 0.356733 0.779235 0.16
v 0.355928 0.779408 0.16
v 0.355119 0.77956 0.16
v 0.354306 0.779689 0.16
v 0.35349 0.779796 0.16
v 0.352672 0.779881 0.16
v 0.351851 0.779943 0.16
v 0.351029 0.779982 0.16
v 0.350206 0.779999 0.16
v 0.349383 0.779994 0.16
v 0.34856 0.779965 0.16
v 0.347739 0.779915 0.16
v 0.346919 0.779841 0.16
v 0.346101 0.779746 0.16
v 0.345287 0.779627 0.16
v 0.344476 0.779487 0.16
v 0.378644 0.741082 0.16
v 0.378878 0.741872 0.16
v 0.37909 0.742667 0.16
v 0.37928 0.743468 0.16
v 0.379448 0.744273 0.16
v 0.379594 0.745084 0.16
v 0.379718 0.745897 0.16
v 0.37982 0.746714 0.16
v 0.379898 0.747533 0.16
v 0.379955 0.748355 0.16
v 0.379989 0.749177 0.16
v 0.41 0.45 0.16
v 0.139071 0.439726 0.16
v 0.139357 0.43943 0.16
v 0.139651 0.439142 0.16
v 0.139953 0.438862 0.16
v 0.138524 0.440341 0.16
v 0.138793 0.440029 0.16
v 0.140262 0.438591 0.16
v 0.140579 0.438328 0.16
v 0.138012 0.440985 0.16
v 0.138263 0.440659 0.16
v 0.140903 0.438074 0.16
v 0.141233 0.437829 0.16
v 0.137535 0.441656 0.16
v 0.137769 0.441317 0.16
v 0.14157 0.437593 0.16
v 0.141914 0.437366 0.16
v 0.137311 0.442001 0.16
v 0.137096 0.442352 0.16
v 0.142264 0.437149 0.16
v 0.142619 0.436942 0.16
v 0.14298 0.436744 0.16
v 0.136696 0.443071 0.16
v 0.136891 0.442709 0.16
v 0.136336 0.443811 0.16
v 0.136511 0.443439 0.16
v 0.143346 0.436556 0.16
v 0.143718 0.436379 0.16
v 0.144094 0.436212 0.16
v 0.136172 0.444189 0.16
v 0.136017 0.44457 0.16
v 0.144474 0.436055 0.16
v 0.144859 0.435909 0.16
v 0.145247 0.435773 0.16
v 0.135741 0.445345 0.16
v 0.135874 0.444956 0.16
v 0.14564 0.435648 0.16
v 0.135507 0.446134 0.16
v 0.135618 0.445738 0.16
v 0.146035 0.435534 0.16
v 0.146433 0.43543 0.16
v 0.146834 0.435338 0.16
v 0.135316 0.446935 0.16
v 0.135406 0.446533 0.16
v 0.135238 0.447339 0.16
v 0.13517 0.447745 0.16
v 0.147238 0.435257 0.16
v 0.147643 0.435186 0.16
v 0.148051 0.435127 0.16
v 0.148459 0.435079 0.16
v 0.135069 0.448562 0.16
v 0.135114 0.448153 0.16
v 0.148869 0.435043 0.16
v 0.135001 0.449794 0.16
v 0.135013 0.449383 0.16
v 0.135035 0.448972 0.16
v 0.14928 0.435017 0.16
v 0.149691 0.435003 0.16
v 0.150103 0.435 0.16
v 0.135001 0.450206 0.16
v 0.150514 0.435009 0.16
v 0.135035 0.451028 0.16
v 0.135013 0.450617 0.16
v 0.150925 0.435029 0.16
v 0.151336 0.43506 0.16
v 0.135114 0.451847 0.16
v 0.135069 0.451438 0.16
v 0.13517 0.452255 0.16
v 0.151745 0.435102 0.16
v 0.152153 0.435155 0.16
v 0.15256 0.43522 0.16
v 0.152964 0.435296 0.16
v 0.153366 0.435383 0.16
v 0.153766 0.43548 0.16
v 0.135507 0.453866 0.16
v 0.135406 0.453467 0.16
v 0.135316 0.453065 0.16
v 0.135238 0.452661 0.16
v 0.154163 0.435589 0.16
v 0.154557 0.435709 0.16
v 0.135741 0.454655 0.16
v 0.135618 0.454262 0.16
v 0.136017 0.45543 0.16
v 0.135874 0.455044 0.16
v 0.154947 0.435839 0.16
v 0.155334 0.43598 0.16
v 0.155716 0.436132 0.16
v 0.136336 0.456189 0.16
v 0.136172 0.455811 0.16
v 0.156095 0.436294 0.16
v 0.156469 0.436466 0.16
v 0.156837 0.436649 0.16
v 0.157201 0.436842 0.16
v 0.157559 0.437044 0.16
v 0.157912 0.437256 0.16
v 0.137311 0.457999 0.16
v 0.137096 0.457648 0.16
v 0.136891 0.457291 0.16
v 0.136696 0.456929 0.16
v 0.136511 0.456561 0.16
v 0.158259 0.437478 0.16
v 0.158599 0.437709 0.16
v 0.158933 0.43795 0.16
v 0.138012 0.459015 0.16
v 0.137769 0.458683 0.16
v 0.137535 0.458344 0.16
v 0.138524 0.459659 0.16
v 0.138263 0.459341 0.16
v 0.139071 0.460274 0.16
v 0.138793 0.459971 0.16
v 0.15926 0.4382 0.16
v 0.15958 0.438458 0.16
v 0.159893 0.438725 0.16
v 0.160199 0.439001 0.16
v 0.160497 0.439285 0.16
v 0.139651 0.460858 0.16
v 0.139357 0.46057 0.16
v 0.160787 0.439577 0.16
v 0.161069 0.439877 0.16
v 0.161342 0.440184 0.16
v 0.161607 0.440499 0.16
v 0.140579 0.461672 0.16
v 0.140262 0.461409 0.16
v 0.139953 0.461138 0.16
v 0.161864 0.440821 0.16
v 0.162111 0.44115 0.16
v 0.141233 0.462171 0.16
v 0.140903 0.461926 0.16
v 0.162349 0.441486 0.16
v 0.141914 0.462634 0.16
v 0.14157 0.462407 0.16
v 0.162578 0.441828 0.16
v 0.162798 0.442176 0.16
v 0.163007 0.44253 0.16
v 0.142619 0.463058 0.16
v 0.142264 0.462851 0.16
v 0.163208 0.442889 0.16
v 0.163398 0.443254 0.16
v 0.163578 0.443624 0.16
v 0.144094 0.463788 0.16
v 0.143718 0.463621 0.16
v 0.143346 0.463444 0.16
v 0.14298 0.463256 0.16
v 0.163747 0.443999 0.16
v 0.163907 0.444379 0.16
v 0.164056 0.444762 0.16
v 0.145247 0.464227 0.16
v 0.144859 0.464091 0.16
v 0.144474 0.463945 0.16
v 0.14564 0.464352 0.16
v 0.164194 0.44515 0.16
v 0.164322 0.445541 0.16
v 0.164439 0.445936 0.16
v 0.146035 0.464466 0.16
v 0.164545 0.446333 0.16
v 0.16464 0.446734 0.16
v 0.164724 0.447137 0.16
v 0.147238 0.464743 0.16
v 0.146834 0.464662 0.16
v 0.146433 0.46457 0.16
v 0.148459 0.464921 0.16
v 0.148051 0.464873 0.16
v 0.147643 0.464814 0.16
v 0.148869 0.464957 0.16
v 0.164797 0.447542 0.16
v 0.164859 0.447949 0.16
v 0.16491 0.448357 0.16
v 0.164949 0.448767 0.16
v 0.164977 0.449177 0.16
v 0.164994 0.449589 0.16
v 0.150103 0.465 0.16
v 0.149691 0.464997 0.16
v 0.14928 0.464983 0.16
v 0.165 0.45 0.16
v 0.164994 0.450411 0.16
v 0.150514 0.464991 0.16
v 0.151336 0.46494 0.16
v 0.150925 0.464971 0.16
v 0.164977 0.450823 0.16
v 0.164949 0.451233 0.16
v 0.16491 0.451643 0.16
v 0.151745 0.464898 0.16
v 0.164859 0.452051 0.16
v 0.164797 0.452458 0.16
v 0.152964 0.464704 0.16
v 0.15256 0.46478 0.16
v 0.152153 0.464845 0.16
v 0.164724 0.452863 0.16
v 0.16464 0.453266 0.16
v 0.164545 0.453667 0.16
v 0.154163 0.464411 0.16
v 0.153766 0.46452 0.16
v 0.153366 0.464617 0.16
v 0.154557 0.464291 0.16
v 0.164322 0.454459 0.16
v 0.164194 0.45485 0.16
v 0.164056 0.455238 0.16
v 0.155334 0.46402 0.16
v 0.154947 0.464161 0.16
v 0.164439 0.454064 0.16
v 0.163907 0.455621 0.16
v 0.163747 0.456001 0.16
v 0.156095 0.463706 0.16
v 0.155716 0.463868 0.16
v 0.156469 0.463534 0.16
v 0.163578 0.456376 0.16
v 0.163398 0.456746 0.16
v 0.156837 0.463351 0.16
v 0.157912 0.462744 0.16
v 0.157559 0.462956 0.16
v 0.157201 0.463158 0.16
v 0.163208 0.457111 0.16
v 0.163007 0.45747 0.16
v 0.162798 0.457824 0.16
v 0.162578 0.458172 0.16
v 0.158599 0.462291 0.16
v 0.158259 0.462522 0.16
v 0.162349 0.458514 0.16
v 0.162111 0.45885 0.16
v 0.161864 0.459179 0.16
v 0.15958 0.461542 0.16
v 0.15926 0.4618 0.16
v 0.158933 0.46205 0.16
v 0.161607 0.459501 0.16
v 0.161342 0.459816 0.16
v 0.159893 0.461275 0.16
v 0.161069 0.460123 0.16
v 0.160199 0.460999 0.16
v 0.160787 0.460423 0.16
v 0.160497 0.460715 0.16
v 0.121619 0.721813 0.16
v 0.122403 0.721045 0.16
v 0.123208 0.720299 0.16
v 0.119397 0.724242 0.16
v 0.120116 0.723412 0.16
v 0.120856 0.722602 0.16
v 0.124033 0.719575 0.16
v 0.124877 0.718874 0.16
v 0.118031 0.725959 0.16
v 0.118702 0.725091 0.16
v 0.117383 0.726845 0.16
v 0.12574 0.718196 0.16
v 0.126622 0.717543 0.16
v 0.127521 0.716914 0.16
v 0.128437 0.716309 0.16
v 0.12937 0.715731 0.16
v 0.130318 0.715177 0.16
v 0.115043 0.730557 0.16
v 0.11559 0.729605 0.16
v 0.116162 0.728669 0.16
v 0.11403 0.732504 0.16
v 0.114523 0.731523 0.16
v 0.13128 0.714651 0.16
v 0.132257 0.71415 0.16
v 0.133247 0.713677 0.16
v 0.113124 0.734503 0.16
v 0.113563 0.733497 0.16
v 0.11676 0.727749 0.16
v 0.13425 0.713231 0.16
v 0.135265 0.712813 0.16
v 0.11233 0.736549 0.16
v 0.112713 0.73552 0.16
v 0.136291 0.712423 0.16
v 0.137327 0.712061 0.16
v 0.111975 0.737587 0.16
v 0.138372 0.711727 0.16
v 0.139427 0.711423 0.16
v 0.140489 0.711147 0.16
v 0.111083 0.740756 0.16
v 0.111351 0.739691 0.16
v 0.111649 0.738635 0.16
v 0.141558 0.710901 0.16
v 0.142634 0.710684 0.16
v 0.110634 0.742904 0.16
v 0.110844 0.741827 0.16
v 0.110455 0.743987 0.16
v 0.143716 0.710497 0.16
v 0.144802 0.710339 0.16
v 0.110184 0.746165 0.16
v 0.110305 0.745074 0.16
v 0.145892 0.710212 0.16
v 0.146985 0.710114 0.16
v 0.110034 0.748354 0.16
v 0.110094 0.747258 0.16
v 0.110004 0.750549 0.16
v 0.110004 0.749451 0.16
v 0.14808 0.710046 0.16
v 0.149177 0.710008 0.16
v 0.150274 0.710001 0.16
v 0.151372 0.710023 0.16
v 0.152468 0.710076 0.16
v 0.110184 0.753835 0.16
v 0.110094 0.752742 0.16
v 0.110034 0.751646 0.16
v 0.153562 0.710159 0.16
v 0.154654 0.710272 0.16
v 0.155742 0.710414 0.16
v 0.156826 0.710587 0.16
v 0.110844 0.758173 0.16
v 0.110634 0.757096 0.16
v 0.110455 0.756013 0.16
v 0.110305 0.754926 0.16
v 0.157904 0.710789 0.16
v 0.158977 0.71102 0.16
v 0.160043 0.711281 0.16
v 0.111351 0.760309 0.16
v 0.111083 0.759244 0.16
v 0.161102 0.711571 0.16
v 0.162152 0.711891 0.16
v 0.163193 0.712238 0.16
v 0.11233 0.763451 0.16
v 0.111975 0.762413 0.16
v 0.111649 0.761365 0.16
v 0.164224 0.712614 0.16
v 0.165244 0.713019 0.16
v 0.113563 0.766503 0.16
v 0.113124 0.765497 0.16
v 0.112713 0.76448 0.16
v 0.166253 0.713451 0.16
v 0.167249 0.71391 0.16
v 0.114523 0.768477 0.16
v 0.11403 0.767496 0.16
v 0.168233 0.714397 0.16
v 0.169203 0.714911 0.16
v 0.115043 0.769443 0.16
v 0.170158 0.715451 0.16
v 0.171098 0.716017 0.16
v 0.11676 0.772251 0.16
v 0.116162 0.771331 0.16
v 0.11559 0.770395 0.16
v 0.172023 0.716608 0.16
v 0.172931 0.717225 0.16
v 0.117383 0.773155 0.16
v 0.173821 0.717867 0.16
v 0.174694 0.718532 0.16
v 0.175548 0.719221 0.16
v 0.119397 0.775758 0.16
v 0.118702 0.774909 0.16
v 0.118031 0.774041 0.16
v 0.176382 0.719934 0.16
v 0.177197 0.720669 0.16
v 0.177992 0.721426 0.16
v 0.121619 0.778187 0.16
v 0.120856 0.777398 0.16
v 0.120116 0.776588 0.16
v 0.178765 0.722205 0.16
v 0.123208 0.779701 0.16
v 0.122403 0.778955 0.16
v 0.179517 0.723005 0.16
v 0.180246 0.723824 0.16
v 0.124033 0.780425 0.16
v 0.180953 0.724664 0.16
v 0.12574 0.781804 0.16
v 0.124877 0.781126 0.16
v 0.181636 0.725523 0.16
v 0.182296 0.7264 0.16
v 0.127521 0.783086 0.16
v 0.126622 0.782457 0.16
v 0.182931 0.727295 0.16
v 0.183542 0.728207 0.16
v 0.184127 0.729135 0.16
v 0.184687 0.730079 0.16
v 0.130318 0.784823 0.16
v 0.12937 0.784269 0.16
v 0.128437 0.783691 0.16
v 0.18522 0.731038 0.16
v 0.185727 0.732012 0.16
v 0.132257 0.78585 0.16
v 0.13128 0.785349 0.16
v 0.133247 0.786323 0.16
v 0.186207 0.732999 0.16
v 0.18666 0.733998 0.16
v 0.187085 0.73501 0.16
v 0.187482 0.736033 0.16
v 0.187851 0.737067 0.16
v 0.137327 0.787939 0.16
v 0.136291 0.787577 0.16
v 0.135265 0.787187 0.16
v 0.13425 0.786769 0.16
v 0.139427 0.788577 0.16
v 0.138372 0.788273 0.16
v 0.188192 0.73811 0.16
v 0.188504 0.739162 0.16
v 0.188787 0.740223 0.16
v 0.140489 0.788853 0.16
v 0.18904 0.74129 0.16
v 0.143716 0.789503 0.16
v 0.142634 0.789316 0.16
v 0.141558 0.789099 0.16
v 0.189265 0.742365 0.16
v 0.189459 0.743445 0.16
v 0.189624 0.74453 0.16
v 0.189759 0.745619 0.16
v 0.145892 0.789788 0.16
v 0.144802 0.789661 0.16
v 0.14808 0.789954 0.16
v 0.146985 0.789886 0.16
v 0.189865 0.746711 0.16
v 0.18994 0.747806 0.16
v 0.189985 0.748903 0.16
v 0.151372 0.789977 0.16
v 0.150274 0.789999 0.16
v 0.149177 0.789992 0.16
v 0.19 0.75 0.16
v 0.189985 0.751097 0.16
v 0.18994 0.752194 0.16
v 0.189865 0.753289 0.16
v 0.154654 0.789728 0.16
v 0.153562 0.789841 0.16
v 0.152468 0.789924 0.16
v 0.189759 0.754381 0.16
v 0.189624 0.75547 0.16
v 0.189459 0.756555 0.16
v 0.156826 0.789413 0.16
v 0.155742 0.789586 0.16
v 0.189265 0.757635 0.16
v 0.158977 0.78898 0.16
v 0.157904 0.789211 0.16
v 0.161102 0.788429 0.16
v 0.160043 0.788719 0.16
v 0.18904 0.75871 0.16
v 0.188787 0.759777 0.16
v 0.188504 0.760838 0.16
v 0.188192 0.76189 0.16
v 0.187851 0.762933 0.16
v 0.164224 0.787386 0.16
v 0.163193 0.787762 0.16
v 0.162152 0.788109 0.16
v 0.165244 0.786981 0.16
v 0.187482 0.763967 0.16
v 0.187085 0.76499 0.16
v 0.18666 0.766002 0.16
v 0.186207 0.767001 0.16
v 0.167249 0.78609 0.16
v 0.166253 0.786549 0.16
v 0.169203 0.785089 0.16
v 0.168233 0.785603 0.16
v 0.172023 0.783392 0.16
v 0.171098 0.783983 0.16
v 0.170158 0.784549 0.16
v 0.185727 0.767988 0.16
v 0.18522 0.768962 0.16
v 0.184687 0.769921 0.16
v 0.184127 0.770865 0.16
v 0.183542 0.771793 0.16
v 0.182931 0.772705 0.16
v 0.172931 0.782775 0.16
v 0.182296 0.7736 0.16
v 0.174694 0.781468 0.16
v 0.173821 0.782133 0.16
v 0.181636 0.774477 0.16
v 0.180953 0.775336 0.16
v 0.180246 0.776176 0.16
v 0.179517 0.776995 0.16
v 0.177197 0.779331 0.16
v 0.176382 0.780066 0.16
v 0.175548 0.780779 0.16
v 0.178765 0.777795 0.16
v 0.177992 0.778574 0.16
v 0.321619 0.421813 0.16
v 0.322403 0.421045 0.16
v 0.323208 0.420299 0.16
v 0.320116 0.423412 0.16
v 0.320856 0.422602 0.16
v 0.324033 0.419575 0.16
v 0.324877 0.418874 0.16
v 0.318702 0.425091 0.16
v 0.319397 0.424242 0.16
v 0.32574 0.418196 0.16
v 0.326622 0.417543 0.16
v 0.327521 0.416914 0.16
v 0.31676 0.427749 0.16
v 0.317383 0.426845 0.16
v 0.318031 0.425959 0.16
v 0.328437 0.416309 0.16
v 0.31559 0.429605 0.16
v 0.316162 0.428669 0.16
v 0.32937 0.415731 0.16
v 0.330318 0.415178 0.16
v 0.33128 0.414651 0.16
v 0.314523 0.431523 0.16
v 0.315043 0.430557 0.16
v 0.332257 0.41415 0.16
v 0.333247 0.413677 0.16
v 0.313563 0.433497 0.16
v 0.31403 0.432504 0.16
v 0.33425 0.413231 0.16
v 0.312713 0.43552 0.16
v 0.313124 0.434503 0.16
v 0.335265 0.412813 0.16
v 0.336291 0.412423 0.16
v 0.337327 0.412061 0.16
v 0.311975 0.437587 0.16
v 0.31233 0.436549 0.16
v 0.311648 0.438635 0.16
v 0.338372 0.411727 0.16
v 0.339427 0.411423 0.16
v 0.340489 0.411147 0.16
v 0.310844 0.441827 0.16
v 0.311083 0.440756 0.16
v 0.311351 0.439691 0.16
v 0.341558 0.410901 0.16
v 0.342634 0.410684 0.16
v 0.310305 0.445074 0.16
v 0.310455 0.443987 0.16
v 0.310634 0.442904 0.16
v 0.343716 0.410497 0.16
v 0.344802 0.410339 0.16
v 0.345892 0.410212 0.16
v 0.346985 0.410114 0.16
v 0.310004 0.449451 0.16
v 0.310034 0.448354 0.16
v 0.310094 0.447258 0.16
v 0.310184 0.446165 0.16
v 0.34808 0.410046 0.16
v 0.349177 0.410008 0.16
v 0.350274 0.410001 0.16
v 0.310004 0.450549 0.16
v 0.351372 0.410024 0.16
v 0.310094 0.452742 0.16
v 0.310034 0.451646 0.16
v 0.310184 0.453835 0.16
v 0.352468 0.410076 0.16
v 0.353562 0.410159 0.16
v 0.354654 0.410272 0.16
v 0.310305 0.454926 0.16
v 0.310455 0.456013 0.16
v 0.355742 0.410414 0.16
v 0.356826 0.410587 0.16
v 0.357905 0.410789 0.16
v 0.358977 0.41102 0.16
v 0.311083 0.459244 0.16
v 0.310844 0.458173 0.16
v 0.310634 0.457096 0.16
v 0.311351 0.460309 0.16
v 0.360043 0.411281 0.16
v 0.361102 0.411571 0.16
v 0.362152 0.41189 0.16
v 0.363193 0.412238 0.16
v 0.364224 0.412614 0.16
v 0.312713 0.46448 0.16
v 0.31233 0.463451 0.16
v 0.311975 0.462413 0.16
v 0.311648 0.461365 0.16
v 0.365244 0.413019 0.16
v 0.366253 0.413451 0.16
v 0.313563 0.466503 0.16
v 0.313124 0.465497 0.16
v 0.367249 0.41391 0.16
v 0.368233 0.414397 0.16
v 0.369203 0.414911 0.16
v 0.370158 0.415451 0.16
v 0.371098 0.416017 0.16
v 0.316162 0.471331 0.16
v 0.31559 0.470395 0.16
v 0.315043 0.469443 0.16
v 0.314523 0.468477 0.16
v 0.31403 0.467496 0.16
v 0.318031 0.474041 0.16
v 0.317383 0.473155 0.16
v 0.31676 0.472251 0.16
v 0.372931 0.417225 0.16
v 0.373821 0.417867 0.16
v 0.374694 0.418532 0.16
v 0.375548 0.419221 0.16
v 0.376382 0.419934 0.16
v 0.372023 0.416608 0.16
v 0.320116 0.476588 0.16
v 0.319397 0.475758 0.16
v 0.318702 0.474909 0.16
v 0.320856 0.477398 0.16
v 0.377197 0.420669 0.16
v 0.377992 0.421426 0.16
v 0.378765 0.422205 0.16
v 0.379517 0.423004 0.16
v 0.323208 0.479701 0.16
v 0.322403 0.478955 0.16
v 0.321619 0.478187 0.16
v 0.380246 0.423824 0.16
v 0.380953 0.424664 0.16
v 0.324877 0.481126 0.16
v 0.324033 0.480425 0.16
v 0.381636 0.425523 0.16
v 0.32574 0.481804 0.16
v 0.382296 0.4264 0.16
v 0.382931 0.427295 0.16
v 0.383542 0.428207 0.16
v 0.384127 0.429135 0.16
v 0.32937 0.484269 0.16
v 0.328437 0.483691 0.16
v 0.327521 0.483086 0.16
v 0.384687 0.430079 0.16
v 0.330318 0.484822 0.16
v 0.332257 0.48585 0.16
v 0.33128 0.485349 0.16
v 0.326622 0.482457 0.16
v 0.38522 0.431038 0.16
v 0.385727 0.432012 0.16
v 0.386207 0.432999 0.16
v 0.38666 0.433998 0.16
v 0.387085 0.43501 0.16
v 0.387482 0.436033 0.16
v 0.387851 0.437067 0.16
v 0.388192 0.43811 0.16
v 0.339427 0.488577 0.16
v 0.338372 0.488273 0.16
v 0.337327 0.487939 0.16
v 0.336291 0.487577 0.16
v 0.335265 0.487187 0.16
v 0.33425 0.486769 0.16
v 0.333247 0.486323 0.16
v 0.388504 0.439162 0.16
v 0.388787 0.440223 0.16
v 0.38904 0.44129 0.16
v 0.341558 0.489099 0.16
v 0.340489 0.488853 0.16
v 0.389264 0.442365 0.16
v 0.343716 0.489503 0.16
v 0.342634 0.489316 0.16
v 0.389459 0.443445 0.16
v 0.389624 0.44453 0.16
v 0.345892 0.489788 0.16
v 0.344802 0.489661 0.16
v 0.389759 0.445619 0.16
v 0.389865 0.446711 0.16
v 0.38994 0.447806 0.16
v 0.389985 0.448903 0.16
v 0.350274 0.489999 0.16
v 0.349177 0.489992 0.16
v 0.34808 0.489954 0.16
v 0.346985 0.489886 0.16
v 0.351372 0.489976 0.16
v 0.39 0.45 0.16
v 0.389985 0.451097 0.16
v 0.38994 0.452194 0.16
v 0.352468 0.489924 0.16
v 0.389865 0.453289 0.16
v 0.389759 0.454381 0.16
v 0.355742 0.489586 0.16
v 0.354654 0.489728 0.16
v 0.353562 0.489841 0.16
v 0.356826 0.489413 0.16
v 0.389459 0.456555 0.16
v 0.389264 0.457635 0.16
v 0.38904 0.45871 0.16
v 0.358977 0.48898 0.16
v 0.357905 0.489211 0.16
v 0.389624 0.45547 0.16
v 0.388787 0.459777 0.16
v 0.360043 0.488719 0.16
v 0.361102 0.488429 0.16
v 0.388504 0.460838 0.16
v 0.388192 0.46189 0.16
v 0.387851 0.462933 0.16
v 0.363193 0.487762 0.16
v 0.362152 0.48811 0.16
v 0.364224 0.487386 0.16
v 0.365244 0.486981 0.16
v 0.387482 0.463967 0.16
v 0.387085 0.46499 0.16
v 0.38666 0.466002 0.16
v 0.386207 0.467001 0.16
v 0.368233 0.485603 0.16
v 0.367249 0.48609 0.16
v 0.366253 0.486549 0.16
v 0.385727 0.467988 0.16
v 0.38522 0.468962 0.16
v 0.384687 0.469921 0.16
v 0.384127 0.470865 0.16
v 0.372023 0.483392 0.16
v 0.371098 0.483983 0.16
v 0.370158 0.484549 0.16
v 0.369203 0.485089 0.16
v 0.383542 0.471793 0.16
v 0.382931 0.472705 0.16
v 0.382296 0.4736 0.16
v 0.381636 0.474477 0.16
v 0.380953 0.475336 0.16
v 0.375548 0.480779 0.16
v 0.374694 0.481468 0.16
v 0.373821 0.482133 0.16
v 0.372931 0.482775 0.16
v 0.380246 0.476176 0.16
v 0.379517 0.476996 0.16
v 0.378765 0.477795 0.16
v 0.377992 0.478574 0.16
v 0.377197 0.479331 0.16
v 0.376382 0.480066 0.16
v 0.338793 0.740029 0.16
v 0.339071 0.739726 0.16
v 0.339357 0.73943 0.16
v 0.339651 0.739142 0.16
v 0.339953 0.738862 0.16
v 0.340262 0.738591 0.16
v 0.340579 0.738328 0.16
v 0.340903 0.738074 0.16
v 0.338012 0.740985 0.16
v 0.338263 0.740659 0.16
v 0.338524 0.740341 0.16
v 0.337535 0.741656 0.16
v 0.337769 0.741317 0.16
v 0.341233 0.737829 0.16
v 0.34157 0.737593 0.16
v 0.341914 0.737366 0.16
v 0.342264 0.737149 0.16
v 0.336891 0.742709 0.16
v 0.337096 0.742352 0.16
v 0.337311 0.742001 0.16
v 0.342619 0.736942 0.16
v 0.34298 0.736744 0.16
v 0.343346 0.736556 0.16
v 0.336511 0.743439 0.16
v 0.336696 0.743071 0.16
v 0.343718 0.736379 0.16
v 0.336336 0.743811 0.16
v 0.336172 0.744189 0.16
v 0.344094 0.736212 0.16
v 0.344474 0.736055 0.16
v 0.335874 0.744956 0.16
v 0.336017 0.74457 0.16
v 0.344859 0.735909 0.16
v 0.345247 0.735773 0.16
v 0.34564 0.735648 0.16
v 0.335406 0.746533 0.16
v 0.335507 0.746134 0.16
v 0.335618 0.745738 0.16
v 0.335316 0.746935 0.16
v 0.335741 0.745345 0.16
v 0.346035 0.735534 0.16
v 0.346433 0.73543 0.16
v 0.346834 0.735338 0.16
v 0.347238 0.735257 0.16
v 0.335238 0.747339 0.16
v 0.348051 0.735127 0.16
v 0.348459 0.735079 0.16
v 0.348869 0.735043 0.16
v 0.335035 0.748972 0.16
v 0.335069 0.748562 0.16
v 0.335114 0.748153 0.16
v 0.33517 0.747745 0.16
v 0.335013 0.749383 0.16
v 0.34928 0.735017 0.16
v 0.349691 0.735003 0.16
v 0.350103 0.735 0.16
v 0.347643 0.735186 0.16
v 0.335001 0.750206 0.16
v 0.335001 0.749794 0.16
v 0.350514 0.735009 0.16
v 0.335035 0.751028 0.16
v 0.335013 0.750617 0.16
v 0.350925 0.735029 0.16
v 0.351336 0.73506 0.16
v 0.335114 0.751847 0.16
v 0.335069 0.751438 0.16
v 0.351745 0.735102 0.16
v 0.352153 0.735155 0.16
v 0.33517 0.752255 0.16
v 0.35256 0.73522 0.16
v 0.352964 0.735296 0.16
v 0.335316 0.753065 0.16
v 0.335238 0.752661 0.16
v 0.335507 0.753866 0.16
v 0.335406 0.753467 0.16
v 0.353366 0.735383 0.16
v 0.353766 0.735481 0.16
v 0.354163 0.735589 0.16
v 0.354557 0.735709 0.16
v 0.335741 0.754655 0.16
v 0.335618 0.754262 0.16
v 0.335874 0.755044 0.16
v 0.354947 0.735839 0.16
v 0.355334 0.73598 0.16
v 0.355716 0.736132 0.16
v 0.336172 0.755811 0.16
v 0.336017 0.75543 0.16
v 0.356095 0.736294 0.16
v 0.356469 0.736466 0.16
v 0.356837 0.736649 0.16
v 0.336696 0.756929 0.16
v 0.336511 0.756561 0.16
v 0.336336 0.756189 0.16
v 0.357201 0.736842 0.16
v 0.336891 0.757291 0.16
v 0.357559 0.737044 0.16
v 0.337311 0.757999 0.16
v 0.337096 0.757648 0.16
v 0.337535 0.758344 0.16
v 0.338012 0.759015 0.16
v 0.337769 0.758683 0.16
v 0.357912 0.737256 0.16
v 0.358259 0.737478 0.16
v 0.358599 0.737709 0.16
v 0.358933 0.73795 0.16
v 0.35926 0.7382 0.16
v 0.338524 0.759659 0.16
v 0.338263 0.759341 0.16
v 0.35958 0.738458 0.16
v 0.359893 0.738725 0.16
v 0.339071 0.760274 0.16
v 0.338793 0.759971 0.16
v 0.360199 0.739001 0.16
v 0.360497 0.739285 0.16
v 0.339357 0.76057 0.16
v 0.360787 0.739577 0.16
v 0.361069 0.739877 0.16
v 0.340262 0.761409 0.16
v 0.339953 0.761138 0.16
v 0.339651 0.760858 0.16
v 0.361342 0.740184 0.16
v 0.361607 0.740499 0.16
v 0.361864 0.740821 0.16
v 0.362111 0.74115 0.16
v 0.34157 0.762407 0.16
v 0.341233 0.762171 0.16
v 0.340903 0.761926 0.16
v 0.340579 0.761672 0.16
v 0.362349 0.741486 0.16
v 0.362578 0.741828 0.16
v 0.342264 0.762851 0.16
v 0.341914 0.762634 0.16
v 0.362798 0.742176 0.16
v 0.363008 0.74253 0.16
v 0.342619 0.763058 0.16
v 0.363208 0.742889 0.16
v 0.363398 0.743254 0.16
v 0.363578 0.743625 0.16
v 0.343718 0.763621 0.16
v 0.343346 0.763444 0.16
v 0.34298 0.763256 0.16
v 0.363747 0.743999 0.16
v 0.344859 0.764091 0.16
v 0.344474 0.763945 0.16
v 0.344094 0.763788 0.16
v 0.363907 0.744379 0.16
v 0.364056 0.744762 0.16
v 0.364194 0.74515 0.16
v 0.364322 0.745541 0.16
v 0.364439 0.745936 0.16
v 0.346035 0.764466 0.16
v 0.34564 0.764352 0.16
v 0.345247 0.764227 0.16
v 0.346834 0.764662 0.16
v 0.346433 0.76457 0.16
v 0.364545 0.746333 0.16
v 0.36464 0.746734 0.16
v 0.364724 0.747137 0.16
v 0.347643 0.764814 0.16
v 0.347238 0.764743 0.16
v 0.348459 0.764921 0.16
v 0.348051 0.764873 0.16
v 0.364797 0.747542 0.16
v 0.364859 0.747949 0.16
v 0.36491 0.748357 0.16
v 0.364949 0.748767 0.16
v 0.364977 0.749177 0.16
v 0.34928 0.764983 0.16
v 0.348869 0.764957 0.16
v 0.349691 0.764997 0.16
v 0.350103 0.765 0.16
v 0.365 0.75 0.16
v 0.364994 0.750411 0.16
v 0.364994 0.749589 0.16
v 0.350514 0.764991 0.16
v 0.364977 0.750823 0.16
v 0.364949 0.751233 0.16
v 0.351336 0.76494 0.16
v 0.350925 0.764971 0.16
v 0.35256 0.76478 0.16
v 0.352153 0.764845 0.16
v 0.351745 0.764898 0.16
v 0.36491 0.751643 0.16
v 0.364859 0.752051 0.16
v 0.364797 0.752458 0.16
v 0.364724 0.752863 0.16
v 0.352964 0.764704 0.16
v 0.36464 0.753266 0.16
v 0.364545 0.753667 0.16
v 0.364439 0.754064 0.16
v 0.354163 0.764411 0.16
v 0.353766 0.764519 0.16
v 0.353366 0.764617 0.16
v 0.364322 0.754459 0.16
v 0.354947 0.764161 0.16
v 0.354557 0.764291 0.16
v 0.355716 0.763868 0.16
v 0.355334 0.76402 0.16
v 0.364194 0.75485 0.16
v 0.364056 0.755238 0.16
v 0.363907 0.755621 0.16
v 0.363747 0.756001 0.16
v 0.356837 0.763351 0.16
v 0.356469 0.763534 0.16
v 0.356095 0.763706 0.16
v 0.363578 0.756375 0.16
v 0.363398 0.756746 0.16
v 0.363208 0.757111 0.16
v 0.363008 0.75747 0.16
v 0.358259 0.762522 0.16
v 0.357912 0.762744 0.16
v 0.357559 0.762956 0.16
v 0.357201 0.763158 0.16
v 0.358933 0.76205 0.16
v 0.358599 0.762291 0.16
v 0.362349 0.758514 0.16
v 0.362111 0.75885 0.16
v 0.361864 0.759179 0.16
v 0.361607 0.759501 0.16
v 0.35958 0.761542 0.16
v 0.35926 0.7618 0.16
v 0.362798 0.757824 0.16
v 0.362578 0.758172 0.16
v 0.361342 0.759816 0.16
v 0.360199 0.760999 0.16
v 0.359893 0.761275 0.16
v 0.361069 0.760123 0.16
v 0.360787 0.760423 0.16
v 0.360497 0.760715 0.16
v 0.19 0.75 0.06
v 0.189985 0.751097 0.06
v 0.18994 0.752194 0.06
v 0.189865 0.753289 0.06
v 0.189759 0.754381 0.06
v 0.189624 0.75547 0.06
v 0.189459 0.756555 0.06
v 0.189265 0.757635 0.06
v 0.18904 0.75871 0.06
v 0.188787 0.759777 0.06
v 0.188504 0.760838 0.06
v 0.188192 0.76189 0.06
v 0.187851 0.762933 0.06
v 0.187482 0.763967 0.06
v 0.187085 0.76499 0.06
v 0.18666 0.766002 0.06
v 0.186207 0.767001 0.06
v 0.185727 0.767988 0.06
v 0.18522 0.768962 0.06
v 0.184687 0.769921 0.06
v 0.184127 0.770865 0.06
v 0.183542 0.771793 0.06
v 0.182931 0.772705 0.06
v 0.182296 0.7736 0.06
v 0.181636 0.774477 0.06
v 0.180953 0.775336 0.06
v 0.180246 0.776176 0.06
v 0.179517 0.776995 0.06
v 0.178765 0.777795 0.06
v 0.177992 0.778574 0.06
v 0.177197 0.779331 0.06
v 0.176382 0.780066 0.06
v 0.175548 0.780779 0.06
v 0.174694 0.781468 0.06
v 0.173821 0.782133 0.06
v 0.172931 0.782775 0.06
v 0.172023 0.783392 0.06
v 0.171098 0.783983 0.06
v 0.170158 0.784549 0.06
v 0.169203 0.785089 0.06
v 0.168233 0.785603 0.06
v 0.167249 0.78609 0.06
v 0.166253 0.786549 0.06
v 0.165244 0.786981 0.06
v 0.164224 0.787386 0.06
v 0.163193 0.787762 0.06
v 0.162152 0.788109 0.06
v 0.161102 0.788429 0.06
v 0.160043 0.788719 0.06
v 0.158977 0.78898 0.06
v 0.157904 0.789211 0.06
v 0.156826 0.789413 0.06
v 0.155742 0.789586 0.06
v 0.154654 0.789728 0.06
v 0.153562 0.789841 0.06
v 0.152468 0.789924 0.06
v 0.151372 0.789977 0.06
v 0.150274 0.789999 0.06
v 0.149177 0.789992 0.06
v 0.14808 0.789954 0.06
v 0.146985 0.789886 0.06
v 0.145892 0.789788 0.06
v 0.144802 0.789661 0.06
v 0.143716 0.789503 0.06
v 0.142634 0.789316 0.06
v 0.141558 0.789099 0.06
v 0.140489 0.788853 0.06
v 0.139427 0.788577 0.06
v 0.138372 0.788273 0.06
v 0.137327 0.787939 0.06
v 0.136291 0.787577 0.06
v 0.135265 0.787187 0.06
v 0.13425 0.786769 0.06
v 0.133247 0.786323 0.06
v 0.132257 0.78585 0.06
v 0.13128 0.785349 0.06
v 0.130318 0.784823 0.06
v 0.12937 0.784269 0.06
v 0.128437 0.783691 0.06
v 0.127521 0.783086 0.06
v 0.126622 0.782457 0.06
v 0.12574 0.781804 0.06
v 0.124877 0.781126 0.06
v 0.124033 0.780425 0.06
v 0.123208 0.779701 0.06
v 0.122403 0.778955 0.06
v 0.121619 0.778187 0.06
v 0.120856 0.777398 0.06
v 0.120116 0.776588 0.06
v 0.119397 0.775758 0.06
v 0.118702 0.774909 0.06
v 0.118031 0.774041 0.06
v 0.117383 0.773155 0.06
v 0.11676 0.772251 0.06
v 0.116162 0.771331 0.06
v 0.11559 0.770395 0.06
v 0.115043 0.769443 0.06
v 0.114523 0.768477 0.06
v 0.11403 0.767496 0.06
v 0.113563 0.766503 0.06
v 0.113124 0.765497 0.06
v 0.112713 0.76448 0.06
v 0.11233 0.763451 0.06
v 0.111975 0.762413 0.06
v 0.111649 0.761365 0.06
v 0.111351 0.760309 0.06
v 0.111083 0.759244 0.06
v 0.110844 0.758173 0.06
v 0.110634 0.757096 0.06
v 0.110455 0.756013 0.06
v 0.110305 0.754926 0.06
v 0.110184 0.753835 0.06
v 0.110094 0.752742 0.06
v 0.110034 0.751646 0.06
v 0.110004 0.750549 0.06
v 0.110004 0.749451 0.06
v 0.110034 0.748354 0.06
v 0.110094 0.747258 0.06
v 0.110184 0.746165 0.06
v 0.110305 0.745074 0.06
v 0.110455 0.743987 0.06
v 0.110634 0.742904 0.06
v 0.110844 0.741827 0.06
v 0.111083 0.740756 0.06
v 0.111351 0.739691 0.06
v 0.111649 0.738635 0.06
v 0.111975 0.737587 0.06
v 0.11233 0.736549 0.06
v 0.112713 0.73552 0.06
v 0.113124 0.734503 0.06
v 0.113563 0.733497 0.06
v 0.11403 0.732504 0.06
v 0.114523 0.731523 0.06
v 0.115043 0.730557 0.06
v 0.11559 0.729605 0.06
v 0.116162 0.728669 0.06
v 0.11676 0.727749 0.06
v 0.117383 0.726845 0.06
v 0.118031 0.725959 0.06
v 0.118702 0.725091 0.06
v 0.119397 0.724242 0.06
v 0.120116 0.723412 0.06
v 0.120856 0.722602 0.06
v 0.121619 0.721813 0.06
v 0.122403 0.721045 0.06
v 0.123208 0.720299 0.06
v 0.124033 0.719575 0.06
v 0.124877 0.718874 0.06
v 0.12574 0.718196 0.06
v 0.126622 0.717543 0.06
v 0.127521 0.716914 0.06
v 0.128437 0.716309 0.06
v 0.12937 0.715731 0.06
v 0.130318 0.715177 0.06
v 0.13128 0.714651 0.06
v 0.132257 0.71415 0.06
v 0.133247 0.713677 0.06
v 0.13425 0.713231 0.06
v 0.135265 0.712813 0.06
v 0.136291 0.712423 0.06
v 0.137327 0.712061 0.06
v 0.138372 0.711727 0.06
v 0.139427 0.711423 0.06
v 0.140489 0.711147 0.06
v 0.141558 0.710901 0.06
v 0.142634 0.710684 0.06
v 0.143716 0.710497 0.06
v 0.144802 0.710339 0.06
v 0.145892 0.710212 0.06
v 0.146985 0.710114 0.06
v 0.14808 0.710046 0.06
v 0.149177 0.710008 0.06
v 0.150274 0.710001 0.06
v 0.151372 0.710023 0.06
v 0.152468 0.710076 0.06
v 0.153562 0.710159 0.06
v 0.154654 0.710272 0.06
v 0.155742 0.710414 0.06
v 0.156826 0.710587 0.06
v 0.157904 0.710789 0.06
v 0.158977 0.71102 0.06
v 0.160043 0.711281 0.06
v 0.161102 0.711571 0.06
v 0.162152 0.711891 0.06
v 0.163193 0.712238 0.06
v 0.164224 0.712614 0.06
v 0.165244 0.713019 0.06
v 0.166253 0.713451 0.06
v 0.167249 0.71391 0.06
v 0.168233 0.714397 0.06
v 0.169203 0.714911 0.06
v 0.170158 0.715451 0.06
v 0.171098 0.716017 0.06
v 0.172023 0.716608 0.06
v 0.172931 0.717225 0.06
v 0.173821 0.717867 0.06
v 0.174694 0.718532 0.06
v 0.175548 0.719221 0.06
v 0.176382 0.719934 0.06
v 0.177197 0.720669 0.06
v 0.177992 0.721426 0.06
v 0.178765 0.722205 0.06
v 0.179517 0.723005 0.06
v 0.180246 0.723824 0.06
v 0.180953 0.724664 0.06
v 0.181636 0.725523 0.06
v 0.182296 0.7264 0.06
v 0.182931 0.727295 0.06
v 0.183542 0.728207 0.06
v 0.184127 0.729135 0.06
v 0.184687 0.730079 0.06
v 0.18522 0.731038 0.06
v 0.185727 0.732012 0.06
v 0.186207 0.732999 0.06
v 0.18666 0.733998 0.06
v 0.187085 0.73501 0.06
v 0.187482 0.736033 0.06
v 0.187851 0.737067 0.06
v 0.188192 0.73811 0.06
v 0.188504 0.739162 0.06
v 0.188787 0.740223 0.06
v 0.18904 0.74129 0.06
v 0.189265 0.742365 0.06
v 0.189459 0.743445 0.06
v 0.189624 0.74453 0.06
v 0.189759 0.745619 0.06
v 0.189865 0.746711 0.06
v 0.18994 0.747806 0.06
v 0.189985 0.748903 0.06
v 0.39 0.45 0.06
v 0.389985 0.451097 0.06
v 0.38994 0.452194 0.06
v 0.389865 0.453289 0.06
v 0.389759 0.454381 0.06
v 0.389624 0.45547 0.06
v 0.389459 0.456555 0.06
v 0.389264 0.457635 0.06
v 0.38904 0.45871 0.06
v 0.388787 0.459777 0.06
v 0.388504 0.460838 0.06
v 0.388192 0.46189 0.06
v 0.387851 0.462933 0.06
v 0.387482 0.463967 0.06
v 0.387085 0.46499 0.06
v 0.38666 0.466002 0.06
v 0.386207 0.467001 0.06
v 0.385727 0.467988 0.06
v 0.38522 0.468962 0.06
v 0.384687 0.469921 0.06
v 0.384127 0.470865 0.06
v 0.383542 0.471793 0.06
v 0.382931 0.472705 0.06
v 0.382296 0.4736 0.06
v 0.381636 0.474477 0.06
v 0.380953 0.475336 0.06
v 0.380246 0.476176 0.06
v 0.379517 0.476996 0.06
v 0.378765 0.477795 0.06
v 0.377992 0.478574 0.06
v 0.377197 0.479331 0.06
v 0.376382 0.480066 0.06
v 0.375548 0.480779 0.06
v 0.374694 0.481468 0.06
v 0.373821 0.482133 0.06
v 0.372931 0.482775 0.06
v 0.372023 0.483392 0.06
v 0.371098 0.483983 0.06
v 0.370158 0.484549 0.06
v 0.369203 0.485089 0.06
v 0.368233 0.485603 0.06
v 0.367249 0.48609 0.06
v 0.366253 0.486549 0.06
v 0.365244 0.486981 0.06
v 0.364224 0.487386 0.06
v 0.363193 0.487762 0.06
v 0.362152 0.48811 0.06
v 0.361102 0.488429 0.06
v 0.360043 0.488719 0.06
v 0.358977 0.48898 0.06
v 0.357905 0.489211 0.06
v 0.356826 0.489413 0.06
v 0.355742 0.489586 0.06
v 0.354654 0.489728 0.06
v 0.353562 0.489841 0.06
v 0.352468 0.489924 0.06
v 0.351372 0.489976 0.06
v 0.350274 0.489999 0.06
v 0.349177 0.489992 0.06
v 0.34808 0.489954 0.06
v 0.346985 0.489886 0.06
v 0.345892 0.489788 0.06
v 0.344802 0.489661 0.06
v 0.343716 0.489503 0.06
v 0.342634 0.489316 0.06
v 0.341558 0.489099 0.06
v 0.340489 0.488853 0.06
v 0.339427 0.488577 0.06
v 0.338372 0.488273 0.06
v 0.337327 0.487939 0.06
v 0.336291 0.487577 0.06
v 0.335265 0.487187 0.06
v 0.33425 0.486769 0.06
v 0.333247 0.486323 0.06
v 0.332257 0.48585 0.06
v 0.33128 0.485349 0.06
v 0.330318 0.484822 0.06
v 0.32937 0.484269 0.06
v 0.328437 0.483691 0.06
v 0.327521 0.483086 0.06
v 0.326622 0.482457 0.06
v 0.32574 0.481804 0.06
v 0.324877 0.481126 0.06
v 0.324033 0.480425 0.06
v 0.323208 0.479701 0.06
v 0.322403 0.478955 0.06
v 0.321619 0.478187 0.06
v 0.320856 0.477398 0.06
v 0.320116 0.476588 0.06
v 0.319397 0.475758 0.06
v 0.318702 0.474909 0.06
v 0.318031 0.474041 0.06
v 0.317383 0.473155 0.06
v 0.31676 0.472251 0.06
v 0.316162 0.471331 0.06
v 0.31559 0.470395 0.06
v 0.315043 0.469443 0.06
v 0.314523 0.468477 0.06
v 0.31403 0.467496 0.06
v 0.313563 0.466503 0.06
v 0.313124 0.465497 0.06
v 0.312713 0.46448 0.06
v 0.31233 0.463451 0.06
v 0.311975 0.462413 0.06
v 0.311648 0.461365 0.06
v 0.311351 0.460309 0.06
v 0.311083 0.459244 0.06
v 0.310844 0.458173 0.06
v 0.310634 0.457096 0.06
v 0.310455 0.456013 0.06
v 0.310305 0.454926 0.06
v 0.310184 0.453835 0.06
v 0.310094 0.452742 0.06
v 0.310034 0.451646 0.06
v 0.310004 0.450549 0.06
v 0.310004 0.449451 0.06
v 0.310034 0.448354 0.06
v 0.310094 0.447258 0.06
v 0.310184 0.446165 0.06
v 0.310305 0.445074 0.06
v 0.310455 0.443987 0.06
v 0.310634 0.442904 0.06
v 0.310844 0.441827 0.06
v 0.311083 0.440756 0.06
v 0.311351 0.439691 0.06
v 0.311648 0.438635 0.06
v 0.311975 0.437587 0.06
v 0.31233 0.436549 0.06
v 0.312713 0.43552 0.06
v 0.313124 0.434503 0.06
v 0.313563 0.433497 0.06
v 0.31403 0.432504 0.06
v 0.314523 0.431523 0.06
v 0.315043 0.430557 0.06
v 0.31559 0.429605 0.06
v 0.316162 0.428669 0.06
v 0.31676 0.427749 0.06
v 0.317383 0.426845 0.06
v 0.318031 0.425959 0.06
v 0.318702 0.425091 0.06
v 0.319397 0.424242 0.06
v 0.320116 0.423412 0.06
v 0.320856 0.422602 0.06
v 0.321619 0.421813 0.06
v 0.322403 0.421045 0.06
v 0.323208 0.420299 0.06
v 0.324033 0.419575 0.06
v 0.324877 0.418874 0.06
v 0.32574 0.418196 0.06
v 0.326622 0.417543 0.06
v 0.327521 0.416914 0.06
v 0.328437 0.416309 0.06
v 0.32937 0.415731 0.06
v 0.330318 0.415178 0.06
v 0.33128 0.414651 0.06
v 0.332257 0.41415 0.06
v 0.333247 0.413677 0.06
v 0.33425 0.413231 0.06
v 0.335265 0.412813 0.06
v 0.336291 0.412423 0.06
v 0.337327 0.412061 0.06
v 0.338372 0.411727 0.06
v 0.339427 0.411423 0.06
v 0.340489 0.411147 0.06
v 0.341558 0.410901 0.06
v 0.342634 0.410684 0.06
v 0.343716 0.410497 0.06
v 0.344802 0.410339 0.06
v 0.345892 0.410212 0.06
v 0.346985 0.410114 0.06
v 0.34808 0.410046 0.06
v 0.349177 0.410008 0.06
v 0.350274 0.410001 0.06
v 0.351372 0.410024 0.06
v 0.352468 0.410076 0.06
v 0.353562 0.410159 0.06
v 0.354654 0.410272 0.06
v 0.355742 0.410414 0.06
v 0.356826 0.410587 0.06
v 0.357905 0.410789 0.06
v 0.358977 0.41102 0.06
v 0.360043 0.411281 0.06
v 0.361102 0.411571 0.06
v 0.362152 0.41189 0.06
v 0.363193 0.412238 0.06
v 0.364224 0.412614 0.06
v 0.365244 0.413019 0.06
v 0.366253 0.413451 0.06
v 0.367249 0.41391 0.06
v 0.368233 0.414397 0.06
v 0.369203 0.414911 0.06
v 0.370158 0.415451 0.06
v 0.371098 0.416017 0.06
v 0.372023 0.416608 0.06
v 0.372931 0.417225 0.06
v 0.373821 0.417867 0.06
v 0.374694 0.418532 0.06
v 0.375548 0.419221 0.06
v 0.376382 0.419934 0.06
v 0.377197 0.420669 0.06
v 0.377992 0.421426 0.06
v 0.378765 0.422205 0.06
v 0.379517 0.423004 0.06
v 0.380246 0.423824 0.06
v 0.380953 0.424664 0.06
v 0.381636 0.425523 0.06
v 0.382296 0.4264 0.06
v 0.382931 0.427295 0.06
v 0.383542 0.428207 0.06
v 0.384127 0.429135 0.06
v 0.384687 0.430079 0.06
v 0.38522 0.431038 0.06
v 0.385727 0.432012 0.06
v 0.386207 0.432999 0.06
v 0.38666 0.433998 0.06
v 0.387085 0.43501 0.06
v 0.387482 0.436033 0.06
v 0.387851 0.437067 0.06
v 0.388192 0.43811 0.06
v 0.388504 0.439162 0.06
v 0.388787 0.440223 0.06
v 0.38904 0.44129 0.06
v 0.389264 0.442365 0.06
v 0.389459 0.443445 0.06
v 0.389624 0.44453 0.06
v 0.389759 0.445619 0.06
v 0.389865 0.446711 0.06
v 0.38994 0.447806 0.06
v 0.389985 0.448903 0.06
v 0.20998 0.751545 0.06
v 0.21 0.75 0.06
v 0.20992 0.753089 0.06
v 0.209821 0.754631 0.06
v 0.209682 0.756169 0.06
v 0.209503 0.757704 0.06
v 0.209285 0.759233 0.06
v 0.209028 0.760757 0.06
v 0.208731 0.762273 0.06
v 0.208396 0.763781 0.06
v 0.208022 0.76528 0.06
v 0.207609 0.766769 0.06
v 0.207158 0.768247 0.06
v 0.206669 0.769713 0.06
v 0.206143 0.771165 0.06
v 0.205579 0.772604 0.06
v 0.204979 0.774027 0.06
v 0.204342 0.775435 0.06
v 0.203669 0.776826 0.06
v 0.202961 0.778199 0.06
v 0.202217 0.779553 0.06
v 0.201439 0.780888 0.06
v 0.200627 0.782202 0.06
v 0.199781 0.783495 0.06
v 0.198902 0.784765 0.06
v 0.19799 0.786013 0.06
v 0.197047 0.787237 0.06
v 0.196073 0.788436 0.06
v 0.195068 0.789609 0.06
v 0.194033 0.790756 0.06
v 0.192969 0.791877 0.06
v 0.191877 0.792969 0.06
v 0.190756 0.794033 0.06
v 0.189609 0.795068 0.06
v 0.188436 0.796073 0.06
v 0.187237 0.797047 0.06
v 0.186013 0.79799 0.06
v 0.184765 0.798902 0.06
v 0.183495 0.799781 0.06
v 0.182202 0.800627 0.06
v 0.180888 0.801439 0.06
v 0.179553 0.802217 0.06
v 0.178199 0.802961 0.06
v 0.176826 0.803669 0.06
v 0.175435 0.804342 0.06
v 0.174027 0.804979 0.06
v 0.172604 0.805579 0.06
v 0.171165 0.806143 0.06
v 0.169713 0.806669 0.06
v 0.168247 0.807158 0.06
v 0.166769 0.807609 0.06
v 0.16528 0.808022 0.06
v 0.163781 0.808396 0.06
v 0.162273 0.808731 0.06
v 0.160757 0.809028 0.06
v 0.159233 0.809285 0.06
v 0.157704 0.809503 0.06
v 0.156169 0.809682 0.06
v 0.154631 0.809821 0.06
v 0.153089 0.80992 0.06
v 0.151545 0.80998 0.06
v 0.15 0.81 0.06
v 0.148455 0.80998 0.06
v 0.146911 0.80992 0.06
v 0.145369 0.809821 0.06
v 0.143831 0.809682 0.06
v 0.142296 0.809503 0.06
v 0.140767 0.809285 0.06
v 0.139243 0.809028 0.06
v 0.137727 0.808731 0.06
v 0.136219 0.808396 0.06
v 0.13472 0.808022 0.06
v 0.133231 0.807609 0.06
v 0.131753 0.807158 0.06
v 0.130287 0.806669 0.06
v 0.128835 0.806143 0.06
v 0.127396 0.805579 0.06
v 0.125973 0.804979 0.06
v 0.124565 0.804342 0.06
v 0.123174 0.803669 0.06
v 0.121801 0.802961 0.06
v 0.120447 0.802217 0.06
v 0.119112 0.801439 0.06
v 0.117798 0.800627 0.06
v 0.116505 0.799781 0.06
v 0.115235 0.798902 0.06
v 0.113987 0.79799 0.06
v 0.112763 0.797047 0.06
v 0.111564 0.796073 0.06
v 0.110391 0.795068 0.06
v 0.109244 0.794033 0.06
v 0.108123 0.792969 0.06
v 0.107031 0.791877 0.06
v 0.105967 0.790756 0.06
v 0.104932 0.789609 0.06
v 0.103927 0.788436 0.06
v 0.102953 0.787237 0.06
v 0.10201 0.786013 0.06
v 0.101098 0.784765 0.06
v 0.100219 0.783495 0.06
v 0.0993735 0.782202 0.06
v 0.0985611 0.780888 0.06
v 0.0977829 0.779553 0.06
v 0.0970393 0.778199 0.06
v 0.0963308 0.776826 0.06
v 0.0956579 0.775435 0.06
v 0.095021 0.774027 0.06
v 0.0944206 0.772604 0.06
v 0.093857 0.771165 0.06
v 0.0933306 0.769713 0.06
v 0.0928419 0.768247 0.06
v 0.092391 0.766769 0.06
v 0.0919783 0.76528 0.06
v 0.0916041 0.763781 0.06
v 0.0912687 0.762273 0.06
v 0.0909721 0.760757 0.06
v 0.0907147 0.759233 0.06
v 0.0904966 0.757704 0.06
v 0.090318 0.756169 0.06
v 0.0901789 0.754631 0.06
v 0.0900796 0.753089 0.06
v 0.0900199 0.751545 0.06
v 0.09 0.75 0.06
v 0.0900199 0.748455 0.06
v 0.0900796 0.746911 0.06
v 0.0901789 0.745369 0.06
v 0.090318 0.743831 0.06
v 0.0904966 0.742296 0.06
v 0.0907147 0.740767 0.06
v 0.0909721 0.739243 0.06
v 0.0912687 0.737727 0.06
v 0.0916041 0.736219 0.06
v 0.0919783 0.73472 0.06
v 0.092391 0.733231 0.06
v 0.0928419 0.731753 0.06
v 0.0933306 0.730287 0.06
v 0.093857 0.728835 0.06
v 0.0944206 0.727396 0.06
v 0.095021 0.725973 0.06
v 0.0956579 0.724565 0.06
v 0.0963308 0.723174 0.06
v 0.0970393 0.721801 0.06
v 0.0977829 0.720447 0.06
v 0.0985611 0.719112 0.06
v 0.0993735 0.717798 0.06
v 0.100219 0.716505 0.06
v 0.101098 0.715235 0.06
v 0.10201 0.713987 0.06
v 0.102953 0.712763 0.06
v 0.103927 0.711564 0.06
v 0.104932 0.710391 0.06
v 0.105967 0.709244 0.06
v 0.107031 0.708123 0.06
v 0.108123 0.707031 0.06
v 0.109244 0.705967 0.06
v 0.110391 0.704932 0.06
v 0.111564 0.703927 0.06
v 0.112763 0.702953 0.06
v 0.113987 0.70201 0.06
v 0.115235 0.701098 0.06
v 0.116505 0.700219 0.06
v 0.117798 0.699373 0.06
v 0.119112 0.698561 0.06
v 0.120447 0.697783 0.06
v 0.121801 0.697039 0.06
v 0.123174 0.696331 0.06
v 0.124565 0.695658 0.06
v 0.125973 0.695021 0.06
v 0.127396 0.694421 0.06
v 0.128835 0.693857 0.06
v 0.130287 0.693331 0.06
v 0.131753 0.692842 0.06
v 0.133231 0.692391 0.06
v 0.13472 0.691978 0.06
v 0.136219 0.691604 0.06
v 0.137727 0.691269 0.06
v 0.139243 0.690972 0.06
v 0.140767 0.690715 0.06
v 0.142296 0.690497 0.06
v 0.143831 0.690318 0.06
v 0.145369 0.690179 0.06
v 0.146911 0.69008 0.06
v 0.148455 0.69002 0.06
v 0.15 0.69 0.06
v 0.151545 0.69002 0.06
v 0.153089 0.69008 0.06
v 0.154631 0.690179 0.06
v 0.156169 0.690318 0.06
v 0.157704 0.690497 0.06
v 0.159233 0.690715 0.06
v 0.160757 0.690972 0.06
v 0.162273 0.691269 0.06
v 0.163781 0.691604 0.06
v 0.16528 0.691978 0.06
v 0.166769 0.692391 0.06
v 0.168247 0.692842 0.06
v 0.169713 0.693331 0.06
v 0.171165 0.693857 0.06
v 0.172604 0.694421 0.06
v 0.174027 0.695021 0.06
v 0.175435 0.695658 0.06
v 0.176826 0.696331 0.06
v 0.178199 0.697039 0.06
v 0.179553 0.697783 0.06
v 0.180888 0.698561 0.06
v 0.182202 0.699373 0.06
v 0.183495 0.700219 0.06
v 0.184765 0.701098 0.06
v 0.186013 0.70201 0.06
v 0.187237 0.702953 0.06
v 0.188436 0.703927 0.06
v 0.189609 0.704932 0.06
v 0.190756 0.705967 0.06
v 0.191877 0.707031 0.06
v 0.192969 0.708123 0.06
v 0.194033 0.709244 0.06
v 0.195068 0.710391 0.06
v 0.196073 0.711564 0.06
v 0.197047 0.712763 0.06
v 0.19799 0.713987 0.06
v 0.198902 0.715235 0.06
v 0.199781 0.716505 0.06
v 0.200627 0.717798 0.06
v 0.201439 0.719112 0.06
v 0.202217 0.720447 0.06
v 0.202961 0.721801 0.06
v 0.203669 0.723174 0.06
v 0.204342 0.724565 0.06
v 0.204979 0.725973 0.06
v 0.205579 0.727396 0.06
v 0.206143 0.728835 0.06
v 0.206669 0.730287 0.06
v 0.207158 0.731753 0.06
v 0.207609 0.733231 0.06
v 0.208022 0.73472 0.06
v 0.208396 0.736219 0.06
v 0.208731 0.737727 0.06
v 0.209028 0.739243 0.06
v 0.209285 0.740767 0.06
v 0.209503 0.742296 0.06
v 0.209682 0.743831 0.06
v 0.209821 0.745369 0.06
v 0.20992 0.746911 0.06
v 0.20998 0.748455 0.06
v 0.165 0.45 0.06
v 0.164994 0.450411 0.06
v 0.164977 0.450823 0.06
v 0.164949 0.451233 0.06
v 0.16491 0.451643 0.06
v 0.164859 0.452051 0.06
v 0.164797 0.452458 0.06
v 0.164724 0.452863 0.06
v 0.16464 0.453266 0.06
v 0.164545 0.453667 0.06
v 0.164439 0.454064 0.06
v 0.164322 0.454459 0.06
v 0.164194 0.45485 0.06
v 0.164056 0.455238 0.06
v 0.163907 0.455621 0.06
v 0.163747 0.456001 0.06
v 0.163578 0.456376 0.06
v 0.163398 0.456746 0.06
v 0.163208 0.457111 0.06
v 0.163007 0.45747 0.06
v 0.162798 0.457824 0.06
v 0.162578 0.458172 0.06
v 0.162349 0.458514 0.06
v 0.162111 0.45885 0.06
v 0.161864 0.459179 0.06
v 0.161607 0.459501 0.06
v 0.161342 0.459816 0.06
v 0.161069 0.460123 0.06
v 0.160787 0.460423 0.06
v 0.160497 0.460715 0.06
v 0.160199 0.460999 0.06
v 0.159893 0.461275 0.06
v 0.15958 0.461542 0.06
v 0.15926 0.4618 0.06
v 0.158933 0.46205 0.06
v 0.158599 0.462291 0.06
v 0.158259 0.462522 0.06
v 0.157912 0.462744 0.06
v 0.157559 0.462956 0.06
v 0.157201 0.463158 0.06
v 0.156837 0.463351 0.06
v 0.156469 0.463534 0.06
v 0.156095 0.463706 0.06
v 0.155716 0.463868 0.06
v 0.155334 0.46402 0.06
v 0.154947 0.464161 0.06
v 0.154557 0.464291 0.06
v 0.154163 0.464411 0.06
v 0.153766 0.46452 0.06
v 0.153366 0.464617 0.06
v 0.152964 0.464704 0.06
v 0.15256 0.46478 0.06
v 0.152153 0.464845 0.06
v 0.151745 0.464898 0.06
v 0.151336 0.46494 0.06
v 0.150925 0.464971 0.06
v 0.150514 0.464991 0.06
v 0.150103 0.465 0.06
v 0.149691 0.464997 0.06
v 0.14928 0.464983 0.06
v 0.148869 0.464957 0.06
v 0.148459 0.464921 0.06
v 0.148051 0.464873 0.06
v 0.147643 0.464814 0.06
v 0.147238 0.464743 0.06
v 0.146834 0.464662 0.06
v 0.146433 0.46457 0.06
v 0.146035 0.464466 0.06
v 0.14564 0.464352 0.06
v 0.145247 0.464227 0.06
v 0.144859 0.464091 0.06
v 0.144474 0.463945 0.06
v 0.144094 0.463788 0.06
v 0.143718 0.463621 0.06
v 0.143346 0.463444 0.06
v 0.14298 0.463256 0.06
v 0.142619 0.463058 0.06
v 0.142264 0.462851 0.06
v 0.141914 0.462634 0.06
v 0.14157 0.462407 0.06
v 0.141233 0.462171 0.06
v 0.140903 0.461926 0.06
v 0.140579 0.461672 0.06
v 0.140262 0.461409 0.06
v 0.139953 0.461138 0.06
v 0.139651 0.460858 0.06
v 0.139357 0.46057 0.06
v 0.139071 0.460274 0.06
v 0.138793 0.459971 0.06
v 0.138524 0.459659 0.06
v 0.138263 0.459341 0.06
v 0.138012 0.459015 0.06
v 0.137769 0.458683 0.06
v 0.137535 0.458344 0.06
v 0.137311 0.457999 0.06
v 0.137096 0.457648 0.06
v 0.136891 0.457291 0.06
v 0.136696 0.456929 0.06
v 0.136511 0.456561 0.06
v 0.136336 0.456189 0.06
v 0.136172 0.455811 0.06
v 0.136017 0.45543 0.06
v 0.135874 0.455044 0.06
v 0.135741 0.454655 0.06
v 0.135618 0.454262 0.06
v 0.135507 0.453866 0.06
v 0.135406 0.453467 0.06
v 0.135316 0.453065 0.06
v 0.135238 0.452661 0.06
v 0.13517 0.452255 0.06
v 0.135114 0.451847 0.06
v 0.135069 0.451438 0.06
v 0.135035 0.451028 0.06
v 0.135013 0.450617 0.06
v 0.135001 0.450206 0.06
v 0.135001 0.449794 0.06
v 0.135013 0.449383 0.06
v 0.135035 0.448972 0.06
v 0.135069 0.448562 0.06
v 0.135114 0.448153 0.06
v 0.13517 0.447745 0.06
v 0.135238 0.447339 0.06
v 0.135316 0.446935 0.06
v 0.135406 0.446533 0.06
v 0.135507 0.446134 0.06
v 0.135618 0.445738 0.06
v 0.135741 0.445345 0.06
v 0.135874 0.444956 0.06
v 0.136017 0.44457 0.06
v 0.136172 0.444189 0.06
v 0.136336 0.443811 0.06
v 0.136511 0.443439 0.06
v 0.136696 0.443071 0.06
v 0.136891 0.442709 0.06
v 0.137096 0.442352 0.06
v 0.137311 0.442001 0.06
v 0.137535 0.441656 0.06
v 0.137769 0.441317 0.06
v 0.138012 0.440985 0.06
v 0.138263 0.440659 0.06
v 0.138524 0.440341 0.06
v 0.138793 0.440029 0.06
v 0.139071 0.439726 0.06
v 0.139357 0.43943 0.06
v 0.139651 0.439142 0.06
v 0.139953 0.438862 0.06
v 0.140262 0.438591 0.06
v 0.140579 0.438328 0.06
v 0.140903 0.438074 0.06
v 0.141233 0.437829 0.06
v 0.14157 0.437593 0.06
v 0.141914 0.437366 0.06
v 0.142264 0.437149 0.06
v 0.142619 0.436942 0.06
v 0.14298 0.436744 0.06
v 0.143346 0.436556 0.06
v 0.143718 0.436379 0.06
v 0.144094 0.436212 0.06
v 0.144474 0.436055 0.06
v 0.144859 0.435909 0.06
v 0.145247 0.435773 0.06
v 0.14564 0.435648 0.06
v 0.146035 0.435534 0.06
v 0.146433 0.43543 0.06
v 0.146834 0.435338 0.06
v 0.147238 0.435257 0.06
v 0.147643 0.435186 0.06
v 0.148051 0.435127 0.06
v 0.148459 0.435079 0.06
v 0.148869 0.435043 0.06
v 0.14928 0.435017 0.06
v 0.149691 0.435003 0.06
v 0.150103 0.435 0.06
v 0.150514 0.435009 0.06
v 0.150925 0.435029 0.06
v 0.151336 0.43506 0.06
v 0.151745 0.435102 0.06
v 0.152153 0.435155 0.06
v 0.15256 0.43522 0.06
v 0.152964 0.435296 0.06
v 0.153366 0.435383 0.06
v 0.153766 0.43548 0.06
v 0.154163 0.435589 0.06
v 0.154557 0.435709 0.06
v 0.154947 0.435839 0.06
v 0.155334 0.43598 0.06
v 0.155716 0.436132 0.06
v 0.156095 0.436294 0.06
v 0.156469 0.436466 0.06
v 0.156837 0.436649 0.06
v 0.157201 0.436842 0.06
v 0.157559 0.437044 0.06
v 0.157912 0.437256 0.06
v 0.158259 0.437478 0.06
v 0.158599 0.437709 0.06
v 0.158933 0.43795 0.06
v 0.15926 0.4382 0.06
v 0.15958 0.438458 0.06
v 0.159893 0.438725 0.06
v 0.160199 0.439001 0.06
v 0.160497 0.439285 0.06
v 0.160787 0.439577 0.06
v 0.161069 0.439877 0.06
v 0.161342 0.440184 0.06
v 0.161607 0.440499 0.06
v 0.161864 0.440821 0.06
v 0.162111 0.44115 0.06
v 0.162349 0.441486 0.06
v 0.162578 0.441828 0.06
v 0.162798 0.442176 0.06
v 0.163007 0.44253 0.06
v 0.163208 0.442889 0.06
v 0.163398 0.443254 0.06
v 0.163578 0.443624 0.06
v 0.163747 0.443999 0.06
v 0.163907 0.444379 0.06
v 0.164056 0.444762 0.06
v 0.164194 0.44515 0.06
v 0.164322 0.445541 0.06
v 0.164439 0.445936 0.06
v 0.164545 0.446333 0.06
v 0.16464 0.446734 0.06
v 0.164724 0.447137 0.06
v 0.164797 0.447542 0.06
v 0.164859 0.447949 0.06
v 0.16491 0.448357 0.06
v 0.164949 0.448767 0.06
v 0.164977 0.449177 0.06
v 0.164994 0.449589 0.06
v 0.128714 0.42886 0.06
v 0.129302 0.428284 0.06
v 0.128142 0.429452 0.06
v 0.129906 0.427724 0.06
v 0.127587 0.430059 0.06
v 0.130524 0.427181 0.06
v 0.127048 0.430681 0.06
v 0.131158 0.426655 0.06
v 0.126527 0.431318 0.06
v 0.131805 0.426147 0.06
v 0.126023 0.431969 0.06
v 0.132466 0.425657 0.06
v 0.125537 0.432634 0.06
v 0.133141 0.425185 0.06
v 0.133828 0.424732 0.06
v 0.12507 0.433312 0.06
v 0.124622 0.434002 0.06
v 0.134527 0.424298 0.06
v 0.135238 0.423883 0.06
v 0.123783 0.435418 0.06
v 0.124192 0.434704 0.06
v 0.13596 0.423488 0.06
v 0.123392 0.436142 0.06
v 0.136693 0.423113 0.06
v 0.123022 0.436878 0.06
v 0.137436 0.422758 0.06
v 0.122672 0.437623 0.06
v 0.138188 0.422423 0.06
v 0.138949 0.42211 0.06
v 0.122343 0.438377 0.06
v 0.139718 0.421817 0.06
v 0.122035 0.43914 0.06
v 0.140495 0.421546 0.06
v 0.121481 0.44069 0.06
v 0.121747 0.439911 0.06
v 0.141279 0.421296 0.06
v 0.14207 0.421067 0.06
v 0.121236 0.441476 0.06
v 0.121013 0.442269 0.06
v 0.142867 0.42086 0.06
v 0.143669 0.420676 0.06
v 0.120812 0.443067 0.06
v 0.120476 0.444678 0.06
v 0.120633 0.44387 0.06
v 0.144476 0.420513 0.06
v 0.145287 0.420373 0.06
v 0.146101 0.420254 0.06
v 0.120341 0.44549 0.06
v 0.120138 0.447124 0.06
v 0.120228 0.446305 0.06
v 0.146919 0.420159 0.06
v 0.120071 0.447944 0.06
v 0.147739 0.420085 0.06
v 0.14856 0.420035 0.06
v 0.149383 0.420006 0.06
v 0.120025 0.448766 0.06
v 0.120003 0.450412 0.06
v 0.120003 0.449588 0.06
v 0.150206 0.420001 0.06
v 0.151029 0.420018 0.06
v 0.120025 0.451234 0.06
v 0.151851 0.420057 0.06
v 0.120071 0.452056 0.06
v 0.152672 0.420119 0.06
v 0.120138 0.452876 0.06
v 0.15349 0.420204 0.06
v 0.120341 0.45451 0.06
v 0.120228 0.453695 0.06
v 0.154306 0.420311 0.06
v 0.155119 0.42044 0.06
v 0.155928 0.420592 0.06
v 0.120476 0.455322 0.06
v 0.120633 0.45613 0.06
v 0.156733 0.420765 0.06
v 0.121013 0.457731 0.06
v 0.120812 0.456933 0.06
v 0.157532 0.420961 0.06
v 0.158326 0.421179 0.06
v 0.121236 0.458524 0.06
v 0.159114 0.421418 0.06
v 0.121481 0.45931 0.06
v 0.159895 0.421679 0.06
v 0.160668 0.421961 0.06
v 0.121747 0.460089 0.06
v 0.122035 0.46086 0.06
v 0.161433 0.422264 0.06
v 0.122343 0.461623 0.06
v 0.16219 0.422588 0.06
v 0.122672 0.462377 0.06
v 0.162937 0.422933 0.06
v 0.163675 0.423298 0.06
v 0.123392 0.463858 0.06
v 0.123022 0.463122 0.06
v 0.164402 0.423683 0.06
v 0.165119 0.424088 0.06
v 0.123783 0.464582 0.06
v 0.124622 0.465998 0.06
v 0.124192 0.465296 0.06
v 0.165824 0.424513 0.06
v 0.166517 0.424956 0.06
v 0.167198 0.425419 0.06
v 0.125537 0.467366 0.06
v 0.12507 0.466688 0.06
v 0.167866 0.4259 0.06
v 0.126023 0.468031 0.06
v 0.16852 0.426399 0.06
v 0.127048 0.469319 0.06
v 0.126527 0.468682 0.06
v 0.169161 0.426916 0.06
v 0.169787 0.42745 0.06
v 0.127587 0.469941 0.06
v 0.170398 0.428002 0.06
v 0.128142 0.470548 0.06
v 0.170994 0.42857 0.06
v 0.128714 0.47114 0.06
v 0.171574 0.429154 0.06
v 0.129302 0.471716 0.06
v 0.172138 0.429753 0.06
v 0.129906 0.472276 0.06
v 0.172685 0.430368 0.06
v 0.130524 0.472819 0.06
v 0.173215 0.430998 0.06
v 0.131158 0.473345 0.06
v 0.173727 0.431642 0.06
v 0.131805 0.473853 0.06
v 0.174222 0.4323 0.06
v 0.132466 0.474343 0.06
v 0.174699 0.432971 0.06
v 0.133141 0.474815 0.06
v 0.175156 0.433655 0.06
v 0.133828 0.475268 0.06
v 0.175595 0.434351 0.06
v 0.134527 0.475702 0.06
v 0.176015 0.435059 0.06
v 0.135238 0.476117 0.06
v 0.176415 0.435779 0.06
v 0.13596 0.476512 0.06
v 0.176795 0.436509 0.06
v 0.136693 0.476887 0.06
v 0.177155 0.437249 0.06
v 0.137436 0.477242 0.06
v 0.177495 0.437999 0.06
v 0.138188 0.477577 0.06
v 0.177814 0.438758 0.06
v 0.138949 0.47789 0.06
v 0.178112 0.439525 0.06
v 0.139718 0.478183 0.06
v 0.178389 0.4403 0.06
v 0.140495 0.478454 0.06
v 0.178644 0.441082 0.06
v 0.141279 0.478704 0.06
v 0.178878 0.441872 0.06
v 0.14207 0.478933 0.06
v 0.17909 0.442667 0.06
v 0.142867 0.47914 0.06
v 0.17928 0.443468 0.06
v 0.143669 0.479324 0.06
v 0.179448 0.444273 0.06
v 0.144476 0.479487 0.06
v 0.179594 0.445084 0.06
v 0.145287 0.479627 0.06
v 0.179718 0.445897 0.06
v 0.146101 0.479746 0.06
v 0.17982 0.446714 0.06
v 0.146919 0.479841 0.06
v 0.179898 0.447533 0.06
v 0.147739 0.479915 0.06
v 0.179955 0.448355 0.06
v 0.14856 0.479965 0.06
v 0.179989 0.449177 0.06
v 0.149383 0.479994 0.06
v 0.18 0.45 0.06
v 0.150206 0.479999 0.06
v 0.179989 0.450823 0.06
v 0.151029 0.479982 0.06
v 0.179955 0.451645 0.06
v 0.151851 0.479943 0.06
v 0.179898 0.452467 0.06
v 0.152672 0.479881 0.06
v 0.17982 0.453286 0.06
v 0.15349 0.479796 0.06
v 0.179718 0.454103 0.06
v 0.154306 0.479689 0.06
v 0.179594 0.454916 0.06
v 0.155119 0.47956 0.06
v 0.179448 0.455727 0.06
v 0.155928 0.479408 0.06
v 0.17928 0.456532 0.06
v 0.156733 0.479235 0.06
v 0.17909 0.457333 0.06
v 0.157532 0.479039 0.06
v 0.178878 0.458128 0.06
v 0.158326 0.478821 0.06
v 0.178644 0.458918 0.06
v 0.159114 0.478582 0.06
v 0.178389 0.4597 0.06
v 0.159895 0.478321 0.06
v 0.178112 0.460475 0.06
v 0.160668 0.478039 0.06
v 0.177814 0.461242 0.06
v 0.161433 0.477736 0.06
v 0.177495 0.462001 0.06
v 0.16219 0.477412 0.06
v 0.177155 0.462751 0.06
v 0.162937 0.477067 0.06
v 0.176795 0.463491 0.06
v 0.163675 0.476702 0.06
v 0.176415 0.464221 0.06
v 0.164402 0.476317 0.06
v 0.176015 0.464941 0.06
v 0.165119 0.475912 0.06
v 0.175595 0.465649 0.06
v 0.165824 0.475487 0.06
v 0.175156 0.466345 0.06
v 0.166517 0.475044 0.06
v 0.174699 0.467029 0.06
v 0.167198 0.474581 0.06
v 0.174222 0.4677 0.06
v 0.167866 0.4741 0.06
v 0.173727 0.468358 0.06
v 0.16852 0.473601 0.06
v 0.173215 0.469002 0.06
v 0.169161 0.473084 0.06
v 0.172685 0.469632 0.06
v 0.169787 0.47255 0.06
v 0.172138 0.470247 0.06
v 0.170398 0.471998 0.06
v 0.171574 0.470846 0.06
v 0.170994 0.47143 0.06
v 0.307031 0.408123 0.06
v 0.308123 0.407031 0.06
v 0.309244 0.405967 0.06
v 0.305967 0.409244 0.06
v 0.310391 0.404932 0.06
v 0.304932 0.410391 0.06
v 0.311564 0.403927 0.06
v 0.303927 0.411564 0.06
v 0.312763 0.402953 0.06
v 0.302953 0.412763 0.06
v 0.313987 0.40201 0.06
v 0.30201 0.413987 0.06
v 0.315235 0.401098 0.06
v 0.300219 0.416505 0.06
v 0.301098 0.415235 0.06
v 0.316505 0.400219 0.06
v 0.299373 0.417798 0.06
v 0.317798 0.399373 0.06
v 0.298561 0.419112 0.06
v 0.319112 0.398561 0.06
v 0.297783 0.420447 0.06
v 0.320447 0.397783 0.06
v 0.321801 0.397039 0.06
v 0.297039 0.421801 0.06
v 0.323174 0.396331 0.06
v 0.296331 0.423174 0.06
v 0.324565 0.395658 0.06
v 0.295658 0.424565 0.06
v 0.325973 0.395021 0.06
v 0.295021 0.425973 0.06
v 0.327396 0.394421 0.06
v 0.294421 0.427396 0.06
v 0.328835 0.393857 0.06
v 0.293857 0.428835 0.06
v 0.330287 0.393331 0.06
v 0.293331 0.430287 0.06
v 0.331753 0.392842 0.06
v 0.292842 0.431753 0.06
v 0.333231 0.392391 0.06
v 0.292391 0.433231 0.06
v 0.33472 0.391978 0.06
v 0.291978 0.43472 0.06
v 0.336219 0.391604 0.06
v 0.291604 0.436219 0.06
v 0.337727 0.391269 0.06
v 0.290972 0.439243 0.06
v 0.291269 0.437727 0.06
v 0.339243 0.390972 0.06
v 0.290715 0.440767 0.06
v 0.340767 0.390715 0.06
v 0.290497 0.442296 0.06
v 0.342296 0.390497 0.06
v 0.290318 0.443831 0.06
v 0.343831 0.390318 0.06
v 0.345369 0.390179 0.06
v 0.290179 0.445369 0.06
v 0.346911 0.39008 0.06
v 0.29008 0.446911 0.06
v 0.348455 0.39002 0.06
v 0.29002 0.448455 0.06
v 0.35 0.39 0.06
v 0.29 0.45 0.06
v 0.351545 0.39002 0.06
v 0.29002 0.451545 0.06
v 0.353089 0.39008 0.06
v 0.29008 0.453089 0.06
v 0.354631 0.390179 0.06
v 0.290179 0.454631 0.06
v 0.356169 0.390318 0.06
v 0.290318 0.456169 0.06
v 0.357704 0.390497 0.06
v 0.290497 0.457704 0.06
v 0.359233 0.390715 0.06
v 0.290715 0.459233 0.06
v 0.360757 0.390972 0.06
v 0.290972 0.460757 0.06
v 0.362273 0.391269 0.06
v 0.291604 0.463781 0.06
v 0.291269 0.462273 0.06
v 0.363781 0.391604 0.06
v 0.291978 0.46528 0.06
v 0.36528 0.391978 0.06
v 0.292391 0.466769 0.06
v 0.366769 0.392391 0.06
v 0.292842 0.468247 0.06
v 0.368247 0.392842 0.06
v 0.369713 0.393331 0.06
v 0.293331 0.469713 0.06
v 0.371165 0.393857 0.06
v 0.293857 0.471165 0.06
v 0.372604 0.394421 0.06
v 0.294421 0.472604 0.06
v 0.374027 0.395021 0.06
v 0.295021 0.474027 0.06
v 0.375435 0.395658 0.06
v 0.295658 0.475435 0.06
v 0.376826 0.396331 0.06
v 0.296331 0.476826 0.06
v 0.378199 0.397039 0.06
v 0.297039 0.478199 0.06
v 0.379553 0.397783 0.06
v 0.297783 0.479553 0.06
v 0.380888 0.398561 0.06
v 0.298561 0.480888 0.06
v 0.382202 0.399373 0.06
v 0.299373 0.482202 0.06
v 0.383495 0.400219 0.06
v 0.300219 0.483495 0.06
v 0.384765 0.401098 0.06
v 0.30201 0.486013 0.06
v 0.301098 0.484765 0.06
v 0.386013 0.40201 0.06
v 0.302953 0.487237 0.06
v 0.387237 0.402953 0.06
v 0.303927 0.488436 0.06
v 0.388436 0.403927 0.06
v 0.304932 0.489609 0.06
v 0.389609 0.404932 0.06
v 0.305967 0.490756 0.06
v 0.390756 0.405967 0.06
v 0.307031 0.491877 0.06
v 0.391877 0.407031 0.06
v 0.308123 0.492969 0.06
v 0.392969 0.408123 0.06
v 0.309244 0.494033 0.06
v 0.394033 0.409244 0.06
v 0.310391 0.495068 0.06
v 0.395068 0.410391 0.06
v 0.311564 0.496073 0.06
v 0.396073 0.411564 0.06
v 0.312763 0.497047 0.06
v 0.397047 0.412763 0.06
v 0.313987 0.49799 0.06
v 0.39799 0.413987 0.06
v 0.315235 0.498902 0.06
v 0.398902 0.415235 0.06
v 0.316505 0.499781 0.06
v 0.399781 0.416505 0.06
v 0.317798 0.500627 0.06
v 0.400627 0.417798 0.06
v 0.319112 0.501439 0.06
v 0.401439 0.419112 0.06
v 0.320447 0.502217 0.06
v 0.402217 0.420447 0.06
v 0.321801 0.502961 0.06
v 0.402961 0.421801 0.06
v 0.323174 0.503669 0.06
v 0.403669 0.423174 0.06
v 0.324565 0.504342 0.06
v 0.404342 0.424565 0.06
v 0.325973 0.504979 0.06
v 0.404979 0.425973 0.06
v 0.327396 0.505579 0.06
v 0.405579 0.427396 0.06
v 0.328835 0.506143 0.06
v 0.406143 0.428835 0.06
v 0.330287 0.506669 0.06
v 0.406669 0.430287 0.06
v 0.331753 0.507158 0.06
v 0.407158 0.431753 0.06
v 0.333231 0.507609 0.06
v 0.407609 0.433231 0.06
v 0.33472 0.508022 0.06
v 0.408022 0.43472 0.06
v 0.336219 0.508396 0.06
v 0.408396 0.436219 0.06
v 0.337727 0.508731 0.06
v 0.408731 0.437727 0.06
v 0.339243 0.509028 0.06
v 0.409028 0.439243 0.06
v 0.340767 0.509285 0.06
v 0.409285 0.440767 0.06
v 0.342296 0.509503 0.06
v 0.409503 0.442296 0.06
v 0.343831 0.509682 0.06
v 0.409682 0.443831 0.06
v 0.345369 0.509821 0.06
v 0.409821 0.445369 0.06
v 0.346911 0.50992 0.06
v 0.40992 0.446911 0.06
v 0.348455 0.50998 0.06
v 0.40998 0.448455 0.06
v 0.35 0.51 0.06
v 0.41 0.45 0.06
v 0.351545 0.50998 0.06
v 0.40998 0.451545 0.06
v 0.353089 0.50992 0.06
v 0.40992 0.453089 0.06
v 0.354631 0.509821 0.06
v 0.409821 0.454631 0.06
v 0.356169 0.509682 0.06
v 0.409682 0.456169 0.06
v 0.357704 0.509503 0.06
v 0.409503 0.457704 0.06
v 0.359233 0.509285 0.06
v 0.409285 0.459233 0.06
v 0.360757 0.509028 0.06
v 0.409028 0.460757 0.06
v 0.362273 0.508731 0.06
v 0.408731 0.462273 0.06
v 0.363781 0.508396 0.06
v 0.408396 0.463781 0.06
v 0.36528 0.508022 0.06
v 0.408022 0.46528 0.06
v 0.366769 0.507609 0.06
v 0.407609 0.466769 0.06
v 0.368247 0.507158 0.06
v 0.407158 0.468247 0.06
v 0.369713 0.506669 0.06
v 0.406669 0.469713 0.06
v 0.371165 0.506143 0.06
v 0.406143 0.471165 0.06
v 0.405579 0.472604 0.06
v 0.372604 0.505579 0.06
v 0.374027 0.504979 0.06
v 0.404979 0.474027 0.06
v 0.404342 0.475435 0.06
v 0.375435 0.504342 0.06
v 0.376826 0.503669 0.06
v 0.403669 0.476826 0.06
v 0.402961 0.478199 0.06
v 0.378199 0.502961 0.06
v 0.402217 0.479553 0.06
v 0.379553 0.502217 0.06
v 0.380888 0.501439 0.06
v 0.401439 0.480888 0.06
v 0.382202 0.500627 0.06
v 0.400627 0.482202 0.06
v 0.383495 0.499781 0.06
v 0.399781 0.483495 0.06
v 0.384765 0.498902 0.06
v 0.398902 0.484765 0.06
v 0.386013 0.49799 0.06
v 0.39799 0.486013 0.06
v 0.387237 0.497047 0.06
v 0.397047 0.487237 0.06
v 0.388436 0.496073 0.06
v 0.396073 0.488436 0.06
v 0.389609 0.495068 0.06
v 0.395068 0.489609 0.06
v 0.390756 0.494033 0.06
v 0.394033 0.490756 0.06
v 0.391877 0.492969 0.06
v 0.392969 0.491877 0.06
v 0.365 0.75 0.06
v 0.364994 0.750411 0.06
v 0.364977 0.750823 0.06
v 0.364949 0.751233 0.06
v 0.36491 0.751643 0.06
v 0.364859 0.752051 0.06
v 0.364797 0.752458 0.06
v 0.364724 0.752863 0.06
v 0.36464 0.753266 0.06
v 0.364545 0.753667 0.06
v 0.364439 0.754064 0.06
v 0.364322 0.754459 0.06
v 0.364194 0.75485 0.06
v 0.364056 0.755238 0.06
v 0.363907 0.755621 0.06
v 0.363747 0.756001 0.06
v 0.363578 0.756375 0.06
v 0.363398 0.756746 0.06
v 0.363208 0.757111 0.06
v 0.363008 0.75747 0.06
v 0.362798 0.757824 0.06
v 0.362578 0.758172 0.06
v 0.362349 0.758514 0.06
v 0.362111 0.75885 0.06
v 0.361864 0.759179 0.06
v 0.361607 0.759501 0.06
v 0.361342 0.759816 0.06
v 0.361069 0.760123 0.06
v 0.360787 0.760423 0.06
v 0.360497 0.760715 0.06
v 0.360199 0.760999 0.06
v 0.359893 0.761275 0.06
v 0.35958 0.761542 0.06
v 0.35926 0.7618 0.06
v 0.358933 0.76205 0.06
v 0.358599 0.762291 0.06
v 0.358259 0.762522 0.06
v 0.357912 0.762744 0.06
v 0.357559 0.762956 0.06
v 0.357201 0.763158 0.06
v 0.356837 0.763351 0.06
v 0.356469 0.763534 0.06
v 0.356095 0.763706 0.06
v 0.355716 0.763868 0.06
v 0.355334 0.76402 0.06
v 0.354947 0.764161 0.06
v 0.354557 0.764291 0.06
v 0.354163 0.764411 0.06
v 0.353766 0.764519 0.06
v 0.353366 0.764617 0.06
v 0.352964 0.764704 0.06
v 0.35256 0.76478 0.06
v 0.352153 0.764845 0.06
v 0.351745 0.764898 0.06
v 0.351336 0.76494 0.06
v 0.350925 0.764971 0.06
v 0.350514 0.764991 0.06
v 0.350103 0.765 0.06
v 0.349691 0.764997 0.06
v 0.34928 0.764983 0.06
v 0.348869 0.764957 0.06
v 0.348459 0.764921 0.06
v 0.348051 0.764873 0.06
v 0.347643 0.764814 0.06
v 0.347238 0.764743 0.06
v 0.346834 0.764662 0.06
v 0.346433 0.76457 0.06
v 0.346035 0.764466 0.06
v 0.34564 0.764352 0.06
v 0.345247 0.764227 0.06
v 0.344859 0.764091 0.06
v 0.344474 0.763945 0.06
v 0.344094 0.763788 0.06
v 0.343718 0.763621 0.06
v 0.343346 0.763444 0.06
v 0.34298 0.763256 0.06
v 0.342619 0.763058 0.06
v 0.342264 0.762851 0.06
v 0.341914 0.762634 0.06
v 0.34157 0.762407 0.06
v 0.341233 0.762171 0.06
v 0.340903 0.761926 0.06
v 0.340579 0.761672 0.06
v 0.340262 0.761409 0.06
v 0.339953 0.761138 0.06
v 0.339651 0.760858 0.06
v 0.339357 0.76057 0.06
v 0.339071 0.760274 0.06
v 0.338793 0.759971 0.06
v 0.338524 0.759659 0.06
v 0.338263 0.759341 0.06
v 0.338012 0.759015 0.06
v 0.337769 0.758683 0.06
v 0.337535 0.758344 0.06
v 0.337311 0.757999 0.06
v 0.337096 0.757648 0.06
v 0.336891 0.757291 0.06
v 0.336696 0.756929 0.06
v 0.336511 0.756561 0.06
v 0.336336 0.756189 0.06
v 0.336172 0.755811 0.06
v 0.336017 0.75543 0.06
v 0.335874 0.755044 0.06
v 0.335741 0.754655 0.06
v 0.335618 0.754262 0.06
v 0.335507 0.753866 0.06
v 0.335406 0.753467 0.06
v 0.335316 0.753065 0.06
v 0.335238 0.752661 0.06
v 0.33517 0.752255 0.06
v 0.335114 0.751847 0.06
v 0.335069 0.751438 0.06
v 0.335035 0.751028 0.06
v 0.335013 0.750617 0.06
v 0.335001 0.750206 0.06
v 0.335001 0.749794 0.06
v 0.335013 0.749383 0.06
v 0.335035 0.748972 0.06
v 0.335069 0.748562 0.06
v 0.335114 0.748153 0.06
v 0.33517 0.747745 0.06
v 0.335238 0.747339 0.06
v 0.335316 0.746935 0.06
v 0.335406 0.746533 0.06
v 0.335507 0.746134 0.06
v 0.335618 0.745738 0.06
v 0.335741 0.745345 0.06
v 0.335874 0.744956 0.06
v 0.336017 0.74457 0.06
v 0.336172 0.744189 0.06
v 0.336336 0.743811 0.06
v 0.336511 0.743439 0.06
v 0.336696 0.743071 0.06
v 0.336891 0.742709 0.06
v 0.337096 0.742352 0.06
v 0.337311 0.742001 0.06
v 0.337535 0.741656 0.06
v 0.337769 0.741317 0.06
v 0.338012 0.740985 0.06
v 0.338263 0.740659 0.06
v 0.338524 0.740341 0.06
v 0.338793 0.740029 0.06
v 0.339071 0.739726 0.06
v 0.339357 0.73943 0.06
v 0.339651 0.739142 0.06
v 0.339953 0.738862 0.06
v 0.340262 0.738591 0.06
v 0.340579 0.738328 0.06
v 0.340903 0.738074 0.06
v 0.341233 0.737829 0.06
v 0.34157 0.737593 0.06
v 0.341914 0.737366 0.06
v 0.342264 0.737149 0.06
v 0.342619 0.736942 0.06
v 0.34298 0.736744 0.06
v 0.343346 0.736556 0.06
v 0.343718 0.736379 0.06
v 0.344094 0.736212 0.06
v 0.344474 0.736055 0.06
v 0.344859 0.735909 0.06
v 0.345247 0.735773 0.06
v 0.34564 0.735648 0.06
v 0.346035 0.735534 0.06
v 0.346433 0.73543 0.06
v 0.346834 0.735338 0.06
v 0.347238 0.735257 0.06
v 0.347643 0.735186 0.06
v 0.348051 0.735127 0.06
v 0.348459 0.735079 0.06
v 0.348869 0.735043 0.06
v 0.34928 0.735017 0.06
v 0.349691 0.735003 0.06
v 0.350103 0.735 0.06
v 0.350514 0.735009 0.06
v 0.350925 0.735029 0.06
v 0.351336 0.73506 0.06
v 0.351745 0.735102 0.06
v 0.352153 0.735155 0.06
v 0.35256 0.73522 0.06
v 0.352964 0.735296 0.06
v 0.353366 0.735383 0.06
v 0.353766 0.735481 0.06
v 0.354163 0.735589 0.06
v 0.354557 0.735709 0.06
v 0.354947 0.735839 0.06
v 0.355334 0.73598 0.06
v 0.355716 0.736132 0.06
v 0.356095 0.736294 0.06
v 0.356469 0.736466 0.06
v 0.356837 0.736649 0.06
v 0.357201 0.736842 0.06
v 0.357559 0.737044 0.06
v 0.357912 0.737256 0.06
v 0.358259 0.737478 0.06
v 0.358599 0.737709 0.06
v 0.358933 0.73795 0.06
v 0.35926 0.7382 0.06
v 0.35958 0.738458 0.06
v 0.359893 0.738725 0.06
v 0.360199 0.739001 0.06
v 0.360497 0.739285 0.06
v 0.360787 0.739577 0.06
v 0.361069 0.739877 0.06
v 0.361342 0.740184 0.06
v 0.361607 0.740499 0.06
v 0.361864 0.740821 0.06
v 0.362111 0.74115 0.06
v 0.362349 0.741486 0.06
v 0.362578 0.741828 0.06
v 0.362798 0.742176 0.06
v 0.363008 0.74253 0.06
v 0.363208 0.742889 0.06
v 0.363398 0.743254 0.06
v 0.363578 0.743625 0.06
v 0.363747 0.743999 0.06
v 0.363907 0.744379 0.06
v 0.364056 0.744762 0.06
v 0.364194 0.74515 0.06
v 0.364322 0.745541 0.06
v 0.364439 0.745936 0.06
v 0.364545 0.746333 0.06
v 0.36464 0.746734 0.06
v 0.364724 0.747137 0.06
v 0.364797 0.747542 0.06
v 0.364859 0.747949 0.06
v 0.36491 0.748357 0.06
v 0.364949 0.748767 0.06
v 0.364977 0.749177 0.06
v 0.364994 0.749589 0.06
v 0.328714 0.72886 0.06
v 0.329302 0.728284 0.06
v 0.328142 0.729452 0.06
v 0.329906 0.727724 0.06
v 0.327048 0.730681 0.06
v 0.327587 0.730059 0.06
v 0.330524 0.727181 0.06
v 0.326527 0.731318 0.06
v 0.331158 0.726655 0.06
v 0.331805 0.726147 0.06
v 0.326023 0.731969 0.06
v 0.332466 0.725657 0.06
v 0.325537 0.732634 0.06
v 0.333141 0.725185 0.06
v 0.32507 0.733312 0.06
v 0.333828 0.724732 0.06
v 0.324622 0.734002 0.06
v 0.334527 0.724298 0.06
v 0.324192 0.734704 0.06
v 0.335238 0.723883 0.06
v 0.323783 0.735418 0.06
v 0.33596 0.723488 0.06
v 0.323392 0.736142 0.06
v 0.336693 0.723113 0.06
v 0.337436 0.722758 0.06
v 0.322672 0.737623 0.06
v 0.323022 0.736878 0.06
v 0.338188 0.722423 0.06
v 0.338949 0.72211 0.06
v 0.322343 0.738377 0.06
v 0.322035 0.73914 0.06
v 0.339718 0.721817 0.06
v 0.321481 0.74069 0.06
v 0.321747 0.739911 0.06
v 0.340495 0.721546 0.06
v 0.321236 0.741476 0.06
v 0.341279 0.721296 0.06
v 0.34207 0.721067 0.06
v 0.321013 0.742269 0.06
v 0.342867 0.72086 0.06
v 0.320812 0.743067 0.06
v 0.343669 0.720676 0.06
v 0.344476 0.720513 0.06
v 0.320476 0.744678 0.06
v 0.320633 0.74387 0.06
v 0.345287 0.720373 0.06
v 0.320228 0.746305 0.06
v 0.320341 0.74549 0.06
v 0.346101 0.720254 0.06
v 0.346919 0.720159 0.06
v 0.320138 0.747123 0.06
v 0.347739 0.720085 0.06
v 0.320071 0.747944 0.06
v 0.34856 0.720035 0.06
v 0.349383 0.720006 0.06
v 0.320025 0.748766 0.06
v 0.350206 0.720001 0.06
v 0.320003 0.750412 0.06
v 0.320003 0.749588 0.06
v 0.351029 0.720018 0.06
v 0.320025 0.751234 0.06
v 0.351851 0.720057 0.06
v 0.320071 0.752056 0.06
v 0.352672 0.720119 0.06
v 0.320138 0.752877 0.06
v 0.35349 0.720204 0.06
v 0.320341 0.75451 0.06
v 0.320228 0.753695 0.06
v 0.354306 0.720311 0.06
v 0.355119 0.72044 0.06
v 0.355928 0.720592 0.06
v 0.320476 0.755322 0.06
v 0.320633 0.75613 0.06
v 0.356733 0.720765 0.06
v 0.320812 0.756933 0.06
v 0.357532 0.720961 0.06
v 0.321013 0.757731 0.06
v 0.358326 0.721179 0.06
v 0.359114 0.721418 0.06
v 0.321236 0.758524 0.06
v 0.321481 0.75931 0.06
v 0.359895 0.721679 0.06
v 0.321747 0.760089 0.06
v 0.360668 0.721961 0.06
v 0.322035 0.76086 0.06
v 0.361433 0.722264 0.06
v 0.322343 0.761623 0.06
v 0.36219 0.722588 0.06
v 0.322672 0.762377 0.06
v 0.362937 0.722933 0.06
v 0.323022 0.763122 0.06
v 0.363675 0.723298 0.06
v 0.323392 0.763858 0.06
v 0.364402 0.723683 0.06
v 0.323783 0.764582 0.06
v 0.365119 0.724088 0.06
v 0.365824 0.724513 0.06
v 0.324622 0.765998 0.06
v 0.324192 0.765296 0.06
v 0.366517 0.724956 0.06
v 0.367198 0.725419 0.06
v 0.32507 0.766688 0.06
v 0.325537 0.767366 0.06
v 0.367866 0.7259 0.06
v 0.326023 0.768031 0.06
v 0.36852 0.726399 0.06
v 0.327048 0.769319 0.06
v 0.326527 0.768682 0.06
v 0.369161 0.726916 0.06
v 0.369787 0.72745 0.06
v 0.327587 0.769941 0.06
v 0.370398 0.728002 0.06
v 0.328142 0.770548 0.06
v 0.370994 0.72857 0.06
v 0.328714 0.77114 0.06
v 0.371574 0.729154 0.06
v 0.329302 0.771716 0.06
v 0.372138 0.729753 0.06
v 0.329906 0.772276 0.06
v 0.372685 0.730368 0.06
v 0.330524 0.772819 0.06
v 0.373215 0.730998 0.06
v 0.331158 0.773345 0.06
v 0.373727 0.731642 0.06
v 0.331805 0.773853 0.06
v 0.374222 0.7323 0.06
v 0.332466 0.774343 0.06
v 0.374699 0.732971 0.06
v 0.333141 0.774815 0.06
v 0.375156 0.733655 0.06
v 0.333828 0.775268 0.06
v 0.375595 0.734351 0.06
v 0.334527 0.775702 0.06
v 0.376015 0.735059 0.06
v 0.335238 0.776117 0.06
v 0.376415 0.735779 0.06
v 0.33596 0.776512 0.06
v 0.376795 0.736509 0.06
v 0.336693 0.776887 0.06
v 0.377155 0.737249 0.06
v 0.337436 0.777242 0.06
v 0.377495 0.737999 0.06
v 0.338188 0.777577 0.06
v 0.377814 0.738758 0.06
v 0.338949 0.77789 0.06
v 0.378112 0.739525 0.06
v 0.339718 0.778183 0.06
v 0.378389 0.7403 0.06
v 0.340495 0.778454 0.06
v 0.378644 0.741082 0.06
v 0.341279 0.778704 0.06
v 0.378878 0.741872 0.06
v 0.34207 0.778933 0.06
v 0.37909 0.742667 0.06
v 0.342867 0.77914 0.06
v 0.37928 0.743468 0.06
v 0.343669 0.779324 0.06
v 0.379448 0.744273 0.06
v 0.344476 0.779487 0.06
v 0.379594 0.745084 0.06
v 0.345287 0.779627 0.06
v 0.379718 0.745897 0.06
v 0.346101 0.779746 0.06
v 0.37982 0.746714 0.06
v 0.346919 0.779841 0.06
v 0.379898 0.747533 0.06
v 0.347739 0.779915 0.06
v 0.379955 0.748355 0.06
v 0.34856 0.779965 0.06
v 0.379989 0.749177 0.06
v 0.349383 0.779994 0.06
v 0.38 0.75 0.06
v 0.350206 0.779999 0.06
v 0.379989 0.750823 0.06
v 0.351029 0.779982 0.06
v 0.379955 0.751645 0.06
v 0.351851 0.779943 0.06
v 0.379898 0.752467 0.06
v 0.352672 0.779881 0.06
v 0.37982 0.753286 0.06
v 0.35349 0.779796 0.06
v 0.379718 0.754103 0.06
v 0.354306 0.779689 0.06
v 0.379594 0.754916 0.06
v 0.355119 0.77956 0.06
v 0.379448 0.755727 0.06
v 0.355928 0.779408 0.06
v 0.37928 0.756532 0.06
v 0.356733 0.779235 0.06
v 0.37909 0.757333 0.06
v 0.357532 0.779039 0.06
v 0.378878 0.758128 0.06
v 0.358326 0.778821 0.06
v 0.378644 0.758918 0.06
v 0.359114 0.778582 0.06
v 0.378389 0.7597 0.06
v 0.359895 0.778321 0.06
v 0.378112 0.760475 0.06
v 0.360668 0.778039 0.06
v 0.377814 0.761242 0.06
v 0.361433 0.777736 0.06
v 0.377495 0.762001 0.06
v 0.36219 0.777412 0.06
v 0.377155 0.762751 0.06
v 0.362937 0.777067 0.06
v 0.376795 0.763491 0.06
v 0.363675 0.776702 0.06
v 0.376415 0.764221 0.06
v 0.364402 0.776317 0.06
v 0.376015 0.764941 0.06
v 0.365119 0.775912 0.06
v 0.375595 0.765649 0.06
v 0.365824 0.775487 0.06
v 0.375156 0.766345 0.06
v 0.366517 0.775044 0.06
v 0.374699 0.767029 0.06
v 0.367198 0.774581 0.06
v 0.374222 0.7677 0.06
v 0.367866 0.7741 0.06
v 0.373727 0.768358 0.06
v 0.36852 0.773601 0.06
v 0.373215 0.769002 0.06
v 0.369161 0.773084 0.06
v 0.372685 0.769632 0.06
v 0.369787 0.77255 0.06
v 0.372138 0.770247 0.06
v 0.370398 0.771998 0.06
v 0.371574 0.770846 0.06
v 0.370994 0.77143 0.06
# </points>

# <edges count="3748">
l 1 2
l 2 3
l 3 4
l 4 1
l 5 6
l 17 18
l 18 19
l 20 17
l 19 21
l 22 20
l 21 23
l 24 22
l 23 25
l 26 24
l 25 27
l 28 26
l 27 29
l 30 28
l 29 31
l 32 30
l 31 33
l 34 32
l 33 35
l 36 34
l 35 37
l 38 36
l 37 39
l 40 38
l 39 41
l 42 40
l 41 43
l 44 42
l 43 45
l 46 44
l 45 47
l 48 46
l 47 49
l 50 48
l 49 51
l 52 50
l 51 53
l 54 52
l 53 55
l 56 54
l 55 57
l 58 56
l 57 59
l 60 58
l 59 61
l 62 60
l 61 63
l 64 62
l 63 65
l 66 64
l 65 67
l 68 66
l 67 69
l 70 68
l 69 71
l 72 70
l 71 73
l 74 72
l 73 75
l 76 74
l 77 76
l 78 77
l 79 78
l 80 79
l 81 80
l 82 81
l 83 82
l 84 83
l 85 84
l 86 85
l 87 86
l 88 87
l 89 88
l 90 91
l 92 93
l 94 90
l 95 92
l 91 96
l 97 94
l 93 98
l 99 95
l 100 101
l 96 100
l 102 97
l 98 103
l 104 99
l 101 105
l 106 102
l 103 107
l 108 104
l 105 89
l 109 106
l 110 109
l 107 111
l 112 108
l 113 110
l 111 114
l 115 112
l 116 113
l 114 117
l 118 115
l 119 116
l 117 120
l 121 118
l 122 119
l 120 123
l 124 121
l 125 122
l 123 126
l 127 124
l 128 125
l 129 128
l 126 130
l 131 127
l 132 129
l 130 133
l 134 131
l 135 132
l 133 136
l 137 134
l 138 135
l 136 139
l 140 137
l 141 138
l 142 141
l 139 143
l 144 140
l 145 142
l 143 146
l 147 144
l 146 148
l 149 145
l 150 147
l 148 151
l 152 149
l 153 150
l 154 152
l 151 155
l 156 153
l 157 154
l 158 157
l 155 159
l 160 156
l 161 158
l 159 162
l 163 160
l 164 161
l 162 165
l 166 163
l 167 164
l 168 167
l 165 169
l 170 166
l 171 168
l 169 172
l 173 170
l 174 171
l 172 175
l 176 173
l 177 174
l 175 178
l 179 176
l 180 177
l 181 180
l 178 182
l 183 179
l 184 181
l 182 185
l 186 183
l 187 184
l 185 188
l 189 186
l 190 187
l 188 191
l 192 189
l 193 194
l 194 190
l 191 195
l 196 192
l 197 193
l 195 198
l 199 196
l 200 197
l 198 201
l 202 199
l 203 200
l 201 204
l 205 202
l 206 203
l 207 206
l 204 208
l 209 205
l 210 207
l 208 211
l 212 209
l 211 213
l 214 210
l 215 212
l 216 214
l 213 217
l 218 215
l 219 216
l 220 219
l 217 221
l 222 218
l 221 223
l 224 220
l 225 222
l 226 224
l 223 227
l 228 225
l 229 226
l 230 229
l 227 231
l 232 228
l 233 230
l 231 234
l 235 232
l 236 233
l 234 237
l 238 235
l 239 236
l 237 240
l 241 238
l 242 239
l 240 243
l 244 241
l 245 242
l 246 245
l 243 247
l 248 244
l 249 246
l 247 250
l 251 248
l 250 252
l 253 249
l 254 251
l 252 255
l 256 253
l 257 254
l 255 258
l 259 256
l 260 259
l 261 257
l 262 260
l 258 263
l 264 261
l 263 265
l 266 262
l 267 264
l 265 268
l 269 266
l 268 270
l 271 269
l 272 267
l 273 272
l 274 271
l 270 275
l 275 276
l 277 274
l 278 277
l 279 273
l 280 279
l 281 278
l 276 282
l 282 283
l 284 281
l 285 280
l 286 285
l 283 287
l 288 284
l 287 289
l 290 288
l 291 286
l 289 292
l 293 290
l 294 291
l 295 293
l 292 296
l 297 294
l 298 297
l 299 298
l 300 299
l 301 300
l 302 301
l 303 304
l 305 306
l 304 307
l 308 305
l 307 309
l 310 303
l 311 310
l 306 312
l 313 308
l 309 314
l 315 311
l 312 316
l 314 317
l 318 313
l 319 315
l 316 320
l 317 321
l 322 318
l 323 319
l 320 324
l 325 322
l 321 326
l 327 323
l 324 328
l 329 302
l 330 325
l 326 331
l 332 327
l 328 333
l 334 330
l 331 335
l 336 332
l 333 337
l 338 334
l 335 339
l 340 336
l 337 341
l 342 338
l 339 343
l 344 340
l 341 345
l 346 347
l 343 346
l 348 342
l 345 349
l 350 344
l 351 329
l 347 352
l 353 348
l 354 350
l 349 355
l 356 353
l 352 357
l 358 354
l 355 359
l 360 356
l 357 361
l 362 358
l 359 363
l 364 351
l 365 360
l 361 366
l 367 362
l 363 368
l 369 365
l 366 370
l 371 367
l 368 372
l 373 364
l 374 369
l 370 375
l 376 371
l 372 377
l 378 374
l 375 379
l 377 380
l 381 378
l 382 383
l 379 382
l 384 373
l 385 381
l 383 386
l 386 387
l 388 385
l 389 384
l 387 390
l 391 388
l 392 389
l 390 393
l 394 391
l 395 394
l 393 396
l 397 392
l 398 395
l 396 399
l 400 398
l 401 402
l 399 401
l 403 397
l 404 400
l 402 405
l 406 403
l 407 404
l 405 408
l 409 406
l 410 407
l 408 411
l 411 412
l 413 410
l 414 409
l 415 413
l 412 416
l 417 414
l 418 415
l 416 419
l 420 417
l 421 422
l 419 421
l 423 418
l 424 420
l 425 423
l 422 426
l 427 424
l 428 425
l 426 429
l 430 428
l 429 431
l 432 427
l 433 430
l 431 434
l 435 432
l 434 436
l 437 433
l 438 435
l 439 438
l 436 440
l 441 437
l 442 439
l 443 441
l 444 445
l 440 444
l 446 442
l 445 447
l 448 443
l 449 446
l 447 450
l 451 448
l 450 452
l 453 451
l 454 453
l 452 455
l 455 456
l 457 454
l 458 457
l 456 459
l 460 458
l 459 295
l 296 461
l 462 460
l 461 463
l 464 462
l 463 465
l 466 464
l 465 467
l 468 466
l 467 469
l 470 468
l 471 470
l 469 472
l 472 473
l 474 471
l 475 474
l 473 476
l 477 475
l 476 478
l 479 477
l 478 480
l 481 479
l 480 482
l 483 481
l 482 484
l 485 483
l 484 486
l 487 376
l 488 487
l 489 488
l 490 489
l 75 490
l 491 492
l 493 491
l 494 493
l 495 494
l 496 495
l 497 496
l 498 497
l 499 498
l 500 499
l 501 500
l 502 501
l 503 502
l 504 503
l 505 504
l 506 505
l 507 506
l 508 507
l 509 508
l 510 509
l 511 510
l 512 511
l 513 512
l 514 513
l 515 514
l 516 515
l 517 516
l 518 517
l 519 518
l 520 519
l 7 5
l 521 520
l 522 521
l 523 522
l 524 523
l 525 524
l 526 525
l 527 526
l 528 527
l 529 528
l 530 529
l 531 530
l 532 531
l 533 532
l 380 533
l 492 534
l 534 535
l 535 536
l 536 537
l 537 538
l 538 539
l 539 540
l 540 541
l 541 542
l 542 543
l 543 544
l 544 545
l 545 546
l 546 547
l 547 548
l 548 549
l 549 550
l 550 551
l 551 552
l 552 553
l 553 554
l 554 555
l 555 556
l 556 557
l 557 558
l 558 559
l 559 560
l 560 561
l 561 562
l 562 563
l 563 564
l 564 565
l 565 566
l 566 567
l 567 568
l 568 569
l 569 570
l 570 571
l 571 572
l 572 573
l 574 575
l 576 577
l 578 574
l 577 579
l 580 576
l 575 581
l 579 582
l 583 578
l 581 584
l 585 580
l 582 586
l 587 583
l 588 585
l 584 589
l 590 587
l 586 591
l 592 588
l 589 593
l 594 590
l 591 595
l 593 596
l 597 592
l 595 598
l 599 597
l 600 594
l 598 601
l 596 602
l 603 599
l 604 600
l 601 605
l 602 606
l 607 603
l 605 608
l 609 604
l 610 607
l 606 485
l 611 609
l 608 612
l 613 610
l 486 614
l 612 615
l 616 611
l 614 617
l 618 613
l 615 619
l 617 620
l 621 618
l 622 616
l 619 623
l 620 624
l 625 621
l 626 622
l 623 627
l 628 625
l 627 629
l 630 626
l 631 628
l 624 632
l 629 633
l 634 630
l 635 631
l 632 636
l 633 637
l 636 638
l 639 635
l 640 634
l 637 641
l 642 639
l 638 643
l 644 640
l 641 645
l 643 646
l 647 642
l 645 648
l 649 644
l 650 647
l 646 651
l 648 652
l 653 650
l 651 654
l 652 655
l 656 649
l 657 653
l 655 658
l 659 656
l 660 657
l 654 661
l 658 662
l 663 659
l 661 664
l 665 660
l 662 666
l 667 663
l 668 665
l 664 669
l 666 670
l 669 671
l 672 668
l 670 673
l 674 667
l 675 672
l 671 676
l 677 674
l 673 678
l 676 679
l 680 675
l 681 677
l 678 682
l 679 683
l 684 680
l 685 681
l 682 686
l 687 684
l 686 688
l 689 687
l 683 690
l 688 691
l 692 685
l 693 689
l 690 694
l 695 692
l 691 696
l 694 697
l 698 693
l 696 699
l 700 695
l 701 698
l 697 702
l 699 703
l 704 700
l 705 701
l 702 706
l 703 707
l 708 705
l 706 709
l 710 704
l 707 711
l 709 712
l 713 708
l 711 714
l 715 710
l 716 713
l 714 717
l 718 715
l 712 719
l 720 716
l 717 721
l 719 722
l 723 720
l 721 724
l 725 718
l 726 723
l 722 727
l 728 725
l 724 729
l 727 730
l 731 726
l 729 732
l 733 728
l 734 731
l 730 735
l 736 733
l 732 737
l 735 738
l 739 734
l 737 740
l 738 741
l 742 739
l 740 743
l 744 736
l 745 742
l 743 746
l 747 744
l 748 745
l 741 749
l 750 747
l 746 751
l 749 752
l 753 748
l 751 754
l 755 750
l 752 756
l 757 753
l 758 755
l 754 759
l 756 760
l 761 757
l 759 762
l 760 763
l 764 761
l 762 765
l 766 758
l 763 767
l 768 764
l 765 769
l 770 766
l 767 771
l 772 768
l 773 770
l 769 774
l 771 775
l 776 772
l 777 773
l 774 778
l 775 779
l 780 776
l 781 777
l 778 782
l 783 780
l 782 784
l 785 783
l 779 786
l 784 787
l 788 781
l 786 789
l 790 785
l 787 791
l 792 788
l 793 790
l 789 794
l 791 795
l 796 792
l 794 797
l 798 793
l 799 796
l 795 800
l 797 801
l 802 798
l 800 803
l 804 799
l 801 805
l 806 802
l 803 807
l 808 804
l 805 809
l 810 806
l 807 811
l 809 812
l 813 810
l 811 814
l 815 808
l 812 816
l 817 813
l 814 818
l 819 815
l 816 820
l 821 817
l 822 819
l 818 823
l 820 824
l 825 821
l 826 822
l 823 827
l 824 828
l 829 825
l 830 826
l 827 831
l 828 832
l 833 829
l 831 834
l 835 830
l 836 833
l 832 837
l 834 838
l 839 835
l 840 836
l 837 841
l 838 842
l 843 839
l 844 840
l 841 845
l 842 846
l 847 843
l 848 844
l 846 849
l 849 850
l 851 847
l 850 852
l 853 851
l 852 854
l 855 853
l 854 856
l 857 855
l 858 857
l 859 858
l 860 859
l 861 860
l 862 861
l 863 862
l 864 863
l 865 864
l 866 865
l 573 866
l 8 7
l 867 868
l 869 867
l 870 869
l 871 870
l 872 871
l 873 872
l 874 873
l 875 874
l 876 875
l 877 876
l 878 877
l 879 878
l 880 879
l 881 880
l 882 881
l 883 882
l 884 883
l 885 884
l 845 885
l 886 887
l 888 886
l 889 888
l 890 889
l 891 890
l 892 891
l 893 892
l 894 893
l 895 894
l 896 895
l 897 896
l 898 897
l 899 898
l 900 899
l 901 900
l 902 901
l 903 902
l 904 903
l 905 904
l 906 905
l 907 906
l 908 907
l 909 908
l 910 909
l 911 910
l 912 911
l 913 912
l 914 913
l 915 914
l 916 915
l 917 916
l 918 917
l 919 918
l 920 919
l 921 920
l 922 921
l 923 922
l 924 923
l 925 924
l 926 925
l 927 926
l 928 927
l 929 928
l 930 929
l 931 930
l 932 931
l 933 932
l 934 933
l 935 934
l 936 935
l 937 936
l 938 937
l 939 938
l 940 939
l 941 940
l 942 941
l 943 942
l 944 943
l 945 944
l 946 945
l 947 946
l 948 947
l 949 948
l 950 949
l 856 950
l 951 848
l 952 951
l 953 952
l 954 953
l 955 954
l 956 955
l 957 956
l 958 957
l 959 958
l 960 959
l 961 960
l 887 961
l 6 8
l 868 962
l 962 449
l 9 10
l 11 9
l 10 12
l 12 11
l 963 964
l 964 965
l 965 966
l 967 968
l 968 963
l 966 969
l 969 970
l 971 972
l 972 967
l 970 973
l 973 974
l 975 976
l 976 971
l 974 977
l 977 978
l 979 975
l 980 979
l 978 981
l 981 982
l 982 983
l 984 985
l 985 980
l 986 987
l 987 984
l 983 988
l 988 989
l 989 990
l 991 986
l 992 991
l 993 994
l 994 995
l 996 997
l 997 992
l 990 993
l 995 998
l 999 1000
l 1000 996
l 998 1001
l 1001 1002
l 1002 1003
l 1004 1005
l 1005 999
l 1006 1004
l 1007 1006
l 1008 1009
l 1009 1010
l 1010 1011
l 1012 1013
l 1013 1007
l 1011 1014
l 1003 1008
l 1015 1016
l 1016 1017
l 1017 1012
l 1014 1018
l 1018 1019
l 1019 1020
l 1021 1015
l 1020 1022
l 1023 1024
l 1024 1021
l 1022 1025
l 1025 1026
l 1027 1028
l 1028 1023
l 1029 1027
l 1026 1030
l 1030 1031
l 1031 1032
l 1032 1033
l 1033 1034
l 1034 1035
l 1036 1037
l 1037 1038
l 1038 1039
l 1039 1029
l 1035 1040
l 1040 1041
l 1042 1043
l 1043 1036
l 1044 1045
l 1045 1042
l 1041 1046
l 1046 1047
l 1047 1048
l 1049 1050
l 1050 1044
l 1048 1051
l 1051 1052
l 1052 1053
l 1053 1054
l 1054 1055
l 1055 1056
l 1057 1058
l 1058 1059
l 1059 1060
l 1060 1061
l 1061 1049
l 1056 1062
l 1062 1063
l 1063 1064
l 1065 1066
l 1066 1067
l 1068 1069
l 1069 1065
l 1067 1057
l 1070 1071
l 1071 1068
l 1064 1072
l 1072 1073
l 1073 1074
l 1074 1075
l 1075 1076
l 1077 1078
l 1078 1070
l 1079 1080
l 1080 1081
l 1076 1079
l 1081 1082
l 1083 1084
l 1084 1085
l 1085 1077
l 1082 1086
l 1086 1087
l 1088 1089
l 1089 1083
l 1087 1090
l 1091 1092
l 1092 1088
l 1090 1093
l 1093 1094
l 1094 1095
l 1096 1097
l 1097 1091
l 1095 1098
l 1098 1099
l 1099 1100
l 1101 1102
l 1102 1103
l 1103 1104
l 1100 1105
l 1105 1106
l 1106 1107
l 1108 1109
l 1109 1110
l 1110 1101
l 1104 1096
l 1111 1108
l 1107 1112
l 1112 1113
l 1113 1114
l 1115 1111
l 1114 1116
l 1116 1117
l 1117 1118
l 1119 1120
l 1120 1121
l 1122 1123
l 1123 1124
l 1124 1119
l 1125 1122
l 1121 1115
l 1126 1127
l 1127 1128
l 1128 1129
l 1129 1130
l 1130 1131
l 1118 1126
l 1132 1133
l 1133 1134
l 1134 1125
l 1135 1136
l 1131 1135
l 1137 1132
l 1138 1139
l 1139 1137
l 1140 1141
l 1141 1142
l 1143 1138
l 1136 1140
l 1142 1144
l 1144 1145
l 1146 1147
l 1147 1148
l 1148 1143
l 1145 1149
l 1149 1150
l 1150 1151
l 1152 1153
l 1153 1154
l 1155 1152
l 1154 1146
l 1156 1157
l 1157 1158
l 1159 1160
l 1160 1155
l 1151 1161
l 1161 1156
l 1158 1162
l 1162 1163
l 1164 1165
l 1165 1159
l 1166 1164
l 1163 1167
l 1167 1168
l 1169 1166
l 1170 1171
l 1171 1172
l 1172 1169
l 1168 1173
l 1173 1174
l 1174 1175
l 1175 1176
l 1177 1178
l 1178 1170
l 1176 1179
l 1179 1180
l 1180 1181
l 1182 1183
l 1183 1184
l 1181 1185
l 1185 1186
l 1184 1177
l 1187 1182
l 1186 1188
l 1189 1187
l 1188 1190
l 1190 1191
l 1191 1189
l 1192 1193
l 1193 1194
l 1195 1196
l 1196 1197
l 1197 1192
l 1194 1198
l 1198 1199
l 1200 1201
l 1201 1195
l 1202 1200
l 1199 1203
l 1203 1204
l 1204 1205
l 1205 1206
l 1206 1207
l 1207 1208
l 1209 1210
l 1210 1211
l 1212 1213
l 1213 1209
l 1208 1214
l 1214 1215
l 1215 1216
l 1217 1218
l 1218 1212
l 1211 1219
l 1216 1220
l 1220 1221
l 1222 1223
l 1223 1217
l 1221 1224
l 1224 1225
l 1226 1222
l 1219 1202
l 1225 1227
l 1227 1228
l 1228 1229
l 1230 1231
l 1231 1232
l 1232 1226
l 1229 1233
l 1233 1234
l 1235 1236
l 1236 1230
l 1237 1235
l 1234 1238
l 1238 1239
l 1240 1241
l 1241 1237
l 1239 1242
l 1242 1243
l 1244 1245
l 1245 1240
l 1246 1247
l 1247 1244
l 1248 1249
l 1249 1250
l 1250 1251
l 1251 1252
l 1243 1248
l 1253 1254
l 1254 1255
l 1255 1246
l 1252 1256
l 1256 1257
l 1257 1258
l 1258 1259
l 1260 1261
l 1261 1262
l 1262 1263
l 1259 1264
l 1264 1265
l 1265 1266
l 1267 1268
l 1268 1260
l 1263 1253
l 1269 1270
l 1270 1271
l 1272 1273
l 1273 1274
l 1274 1267
l 1271 1275
l 1275 1276
l 1277 1278
l 1278 1279
l 1279 1272
l 1266 1269
l 1276 1280
l 1280 1281
l 1282 1283
l 1283 1277
l 1281 1284
l 1284 1285
l 1286 1282
l 1285 1287
l 1287 1288
l 1289 1290
l 1290 1291
l 1291 1286
l 1288 1292
l 1292 1293
l 1294 1289
l 1293 1295
l 1295 1296
l 1296 1297
l 1298 1299
l 1299 1300
l 1300 1294
l 1297 1301
l 1301 1302
l 1302 1303
l 1304 1305
l 1305 1306
l 1306 1298
l 1303 1307
l 1308 1309
l 1309 1304
l 1307 1310
l 1310 1311
l 1312 1308
l 1311 1313
l 1314 1315
l 1315 1312
l 1313 1316
l 1316 1317
l 1318 1319
l 1319 1314
l 1317 1320
l 1320 1321
l 1321 1322
l 1322 1323
l 1324 1325
l 1325 1326
l 1326 1318
l 1323 1327
l 1327 1328
l 1329 1330
l 1330 1324
l 1331 1329
l 1328 1332
l 1332 1333
l 1333 1334
l 1334 1335
l 1335 1336
l 1337 1338
l 1338 1339
l 1339 1340
l 1340 1331
l 1341 1342
l 1342 1337
l 1343 1344
l 1344 1345
l 1346 1341
l 1336 1343
l 1345 1347
l 1348 1349
l 1349 1350
l 1350 1346
l 1351 1352
l 1352 1353
l 1353 1354
l 1355 1356
l 1356 1348
l 1357 1358
l 1358 1355
l 1354 1359
l 1359 1360
l 1360 1361
l 1362 1363
l 1363 1364
l 1364 1357
l 1365 1366
l 1366 1367
l 1361 1365
l 1367 1368
l 1369 1370
l 1370 1371
l 1371 1362
l 1368 1372
l 1372 1373
l 1373 1374
l 1375 1376
l 1376 1369
l 1374 1377
l 1378 1379
l 1379 1375
l 1380 1381
l 1381 1378
l 1382 1383
l 1383 1384
l 1384 1385
l 1377 1382
l 1385 1386
l 1347 1351
l 1387 1388
l 1388 1389
l 1389 1380
l 1390 1387
l 1386 1391
l 1391 1392
l 1392 1393
l 1393 1394
l 1395 1396
l 1396 1390
l 1397 1398
l 1398 1395
l 1399 1400
l 1400 1401
l 1401 1397
l 1402 1403
l 1403 1404
l 1404 1405
l 1405 1406
l 1406 1407
l 1408 1399
l 1394 1402
l 1407 1409
l 1410 1411
l 1411 1408
l 1409 1412
l 1412 1413
l 1413 1414
l 1414 1415
l 1416 1417
l 1417 1418
l 1418 1410
l 1415 1419
l 1419 1420
l 1420 1416
l 1421 1422
l 1422 1423
l 1424 1425
l 1425 1421
l 1423 1426
l 1426 1427
l 1428 1429
l 1429 1424
l 1427 1430
l 1430 1431
l 1431 1432
l 1433 1434
l 1434 1435
l 1435 1428
l 1432 1436
l 1437 1438
l 1438 1433
l 1436 1439
l 1439 1440
l 1440 1441
l 1442 1443
l 1443 1437
l 1441 1444
l 1444 1445
l 1446 1447
l 1447 1442
l 1445 1448
l 1449 1450
l 1450 1446
l 1448 1451
l 1451 1452
l 1452 1453
l 1454 1455
l 1455 1449
l 1456 1454
l 1453 1457
l 1457 1458
l 1458 1459
l 1460 1461
l 1461 1462
l 1462 1456
l 1459 1463
l 1463 1464
l 1465 1466
l 1466 1467
l 1468 1469
l 1469 1470
l 1470 1471
l 1464 1468
l 1472 1473
l 1473 1474
l 1474 1475
l 1475 1465
l 1476 1477
l 1477 1478
l 1479 1472
l 1467 1460
l 1478 1480
l 1481 1482
l 1482 1479
l 1483 1481
l 1480 1484
l 1484 1485
l 1485 1486
l 1487 1483
l 1488 1487
l 1486 1489
l 1489 1490
l 1490 1491
l 1491 1492
l 1493 1494
l 1494 1495
l 1495 1488
l 1496 1493
l 1471 1476
l 1492 1497
l 1497 1498
l 1498 1499
l 1499 1500
l 1500 1501
l 1502 1503
l 1503 1504
l 1504 1505
l 1505 1496
l 1501 1506
l 1506 1507
l 1508 1509
l 1509 1502
l 1507 1510
l 1510 1511
l 1511 1512
l 1512 1513
l 1513 1514
l 1515 1516
l 1516 1517
l 1517 1518
l 1518 1519
l 1519 1508
l 1520 1521
l 1521 1522
l 1522 1515
l 1523 1524
l 1524 1525
l 1525 1526
l 1526 1527
l 1528 1523
l 1529 1530
l 1530 1531
l 1532 1529
l 1531 1520
l 1514 1528
l 1527 1533
l 1533 1534
l 1534 1535
l 1535 1536
l 1537 1538
l 1538 1539
l 1539 1532
l 1536 1540
l 1540 1541
l 1542 1543
l 1543 1537
l 1541 1544
l 1545 1542
l 1544 1546
l 1546 1547
l 1547 1548
l 1548 1549
l 1550 1551
l 1551 1552
l 1549 1553
l 1554 1550
l 1555 1556
l 1556 1554
l 1552 1557
l 1557 1545
l 1558 1559
l 1559 1560
l 1560 1561
l 1561 1562
l 1562 1563
l 1563 1564
l 1553 1558
l 1564 1565
l 1566 1567
l 1567 1568
l 1568 1569
l 1569 1570
l 1570 1571
l 1571 1572
l 1572 1555
l 1573 1574
l 1574 1575
l 1576 1577
l 1577 1566
l 1565 1573
l 1575 1578
l 1579 1580
l 1580 1576
l 1578 1581
l 1581 1582
l 1583 1584
l 1584 1579
l 1582 1585
l 1585 1586
l 1586 1587
l 1587 1588
l 1589 1590
l 1590 1591
l 1591 1592
l 1592 1583
l 1593 1589
l 1594 1595
l 1595 1596
l 1597 1593
l 1596 1598
l 1588 1594
l 1598 1599
l 1600 1601
l 1601 1602
l 1602 1597
l 1603 1600
l 1604 1605
l 1605 1606
l 1607 1608
l 1608 1603
l 1599 1609
l 1609 1604
l 1606 1610
l 1611 1607
l 1612 1611
l 1610 1613
l 1613 1614
l 1614 1615
l 1616 1617
l 1617 1612
l 1618 1616
l 1619 1618
l 1615 1620
l 1620 1621
l 1621 1622
l 1622 1623
l 1624 1625
l 1625 1626
l 1626 1619
l 1623 1627
l 1627 1628
l 1628 1629
l 1629 1630
l 1631 1632
l 1632 1633
l 1633 1634
l 1634 1624
l 1630 1635
l 1635 1636
l 1637 1638
l 1638 1639
l 1640 1641
l 1641 1642
l 1642 1643
l 1643 1631
l 1639 1644
l 1644 1645
l 1636 1637
l 1645 1646
l 1647 1648
l 1648 1649
l 1649 1640
l 1646 1647
l 1650 1651
l 1651 1652
l 1652 1653
l 1653 1654
l 1654 1655
l 1655 1656
l 1656 1657
l 1658 1659
l 1659 1660
l 1660 1650
l 1661 1662
l 1662 1658
l 1657 1663
l 1663 1664
l 1664 1665
l 1665 1666
l 1667 1668
l 1668 1669
l 1669 1661
l 1666 1670
l 1670 1671
l 1671 1672
l 1673 1674
l 1674 1667
l 1672 1675
l 1676 1673
l 1677 1676
l 1675 1678
l 1678 1679
l 1680 1681
l 1681 1677
l 1679 1682
l 1682 1683
l 1683 1684
l 1685 1686
l 1686 1687
l 1688 1685
l 1687 1689
l 1689 1680
l 1684 1690
l 1690 1691
l 1691 1692
l 1692 1693
l 1694 1688
l 1695 1696
l 1696 1697
l 1698 1699
l 1699 1700
l 1700 1701
l 1701 1694
l 1702 1698
l 1697 1703
l 1703 1704
l 1704 1705
l 1693 1706
l 1706 1695
l 1707 1708
l 1708 1702
l 1705 1709
l 1710 1711
l 1711 1707
l 1709 1712
l 1712 1713
l 1714 1715
l 1715 1710
l 1713 1716
l 1716 1717
l 1718 1714
l 1717 1719
l 1719 1720
l 1721 1722
l 1722 1718
l 1723 1724
l 1724 1721
l 1725 1726
l 1726 1727
l 1720 1725
l 1727 1728
l 1729 1730
l 1730 1723
l 1731 1729
l 1728 1732
l 1732 1733
l 1733 1734
l 1735 1736
l 1736 1731
l 1737 1738
l 1738 1739
l 1740 1741
l 1741 1742
l 1742 1735
l 1739 1743
l 1744 1740
l 1743 1745
l 1734 1737
l 1746 1747
l 1747 1744
l 1748 1746
l 1749 1750
l 1750 1748
l 1745 1751
l 1751 1752
l 1752 1753
l 1753 1754
l 1754 1755
l 1756 1757
l 1757 1749
l 1755 1758
l 1758 1759
l 1760 1761
l 1761 1756
l 1759 1762
l 1762 1763
l 1764 1760
l 1763 1765
l 1765 1766
l 1767 1768
l 1768 1769
l 1769 1764
l 1766 1770
l 1770 1771
l 1771 1772
l 1772 1773
l 1774 1775
l 1775 1776
l 1776 1777
l 1777 1767
l 1773 1778
l 1778 1779
l 1780 1781
l 1781 1774
l 1779 1782
l 1782 1783
l 1784 1780
l 1783 1785
l 1785 1786
l 1786 1787
l 1788 1789
l 1789 1790
l 1787 1791
l 1792 1793
l 1793 1794
l 1794 1788
l 1790 1784
l 1791 1795
l 1795 1796
l 1796 1797
l 1797 1798
l 1798 1799
l 1800 1801
l 1801 1802
l 1802 1792
l 1803 1804
l 1804 1800
l 1799 1805
l 1805 1806
l 1806 1807
l 1808 1809
l 1809 1803
l 1810 1811
l 1811 1808
l 1807 1812
l 1812 1813
l 1813 1814
l 1814 1815
l 1815 1816
l 1817 1818
l 1818 1810
l 1819 1817
l 1820 1819
l 1821 1822
l 1823 1821
l 1824 1820
l 1822 1825
l 1825 1826
l 1816 1823
l 1827 1828
l 1828 1824
l 1829 1830
l 1830 1831
l 1832 1833
l 1833 1834
l 1834 1835
l 1831 1827
l 1836 1829
l 1835 1837
l 1837 1838
l 1838 1839
l 1840 1841
l 1841 1842
l 1826 1832
l 1839 1843
l 1844 1845
l 1845 1840
l 1842 1836
l 1846 1847
l 1847 1844
l 1843 1848
l 1848 1849
l 1849 1850
l 1850 1851
l 1852 1853
l 1853 1854
l 1854 1846
l 1851 1855
l 1855 1856
l 1856 1857
l 1857 1858
l 1859 1860
l 1860 1861
l 1861 1862
l 1862 1852
l 1863 1864
l 1864 1859
l 1865 1866
l 1866 1867
l 1867 1868
l 1869 1870
l 1870 1863
l 1858 1871
l 1871 1872
l 1872 1865
l 1868 1873
l 1874 1875
l 1875 1869
l 1873 1876
l 1876 1877
l 1877 1878
l 1878 1874
l 1 16
l 13 2
l 14 3
l 15 4
l 8 10
l 9 7
l 6 12
l 11 5
l 14 13
l 15 14
l 16 15
l 13 16
l 1879 1880
l 1880 1881
l 1881 1882
l 1882 1883
l 1883 1884
l 1884 1885
l 1885 1886
l 1886 1887
l 1887 1888
l 1888 1889
l 1889 1890
l 1890 1891
l 1891 1892
l 1892 1893
l 1893 1894
l 1894 1895
l 1895 1896
l 1896 1897
l 1897 1898
l 1898 1899
l 1899 1900
l 1900 1901
l 1901 1902
l 1902 1903
l 1903 1904
l 1904 1905
l 1905 1906
l 1906 1907
l 1907 1908
l 1908 1909
l 1909 1910
l 1910 1911
l 1911 1912
l 1912 1913
l 1913 1914
l 1914 1915
l 1915 1916
l 1916 1917
l 1917 1918
l 1918 1919
l 1919 1920
l 1920 1921
l 1921 1922
l 1922 1923
l 1923 1924
l 1924 1925
l 1925 1926
l 1926 1927
l 1927 1928
l 1928 1929
l 1929 1930
l 1930 1931
l 1931 1932
l 1932 1933
l 1933 1934
l 1934 1935
l 1935 1936
l 1936 1937
l 1937 1938
l 1938 1939
l 1939 1940
l 1940 1941
l 1941 1942
l 1942 1943
l 1943 1944
l 1944 1945
l 1945 1946
l 1946 1947
l 1947 1948
l 1948 1949
l 1949 1950
l 1950 1951
l 1951 1952
l 1952 1953
l 1953 1954
l 1954 1955
l 1955 1956
l 1956 1957
l 1957 1958
l 1958 1959
l 1959 1960
l 1960 1961
l 1961 1962
l 1962 1963
l 1963 1964
l 1964 1965
l 1965 1966
l 1966 1967
l 1967 1968
l 1968 1969
l 1969 1970
l 1970 1971
l 1971 1972
l 1972 1973
l 1973 1974
l 1974 1975
l 1975 1976
l 1976 1977
l 1977 1978
l 1978 1979
l 1979 1980
l 1980 1981
l 1981 1982
l 1982 1983
l 1983 1984
l 1984 1985
l 1985 1986
l 1986 1987
l 1987 1988
l 1988 1989
l 1989 1990
l 1990 1991
l 1991 1992
l 1992 1993
l 1993 1994
l 1994 1995
l 1995 1996
l 1996 1997
l 1997 1998
l 1998 1999
l 1999 2000
l 2000 2001
l 2001 2002
l 2002 2003
l 2003 2004
l 2004 2005
l 2005 2006
l 2006 2007
l 2007 2008
l 2008 2009
l 2009 2010
l 2010 2011
l 2011 2012
l 2012 2013
l 2013 2014
l 2014 2015
l 2015 2016
l 2016 2017
l 2017 2018
l 2018 2019
l 2019 2020
l 2020 2021
l 2021 2022
l 2022 2023
l 2023 2024
l 2024 2025
l 2025 2026
l 2026 2027
l 2027 2028
l 2028 2029
l 2029 2030
l 2030 2031
l 2031 2032
l 2032 2033
l 2033 2034
l 2034 2035
l 2035 2036
l 2036 2037
l 2037 2038
l 2038 2039
l 2039 2040
l 2040 2041
l 2041 2042
l 2042 2043
l 2043 2044
l 2044 2045
l 2045 2046
l 2046 2047
l 2047 2048
l 2048 2049
l 2049 2050
l 2050 2051
l 2051 2052
l 2052 2053
l 2053 2054
l 2054 2055
l 2055 2056
l 2056 2057
l 2057 2058
l 2058 2059
l 2059 2060
l 2060 2061
l 2061 2062
l 2062 2063
l 2063 2064
l 2064 2065
l 2065 2066
l 2066 2067
l 2067 2068
l 2068 2069
l 2069 2070
l 2070 2071
l 2071 2072
l 2072 2073
l 2073 2074
l 2074 2075
l 2075 2076
l 2076 2077
l 2077 2078
l 2078 2079
l 2079 2080
l 2080 2081
l 2081 2082
l 2082 2083
l 2083 2084
l 2084 2085
l 2085 2086
l 2086 2087
l 2087 2088
l 2088 2089
l 2089 2090
l 2090 2091
l 2091 2092
l 2092 2093
l 2093 2094
l 2094 2095
l 2095 2096
l 2096 2097
l 2097 2098
l 2098 2099
l 2099 2100
l 2100 2101
l 2101 2102
l 2102 2103
l 2103 2104
l 2104 2105
l 2105 2106
l 2106 2107
l 2107 1879
l 2108 2109
l 2109 2110
l 2110 2111
l 2111 2112
l 2112 2113
l 2113 2114
l 2114 2115
l 2115 2116
l 2116 2117
l 2117 2118
l 2118 2119
l 2119 2120
l 2120 2121
l 2121 2122
l 2122 2123
l 2123 2124
l 2124 2125
l 2125 2126
l 2126 2127
l 2127 2128
l 2128 2129
l 2129 2130
l 2130 2131
l 2131 2132
l 2132 2133
l 2133 2134
l 2134 2135
l 2135 2136
l 2136 2137
l 2137 2138
l 2138 2139
l 2139 2140
l 2140 2141
l 2141 2142
l 2142 2143
l 2143 2144
l 2144 2145
l 2145 2146
l 2146 2147
l 2147 2148
l 2148 2149
l 2149 2150
l 2150 2151
l 2151 2152
l 2152 2153
l 2153 2154
l 2154 2155
l 2155 2156
l 2156 2157
l 2157 2158
l 2158 2159
l 2159 2160
l 2160 2161
l 2161 2162
l 2162 2163
l 2163 2164
l 2164 2165
l 2165 2166
l 2166 2167
l 2167 2168
l 2168 2169
l 2169 2170
l 2170 2171
l 2171 2172
l 2172 2173
l 2173 2174
l 2174 2175
l 2175 2176
l 2176 2177
l 2177 2178
l 2178 2179
l 2179 2180
l 2180 2181
l 2181 2182
l 2182 2183
l 2183 2184
l 2184 2185
l 2185 2186
l 2186 2187
l 2187 2188
l 2188 2189
l 2189 2190
l 2190 2191
l 2191 2192
l 2192 2193
l 2193 2194
l 2194 2195
l 2195 2196
l 2196 2197
l 2197 2198
l 2198 2199
l 2199 2200
l 2200 2201
l 2201 2202
l 2202 2203
l 2203 2204
l 2204 2205
l 2205 2206
l 2206 2207
l 2207 2208
l 2208 2209
l 2209 2210
l 2210 2211
l 2211 2212
l 2212 2213
l 2213 2214
l 2214 2215
l 2215 2216
l 2216 2217
l 2217 2218
l 2218 2219
l 2219 2220
l 2220 2221
l 2221 2222
l 2222 2223
l 2223 2224
l 2224 2225
l 2225 2226
l 2226 2227
l 2227 2228
l 2228 2229
l 2229 2230
l 2230 2231
l 2231 2232
l 2232 2233
l 2233 2234
l 2234 2235
l 2235 2236
l 2236 2237
l 2237 2238
l 2238 2239
l 2239 2240
l 2240 2241
l 2241 2242
l 2242 2243
l 2243 2244
l 2244 2245
l 2245 2246
l 2246 2247
l 2247 2248
l 2248 2249
l 2249 2250
l 2250 2251
l 2251 2252
l 2252 2253
l 2253 2254
l 2254 2255
l 2255 2256
l 2256 2257
l 2257 2258
l 2258 2259
l 2259 2260
l 2260 2261
l 2261 2262
l 2262 2263
l 2263 2264
l 2264 2265
l 2265 2266
l 2266 2267
l 2267 2268
l 2268 2269
l 2269 2270
l 2270 2271
l 2271 2272
l 2272 2273
l 2273 2274
l 2274 2275
l 2275 2276
l 2276 2277
l 2277 2278
l 2278 2279
l 2279 2280
l 2280 2281
l 2281 2282
l 2282 2283
l 2283 2284
l 2284 2285
l 2285 2286
l 2286 2287
l 2287 2288
l 2288 2289
l 2289 2290
l 2290 2291
l 2291 2292
l 2292 2293
l 2293 2294
l 2294 2295
l 2295 2296
l 2296 2297
l 2297 2298
l 2298 2299
l 2299 2300
l 2300 2301
l 2301 2302
l 2302 2303
l 2303 2304
l 2304 2305
l 2305 2306
l 2306 2307
l 2307 2308
l 2308 2309
l 2309 2310
l 2310 2311
l 2311 2312
l 2312 2313
l 2313 2314
l 2314 2315
l 2315 2316
l 2316 2317
l 2317 2318
l 2318 2319
l 2319 2320
l 2320 2321
l 2321 2322
l 2322 2323
l 2323 2324
l 2324 2325
l 2325 2326
l 2326 2327
l 2327 2328
l 2328 2329
l 2329 2330
l 2330 2331
l 2331 2332
l 2332 2333
l 2333 2334
l 2334 2335
l 2335 2336
l 2336 2108
l 2337 2338
l 2339 2337
l 2340 2339
l 2341 2340
l 2342 2341
l 2343 2342
l 2344 2343
l 2345 2344
l 2346 2345
l 2347 2346
l 2348 2347
l 2349 2348
l 2350 2349
l 2351 2350
l 2352 2351
l 2353 2352
l 2354 2353
l 2355 2354
l 2356 2355
l 2357 2356
l 2358 2357
l 2359 2358
l 2360 2359
l 2361 2360
l 2362 2361
l 2363 2362
l 2364 2363
l 2365 2364
l 2366 2365
l 2367 2366
l 2368 2367
l 2369 2368
l 2370 2369
l 2371 2370
l 2372 2371
l 2373 2372
l 2374 2373
l 2375 2374
l 2376 2375
l 2377 2376
l 2378 2377
l 2379 2378
l 2380 2379
l 2381 2380
l 2382 2381
l 2383 2382
l 2384 2383
l 2385 2384
l 2386 2385
l 2387 2386
l 2388 2387
l 2389 2388
l 2390 2389
l 2391 2390
l 2392 2391
l 2393 2392
l 2394 2393
l 2395 2394
l 2396 2395
l 2397 2396
l 2398 2397
l 2399 2398
l 2400 2399
l 2401 2400
l 2402 2401
l 2403 2402
l 2404 2403
l 2405 2404
l 2406 2405
l 2407 2406
l 2408 2407
l 2409 2408
l 2410 2409
l 2411 2410
l 2412 2411
l 2413 2412
l 2414 2413
l 2415 2414
l 2416 2415
l 2417 2416
l 2418 2417
l 2419 2418
l 2420 2419
l 2421 2420
l 2422 2421
l 2423 2422
l 2424 2423
l 2425 2424
l 2426 2425
l 2427 2426
l 2428 2427
l 2429 2428
l 2430 2429
l 2431 2430
l 2432 2431
l 2433 2432
l 2434 2433
l 2435 2434
l 2436 2435
l 2437 2436
l 2438 2437
l 2439 2438
l 2440 2439
l 2441 2440
l 2442 2441
l 2443 2442
l 2444 2443
l 2445 2444
l 2446 2445
l 2447 2446
l 2448 2447
l 2449 2448
l 2450 2449
l 2451 2450
l 2452 2451
l 2453 2452
l 2454 2453
l 2455 2454
l 2456 2455
l 2457 2456
l 2458 2457
l 2459 2458
l 2460 2459
l 2461 2460
l 2462 2461
l 2463 2462
l 2464 2463
l 2465 2464
l 2466 2465
l 2467 2466
l 2468 2467
l 2469 2468
l 2470 2469
l 2471 2470
l 2472 2471
l 2473 2472
l 2474 2473
l 2475 2474
l 2476 2475
l 2477 2476
l 2478 2477
l 2479 2478
l 2480 2479
l 2481 2480
l 2482 2481
l 2483 2482
l 2484 2483
l 2485 2484
l 2486 2485
l 2487 2486
l 2488 2487
l 2489 2488
l 2490 2489
l 2491 2490
l 2492 2491
l 2493 2492
l 2494 2493
l 2495 2494
l 2496 2495
l 2497 2496
l 2498 2497
l 2499 2498
l 2500 2499
l 2501 2500
l 2502 2501
l 2503 2502
l 2504 2503
l 2505 2504
l 2506 2505
l 2507 2506
l 2508 2507
l 2509 2508
l 2510 2509
l 2511 2510
l 2512 2511
l 2513 2512
l 2514 2513
l 2515 2514
l 2516 2515
l 2517 2516
l 2518 2517
l 2519 2518
l 2520 2519
l 2521 2520
l 2522 2521
l 2523 2522
l 2524 2523
l 2525 2524
l 2526 2525
l 2527 2526
l 2528 2527
l 2529 2528
l 2530 2529
l 2531 2530
l 2532 2531
l 2533 2532
l 2534 2533
l 2535 2534
l 2536 2535
l 2537 2536
l 2538 2537
l 2539 2538
l 2540 2539
l 2541 2540
l 2542 2541
l 2543 2542
l 2544 2543
l 2545 2544
l 2546 2545
l 2547 2546
l 2548 2547
l 2549 2548
l 2550 2549
l 2551 2550
l 2552 2551
l 2553 2552
l 2554 2553
l 2555 2554
l 2556 2555
l 2557 2556
l 2558 2557
l 2559 2558
l 2560 2559
l 2561 2560
l 2562 2561
l 2563 2562
l 2564 2563
l 2565 2564
l 2566 2565
l 2567 2566
l 2568 2567
l 2569 2568
l 2570 2569
l 2571 2570
l 2572 2571
l 2573 2572
l 2574 2573
l 2575 2574
l 2576 2575
l 2577 2576
l 2578 2577
l 2579 2578
l 2580 2579
l 2338 2580
l 2581 2582
l 2582 2583
l 2583 2584
l 2584 2585
l 2585 2586
l 2586 2587
l 2587 2588
l 2588 2589
l 2589 2590
l 2590 2591
l 2591 2592
l 2592 2593
l 2593 2594
l 2594 2595
l 2595 2596
l 2596 2597
l 2597 2598
l 2598 2599
l 2599 2600
l 2600 2601
l 2601 2602
l 2602 2603
l 2603 2604
l 2604 2605
l 2605 2606
l 2606 2607
l 2607 2608
l 2608 2609
l 2609 2610
l 2610 2611
l 2611 2612
l 2612 2613
l 2613 2614
l 2614 2615
l 2615 2616
l 2616 2617
l 2617 2618
l 2618 2619
l 2619 2620
l 2620 2621
l 2621 2622
l 2622 2623
l 2623 2624
l 2624 2625
l 2625 2626
l 2626 2627
l 2627 2628
l 2628 2629
l 2629 2630
l 2630 2631
l 2631 2632
l 2632 2633
l 2633 2634
l 2634 2635
l 2635 2636
l 2636 2637
l 2637 2638
l 2638 2639
l 2639 2640
l 2640 2641
l 2641 2642
l 2642 2643
l 2643 2644
l 2644 2645
l 2645 2646
l 2646 2647
l 2647 2648
l 2648 2649
l 2649 2650
l 2650 2651
l 2651 2652
l 2652 2653
l 2653 2654
l 2654 2655
l 2655 2656
l 2656 2657
l 2657 2658
l 2658 2659
l 2659 2660
l 2660 2661
l 2661 2662
l 2662 2663
l 2663 2664
l 2664 2665
l 2665 2666
l 2666 2667
l 2667 2668
l 2668 2669
l 2669 2670
l 2670 2671
l 2671 2672
l 2672 2673
l 2673 2674
l 2674 2675
l 2675 2676
l 2676 2677
l 2677 2678
l 2678 2679
l 2679 2680
l 2680 2681
l 2681 2682
l 2682 2683
l 2683 2684
l 2684 2685
l 2685 2686
l 2686 2687
l 2687 2688
l 2688 2689
l 2689 2690
l 2690 2691
l 2691 2692
l 2692 2693
l 2693 2694
l 2694 2695
l 2695 2696
l 2696 2697
l 2697 2698
l 2698 2699
l 2699 2700
l 2700 2701
l 2701 2702
l 2702 2703
l 2703 2704
l 2704 2705
l 2705 2706
l 2706 2707
l 2707 2708
l 2708 2709
l 2709 2710
l 2710 2711
l 2711 2712
l 2712 2713
l 2713 2714
l 2714 2715
l 2715 2716
l 2716 2717
l 2717 2718
l 2718 2719
l 2719 2720
l 2720 2721
l 2721 2722
l 2722 2723
l 2723 2724
l 2724 2725
l 2725 2726
l 2726 2727
l 2727 2728
l 2728 2729
l 2729 2730
l 2730 2731
l 2731 2732
l 2732 2733
l 2733 2734
l 2734 2735
l 2735 2736
l 2736 2737
l 2737 2738
l 2738 2739
l 2739 2740
l 2740 2741
l 2741 2742
l 2742 2743
l 2743 2744
l 2744 2745
l 2745 2746
l 2746 2747
l 2747 2748
l 2748 2749
l 2749 2750
l 2750 2751
l 2751 2752
l 2752 2753
l 2753 2754
l 2754 2755
l 2755 2756
l 2756 2757
l 2757 2758
l 2758 2759
l 2759 2760
l 2760 2761
l 2761 2762
l 2762 2763
l 2763 2764
l 2764 2765
l 2765 2766
l 2766 2767
l 2767 2768
l 2768 2769
l 2769 2770
l 2770 2771
l 2771 2772
l 2772 2773
l 2773 2774
l 2774 2775
l 2775 2776
l 2776 2777
l 2777 2778
l 2778 2779
l 2779 2780
l 2780 2781
l 2781 2782
l 2782 2783
l 2783 2784
l 2784 2785
l 2785 2786
l 2786 2787
l 2787 2788
l 2788 2789
l 2789 2790
l 2790 2791
l 2791 2792
l 2792 2793
l 2793 2794
l 2794 2795
l 2795 2796
l 2796 2797
l 2797 2798
l 2798 2799
l 2799 2800
l 2800 2801
l 2801 2802
l 2802 2803
l 2803 2804
l 2804 2805
l 2805 2806
l 2806 2807
l 2807 2808
l 2808 2809
l 2809 2581
l 2810 2811
l 2812 2810
l 2811 2813
l 2814 2812
l 2813 2815
l 2816 2814
l 2815 2817
l 2818 2816
l 2817 2819
l 2820 2818
l 2819 2821
l 2822 2820
l 2821 2823
l 2823 2824
l 2825 2822
l 2826 2825
l 2824 2827
l 2827 2828
l 2829 2830
l 2830 2826
l 2828 2831
l 2832 2829
l 2831 2833
l 2834 2832
l 2833 2835
l 2836 2834
l 2835 2837
l 2837 2838
l 2839 2836
l 2838 2840
l 2841 2839
l 2840 2842
l 2843 2844
l 2844 2841
l 2842 2845
l 2845 2846
l 2847 2843
l 2848 2847
l 2846 2849
l 2849 2850
l 2851 2848
l 2852 2853
l 2853 2851
l 2850 2854
l 2854 2855
l 2855 2856
l 2857 2852
l 2858 2859
l 2859 2857
l 2856 2860
l 2861 2858
l 2860 2862
l 2862 2863
l 2863 2864
l 2865 2861
l 2866 2867
l 2867 2865
l 2864 2868
l 2868 2869
l 2870 2866
l 2869 2871
l 2872 2870
l 2871 2873
l 2874 2872
l 2873 2875
l 2876 2877
l 2877 2874
l 2875 2878
l 2878 2879
l 2879 2880
l 2881 2876
l 2882 2881
l 2880 2883
l 2884 2885
l 2885 2882
l 2883 2886
l 2886 2887
l 2888 2884
l 2887 2889
l 2890 2888
l 2889 2891
l 2891 2892
l 2893 2890
l 2894 2893
l 2892 2895
l 2896 2894
l 2895 2897
l 2898 2896
l 2897 2899
l 2899 2900
l 2901 2902
l 2902 2898
l 2900 2903
l 2903 2904
l 2905 2901
l 2906 2907
l 2907 2905
l 2904 2908
l 2908 2909
l 2909 2910
l 2911 2912
l 2912 2906
l 2910 2913
l 2914 2911
l 2913 2915
l 2916 2917
l 2917 2914
l 2915 2918
l 2918 2919
l 2920 2916
l 2919 2921
l 2922 2920
l 2921 2923
l 2924 2922
l 2923 2925
l 2926 2924
l 2925 2927
l 2928 2926
l 2927 2929
l 2930 2928
l 2929 2931
l 2932 2930
l 2931 2933
l 2934 2932
l 2933 2935
l 2936 2934
l 2935 2937
l 2938 2936
l 2937 2939
l 2940 2938
l 2939 2941
l 2942 2940
l 2941 2943
l 2944 2942
l 2943 2945
l 2946 2944
l 2945 2947
l 2948 2946
l 2947 2949
l 2950 2948
l 2949 2951
l 2952 2950
l 2951 2953
l 2954 2952
l 2953 2955
l 2956 2954
l 2955 2957
l 2958 2956
l 2957 2959
l 2960 2958
l 2959 2961
l 2962 2960
l 2961 2963
l 2964 2962
l 2963 2965
l 2966 2964
l 2965 2967
l 2968 2966
l 2967 2969
l 2970 2968
l 2969 2971
l 2972 2970
l 2971 2973
l 2974 2972
l 2973 2975
l 2976 2974
l 2975 2977
l 2978 2976
l 2977 2979
l 2980 2978
l 2979 2981
l 2982 2980
l 2981 2983
l 2984 2982
l 2983 2985
l 2986 2984
l 2985 2987
l 2988 2986
l 2987 2989
l 2990 2988
l 2989 2991
l 2992 2990
l 2991 2993
l 2994 2992
l 2993 2995
l 2996 2994
l 2995 2997
l 2998 2996
l 2997 2999
l 3000 2998
l 2999 3001
l 3002 3000
l 3001 3003
l 3004 3002
l 3003 3005
l 3006 3004
l 3005 3007
l 3008 3006
l 3007 3009
l 3010 3008
l 3009 3011
l 3012 3010
l 3011 3013
l 3014 3012
l 3013 3015
l 3016 3014
l 3015 3017
l 3018 3016
l 3017 3019
l 3020 3018
l 3019 3021
l 3022 3020
l 3021 3023
l 3024 3022
l 3023 3025
l 3026 3024
l 3025 3027
l 3028 3026
l 3027 3029
l 3030 3028
l 3029 3031
l 3032 3030
l 3031 3033
l 3034 3032
l 3033 3035
l 3036 3034
l 3035 3037
l 3038 3036
l 3037 3038
l 3039 3040
l 3040 3041
l 3042 3039
l 3041 3043
l 3044 3042
l 3043 3045
l 3046 3044
l 3045 3047
l 3048 3046
l 3047 3049
l 3050 3048
l 3049 3051
l 3052 3053
l 3053 3050
l 3051 3054
l 3055 3052
l 3054 3056
l 3057 3055
l 3056 3058
l 3059 3057
l 3058 3060
l 3060 3061
l 3062 3059
l 3061 3063
l 3064 3062
l 3063 3065
l 3066 3064
l 3065 3067
l 3068 3066
l 3067 3069
l 3070 3068
l 3069 3071
l 3072 3070
l 3071 3073
l 3074 3072
l 3073 3075
l 3076 3074
l 3075 3077
l 3078 3076
l 3077 3079
l 3080 3078
l 3079 3081
l 3082 3080
l 3081 3083
l 3084 3085
l 3085 3082
l 3083 3086
l 3087 3084
l 3086 3088
l 3089 3087
l 3088 3090
l 3091 3089
l 3090 3092
l 3092 3093
l 3094 3091
l 3093 3095
l 3096 3094
l 3095 3097
l 3098 3096
l 3097 3099
l 3100 3098
l 3099 3101
l 3102 3100
l 3101 3103
l 3104 3102
l 3103 3105
l 3106 3104
l 3105 3107
l 3108 3106
l 3107 3109
l 3110 3108
l 3109 3111
l 3112 3110
l 3111 3113
l 3114 3112
l 3113 3115
l 3116 3117
l 3117 3114
l 3115 3118
l 3119 3116
l 3118 3120
l 3121 3119
l 3120 3122
l 3123 3121
l 3122 3124
l 3124 3125
l 3126 3123
l 3125 3127
l 3128 3126
l 3127 3129
l 3130 3128
l 3129 3131
l 3132 3130
l 3131 3133
l 3134 3132
l 3133 3135
l 3136 3134
l 3135 3137
l 3138 3136
l 3137 3139
l 3140 3138
l 3139 3141
l 3142 3140
l 3141 3143
l 3144 3142
l 3143 3145
l 3146 3144
l 3145 3147
l 3148 3149
l 3149 3146
l 3147 3150
l 3151 3148
l 3150 3152
l 3153 3151
l 3152 3154
l 3155 3153
l 3154 3156
l 3157 3155
l 3156 3158
l 3159 3157
l 3158 3160
l 3161 3159
l 3160 3162
l 3163 3161
l 3162 3164
l 3165 3163
l 3164 3166
l 3167 3165
l 3166 3168
l 3169 3167
l 3168 3170
l 3171 3169
l 3170 3172
l 3173 3171
l 3172 3174
l 3175 3173
l 3174 3176
l 3177 3175
l 3176 3178
l 3179 3177
l 3178 3180
l 3181 3179
l 3180 3182
l 3183 3181
l 3182 3184
l 3185 3183
l 3184 3186
l 3187 3185
l 3186 3188
l 3189 3187
l 3188 3190
l 3191 3189
l 3190 3192
l 3193 3191
l 3192 3194
l 3195 3193
l 3194 3196
l 3197 3195
l 3196 3198
l 3199 3197
l 3198 3200
l 3201 3199
l 3200 3202
l 3203 3201
l 3202 3204
l 3205 3203
l 3204 3206
l 3207 3205
l 3206 3208
l 3209 3207
l 3208 3210
l 3211 3209
l 3210 3212
l 3213 3211
l 3212 3214
l 3215 3213
l 3214 3216
l 3217 3215
l 3216 3218
l 3219 3217
l 3218 3220
l 3221 3219
l 3220 3222
l 3223 3221
l 3222 3224
l 3225 3223
l 3224 3226
l 3227 3225
l 3226 3228
l 3229 3227
l 3228 3230
l 3231 3229
l 3230 3232
l 3233 3231
l 3232 3234
l 3235 3233
l 3234 3236
l 3237 3235
l 3236 3238
l 3239 3237
l 3238 3240
l 3241 3239
l 3240 3242
l 3243 3241
l 3242 3244
l 3245 3243
l 3244 3246
l 3247 3245
l 3246 3248
l 3249 3247
l 3248 3250
l 3250 3251
l 3252 3249
l 3253 3252
l 3251 3254
l 3254 3255
l 3256 3253
l 3257 3256
l 3255 3258
l 3258 3259
l 3260 3257
l 3259 3261
l 3262 3260
l 3263 3262
l 3261 3264
l 3265 3263
l 3264 3266
l 3267 3265
l 3266 3268
l 3269 3267
l 3268 3270
l 3271 3269
l 3270 3272
l 3273 3271
l 3272 3274
l 3275 3273
l 3274 3276
l 3277 3275
l 3276 3278
l 3279 3277
l 3278 3280
l 3281 3279
l 3280 3282
l 3282 3281
l 3283 3284
l 3284 3285
l 3285 3286
l 3286 3287
l 3287 3288
l 3288 3289
l 3289 3290
l 3290 3291
l 3291 3292
l 3292 3293
l 3293 3294
l 3294 3295
l 3295 3296
l 3296 3297
l 3297 3298
l 3298 3299
l 3299 3300
l 3300 3301
l 3301 3302
l 3302 3303
l 3303 3304
l 3304 3305
l 3305 3306
l 3306 3307
l 3307 3308
l 3308 3309
l 3309 3310
l 3310 3311
l 3311 3312
l 3312 3313
l 3313 3314
l 3314 3315
l 3315 3316
l 3316 3317
l 3317 3318
l 3318 3319
l 3319 3320
l 3320 3321
l 3321 3322
l 3322 3323
l 3323 3324
l 3324 3325
l 3325 3326
l 3326 3327
l 3327 3328
l 3328 3329
l 3329 3330
l 3330 3331
l 3331 3332
l 3332 3333
l 3333 3334
l 3334 3335
l 3335 3336
l 3336 3337
l 3337 3338
l 3338 3339
l 3339 3340
l 3340 3341
l 3341 3342
l 3342 3343
l 3343 3344
l 3344 3345
l 3345 3346
l 3346 3347
l 3347 3348
l 3348 3349
l 3349 3350
l 3350 3351
l 3351 3352
l 3352 3353
l 3353 3354
l 3354 3355
l 3355 3356
l 3356 3357
l 3357 3358
l 3358 3359
l 3359 3360
l 3360 3361
l 3361 3362
l 3362 3363
l 3363 3364
l 3364 3365
l 3365 3366
l 3366 3367
l 3367 3368
l 3368 3369
l 3369 3370
l 3370 3371
l 3371 3372
l 3372 3373
l 3373 3374
l 3374 3375
l 3375 3376
l 3376 3377
l 3377 3378
l 3378 3379
l 3379 3380
l 3380 3381
l 3381 3382
l 3382 3383
l 3383 3384
l 3384 3385
l 3385 3386
l 3386 3387
l 3387 3388
l 3388 3389
l 3389 3390
l 3390 3391
l 3391 3392
l 3392 3393
l 3393 3394
l 3394 3395
l 3395 3396
l 3396 3397
l 3397 3398
l 3398 3399
l 3399 3400
l 3400 3401
l 3401 3402
l 3402 3403
l 3403 3404
l 3404 3405
l 3405 3406
l 3406 3407
l 3407 3408
l 3408 3409
l 3409 3410
l 3410 3411
l 3411 3412
l 3412 3413
l 3413 3414
l 3414 3415
l 3415 3416
l 3416 3417
l 3417 3418
l 3418 3419
l 3419 3420
l 3420 3421
l 3421 3422
l 3422 3423
l 3423 3424
l 3424 3425
l 3425 3426
l 3426 3427
l 3427 3428
l 3428 3429
l 3429 3430
l 3430 3431
l 3431 3432
l 3432 3433
l 3433 3434
l 3434 3435
l 3435 3436
l 3436 3437
l 3437 3438
l 3438 3439
l 3439 3440
l 3440 3441
l 3441 3442
l 3442 3443
l 3443 3444
l 3444 3445
l 3445 3446
l 3446 3447
l 3447 3448
l 3448 3449
l 3449 3450
l 3450 3451
l 3451 3452
l 3452 3453
l 3453 3454
l 3454 3455
l 3455 3456
l 3456 3457
l 3457 3458
l 3458 3459
l 3459 3460
l 3460 3461
l 3461 3462
l 3462 3463
l 3463 3464
l 3464 3465
l 3465 3466
l 3466 3467
l 3467 3468
l 3468 3469
l 3469 3470
l 3470 3471
l 3471 3472
l 3472 3473
l 3473 3474
l 3474 3475
l 3475 3476
l 3476 3477
l 3477 3478
l 3478 3479
l 3479 3480
l 3480 3481
l 3481 3482
l 3482 3483
l 3483 3484
l 3484 3485
l 3485 3486
l 3486 3487
l 3487 3488
l 3488 3489
l 3489 3490
l 3490 3491
l 3491 3492
l 3492 3493
l 3493 3494
l 3494 3495
l 3495 3496
l 3496 3497
l 3497 3498
l 3498 3499
l 3499 3500
l 3500 3501
l 3501 3502
l 3502 3503
l 3503 3504
l 3504 3505
l 3505 3506
l 3506 3507
l 3507 3508
l 3508 3509
l 3509 3510
l 3510 3511
l 3511 3283
l 3512 3513
l 3514 3512
l 3513 3515
l 3516 3517
l 3517 3514
l 3515 3518
l 3519 3516
l 3518 3520
l 3520 3521
l 3522 3519
l 3521 3523
l 3524 3522
l 3523 3525
l 3526 3524
l 3525 3527
l 3528 3526
l 3527 3529
l 3530 3528
l 3529 3531
l 3532 3530
l 3531 3533
l 3534 3532
l 3533 3535
l 3535 3536
l 3537 3538
l 3538 3534
l 3536 3539
l 3539 3540
l 3541 3537
l 3542 3541
l 3540 3543
l 3544 3545
l 3545 3542
l 3543 3546
l 3547 3544
l 3546 3548
l 3548 3549
l 3550 3547
l 3549 3551
l 3552 3550
l 3551 3553
l 3553 3554
l 3555 3556
l 3556 3552
l 3554 3557
l 3558 3559
l 3559 3555
l 3557 3560
l 3560 3561
l 3562 3558
l 3561 3563
l 3564 3562
l 3563 3565
l 3565 3566
l 3567 3564
l 3566 3568
l 3569 3570
l 3570 3567
l 3568 3571
l 3572 3569
l 3571 3573
l 3574 3572
l 3573 3575
l 3576 3574
l 3575 3577
l 3578 3579
l 3579 3576
l 3577 3580
l 3580 3581
l 3581 3582
l 3583 3578
l 3584 3583
l 3582 3585
l 3586 3584
l 3585 3587
l 3588 3586
l 3587 3589
l 3589 3590
l 3591 3588
l 3592 3591
l 3590 3593
l 3594 3592
l 3593 3595
l 3596 3594
l 3595 3597
l 3598 3596
l 3597 3599
l 3600 3598
l 3599 3601
l 3602 3600
l 3601 3603
l 3604 3602
l 3603 3605
l 3606 3604
l 3605 3607
l 3607 3608
l 3609 3610
l 3610 3606
l 3608 3611
l 3611 3612
l 3613 3609
l 3614 3613
l 3612 3615
l 3616 3614
l 3615 3617
l 3618 3619
l 3619 3616
l 3617 3620
l 3620 3621
l 3622 3618
l 3621 3623
l 3624 3622
l 3623 3625
l 3626 3624
l 3625 3627
l 3628 3626
l 3627 3629
l 3630 3628
l 3629 3631
l 3632 3630
l 3631 3633
l 3634 3632
l 3633 3635
l 3636 3634
l 3635 3637
l 3638 3636
l 3637 3639
l 3640 3638
l 3639 3641
l 3642 3640
l 3641 3643
l 3644 3642
l 3643 3645
l 3646 3644
l 3645 3647
l 3648 3646
l 3647 3649
l 3650 3648
l 3649 3651
l 3652 3650
l 3651 3653
l 3654 3652
l 3653 3655
l 3656 3654
l 3655 3657
l 3658 3656
l 3657 3659
l 3660 3658
l 3659 3661
l 3662 3660
l 3661 3663
l 3664 3662
l 3663 3665
l 3666 3664
l 3665 3667
l 3668 3666
l 3667 3669
l 3670 3668
l 3669 3671
l 3672 3670
l 3671 3673
l 3674 3672
l 3673 3675
l 3676 3674
l 3675 3677
l 3678 3676
l 3677 3679
l 3680 3678
l 3679 3681
l 3682 3680
l 3681 3683
l 3684 3682
l 3683 3685
l 3686 3684
l 3685 3687
l 3688 3686
l 3687 3689
l 3690 3688
l 3689 3691
l 3692 3690
l 3691 3693
l 3694 3692
l 3693 3695
l 3696 3694
l 3695 3697
l 3698 3696
l 3697 3699
l 3700 3698
l 3699 3701
l 3702 3700
l 3701 3703
l 3704 3702
l 3703 3705
l 3706 3704
l 3705 3707
l 3708 3706
l 3707 3709
l 3710 3708
l 3709 3711
l 3712 3710
l 3711 3713
l 3714 3712
l 3713 3715
l 3716 3714
l 3715 3717
l 3718 3716
l 3717 3719
l 3720 3718
l 3719 3721
l 3722 3720
l 3721 3723
l 3724 3722
l 3723 3725
l 3726 3724
l 3725 3727
l 3728 3726
l 3727 3729
l 3730 3728
l 3729 3731
l 3732 3730
l 3731 3733
l 3734 3732
l 3733 3735
l 3736 3734
l 3735 3737
l 3738 3736
l 3737 3739
l 3740 3738
l 3739 3740
# </edges>
