/*--------------------------------*- C++ -*----------------------------------*\
| =========                 |                                                 |
| \\      /  F ield         | OpenFOAM: The Open Source CFD Toolbox           |
|  \\    /   O peration     | Version:  2512                                  |
|   \\  /    A nd           | Website:  www.openfoam.com                      |
|    \\/     M anipulation  |                                                 |
\*---------------------------------------------------------------------------*/
FoamFile
{
    version     2.0;
    format      ascii;
    arch        "LSB;label=32;scalar=64";
    class       vectorField;
    location    "constant/polyMesh";
    object      points;
}
// * * * * * * * * * * * * * * * * * * * * * * * * * * * * * * * * * * * * * //


14868
(
(0.185 0.8 0.16)
(0.185 0.8 0.01)
(0.47 0.5 0.16)
(0.47 0.5 0.01)
(0 0 0.16)
(0 0 0)
(0 1 0.16)
(0 1 0)
(0.6 0 0)
(0.6 0 0.16)
(0.6 1 0.16)
(0.6 1 0)
(0.1846437505 0.8049810193 0.16)
(0.1835822541 0.8098606395 0.16)
(0.1818371198 0.8145395255 0.16)
(0.1794438736 0.8189224286 0.16)
(0.1764512351 0.8229201257 0.16)
(0.1729201257 0.8264512351 0.16)
(0.1689224286 0.8294438736 0.16)
(0.1645395255 0.8318371198 0.16)
(0.1598606395 0.8335822541 0.16)
(0.1549810193 0.8346437505 0.16)
(0.15 0.835 0.16)
(0.1450189807 0.8346437505 0.16)
(0.1401393605 0.8335822541 0.16)
(0.1354604745 0.8318371198 0.16)
(0.1310775714 0.8294438736 0.16)
(0.1270798743 0.8264512351 0.16)
(0.1235487649 0.8229201257 0.16)
(0.1205561264 0.8189224286 0.16)
(0.1181628802 0.8145395255 0.16)
(0.1164177459 0.8098606395 0.16)
(0.1153562495 0.8049810193 0.16)
(0.115 0.8 0.16)
(0.1153562495 0.7950189807 0.16)
(0.1164177459 0.7901393605 0.16)
(0.1181628802 0.7854604745 0.16)
(0.1205561264 0.7810775714 0.16)
(0.1235487649 0.7770798743 0.16)
(0.1270798743 0.7735487649 0.16)
(0.1310775714 0.7705561264 0.16)
(0.1354604745 0.7681628802 0.16)
(0.1401393605 0.7664177459 0.16)
(0.1450189807 0.7653562495 0.16)
(0.15 0.765 0.16)
(0.1549810193 0.7653562495 0.16)
(0.1598606395 0.7664177459 0.16)
(0.1645395255 0.7681628802 0.16)
(0.1689224286 0.7705561264 0.16)
(0.1729201257 0.7735487649 0.16)
(0.1764512351 0.7770798743 0.16)
(0.1794438736 0.7810775714 0.16)
(0.1818371198 0.7854604745 0.16)
(0.1835822541 0.7901393605 0.16)
(0.1846437505 0.7950189807 0.16)
(0.185 0.8 0.015)
(0.185 0.8 0.02)
(0.185 0.8 0.025)
(0.185 0.8 0.03)
(0.185 0.8 0.035)
(0.185 0.8 0.04)
(0.185 0.8 0.045)
(0.185 0.8 0.05)
(0.185 0.8 0.055)
(0.185 0.8 0.06)
(0.185 0.8 0.065)
(0.185 0.8 0.07)
(0.185 0.8 0.075)
(0.185 0.8 0.08)
(0.185 0.8 0.085)
(0.185 0.8 0.09)
(0.185 0.8 0.095)
(0.185 0.8 0.1)
(0.185 0.8 0.105)
(0.185 0.8 0.11)
(0.185 0.8 0.115)
(0.185 0.8 0.12)
(0.185 0.8 0.125)
(0.185 0.8 0.13)
(0.185 0.8 0.135)
(0.185 0.8 0.14)
(0.185 0.8 0.145)
(0.185 0.8 0.15)
(0.185 0.8 0.155)
(0.1846437505 0.8049810193 0.01)
(0.1835822541 0.8098606395 0.01)
(0.1818371198 0.8145395255 0.01)
(0.1794438736 0.8189224286 0.01)
(0.1764512351 0.8229201257 0.01)
(0.1729201257 0.8264512351 0.01)
(0.1689224286 0.8294438736 0.01)
(0.1645395255 0.8318371198 0.01)
(0.1598606395 0.8335822541 0.01)
(0.1549810193 0.8346437505 0.01)
(0.15 0.835 0.01)
(0.1450189807 0.8346437505 0.01)
(0.1401393605 0.8335822541 0.01)
(0.1354604745 0.8318371198 0.01)
(0.1310775714 0.8294438736 0.01)
(0.1270798743 0.8264512351 0.01)
(0.1235487649 0.8229201257 0.01)
(0.1205561264 0.8189224286 0.01)
(0.1181628802 0.8145395255 0.01)
(0.1164177459 0.8098606395 0.01)
(0.1153562495 0.8049810193 0.01)
(0.115 0.8 0.01)
(0.1153562495 0.7950189807 0.01)
(0.1164177459 0.7901393605 0.01)
(0.1181628802 0.7854604745 0.01)
(0.1205561264 0.7810775714 0.01)
(0.1235487649 0.7770798743 0.01)
(0.1270798743 0.7735487649 0.01)
(0.1310775714 0.7705561264 0.01)
(0.1354604745 0.7681628802 0.01)
(0.1401393605 0.7664177459 0.01)
(0.1450189807 0.7653562495 0.01)
(0.15 0.765 0.01)
(0.1549810193 0.7653562495 0.01)
(0.1598606395 0.7664177459 0.01)
(0.1645395255 0.7681628802 0.01)
(0.1689224286 0.7705561264 0.01)
(0.1729201257 0.7735487649 0.01)
(0.1764512351 0.7770798743 0.01)
(0.1794438736 0.7810775714 0.01)
(0.1818371198 0.7854604745 0.01)
(0.1835822541 0.7901393605 0.01)
(0.1846437505 0.7950189807 0.01)
(0.4694188363 0.5047863133 0.16)
(0.4677091205 0.5092944634 0.16)
(0.464970215 0.5132624532 0.16)
(0.4613612949 0.5164596773 0.16)
(0.4570920977 0.5187003249 0.16)
(0.4524107336 0.5198541775 0.16)
(0.4475892664 0.5198541775 0.16)
(0.4429079023 0.5187003249 0.16)
(0.4386387051 0.5164596773 0.16)
(0.435029785 0.5132624532 0.16)
(0.4322908795 0.5092944634 0.16)
(0.4305811637 0.5047863133 0.16)
(0.43 0.5 0.16)
(0.4305811637 0.4952136867 0.16)
(0.4322908795 0.4907055366 0.16)
(0.435029785 0.4867375468 0.16)
(0.4386387051 0.4835403227 0.16)
(0.4429079023 0.4812996751 0.16)
(0.4475892664 0.4801458225 0.16)
(0.4524107336 0.4801458225 0.16)
(0.4570920977 0.4812996751 0.16)
(0.4613612949 0.4835403227 0.16)
(0.464970215 0.4867375468 0.16)
(0.4677091205 0.4907055366 0.16)
(0.4694188363 0.4952136867 0.16)
(0.47 0.5 0.015)
(0.47 0.5 0.02)
(0.47 0.5 0.025)
(0.47 0.5 0.03)
(0.47 0.5 0.035)
(0.47 0.5 0.04)
(0.47 0.5 0.045)
(0.47 0.5 0.05)
(0.47 0.5 0.055)
(0.47 0.5 0.06)
(0.47 0.5 0.065)
(0.47 0.5 0.07)
(0.47 0.5 0.075)
(0.47 0.5 0.08)
(0.47 0.5 0.085)
(0.47 0.5 0.09)
(0.47 0.5 0.095)
(0.47 0.5 0.1)
(0.47 0.5 0.105)
(0.47 0.5 0.11)
(0.47 0.5 0.115)
(0.47 0.5 0.12)
(0.47 0.5 0.125)
(0.47 0.5 0.13)
(0.47 0.5 0.135)
(0.47 0.5 0.14)
(0.47 0.5 0.145)
(0.47 0.5 0.15)
(0.47 0.5 0.155)
(0.4694188363 0.5047863133 0.01)
(0.4677091205 0.5092944634 0.01)
(0.464970215 0.5132624532 0.01)
(0.4613612949 0.5164596773 0.01)
(0.4570920977 0.5187003249 0.01)
(0.4524107336 0.5198541775 0.01)
(0.4475892664 0.5198541775 0.01)
(0.4429079023 0.5187003249 0.01)
(0.4386387051 0.5164596773 0.01)
(0.435029785 0.5132624532 0.01)
(0.4322908795 0.5092944634 0.01)
(0.4305811637 0.5047863133 0.01)
(0.43 0.5 0.01)
(0.4305811637 0.4952136867 0.01)
(0.4322908795 0.4907055366 0.01)
(0.435029785 0.4867375468 0.01)
(0.4386387051 0.4835403227 0.01)
(0.4429079023 0.4812996751 0.01)
(0.4475892664 0.4801458225 0.01)
(0.4524107336 0.4801458225 0.01)
(0.4570920977 0.4812996751 0.01)
(0.4613612949 0.4835403227 0.01)
(0.464970215 0.4867375468 0.01)
(0.4677091205 0.4907055366 0.01)
(0.4694188363 0.4952136867 0.01)
(0 0 0.04)
(0 0 0.08)
(0 0 0.12)
(0 0.04 0.16)
(0 0.08 0.16)
(0 0.12 0.16)
(0 0.16 0.16)
(0 0.2 0.16)
(0 0.24 0.16)
(0 0.28 0.16)
(0 0.32 0.16)
(0 0.36 0.16)
(0 0.4 0.16)
(0 0.44 0.16)
(0 0.48 0.16)
(0 0.52 0.16)
(0 0.56 0.16)
(0 0.6 0.16)
(0 0.64 0.16)
(0 0.68 0.16)
(0 0.72 0.16)
(0 0.76 0.16)
(0 0.8 0.16)
(0 0.84 0.16)
(0 0.88 0.16)
(0 0.92 0.16)
(0 0.96 0.16)
(0 1 0.04)
(0 1 0.08)
(0 1 0.12)
(0 0.04 0)
(0 0.08 0)
(0 0.12 0)
(0 0.16 0)
(0 0.2 0)
(0 0.24 0)
(0 0.28 0)
(0 0.32 0)
(0 0.36 0)
(0 0.4 0)
(0 0.44 0)
(0 0.48 0)
(0 0.52 0)
(0 0.56 0)
(0 0.6 0)
(0 0.64 0)
(0 0.68 0)
(0 0.72 0)
(0 0.76 0)
(0 0.8 0)
(0 0.84 0)
(0 0.88 0)
(0 0.92 0)
(0 0.96 0)
(0.04 0 0)
(0.08 0 0)
(0.12 0 0)
(0.16 0 0)
(0.2 0 0)
(0.24 0 0)
(0.28 0 0)
(0.32 0 0)
(0.36 0 0)
(0.4 0 0)
(0.44 0 0)
(0.48 0 0)
(0.52 0 0)
(0.56 0 0)
(0.6 0 0.04)
(0.6 0 0.08)
(0.6 0 0.12)
(0.04 0 0.16)
(0.08 0 0.16)
(0.12 0 0.16)
(0.16 0 0.16)
(0.2 0 0.16)
(0.24 0 0.16)
(0.28 0 0.16)
(0.32 0 0.16)
(0.36 0 0.16)
(0.4 0 0.16)
(0.44 0 0.16)
(0.48 0 0.16)
(0.52 0 0.16)
(0.56 0 0.16)
(0.04 1 0.16)
(0.08 1 0.16)
(0.12 1 0.16)
(0.16 1 0.16)
(0.2 1 0.16)
(0.24 1 0.16)
(0.28 1 0.16)
(0.32 1 0.16)
(0.36 1 0.16)
(0.4 1 0.16)
(0.44 1 0.16)
(0.48 1 0.16)
(0.52 1 0.16)
(0.56 1 0.16)
(0.6 0.04 0.16)
(0.6 0.08 0.16)
(0.6 0.12 0.16)
(0.6 0.16 0.16)
(0.6 0.2 0.16)
(0.6 0.24 0.16)
(0.6 0.28 0.16)
(0.6 0.32 0.16)
(0.6 0.36 0.16)
(0.6 0.4 0.16)
(0.6 0.44 0.16)
(0.6 0.48 0.16)
(0.6 0.52 0.16)
(0.6 0.56 0.16)
(0.6 0.6 0.16)
(0.6 0.64 0.16)
(0.6 0.68 0.16)
(0.6 0.72 0.16)
(0.6 0.76 0.16)
(0.6 0.8 0.16)
(0.6 0.84 0.16)
(0.6 0.88 0.16)
(0.6 0.92 0.16)
(0.6 0.96 0.16)
(0.04 1 0)
(0.08 1 0)
(0.12 1 0)
(0.16 1 0)
(0.2 1 0)
(0.24 1 0)
(0.28 1 0)
(0.32 1 0)
(0.36 1 0)
(0.4 1 0)
(0.44 1 0)
(0.48 1 0)
(0.52 1 0)
(0.56 1 0)
(0.6 1 0.04)
(0.6 1 0.08)
(0.6 1 0.12)
(0.6 0.04 0)
(0.6 0.08 0)
(0.6 0.12 0)
(0.6 0.16 0)
(0.6 0.2 0)
(0.6 0.24 0)
(0.6 0.28 0)
(0.6 0.32 0)
(0.6 0.36 0)
(0.6 0.4 0)
(0.6 0.44 0)
(0.6 0.48 0)
(0.6 0.52 0)
(0.6 0.56 0)
(0.6 0.6 0)
(0.6 0.64 0)
(0.6 0.68 0)
(0.6 0.72 0)
(0.6 0.76 0)
(0.6 0.8 0)
(0.6 0.84 0)
(0.6 0.88 0)
(0.6 0.92 0)
(0.6 0.96 0)
(0.1157998597 0.8074397851 0.1556762114)
(0.1289595508 0.7720303826 0.1549689165)
(0.1290252817 0.8280189434 0.01432378864)
(0.1172067596 0.7877687537 0.01432378864)
(0.1847321429 0.8043218344 0.0875)
(0.1847321834 0.7956784916 0.08249885873)
(0.1290252817 0.8280189434 0.1556762114)
(0.1847338843 0.7956921833 0.1074969163)
(0.1847321429 0.8043218344 0.0625)
(0.1332262855 0.7692812354 0.01432378864)
(0.1847321429 0.8043218344 0.1075)
(0.1847321429 0.7956781656 0.0625)
(0.1524968714 0.834910824 0.1556762114)
(0.152390755 0.8349182515 0.0145882768)
(0.1524968714 0.765089176 0.1556762114)
(0.1574397851 0.7657998597 0.01432378864)
(0.184731688 0.7956745121 0.127476083)
(0.1847321429 0.8043218344 0.1275)
(0.1847321429 0.8043218344 0.0425)
(0.1847321582 0.7956782885 0.04250000602)
(0.1170695926 0.8118569924 0.0152992821)
(0.1172067596 0.7877687537 0.1556762114)
(0.1709780351 0.8280164602 0.1557660824)
(0.1709747183 0.8280189434 0.01432378864)
(0.1709747183 0.7719810566 0.1556762114)
(0.1751900615 0.7757006008 0.01541932107)
(0.1847312113 0.7956706855 0.1424716984)
(0.1847321429 0.8043218344 0.0275)
(0.1847321429 0.8043218344 0.1425)
(0.184732167 0.7956783599 0.02750025163)
(0.1807187646 0.8167737145 0.1556762114)
(0.1807187646 0.8167737145 0.01432378864)
(0.1807187646 0.7832262855 0.1556762114)
(0.1847322042 0.7956786584 0.05249974421)
(0.1847321429 0.8043218344 0.1175)
(0.1847321429 0.8043218344 0.0525)
(0.1847338586 0.7956919764 0.1174968343)
(0.1847321429 0.8043218344 0.0775)
(0.1847321429 0.8043218344 0.0975)
(0.1847321429 0.7956781656 0.0975)
(0.1847324626 0.7956807363 0.07249563667)
(0.1192812354 0.8167737145 0.1556762114)
(0.1377479798 0.7672145154 0.1562254233)
(0.115089176 0.8024968714 0.01432378864)
(0.1220787799 0.7788953686 0.1549483509)
(0.1219810566 0.8209747183 0.01432378864)
(0.115089176 0.7975031286 0.1556762114)
(0.1220793342 0.7788946353 0.01500691204)
(0.1377687537 0.8327932404 0.1556762114)
(0.1377687537 0.8327932404 0.01432378864)
(0.1424701229 0.7658195823 0.01337605244)
(0.1622312463 0.8327932404 0.1556762114)
(0.1622312463 0.8327932404 0.01432378864)
(0.1617980419 0.7670484263 0.1550737535)
(0.1807187646 0.7832262855 0.01432378864)
(0.1667737145 0.7692812354 0.01432378864)
(0.1847321429 0.7956781656 0.1525)
(0.1847321429 0.8043218344 0.1525)
(0.1847321429 0.7956781656 0.0175)
(0.1847321429 0.8043218344 0.0175)
(0.1847321856 0.7956785091 0.0225005984)
(0.1839329482 0.7914235774 0.02500000003)
(0.1839328994 0.7914233842 0.03000057541)
(0.1826146103 0.7873001104 0.02749949852)
(0.1826144603 0.7872997252 0.03249732636)
(0.1807976959 0.7833716529 0.02999766466)
(0.1807973383 0.7833709906 0.03499488536)
(0.1785101475 0.7796979929 0.03249465903)
(0.1785096547 0.779697301 0.03749276174)
(0.1757861364 0.7763340927 0.03499438303)
(0.1757856141 0.7763335236 0.03999109763)
(0.1726682585 0.7733326031 0.03749252651)
(0.1726677911 0.7733322058 0.04248933781)
(0.169203966 0.7707389732 0.03999055901)
(0.1692014325 0.7707373106 0.04498123023)
(0.1654462309 0.7685927723 0.04248843546)
(0.1654486472 0.7685939608 0.04747671248)
(0.1614525616 0.7669267656 0.04498621216)
(0.1614520827 0.7669265998 0.04998184571)
(0.1572840302 0.7657663484 0.04748385541)
(0.1572814314 0.7657657955 0.05247496582)
(0.1530043436 0.7651291824 0.04998140059)
(0.1530065925 0.7651293762 0.05497033948)
(0.148678902 0.7650249417 0.05247883109)
(0.1486783793 0.7650249615 0.05747394627)
(0.1443738097 0.7654551598 0.05497615747)
(0.1443730337 0.7654552862 0.05997120937)
(0.1401549005 0.7664131869 0.05747356463)
(0.1401542543 0.7664133763 0.06246868931)
(0.1360863352 0.7678844285 0.05997066697)
(0.1360856398 0.7678847298 0.06496539086)
(0.1322306256 0.7698462385 0.0624676564)
(0.132230085 0.769846557 0.06746260346)
(0.1286465068 0.77226864 0.06496484394)
(0.1286458561 0.772269141 0.06995932364)
(0.125388504 0.7751147782 0.06746159338)
(0.1253880759 0.7751152016 0.0724563895)
(0.1225063298 0.7783413273 0.06995786135)
(0.1322291969 0.7698470805 0.07245687705)
(0.12250614 0.7783415683 0.07495297708)
(0.1200447478 0.7818979872 0.07245537506)
(0.1200444333 0.7818985077 0.07745008528)
(0.1180404983 0.7857314944 0.07495225671)
(0.1180402601 0.785732028 0.07994696088)
(0.1200441163 0.7818990323 0.08244476817)
(0.1180400136 0.7857325801 0.08494163817)
(0.1200437948 0.7818995644 0.08743944537)
(0.1180397799 0.7857331037 0.08993622877)
(0.1200434666 0.7819001075 0.09243402201)
(0.1180395376 0.7857336464 0.09493078082)
(0.1200432432 0.7819004773 0.09742889152)
(0.1180407365 0.7857309609 0.06995753271)
(0.1165246693 0.7897822589 0.07245466087)
(0.1165240173 0.789784395 0.09243329691)
(0.1165238151 0.7897850579 0.0974277087)
(0.1486756774 0.7650250637 0.06246490339)
(0.1165248032 0.7897818203 0.06745977086)
(0.1155199749 0.7939893537 0.06995658083)
(0.1155200682 0.7939888187 0.06496181192)
(0.1150418857 0.7982882033 0.06745868473)
(0.1155195104 0.7939920191 0.09492976484)
(0.1155194456 0.7939923909 0.09992541349)
(0.1150419192 0.7982875194 0.0624641028)
(0.1150976891 0.8026131768 0.06496078842)
(0.11552016 0.7939882921 0.05996714084)
(0.1150976591 0.8026127759 0.05996567989)
(0.1156865398 0.8068982932 0.06246290869)
(0.1150417407 0.7982911688 0.09742683406)
(0.1150417086 0.7982918239 0.1024213846)
(0.1156864326 0.8068977602 0.05746803854)
(0.1167994645 0.8110781063 0.05996504897)
(0.1167996423 0.8110786394 0.06495995178)
(0.1150979563 0.8026167428 0.09992348053)
(0.1150980389 0.8026178449 0.1049187788)
(0.1156876957 0.8069040402 0.1024239947)
(0.1156874937 0.8069030365 0.1074162206)
(0.1150416575 0.798292871 0.1074162231)
(0.1322298517 0.7698466946 0.05747262762)
(0.1614492172 0.7669256077 0.05497262681)
(0.1167993126 0.8110776511 0.05497002879)
(0.1184194363 0.8150886711 0.05746751629)
(0.122504564 0.7783435691 0.09493186157)
(0.1225041854 0.7783440497 0.0999264562)
(0.1253856145 0.7751176363 0.09742962653)
(0.1253851775 0.7751180685 0.1024242925)
(0.1286426011 0.7722716479 0.09992748601)
(0.1286421485 0.7722719965 0.1049222721)
(0.1322259904 0.7698489705 0.1024252852)
(0.1322254503 0.7698492889 0.1074204475)
(0.1360818103 0.7678863892 0.1049223565)
(0.1360807616 0.7678868438 0.1099182004)
(0.1401485585 0.7664150465 0.1074214257)
(0.1286416253 0.7722723995 0.1099172125)
(0.140147949 0.7664152253 0.1124166982)
(0.1443667674 0.7654563075 0.1099194925)
(0.1443674942 0.765456189 0.1049239769)
(0.1486721045 0.7650251992 0.1074223074)
(0.1486709765 0.765025242 0.1124181433)
(0.1486727335 0.7650251753 0.1024264687)
(0.152997635 0.7651286051 0.1049244976)
(0.1529991138 0.7651287322 0.09992826191)
(0.1156863309 0.8068972538 0.05247318969)
(0.1184192326 0.8150882448 0.05247226914)
(0.1205218204 0.8188689408 0.05496907166)
(0.1572780351 0.7657650733 0.1024274215)
(0.1572786174 0.7657651971 0.09743085629)
(0.1205215226 0.8188684755 0.04997416689)
(0.1230743889 0.8223609362 0.05247118304)
(0.1230747691 0.822361394 0.05746624743)
(0.1260386011 0.8255117887 0.05496804249)
(0.1260391795 0.8255123319 0.0599633151)
(0.1293692791 0.8282731915 0.05746536189)
(0.129369801 0.8282735723 0.06246065538)
(0.1168004432 0.8110810392 0.104920292)
(0.1330153808 0.8306026585 0.05996227082)
(0.1330158396 0.8306029132 0.06495807327)
(0.1369223472 0.8324649811 0.0624565417)
(0.1369221465 0.8324649002 0.06745416224)
(0.1410269038 0.8338302164 0.06495699372)
(0.1410273572 0.8338303367 0.06995318091)
(0.116800891 0.8110823808 0.1099135522)
(0.1184216713 0.8150933481 0.1074139565)
(0.1452700877 0.8346789263 0.06745461253)
(0.1452707065 0.8346790107 0.07245101684)
(0.145270768 0.8346790191 0.06245581088)
(0.1184219432 0.8150939168 0.1124087237)
(0.1205248002 0.8188735952 0.109910968)
(0.1495857797 0.8349975488 0.06995227541)
(0.1495863629 0.8349975557 0.07494892791)
(0.1452712143 0.8346790799 0.07744764187)
(0.1495868938 0.834997562 0.07994557273)
(0.1168009875 0.8110826698 0.1149077748)
(0.13301658 0.8306033241 0.05496336015)
(0.120525186 0.8188741977 0.11490563)
(0.1230782714 0.8223656104 0.112407831)
(0.1184203599 0.815090604 0.1024226259)
(0.1539079367 0.8347811448 0.07245012312)
(0.1230786675 0.8223660872 0.1174025892)
(0.1260429565 0.8255158787 0.1149047661)
(0.1293700962 0.8282737877 0.06745674774)
(0.1260426542 0.8255155948 0.1099096228)
(0.1293734608 0.8282762423 0.1124065875)
(0.1293735723 0.8282763237 0.1174018003)
(0.1330194744 0.8306049302 0.11490365)
(0.1330199912 0.8306052169 0.1198988669)
(0.1369248735 0.8324659986 0.1174011263)
(0.1443743538 0.7654550712 0.04998067556)
(0.1369254487 0.8324662303 0.1223962357)
(0.1410305121 0.8338311733 0.1198979)
(0.1410300204 0.8338310429 0.1149023145)
(0.1452710193 0.8346790534 0.1174037037)
(0.1614471886 0.7669249055 0.09992977429)
(0.1614466039 0.7669247032 0.1049264665)
(0.1614477895 0.7669251135 0.09493310692)
(0.1452719228 0.8346791766 0.1223968857)
(0.149587923 0.8349975741 0.119897104)
(0.1495879068 0.8349975739 0.1149020824)
(0.1539091143 0.8347810124 0.1173986716)
(0.1539086667 0.8347810627 0.1124023488)
(0.1581708441 0.8340328857 0.1149001208)
(0.1581704073 0.8340329905 0.109903486)
(0.1581703645 0.8340330008 0.1198954556)
(0.1623079137 0.8327645427 0.112401345)
(0.1623075281 0.8327646876 0.1074044736)
(0.123074004 0.8223604727 0.04747625521)
(0.1293730132 0.8282759158 0.1074114429)
(0.1654410749 0.7685902371 0.1024283474)
(0.1654404362 0.7685899231 0.107425526)
(0.1330204658 0.8306054802 0.1248941674)
(0.1205212415 0.8188680364 0.04497934714)
(0.1662570718 0.8309952838 0.1099024316)
(0.1662567523 0.8309954513 0.1049053211)
(0.1150977938 0.8026145746 0.09493205743)
(0.1572791475 0.7657653098 0.09243428058)
(0.161448222 0.7669252632 0.08993645224)
(0.1726661419 0.7733308041 0.04748268511)
(0.1572834469 0.7657662243 0.04248886615)
(0.1452717235 0.8346791494 0.08244426624)
(0.1230736165 0.822360006 0.04248140989)
(0.1691990292 0.7707357338 0.1049276648)
(0.1691985175 0.7707353981 0.109924919)
(0.1699579861 0.8287520224 0.1074035493)
(0.1699570665 0.8287526607 0.1123988084)
(0.1699575541 0.8287523222 0.1024059858)
(0.1322264451 0.7698487024 0.09743034246)
(0.1205209552 0.8188675891 0.03998464199)
(0.1572802228 0.7657655385 0.08743703438)
(0.1614487635 0.7669254507 0.08493941308)
(0.1654423099 0.7685908442 0.08743838149)
(0.1654427088 0.7685910404 0.08244140064)
(0.1692003307 0.7707365877 0.08493976639)
(0.1692010745 0.7707370757 0.07994341721)
(0.1539080027 0.8347811373 0.1074056497)
(0.1662561797 0.8309957517 0.09990775104)
(0.1699570995 0.8287526377 0.09740839156)
(0.1726637706 0.7733287889 0.1074268323)
(0.1726632258 0.7733283259 0.1124243655)
(0.1691978962 0.7707349905 0.114922422)
(0.1726626296 0.7733278194 0.1174217827)
(0.1691972759 0.7707345836 0.1199199287)
(0.1726620115 0.7733272942 0.1224190892)
(0.1691967732 0.7707342538 0.1249169989)
(0.1726613821 0.7733267595 0.1274162847)
(0.1691960586 0.7707337851 0.1299134947)
(0.1654384302 0.7685889371 0.1274150914)
(0.172662331 0.7733275656 0.1324180695)
(0.1726655816 0.7733303279 0.08244240291)
(0.1726658877 0.773330588 0.07744481068)
(0.1230732633 0.8223595808 0.03748672164)
(0.1260371429 0.825510419 0.03998352881)
(0.1654377876 0.7685886213 0.1324111796)
(0.1614445432 0.7669239901 0.1299127835)
(0.1733506589 0.8260719529 0.1049054128)
(0.1150418576 0.7982887787 0.07245349632)
(0.165443049 0.7685912076 0.07744387018)
(0.1495874365 0.8349975684 0.08494218954)
(0.1452719573 0.8346791812 0.08744042131)
(0.1410292685 0.8338308436 0.08494261041)
(0.1614437217 0.7669237059 0.1349081866)
(0.1572760196 0.7657646449 0.1324103123)
(0.1205205947 0.8188670259 0.03499009167)
(0.1184187272 0.8150871869 0.03748807774)
(0.1692025522 0.7707380454 0.03499646605)
(0.1530002408 0.7651288292 0.08993537344)
(0.152999878 0.765128798 0.08493921337)
(0.1225054186 0.7783424842 0.08494270802)
(0.1539117454 0.8347807166 0.08243480139)
(0.1726646283 0.7733295177 0.08743923218)
(0.1260366558 0.8255099615 0.03498886874)
(0.1293666395 0.8282712651 0.03748601837)
(0.1401527071 0.7664138299 0.06746216672)
(0.1410294286 0.833830886 0.08993936904)
(0.136923168 0.8324653117 0.08744219307)
(0.1486746435 0.7650251029 0.08743754261)
(0.118040271 0.7857320036 0.06496239783)
(0.1225043298 0.7783438665 0.1049224494)
(0.1253879539 0.7751153222 0.06246650551)
(0.1785091866 0.7796966437 0.04249074453)
(0.1539073284 0.8347812131 0.06745317195)
(0.1581700788 0.8340330694 0.06995108494)
(0.1581692354 0.8340332719 0.06495437168)
(0.162307244 0.8327647943 0.06745216699)
(0.1623066933 0.8327650011 0.06245487457)
(0.1662566003 0.8309955311 0.06495290165)
(0.1662559845 0.8309958541 0.05995558987)
(0.1623061505 0.832765205 0.05745767544)
(0.166255297 0.8309962146 0.0549584549)
(0.1623055074 0.8327654465 0.05246041195)
(0.1662545705 0.8309965956 0.04996147815)
(0.1623049501 0.8327656559 0.04746373674)
(0.166253809 0.8309969949 0.04496477177)
(0.1623043607 0.8327658772 0.04246721114)
(0.1662571662 0.8309952343 0.06995031919)
(0.1699549912 0.828754101 0.04746228709)
(0.1699544821 0.8287544543 0.04246503948)
(0.1699579972 0.8287520147 0.06745098438)
(0.158167686 0.8340336437 0.04496582887)
(0.1699585095 0.8287516591 0.07244884873)
(0.1581669724 0.834033815 0.03996988393)
(0.1733544954 0.8260685163 0.06994932737)
(0.1733549353 0.8260681223 0.07494728377)
(0.1539057375 0.8347813918 0.04246821047)
(0.1539051759 0.8347814548 0.03747246615)
(0.173350398 0.8260721866 0.04496318121)
(0.1733498218 0.8260727026 0.03996628697)
(0.1699567762 0.8287528622 0.05745625762)
(0.1699590038 0.8287513159 0.07744666681)
(0.1733553372 0.8260677622 0.07994523118)
(0.1581678077 0.8340336145 0.03497297121)
(0.1757806582 0.7763281251 0.1249231818)
(0.1757813736 0.7763289042 0.1149240914)
(0.1757840844 0.776331857 0.07994411985)
(0.1757844173 0.7763322197 0.0749464066)
(0.172666189 0.7733308441 0.07244717412)
(0.1757846238 0.7763324446 0.06994869919)
(0.1495844575 0.8349975331 0.03997093513)
(0.1495807676 0.8349974891 0.03498017027)
(0.176393799 0.8229862431 0.07244781101)
(0.1763933694 0.8229867365 0.06744949069)
(0.1360798191 0.7678872523 0.1149137646)
(0.1205255297 0.8188747345 0.1199004452)
(0.1369259979 0.8324664515 0.1273913343)
(0.1330209588 0.8306057537 0.1298891675)
(0.1369263517 0.8324665939 0.1323862774)
(0.1330213383 0.8306059642 0.1348839087)
(0.1293755785 0.828277787 0.1323872353)
(0.1401472913 0.7664154183 0.1174119303)
(0.136079219 0.7678875124 0.1199089051)
(0.1401464403 0.7664156679 0.1224067087)
(0.1360785521 0.7678878016 0.12490382)
(0.1322238981 0.769850204 0.1224060605)
(0.1322231992 0.769850616 0.1274004054)
(0.1286404465 0.7722733076 0.1249028316)
(0.1360774903 0.7678882619 0.1298984963)
(0.1286398935 0.7722737335 0.1298973697)
(0.1253833211 0.7751199051 0.1273995798)
(0.1253827097 0.7751205101 0.1323937229)
(0.1225023084 0.7783464332 0.1298964055)
(0.1225016156 0.778347313 0.1348908501)
(0.1200412678 0.7819037473 0.1323929267)
(0.1200415961 0.7819032036 0.1273985309)
(0.1180381122 0.7857368401 0.1298951808)
(0.1180377049 0.785737753 0.1348897066)
(0.116522824 0.7897883063 0.1323919503)
(0.1165230054 0.7897877116 0.1273974586)
(0.115518969 0.7939951267 0.1298941274)
(0.115518866 0.7939957184 0.1348884899)
(0.1150415847 0.7982943616 0.1323910142)
(0.1286388651 0.7722745258 0.1348913443)
(0.1495874002 0.8349975679 0.1248928109)
(0.1150415621 0.7982948259 0.1373850989)
(0.1150981387 0.8026191744 0.1348871157)
(0.1763891247 0.8229916093 0.04246405325)
(0.1763885036 0.8229923221 0.03746721252)
(0.1733492605 0.8260732053 0.03496963355)
(0.1763897293 0.8229909154 0.04746127769)
(0.1293661617 0.8282709165 0.03249084848)
(0.129376195 0.8282782366 0.1373823271)
(0.126045304 0.8255180826 0.1348850965)
(0.1763879418 0.8229929669 0.03247031996)
(0.1369267308 0.8324667466 0.1373811835)
(0.1654401678 0.7685897912 0.1374113793)
(0.1572753396 0.7657645004 0.1374056554)
(0.1260457062 0.8255184602 0.139879564)
(0.1230809133 0.8223687901 0.1373827959)
(0.118418487 0.8150866841 0.03249320836)
(0.1167988863 0.8110763734 0.03499091061)
(0.1790173329 0.8195702426 0.03497069719)
(0.1790292359 0.819552582 0.06994807178)
(0.1790288643 0.8195531338 0.06494967416)
(0.1790295463 0.8195521211 0.07494652724)
(0.1495850281 0.8349975399 0.04496659744)
(0.1155190712 0.7939945399 0.1248997304)
(0.116523189 0.7897871097 0.1224030327)
(0.1155197137 0.7939908522 0.08993573106)
(0.1495859937 0.8349975513 0.08993692942)
(0.1614447632 0.7669240662 0.1249161401)
(0.1726664721 0.7733310847 0.06744957065)
(0.1757848314 0.7763326709 0.06495107635)
(0.1662530743 0.8309973801 0.09491745713)
(0.1529966383 0.7651285194 0.1349075796)
(0.1452700938 0.8346789271 0.04246936576)
(0.1785086707 0.7796959192 0.06744974873)
(0.1785089574 0.7796963218 0.06245221538)
(0.1785082589 0.7796953411 0.07744551809)
(0.178508009 0.7796949901 0.08244384835)
(0.116798725 0.8110758899 0.02999653777)
(0.1156861469 0.8068963384 0.03249450388)
(0.1150981071 0.8026187543 0.1298931081)
(0.1156876674 0.8069038998 0.1323897433)
(0.1156876455 0.806903791 0.1373834898)
(0.1486747421 0.7650250991 0.08244126636)
(0.1443691761 0.7654559148 0.08493847955)
(0.1369238693 0.8324655942 0.09243791002)
(0.1330178503 0.830604029 0.0899402887)
(0.1330173084 0.8306037283 0.08494442228)
(0.1293698645 0.8282736186 0.08743883102)
(0.1410298018 0.833830985 0.09493547671)
(0.1155187515 0.793996376 0.1398827516)
(0.1260361574 0.8255094933 0.02999430225)
(0.1529959042 0.7651284563 0.1399027365)
(0.1757865033 0.7763344925 0.0299972478)
(0.1733486032 0.8260737939 0.02997331732)
(0.179020244 0.8195659254 0.02996811187)
(0.1790252347 0.8195585211 0.04496186988)
(0.1452706258 0.8346789997 0.0474649409)
(0.1495855954 0.8349975466 0.04996240659)
(0.1614454421 0.7669243011 0.1099247521)
(0.129370245 0.8282738962 0.0824450854)
(0.1260403998 0.8255134779 0.08494518692)
(0.1260402969 0.8255133814 0.0899394988)
(0.1230760028 0.8223628793 0.08744360238)
(0.1230756564 0.8223624623 0.08244813041)
(0.1205227073 0.8188703263 0.08494620315)
(0.120522354 0.8188697745 0.07995098128)
(0.1184197075 0.8150892388 0.08244941922)
(0.1443686338 0.7654560032 0.08993426923)
(0.1253837623 0.7751194686 0.1224049956)
(0.1156862692 0.8068969469 0.03748860827)
(0.1150975858 0.8026117969 0.03499173971)
(0.1150975505 0.8026113248 0.02999744282)
(0.1150423536 0.7982786745 0.03255663334)
(0.115042099 0.7982838536 0.03752128581)
(0.1155202216 0.7939879388 0.03499471154)
(0.1155201555 0.7939883181 0.03998866305)
(0.1165249036 0.7897814911 0.03749040483)
(0.1165247464 0.7897820062 0.04248455562)
(0.1180407465 0.7857309386 0.0399876136)
(0.1180409258 0.785730537 0.03499325686)
(0.1200448815 0.7818977659 0.03749074043)
(0.1180404562 0.7857315887 0.04498246434)
(0.120045096 0.781897411 0.03249636692)
(0.122506425 0.7783412065 0.03499374252)
(0.1225062111 0.7783414781 0.03998867983)
(0.1253878295 0.7751154453 0.03749141964)
(0.1253880812 0.7751151963 0.03249688319)
(0.1286454868 0.7722694254 0.03499479616)
(0.1286450942 0.7722697277 0.03998915348)
(0.132228826 0.7698472991 0.03749218276)
(0.1322291641 0.7698470998 0.0324975574)
(0.1360839418 0.7678854656 0.03499495614)
(0.1360843869 0.7678852727 0.03000044955)
(0.1401518555 0.7664140796 0.03249817205)
(0.1155211923 0.7939823743 0.03001252576)
(0.1155201677 0.793988248 0.0449824604)
(0.1322285267 0.7698474754 0.04248686629)
(0.1286447392 0.7722700011 0.04498386947)
(0.1726642324 0.7733291813 0.1024292569)
(0.1757825527 0.7763301885 0.1049286354)
(0.1757826799 0.7763303271 0.09993053199)
(0.1785072388 0.7796939089 0.1024301833)
(0.1790257642 0.8195577354 0.04995954233)
(0.1785066605 0.779693097 0.09743409079)
(0.1184200057 0.8150898628 0.08744443187)
(0.1260421192 0.8255150925 0.1049144056)
(0.1401500749 0.7664146018 0.0874360044)
(0.1410311527 0.8338313431 0.1348836651)
(0.1410317529 0.8338315022 0.1398780987)
(0.1452732082 0.8346793518 0.1373804924)
(0.1726667449 0.7733313165 0.06245195598)
(0.1167996171 0.8110785638 0.0849472787)
(0.116799454 0.811078075 0.07995229459)
(0.1692020066 0.7707376873 0.06495071246)
(0.1486717059 0.7650252143 0.1374047145)
(0.148671014 0.7650252406 0.1423995108)
(0.1443671077 0.765456252 0.1399013745)
(0.1330110226 0.8306002393 0.03498775586)
(0.1330104447 0.8305999185 0.02999308546)
(0.1330116026 0.8306005613 0.03998242361)
(0.1156865162 0.806898176 0.08245002398)
(0.1623060911 0.8327652273 0.09740947496)
(0.1529969207 0.7651285437 0.1299118589)
(0.1530003163 0.7651288357 0.07994055872)
(0.1165237716 0.7897852002 0.1024236909)
(0.1230745903 0.8223611787 0.06246402694)
(0.14527365 0.834679412 0.142375274)
(0.1495872034 0.8349975656 0.1398778453)
(0.1230812654 0.8223692139 0.1423771363)
(0.1184182172 0.8150861194 0.02749900264)
(0.1369274257 0.8324670264 0.1423758019)
(0.1322297081 0.7698467792 0.02750331977)
(0.1150415345 0.7982953921 0.1423792252)
(0.1573036805 0.7657705353 0.1419999105)
(0.1401522283 0.7664139703 0.02750344523)
(0.144370016 0.7654557779 0.03000137194)
(0.1443697299 0.7654558245 0.03499602958)
(0.1486741458 0.7650251217 0.03249881282)
(0.1486744847 0.7650251089 0.02750389462)
(0.1529986494 0.7651286923 0.03000134948)
(0.1812210462 0.8158191743 0.07244669951)
(0.1812213555 0.8158185637 0.07744541466)
(0.1812156291 0.815829861 0.0324685043)
(0.1812098288 0.8158412936 0.02747467113)
(0.1812088161 0.8158432888 0.04748573203)
(0.1812180705 0.8158250457 0.05245806734)
(0.1155191482 0.7939940978 0.1199055378)
(0.1165233688 0.7897865204 0.117408592)
(0.1330167622 0.8306034252 0.07994854009)
(0.1156875546 0.8069033393 0.1273953799)
(0.1168011213 0.8110830705 0.1298920722)
(0.1230801655 0.8223678902 0.1323875232)
(0.1443696717 0.765455834 0.07994261439)
(0.1293724201 0.8282754832 0.1024162627)
(0.1330173124 0.8306037305 0.1049164696)
(0.1699569991 0.8287527075 0.08243757953)
(0.173352386 0.826070406 0.08493352468)
(0.1230752532 0.8223619769 0.07745273755)
(0.1205220184 0.8188692501 0.07495564003)
(0.1230753731 0.8223621212 0.09243585319)
(0.1623045033 0.8327658236 0.09241474062)
(0.1807963994 0.7833692519 0.07994570612)
(0.1807957236 0.7833680004 0.08494150879)
(0.1369149526 0.8324620014 0.03248985777)
(0.136914478 0.8324618101 0.02749519345)
(0.1205276257 0.8188780072 0.1398804532)
(0.1699534453 0.8287551738 0.03247189842)
(0.1699525692 0.8287557817 0.02747652979)
(0.1662579187 0.8309948396 0.07994608725)
(0.1807969816 0.7833703299 0.06495143567)
(0.1807970602 0.7833704755 0.05995324748)
(0.1785090519 0.7796964544 0.05745402633)
(0.1807970604 0.783370476 0.05495543619)
(0.1807958641 0.7833682605 0.09993166214)
(0.1807956663 0.7833678944 0.1049301258)
(0.1790212159 0.8195644838 0.02497246496)
(0.1443666713 0.7654563232 0.1448962744)
(0.1401464123 0.7664156761 0.1423939019)
(0.1155186356 0.7939970418 0.1448768888)
(0.1330100313 0.830599689 0.02499854616)
(0.1167985647 0.8110754094 0.02500242331)
(0.1529991507 0.7651287354 0.02500670773)
(0.1572776758 0.7657649969 0.02750447827)
(0.1260462118 0.8255189348 0.1448739734)
(0.1496493525 0.8349982435 0.1442937994)
(0.1539091253 0.8347810112 0.1423713478)
(0.1539079592 0.8347811422 0.1373779641)
(0.158168349 0.8340334846 0.1398768917)
(0.1581680186 0.8340335639 0.1348817416)
(0.1623043785 0.8327658705 0.1373789743)
(0.1623042799 0.8327659075 0.1323837321)
(0.1662527925 0.8309975279 0.1348809575)
(0.166250961 0.8309984881 0.1298887532)
(0.1699531545 0.8287553756 0.1323828545)
(0.1699533473 0.8287552418 0.1373791169)
(0.1733489692 0.8260734661 0.1348807431)
(0.1733488453 0.8260735771 0.1298841704)
(0.1763880039 0.8229928956 0.1323823227)
(0.1763879286 0.822992982 0.1273852447)
(0.1763881041 0.8229927806 0.137379205)
(0.1790237285 0.8195607562 0.1348810254)
(0.1790238664 0.8195605516 0.1398777685)
(0.1763718301 0.8230114445 0.1415822039)
(0.1623045519 0.8327658054 0.1423743178)
(0.181215984 0.8158291612 0.137379079)
(0.1812045862 0.8158516183 0.1417589754)
(0.1812160233 0.8158290837 0.1323815716)
(0.1733484969 0.8260738891 0.1248868434)
(0.1763877795 0.8229931532 0.1223878511)
(0.1829309428 0.8118555053 0.1348800787)
(0.1452740786 0.8346794704 0.1473700867)
(0.1205278945 0.8188784267 0.1448746253)
(0.1807981467 0.7833724878 0.02499954434)
(0.1230748698 0.8223615152 0.07245726836)
(0.1205216906 0.8188687381 0.0699603091)
(0.145271071 0.8346790604 0.05246069415)
(0.1495861593 0.8349975533 0.05495823124)
(0.1293701446 0.828273823 0.07745032)
(0.1443677221 0.7654561518 0.09992695603)
(0.1401495282 0.7664147621 0.09243127454)
(0.1230790296 0.822366523 0.1223972981)
(0.1205258219 0.8188751907 0.1248951889)
(0.136081771 0.7678864063 0.08993385421)
(0.1360821091 0.7678862597 0.08493825466)
(0.132226461 0.7698486931 0.08743517593)
(0.1168009597 0.8110825865 0.1248976492)
(0.1156874309 0.8069027243 0.1224008661)
(0.1322281873 0.7698476755 0.04748163467)
(0.1286449439 0.7722698435 0.04997935336)
(0.1253872391 0.7751160292 0.07745068493)
(0.125386048 0.7751172075 0.09243497258)
(0.1581703577 0.8340330025 0.07494858855)
(0.1807968929 0.7833701657 0.06994972252)
(0.1581688199 0.8340333716 0.1298864893)
(0.1812171988 0.8158267653 0.04246176354)
(0.1654392736 0.7685893516 0.1174207782)
(0.1572774081 0.76576494 0.03249955544)
(0.1726641521 0.7733291131 0.09743208605)
(0.118419209 0.8150881954 0.07245878963)
(0.1790262227 0.8195570549 0.05495755148)
(0.1165224019 0.7897896903 0.1423805982)
(0.125387134 0.7751161332 0.04748087266)
(0.1253868198 0.7751164439 0.05247560104)
(0.1180386411 0.785735655 0.1199063079)
(0.1180389048 0.7857350643 0.1149118383)
(0.1165235502 0.7897859259 0.1124141099)
(0.1180391852 0.785734436 0.109917303)
(0.1200429445 0.7819009717 0.1124140313)
(0.1165242935 0.7897834901 0.08244379509)
(0.144365247 0.7654565555 0.119910196)
(0.1763944404 0.8229855066 0.08244391247)
(0.176395408 0.8229843955 0.08743931887)
(0.1790301658 0.8195512013 0.08494235932)
(0.1790304623 0.8195507611 0.08994078224)
(0.1812217666 0.8158177523 0.08744111194)
(0.1812166904 0.8158277681 0.09243667545)
(0.1790306674 0.8195504566 0.09493948826)
(0.181214432 0.8158322214 0.09744572393)
(0.1790237235 0.8195607636 0.1248864482)
(0.179023853 0.8195605716 0.1198886618)
(0.1812163551 0.8158284293 0.1223873558)
(0.1812109906 0.8158390045 0.1173922343)
(0.1790235073 0.8195610844 0.1148904796)
(0.1812109867 0.8158390122 0.1124042464)
(0.1785070031 0.7796935781 0.08744030045)
(0.1322263986 0.7698487298 0.0824416253)
(0.1807962591 0.7833689921 0.09493317521)
(0.1763927786 0.8229874148 0.06245153751)
(0.1812184177 0.8158243609 0.05745644473)
(0.136082364 0.7678861493 0.07994450617)
(0.1785063149 0.7796926119 0.05246723945)
(0.1807948912 0.7833664594 0.04996943395)
(0.1410284364 0.8338306229 0.04996318892)
(0.1614452803 0.7669242452 0.0300022383)
(0.1614455933 0.7669243535 0.02500707037)
(0.1654382285 0.7685888379 0.02750455484)
(0.1184243563 0.8150989643 0.142378014)
(0.1360832623 0.76788576 0.04498437124)
(0.175782374 0.7763299939 0.0549647089)
(0.1662529772 0.8309974311 0.02997455711)
(0.1662521885 0.8309978446 0.02497924445)
(0.1623044133 0.8327658574 0.02747741546)
(0.1225055197 0.7783423558 0.04997785496)
(0.1225052456 0.7783427038 0.05497254973)
(0.1200440572 0.7818991301 0.05247448545)
(0.1410186876 0.8338280361 0.02999191109)
(0.1410181474 0.8338278927 0.0249973433)
(0.1452597062 0.8346775088 0.02749411906)
(0.1452590137 0.8346774141 0.02249958816)
(0.1495723729 0.8349973875 0.02499459853)
(0.1581681204 0.8340335395 0.09491128122)
(0.1443676841 0.765456158 0.13490608)
(0.1443667269 0.7654563141 0.1249100051)
(0.148669236 0.7650253082 0.12240932)
(0.1486738026 0.7650251347 0.03749379244)
(0.1443695126 0.7654558599 0.03999113496)
(0.1826144027 0.7872995773 0.0374988533)
(0.182611069 0.7872910197 0.05746351806)
(0.1156865479 0.8068983333 0.07745512557)
(0.1150976534 0.8026127003 0.07995247586)
(0.1150976313 0.8026124052 0.08494576875)
(0.1826123798 0.7872943839 0.06745543108)
(0.1167998111 0.8110791451 0.08994235783)
(0.1184202035 0.8150902768 0.09243953135)
(0.179029632 0.8195519939 0.09993225413)
(0.1790234499 0.8195611697 0.1099030641)
(0.1812121791 0.8158366624 0.1024256184)
(0.169202249 0.7707378464 0.0599531648)
(0.1654441074 0.7685917281 0.06245147375)
(0.1654437434 0.7685915491 0.06744843747)
(0.1614479282 0.7669251615 0.06495457729)
(0.1614486115 0.766925398 0.06994872027)
(0.1572811689 0.7657657397 0.06744785695)
(0.1826107046 0.7872900849 0.1024401836)
(0.1733485398 0.8260738506 0.02497660858)
(0.1180411073 0.7857301304 0.02999897574)
(0.1200452725 0.781897119 0.02750212803)
(0.1180412875 0.7857297268 0.02500477306)
(0.182611447 0.7872919899 0.07244728993)
(0.1826132087 0.7872965116 0.1074302206)
(0.1807952874 0.7833671929 0.1099289497)
(0.1826128431 0.787295573 0.112428981)
(0.1807949084 0.7833664911 0.1149277592)
(0.1826125148 0.7872947303 0.117427777)
(0.1807945507 0.7833658289 0.1199264935)
(0.1826121983 0.7872939179 0.1224263601)
(0.1807942008 0.7833651813 0.124925143)
(0.1826118894 0.7872931251 0.1274249058)
(0.180793883 0.7833645929 0.1299235496)
(0.1826117153 0.7872926782 0.1324233823)
(0.1807935894 0.7833640495 0.1349216993)
(0.1826112799 0.7872915609 0.1374206856)
(0.1807931393 0.7833632163 0.1399190508)
(0.1785048383 0.7796905393 0.137420294)
(0.1785044813 0.7796900383 0.1424173447)
(0.1807926126 0.7833622415 0.1449158678)
(0.1785035021 0.779688664 0.1475030432)
(0.1757809775 0.7763284728 0.144916932)
(0.1486748725 0.7650250942 0.02250920135)
(0.1184179498 0.8150855595 0.02250480818)
(0.1205198507 0.8188658632 0.02500141005)
(0.118424634 0.8150995451 0.1473721939)
(0.1168033189 0.8110896513 0.1448755933)
(0.1486702542 0.7650252695 0.1473941226)
(0.1443724182 0.7654553865 0.1498821665)
(0.1539081756 0.8347811179 0.1473694483)
(0.1200454614 0.7818968065 0.02250792082)
(0.1225067688 0.7783407701 0.02500505306)
(0.1150415069 0.7982959586 0.1473733733)
(0.1757800079 0.7763274169 0.1499107476)
(0.172662856 0.7733280117 0.1474121721)
(0.1726630384 0.7733281667 0.1424161998)
(0.1691969896 0.7707343958 0.1449090203)
(0.181214534 0.8158320202 0.02247475813)
(0.1829112342 0.8119101075 0.1309619671)
(0.1165221795 0.7897904196 0.147374468)
(0.1180370594 0.7857391995 0.1448781843)
(0.1410274601 0.833830364 0.05496156417)
(0.157280624 0.7657656238 0.07244531226)
(0.153001119 0.7651289047 0.06994546607)
(0.1184230797 0.8150962943 0.1373845731)
(0.1360831385 0.7678858136 0.0499794529)
(0.166253009 0.8309974144 0.03497139621)
(0.1330165312 0.830603297 0.07495118651)
(0.1486741792 0.7650251205 0.04248864546)
(0.1539067003 0.8347812837 0.06245620873)
(0.161446258 0.7669245835 0.03499677932)
(0.1581689774 0.8340333338 0.09990893846)
(0.153910912 0.8347808103 0.09741531505)
(0.1452728456 0.8346793023 0.1323855457)
(0.1200446223 0.7818981948 0.05746979007)
(0.1180398776 0.7857328848 0.05497176931)
(0.1410180655 0.8338278709 0.03498382399)
(0.1167998628 0.8110792999 0.09493622634)
(0.1260402748 0.8255133606 0.0999226861)
(0.1733480829 0.8260742598 0.1198931505)
(0.1699544275 0.8287544922 0.1223913817)
(0.1293704407 0.8282740391 0.09742490496)
(0.1369239549 0.8324656287 0.0974316811)
(0.1410301737 0.8338310836 0.09993160788)
(0.1572791731 0.7657653153 0.06245759006)
(0.1662528039 0.8309975219 0.08493063228)
(0.1699546554 0.8287543341 0.09241908995)
(0.158166645 0.8340338935 0.0899176878)
(0.1839289793 0.7914078895 0.1349307381)
(0.1150982194 0.8026202499 0.1448754415)
(0.1733488608 0.8260735632 0.09492065782)
(0.1826117103 0.7872926656 0.08245065155)
(0.1826137978 0.787298024 0.08744354679)
(0.1369221757 0.832464912 0.07744926947)
(0.1150416433 0.7982931614 0.1224020874)
(0.115041627 0.7982934963 0.1174066204)
(0.1539071032 0.8347812384 0.05246007408)
(0.1623044847 0.8327658306 0.08243594156)
(0.1230767639 0.8223637957 0.1024194162)
(0.1286429865 0.772271351 0.08493881804)
(0.1150419235 0.7982874331 0.08244921664)
(0.1452724301 0.8346792457 0.0974329954)
(0.145272677 0.8346792794 0.1024290225)
(0.1410271349 0.8338302777 0.1049215885)
(0.1452698564 0.8346788948 0.1074188114)
(0.1763847027 0.8229966837 0.1124020256)
(0.1654386097 0.7685890253 0.02250957652)
(0.1691955596 0.7707334578 0.02500744137)
(0.1623036983 0.8327661259 0.02248215292)
(0.1581680013 0.8340335681 0.02498055227)
(0.1829118562 0.8119083886 0.1138113388)
(0.1829127285 0.8119059775 0.1104335883)
(0.1829101332 0.8119131496 0.0238946151)
(0.1829028035 0.8119333784 0.02036349311)
(0.1828880133 0.8119740794 0.05055329281)
(0.1829359189 0.8118416743 0.09493880891)
(0.1829313125 0.8118544782 0.07494859519)
(0.1829350362 0.8118441289 0.06994648221)
(0.1829354997 0.8118428401 0.07994444985)
(0.1581673356 0.8340337278 0.01998547654)
(0.1663110611 0.8309669063 0.02111292456)
(0.1150963388 0.8025950784 0.1498457414)
(0.1528990162 0.765120268 0.02137139538)
(0.1790221025 0.8195631686 0.01997775722)
(0.1486607096 0.7650256337 0.01843601364)
(0.1614156252 0.7669139984 0.02103300536)
(0.1167938688 0.8110613224 0.1488844258)
(0.1691957902 0.7707336091 0.0200121803)
(0.1726594734 0.7733251379 0.02251004922)
(0.1205281547 0.818878833 0.1498687799)
(0.1443942543 0.7654518363 0.02093610581)
(0.1410175969 0.8338277465 0.02000277883)
(0.1452573516 0.8346771868 0.01856189625)
(0.1180368259 0.7857397229 0.1498720188)
(0.1200397796 0.7819062112 0.147375597)
(0.1200402522 0.7819054287 0.1423812242)
(0.122500318 0.7783489609 0.1448792053)
(0.1691989978 0.7707357131 0.1499091605)
(0.1654425812 0.7685909776 0.1474109751)
(0.1841454228 0.8076870085 0.07244538183)
(0.1841348605 0.8077337766 0.02206486631)
(0.1841429018 0.8076981982 0.1123901477)
(0.184135552 0.807730724 0.1332691777)
(0.1205194908 0.8188653009 0.02000726985)
(0.123071495 0.8223574511 0.02250376782)
(0.1841425957 0.8076995558 0.1373802729)
(0.1180414746 0.7857293079 0.02001054233)
(0.1165218494 0.7897915019 0.02268621991)
(0.1841402039 0.8077101544 0.06823151825)
(0.1829164724 0.8118956228 0.06604004454)
(0.1224998716 0.778349528 0.149873217)
(0.1253802974 0.7751228972 0.147376835)
(0.1253811729 0.7751220308 0.1423824745)
(0.1286367789 0.7722761333 0.1448804761)
(0.1167984104 0.8110749467 0.02000828897)
(0.1156851687 0.8068914696 0.02250542283)
(0.1253621121 0.7751409075 0.1518991907)
(0.1225070631 0.7783403965 0.02001117124)
(0.1253883531 0.7751149275 0.02250830147)
(0.1253681405 0.7751349342 0.01802746743)
(0.1286386895 0.7722746612 0.02003890007)
(0.1807617735 0.7833052915 0.1497132238)
(0.1826099791 0.7872882234 0.147415695)
(0.1826170744 0.7873064404 0.1517502844)
(0.1286458062 0.7722691795 0.0150176988)
(0.1156911234 0.8069210539 0.01823089283)
(0.1150910323 0.8025226914 0.01923534767)
(0.1150480077 0.7981674517 0.017994611)
(0.1150492106 0.7981446514 0.02240573306)
(0.1785019461 0.7796864807 0.1526813294)
(0.1756628807 0.7762004925 0.154938338)
(0.1155432266 0.7938574625 0.02056899888)
(0.1839278465 0.7914034174 0.1498908237)
(0.1486694974 0.7650252982 0.1523887223)
(0.1529939252 0.7651282864 0.1498922194)
(0.1570125916 0.7657097163 0.1531549852)
(0.1575676515 0.7658279259 0.1476269909)
(0.1444344753 0.7654453341 0.1535381934)
(0.1839280727 0.7914043102 0.1399174794)
(0.1839280191 0.7914040987 0.1249275371)
(0.1839284916 0.7914059639 0.1149306633)
(0.1839293863 0.7914094967 0.1049481596)
(0.1150850179 0.8024380368 0.02445027677)
(0.165441236 0.7685903163 0.1424111576)
(0.1839327081 0.7914226274 0.06995044675)
(0.1150418897 0.7982881229 0.07745164957)
(0.1410272286 0.8338303026 0.05995901543)
(0.1452709086 0.8346790383 0.05745827694)
(0.1539071773 0.8347812301 0.02248362828)
(0.1530006814 0.7651288671 0.07494314014)
(0.1486730225 0.7650251643 0.07245112615)
(0.1486748624 0.7650250946 0.07744504831)
(0.1443689226 0.7654559561 0.07494875741)
(0.1230745793 0.8223611655 0.06746126668)
(0.120521566 0.8188685434 0.0649639389)
(0.1572809627 0.7657656958 0.07744222855)
(0.1763958798 0.8229838537 0.0974370393)
(0.1322262939 0.7698487916 0.09243207749)
(0.1539075823 0.8347811846 0.05745653223)
(0.1155193741 0.7939928012 0.0749534009)
(0.1293700759 0.8282737729 0.07245401384)
(0.115097644 0.8026125743 0.07495673176)
(0.1156865852 0.806898519 0.07245651326)
(0.1156865734 0.8068984603 0.06745973248)
(0.1286429328 0.7722713924 0.09493243625)
(0.1330162549 0.8306031437 0.06995409201)
(0.1581678789 0.8340335974 0.02997678204)
(0.1539045852 0.8347815212 0.03247681871)
(0.1539053246 0.8347814381 0.02748082214)
(0.1165236624 0.7897855582 0.1074189242)
(0.1180393064 0.7857341645 0.1049217009)
(0.1155194054 0.7939926218 0.1049207878)
(0.1180393581 0.7857340485 0.09992577267)
(0.1360821886 0.7678862253 0.09492960411)
(0.136082428 0.7678861215 0.09992584552)
(0.1654432361 0.7685912996 0.07244512506)
(0.1614492592 0.7669256222 0.07494424477)
(0.1614492863 0.7669256316 0.07994123648)
(0.1692011005 0.7707370928 0.07494498858)
(0.1443682156 0.7654560714 0.09493061807)
(0.1486732205 0.7650251568 0.09743060979)
(0.1369221461 0.8324649001 0.0724517425)
(0.1410282429 0.8338305716 0.07494939056)
(0.1572805818 0.7657656148 0.08243963379)
(0.1662534072 0.8309972056 0.0399680169)
(0.1623046839 0.8327657558 0.03747001131)
(0.1623045568 0.8327658036 0.03247376623)
(0.1839330395 0.7914239384 0.02000140062)
(0.1839327189 0.79142267 0.01500313591)
(0.1826230305 0.7873217556 0.01818085996)
(0.123079601 0.8223672108 0.1273923778)
(0.1260439844 0.8255168437 0.124895201)
(0.1205262081 0.8188757938 0.129889762)
(0.1205272141 0.8188773645 0.1348859696)
(0.1826185102 0.7873101304 0.02283943324)
(0.1807659029 0.7833129026 0.02036603717)
(0.1785090952 0.7796965152 0.02250746972)
(0.1784939048 0.7796752025 0.01833827921)
(0.1757892449 0.7763374801 0.02000084732)
(0.175787535 0.7763356167 0.02499919335)
(0.178509688 0.7796973477 0.02750119762)
(0.1486742079 0.7650251194 0.09243401725)
(0.1168009783 0.8110826422 0.1199026988)
(0.115687391 0.8069025259 0.1174060003)
(0.1156874432 0.8069027853 0.1124111166)
(0.1847321856 0.8043214909 0.1474994016)
(0.1839330433 0.8085760463 0.1499994017)
(0.1839328498 0.8085768119 0.1549975445)
(0.1826232524 0.8126776734 0.1518201612)
(0.1826248777 0.8126734902 0.1478284645)
(0.1807970421 0.816629558 0.1508501194)
(0.1784352003 0.8204068464 0.1519176393)
(0.1784288113 0.8204157461 0.147669029)
(0.1757012508 0.8237580661 0.1498869384)
(0.1839377063 0.8085575751 0.1454355257)
(0.1260446517 0.8255174702 0.1298901283)
(0.1293746345 0.8282770985 0.1273921824)
(0.1180401228 0.7857323356 0.05996708098)
(0.1654388586 0.7685891477 0.1224179382)
(0.1253864981 0.7751167621 0.05747031097)
(0.1225051689 0.7783428012 0.05996729043)
(0.1225058197 0.7783419749 0.06496281464)
(0.1614445829 0.7669240038 0.1199197011)
(0.1572763956 0.7657647248 0.1224181069)
(0.1572759384 0.7657646276 0.1174219146)
(0.1614450168 0.766924154 0.1149223078)
(0.1572764801 0.7657647428 0.1124231704)
(0.1539071905 0.8347812286 0.1024085116)
(0.1200434683 0.7819001047 0.1024236548)
(0.1200432103 0.7819005318 0.1074188765)
(0.1225040183 0.7783442619 0.1099176851)
(0.1225037953 0.7783445451 0.1149129607)
(0.1785050903 0.779690893 0.1324230112)
(0.1785051928 0.7796910368 0.1274244381)
(0.1699539592 0.8287548172 0.03746852004)
(0.132227843 0.7698478784 0.05247640287)
(0.158169702 0.8340331599 0.104906253)
(0.1654398464 0.7685896332 0.1124232195)
(0.1410287341 0.8338307019 0.07994612817)
(0.175783713 0.7763314524 0.05995810439)
(0.1155193404 0.7939929946 0.1099161394)
(0.1150416434 0.7982931594 0.1124115882)
(0.1763873832 0.822993608 0.02747344997)
(0.1763868574 0.8229942113 0.02247730148)
(0.1763863741 0.8229947659 0.01748118245)
(0.1733485401 0.8260738504 0.01997986418)
(0.17334907 0.8260733759 0.139877283)
(0.1699527984 0.8287556227 0.1423749623)
(0.1360853866 0.7678848395 0.05497565272)
(0.1572764099 0.7657647279 0.1274146085)
(0.1530001617 0.7651288224 0.09493169442)
(0.1495859114 0.8349975504 0.05995610266)
(0.1726660597 0.7733307342 0.03250059777)
(0.1699531294 0.828755393 0.1273866769)
(0.1572529262 0.765759745 0.02323848198)
(0.1662529592 0.8309974405 0.1398767223)
(0.1623068224 0.8327649527 0.1024069794)
(0.1757809443 0.7763284366 0.1399188871)
(0.1726630226 0.7733281533 0.1374187549)
(0.1757807263 0.7763281992 0.1349218508)
(0.175780667 0.7763281347 0.1299222754)
(0.1726657172 0.7733304432 0.05745767846)
(0.1692004057 0.7707366369 0.05496162375)
(0.1763863628 0.822994779 0.1173955792)
(0.1654456031 0.7685924636 0.03749376398)
(0.1847321856 0.8043214909 0.1225005984)
(0.1839371561 0.8085597567 0.1206479595)
(0.1847321845 0.7956785002 0.04749957733)
(0.1839328851 0.7914233277 0.04499982812)
(0.1847321856 0.8043214909 0.1025005984)
(0.1839328082 0.8085769766 0.1000005983)
(0.1847321856 0.8043214909 0.0474994016)
(0.1839328121 0.8085769613 0.04500000001)
(0.183935744 0.8085653535 0.04000260433)
(0.1180401711 0.7857322272 0.04997706867)
(0.1165248124 0.7897817902 0.05247417973)
(0.1165247754 0.7897819113 0.04747942515)
(0.1847321758 0.7956784307 0.03250043474)
(0.1847321856 0.7956785091 0.0375005984)
(0.1839327914 0.7914229571 0.04000064387)
(0.1826143324 0.7872993968 0.0425005256)
(0.1839328465 0.7914231749 0.03500047365)
(0.1847321856 0.8043214909 0.0324994016)
(0.183941383 0.8085429806 0.03079618176)
(0.1839428189 0.808537274 0.03544716993)
(0.1847321991 0.8043213827 0.03749839327)
(0.1826588848 0.8125855967 0.03804503504)
(0.1847321856 0.8043214909 0.0924994016)
(0.1839327937 0.8085770341 0.09000000001)
(0.1839278316 0.8085966412 0.0857795155)
(0.1847321001 0.8043221778 0.08250059825)
(0.1581703859 0.8340329957 0.0599579502)
(0.1847321717 0.7956783973 0.05749959831)
(0.1839320302 0.7914199459 0.05998226603)
(0.1847321856 0.8043214909 0.0575005984)
(0.1839304247 0.808586401 0.05572869084)
(0.1530032558 0.7651290887 0.04498686827)
(0.1401505179 0.7664144718 0.08244059666)
(0.1401499956 0.766414625 0.07744729109)
(0.1443811757 0.765453961 0.0254640482)
(0.1401444968 0.7664162382 0.02278876037)
(0.1360848273 0.7678850818 0.02500593373)
(0.1360850219 0.7678849975 0.02001131612)
(0.1410561297 0.8338379548 0.1439650756)
(0.1369281614 0.8324673226 0.147370496)
(0.1330227784 0.8306067631 0.1448735833)
(0.1330748934 0.8306356127 0.1493923041)
(0.1330220518 0.83060636 0.1398787409)
(0.1293769835 0.8282788117 0.1423769031)
(0.1293970747 0.8282934527 0.1467025491)
(0.1260711315 0.8255423032 0.1488672775)
(0.1230950077 0.8223857408 0.146844618)
(0.166257665 0.8309949726 0.07494863784)
(0.1623077095 0.8327646194 0.07244945648)
(0.1623068512 0.8327649418 0.07744362813)
(0.1581680574 0.8340335546 0.07993944323)
(0.136914017 0.8324616243 0.02250054218)
(0.1330869622 0.8306422772 0.02084915887)
(0.1293844558 0.8282842595 0.02320533817)
(0.1293745235 0.8282770175 0.02784695683)
(0.1260340583 0.8255075212 0.02502376617)
(0.1692016598 0.7707374597 0.06994804929)
(0.1699340699 0.8287686089 0.0231252946)
(0.118419464 0.8150887292 0.07745408112)
(0.1167992669 0.8110775144 0.07495673645)
(0.1847321856 0.7956785091 0.0775005984)
(0.1839313718 0.7914173425 0.0749655028)
(0.1581696456 0.8340331734 0.04996280357)
(0.1581705142 0.8340329649 0.05496047883)
(0.1691954368 0.7707333773 0.1349099333)
(0.1691958024 0.7707336171 0.1399084696)
(0.1322249055 0.76984961 0.1124158633)
(0.1286413112 0.7722726414 0.1149127408)
(0.1286408804 0.7722729733 0.1199078048)
(0.1322244093 0.7698499026 0.1174109463)
(0.1253851342 0.7751181114 0.117409958)
(0.1495853479 0.8349975437 0.06495490956)
(0.14957207 0.8349973838 0.02000218306)
(0.1401487224 0.7664149985 0.1473931096)
(0.1360814446 0.7678865478 0.1448949576)
(0.1360798059 0.767887258 0.1398967498)
(0.1360585866 0.7678964645 0.148981171)
(0.132226928 0.7698484177 0.1473921519)
(0.1322484211 0.7698357588 0.1514663376)
(0.1184190413 0.8150878444 0.04747716499)
(0.1167992491 0.811077461 0.04997481686)
(0.1156863511 0.8068973543 0.04747802307)
(0.1150975805 0.8026117256 0.0499762458)
(0.1150976022 0.8026120157 0.04498118939)
(0.1150976116 0.8026121414 0.03998723466)
(0.115686346 0.8068973292 0.04248308903)
(0.1230725509 0.8223587228 0.03249269211)
(0.1733539042 0.826069046 0.0649510071)
(0.1401538298 0.7664135007 0.05247869205)
(0.1401523636 0.7664139306 0.04748312852)
(0.1614501373 0.7669259262 0.1398991944)
(0.1572772751 0.7657649118 0.1074251974)
(0.1286453171 0.7722695561 0.03000017194)
(0.1150976191 0.8026122416 0.05497100201)
(0.1150419632 0.798286623 0.0524744739)
(0.1150419447 0.7982869991 0.05746932516)
(0.1155202523 0.7939877625 0.0549723622)
(0.1155202094 0.7939880088 0.04997738585)
(0.1452681937 0.8346786679 0.03747594447)
(0.1286429815 0.7722713549 0.08993571442)
(0.1205225989 0.818870157 0.08993976951)
(0.1253858375 0.7751174156 0.1074188446)
(0.1253854675 0.7751177817 0.1124143621)
(0.1225059108 0.7783418593 0.04498333855)
(0.120044665 0.7818981243 0.0424850792)
(0.1200443572 0.7818986336 0.04747981123)
(0.1286467878 0.7722684236 0.05997018705)
(0.128645439 0.7722694623 0.05497484602)
(0.1184192894 0.8150883636 0.06746158292)
(0.1167992651 0.8110775089 0.06995986205)
(0.1184189132 0.8150875761 0.04248270719)
(0.1167990422 0.8110768408 0.03998526509)
(0.1167991448 0.8110771482 0.04498007742)
(0.1230775461 0.8223647373 0.1074136463)
(0.1486709548 0.7650252428 0.1324065234)
(0.1443678392 0.7654561327 0.1299096729)
(0.1486697149 0.76502529 0.1274069201)
(0.1401459773 0.7664158038 0.1274019097)
(0.1184216854 0.8150933777 0.1174041582)
(0.1184215848 0.8150931671 0.1223995283)
(0.1847321898 0.7956785433 0.0925005017)
(0.183930986 0.7914158176 0.09497400584)
(0.1839304112 0.7914135458 0.08996409394)
(0.1847321269 0.795678037 0.08749756113)
(0.116525072 0.7897809395 0.03249623586)
(0.1165236411 0.7897856281 0.02759012943)
(0.1401489133 0.7664149424 0.10242421)
(0.1156866674 0.8068989277 0.08744472286)
(0.1180373876 0.7857384641 0.1398839526)
(0.1165226113 0.7897890038 0.1373862539)
(0.1200407553 0.7819045957 0.1373871297)
(0.1165249394 0.789781374 0.06246489109)
(0.1260399739 0.825513078 0.07994947055)
(0.1260397106 0.8255128308 0.07495177689)
(0.1253874836 0.7751157874 0.04248617527)
(0.1691992228 0.7707358608 0.09993025863)
(0.1691993642 0.7707359536 0.094932916)
(0.1225009752 0.7783481264 0.1398850042)
(0.1785067462 0.7796932174 0.1074289147)
(0.1785063063 0.7796925999 0.1124276404)
(0.1785059122 0.7796920467 0.1174262847)
(0.1785055046 0.7796914746 0.1224251922)
(0.1322227222 0.7698508973 0.1323948971)
(0.1360785261 0.7678878128 0.1348967955)
(0.1401449612 0.7664161019 0.1323970879)
(0.1401451436 0.7664160484 0.1373944941)
(0.1253819765 0.7751212355 0.1373880239)
(0.1156842864 0.8068870749 0.02748765306)
(0.1286422921 0.7722718859 0.02502098059)
(0.1812206324 0.815819991 0.06744758258)
(0.1165248679 0.7897816082 0.05746954808)
(0.1614101637 0.7669121145 0.1444937592)
(0.1322303141 0.7698464221 0.02250903769)
(0.1757829775 0.7763306513 0.08494024131)
(0.1200450153 0.7818975447 0.06746061191)
(0.1200449466 0.7818976583 0.06246542237)
(0.1410305544 0.8338311845 0.1248935125)
(0.1150981675 0.8026195585 0.1398810369)
(0.1225029107 0.7783456683 0.1249023733)
(0.1205202202 0.8188664406 0.02999576115)
(0.1839331898 0.7914245331 0.04999623581)
(0.1360843418 0.7678852922 0.0699585582)
(0.116801279 0.8110835431 0.134886283)
(0.1184222767 0.8150946147 0.1323893451)
(0.1168018406 0.811085225 0.1398799852)
(0.1165245207 0.7897827455 0.07744961416)
(0.1839435366 0.8085344197 0.1247724815)
(0.128644913 0.7722698673 0.07495288531)
(0.1225066046 0.7783409786 0.02999941373)
(0.1150418095 0.7982897612 0.09243417851)
(0.1184219386 0.8150939073 0.127394216)
(0.1286378431 0.7722753133 0.1398859258)
(0.132221517 0.769851608 0.1373892842)
(0.1322241007 0.7698500845 0.1423884382)
(0.1155192397 0.7939935729 0.114910783)
(0.1225056548 0.7783421843 0.07994741617)
(0.1260375716 0.8255108217 0.04497812862)
(0.1410245163 0.8338295831 0.04497260172)
(0.13692086 0.832464382 0.04746858674)
(0.1369221106 0.8324648858 0.05246293429)
(0.1330149159 0.8306024005 0.04996864856)
(0.1369222091 0.8324649254 0.05745998539)
(0.1260393151 0.8255124593 0.06495878542)
(0.1260395096 0.825512642 0.06995549768)
(0.1205220417 0.8188692866 0.05996468362)
(0.1184196513 0.815089121 0.06246296776)
(0.1150416143 0.798293756 0.1273965446)
(0.1260380892 0.8255113079 0.04997309753)
(0.1293687436 0.8282728007 0.0524701026)
(0.1293680148 0.8282722689 0.0474753534)
(0.1293672608 0.8282717186 0.04248053363)
(0.128656969 0.7722605871 0.1493722237)
(0.1150419203 0.7982874977 0.04747994493)
(0.115042003 0.7982858095 0.04250021621)
(0.1530048071 0.7651292223 0.1448924312)
(0.1200422811 0.7819020697 0.1174089915)
(0.1200419466 0.7819026235 0.1224038148)
(0.1180383775 0.7857362456 0.1249007422)
(0.1839470062 0.8085206086 0.10454161)
(0.1225049819 0.7783430385 0.08993729625)
(0.1443705553 0.76545569 0.06496210571)
(0.1165242415 0.7897836605 0.0874390314)
(0.122503354 0.7783451054 0.1199075541)
(0.1260434562 0.8255163478 0.1198999039)
(0.1763903562 0.8229901957 0.05245852155)
(0.1733508926 0.8260717436 0.0499596537)
(0.152996761 0.7651285299 0.1249160196)
(0.1529962701 0.7651284878 0.1199200912)
(0.1529964858 0.7651285063 0.114919968)
(0.1150980601 0.8026181273 0.1248987006)
(0.1150980044 0.8026173842 0.1199041746)
(0.1150979803 0.8026170629 0.1149085723)
(0.1150980136 0.8026175074 0.109913581)
(0.1205243602 0.8188729081 0.1049164567)
(0.1401514187 0.7664142077 0.03749319186)
(0.1410308598 0.8338312655 0.129888539)
(0.1581684688 0.8340334559 0.1448717066)
(0.1623043443 0.8327658833 0.1473694632)
(0.166252484 0.8309976897 0.1448721954)
(0.1699152845 0.8287816164 0.1465229398)
(0.1733279029 0.8260923159 0.1439748025)
(0.1230718226 0.8223578456 0.02749855605)
(0.1150977297 0.8026137196 0.06995557738)
(0.1839433922 0.8085349942 0.05973173792)
(0.125388084 0.7751151936 0.02750294512)
(0.169955761 0.8287535668 0.05245904953)
(0.175785044 0.7763329025 0.04498784581)
(0.1443659975 0.7654564331 0.1149150174)
(0.136083604 0.7678856119 0.03998972993)
(0.1369226944 0.8324651209 0.08244566481)
(0.1699572444 0.8287525372 0.06245318951)
(0.162308264 0.8327644111 0.1173977681)
(0.1623064139 0.8327651061 0.1223922363)
(0.1539096469 0.8347809526 0.07744218093)
(0.1662594667 0.8309940276 0.1148936341)
(0.1452721383 0.8346792059 0.09243648406)
(0.1293741134 0.8282767184 0.1223969389)
(0.1539064506 0.8347813117 0.04746415027)
(0.1495868054 0.8349975609 0.1348832402)
(0.1529984242 0.7651286729 0.03499594236)
(0.1763940305 0.8229859774 0.07744610422)
(0.1807957093 0.7833679739 0.03998511012)
(0.1369149246 0.8324619901 0.03748322077)
(0.1654419736 0.7685906789 0.09243472311)
(0.1654416012 0.7685904958 0.09743128125)
(0.1539090447 0.8347810202 0.122393809)
(0.1330186316 0.8306044626 0.109909135)
(0.153908402 0.8347810925 0.1323837126)
(0.1826105422 0.7872896681 0.1424180316)
(0.1529970741 0.7651285569 0.1099222984)
(0.1785084731 0.7796956418 0.07244770689)
(0.1757810277 0.7763285275 0.1199236566)
(0.1757819119 0.7763294905 0.1099267974)
(0.1443694898 0.7654558637 0.04498641182)
(0.1790150479 0.8195736301 0.03996894563)
(0.1369244952 0.8324658463 0.1124073717)
(0.1495871159 0.8349975646 0.1298879349)
(0.1529982345 0.7651286566 0.03999037332)
(0.1401518426 0.7664140834 0.0424880623)
(0.1253862483 0.7751170092 0.08744002499)
(0.1790237341 0.8195607479 0.1298836827)
(0.1156878172 0.8069046441 0.1423770591)
(0.1156830786 0.8068810542 0.1467028878)
(0.1486787359 0.765024948 0.04748444777)
(0.1486696395 0.7650252928 0.1174138819)
(0.1452724163 0.8346792438 0.1273912078)
(0.1253865083 0.7751167521 0.08244534787)
(0.1790295165 0.8195521654 0.07994503377)
(0.182920063 0.8118856826 0.1390318241)
(0.180796527 0.7833694881 0.07494764847)
(0.1155192592 0.793993461 0.08494675986)
(0.1733520618 0.8260706964 0.0549561412)
(0.1733529883 0.8260698664 0.05995370331)
(0.1812151235 0.8158308579 0.1274101668)
(0.1539086993 0.8347810591 0.1273888157)
(0.1812162611 0.8158286147 0.08244632381)
(0.1691998397 0.7707362655 0.08993645806)
(0.1401492548 0.7664148423 0.09742785398)
(0.1572776472 0.7657649909 0.03749349484)
(0.1581697253 0.8340331543 0.1248908202)
(0.1614516897 0.7669264637 0.03999249946)
(0.1763913316 0.822989076 0.05745547032)
(0.162304199 0.8327659379 0.1273885361)
(0.1726643451 0.7733292771 0.0924356183)
(0.1757822484 0.7763298571 0.09493378525)
(0.165437031 0.7685882494 0.03249799369)
(0.1790274632 0.8195552137 0.0599541494)
(0.169194062 0.7707324756 0.030000049)
(0.1726628157 0.7733279775 0.02750090294)
(0.1757826003 0.7763302404 0.08993723391)
(0.1812185342 0.8158241311 0.06247766666)
(0.128643911 0.7722706389 0.07994603357)
(0.1785068208 0.7796933221 0.09243708521)
(0.1699562695 0.8287532139 0.1173942294)
(0.1807949301 0.7833665314 0.08993777178)
(0.132226604 0.7698486088 0.07744854747)
(0.1360827871 0.7678859659 0.07495104073)
(0.1150418756 0.7982884107 0.08744179996)
(0.1330131738 0.8306014336 0.04497461754)
(0.1150977193 0.8026135805 0.08993874817)
(0.1369137213 0.8324615051 0.04247443154)
(0.1401493626 0.7664148107 0.07245387005)
(0.141021327 0.8338287368 0.03997584231)
(0.1452571703 0.834677162 0.0324832776)
(0.1168001746 0.8110802344 0.0999279153)
(0.1184196003 0.8150890143 0.09742975817)
(0.1205233417 0.8188713172 0.09992397646)
(0.1205221853 0.8188695109 0.09493127003)
(0.1495766135 0.8349974391 0.029983158)
(0.1230753825 0.8223621326 0.09742801206)
(0.1260381991 0.8255114111 0.09492945185)
(0.1293702057 0.8282738676 0.09243214046)
(0.1156877769 0.806904444 0.09743170206)
(0.1156872061 0.8069016065 0.09243921609)
(0.1443688847 0.7654559623 0.06995503337)
(0.1662563101 0.8309956833 0.1248962405)
(0.1155193352 0.7939930246 0.07995004779)
(0.1733493839 0.8260730948 0.1148982175)
(0.1410234685 0.8338293051 0.1099156387)
(0.1369241324 0.8324657002 0.1074164756)
(0.1369239841 0.8324656404 0.1024255848)
(0.1452687128 0.8346787387 0.1124118349)
(0.1486744026 0.765025112 0.06745840889)
(0.1662578578 0.8309948715 0.1198936598)
(0.1572803852 0.765765573 0.05746706659)
(0.1330163753 0.8306032105 0.09493143327)
(0.1330168819 0.8306034916 0.09992380537)
(0.1614486117 0.7669253981 0.05996364562)
(0.1530061529 0.7651293383 0.05996195233)
(0.1530034832 0.7651291083 0.06495306919)
(0.1525023197 0.7650895661 0.0143206504)
(0.1692009434 0.7707369897 0.04997222639)
(0.1654481993 0.7685937405 0.05246823826)
(0.1654460278 0.7685926724 0.0574593526)
(0.1219810566 0.8209747183 0.1556762114)
(0.1150908718 0.8025204698 0.1545919166)
(0.1192812354 0.7832262855 0.1556762114)
(0.1157899421 0.7926059525 0.1558574266)
(0.1153483685 0.7950741056 0.1521191147)
(0.1192812354 0.8167737145 0.01432378864)
(0.1172405373 0.8123214287 0.1562337257)
(0.1331929082 0.8307005157 0.1545519408)
(0.1252769813 0.8247744293 0.01506745521)
(0.1331973804 0.8307029636 0.01551057345)
(0.1157658858 0.7927181439 0.01474613243)
(0.1251801428 0.8246774126 0.1562358055)
(0.1495870065 0.8349975633 0.1099094726)
(0.1192812354 0.7832262855 0.01432378864)
(0.1425143197 0.8341901242 0.1558578182)
(0.140072892 0.8335626657 0.1520907945)
(0.137723299 0.7672237493 0.01455470169)
(0.1572770107 0.8342351445 0.1564467673)
(0.1475447535 0.8349137761 0.1558764224)
(0.1499999996 0.835 0.1513520368)
(0.1577550152 0.8341300416 0.01591383211)
(0.1666617348 0.8307796458 0.1547019016)
(0.1666645083 0.8307781442 0.01563565653)
(0.1667739128 0.7692813436 0.1556760816)
(0.1623774581 0.7672616657 0.01350494182)
(0.1749147802 0.8245815729 0.1552072826)
(0.1709507973 0.7719631654 0.01454593646)
(0.1763954516 0.8229843454 0.0924377322)
(0.1495828349 0.8349975138 0.104922242)
(0.1495789966 0.8349974679 0.0999293803)
(0.1726630994 0.7733282186 0.05247046325)
(0.1828131281 0.8121777924 0.0152715941)
(0.1581674195 0.8340337077 0.08492932666)
(0.1733502222 0.826072344 0.09991198166)
(0.176394994 0.822984871 0.1024233485)
(0.1733498686 0.8260726607 0.109901885)
(0.1757805604 0.7763280185 0.04997257782)
(0.1623043058 0.8327658978 0.08742535165)
(0.149582956 0.8349975153 0.09493240689)
(0.166252867 0.8309974888 0.08992359136)
(0.1699536381 0.82875504 0.08742788795)
(0.1539136788 0.8347804991 0.08742517381)
(0.153911991 0.834780689 0.09241990146)
(0.173350755 0.8260718669 0.08992962346)
(0.1785031157 0.7796881218 0.04747268411)
(0.180794604 0.7833659277 0.0449775863)
(0.1826153459 0.7873019997 0.04748756452)
(0.1826108607 0.7872904852 0.05247294391)
(0.1839326069 0.7914222271 0.05498667217)
(0.1763821493 0.822999613 0.1074173949)
(0.1826117517 0.7872927716 0.06245936581)
(0.1847328981 0.7956842392 0.0674894194)
(0.1839297155 0.7914107971 0.08496943885)
(0.1826116036 0.7872923917 0.07744961765)
(0.1155238794 0.7939669987 0.02522089099)
(0.18473307 0.7956856233 0.1474870083)
(0.1839266196 0.7913985768 0.1449188299)
(0.1790244858 0.8195596325 0.1049164322)
(0.1812082125 0.8158444777 0.1074260899)
(0.1847298758 0.7956599857 0.1374606305)
(0.1839285364 0.7914061409 0.1299297312)
(0.1847335445 0.795689445 0.1224892698)
(0.1839279055 0.7914036504 0.1199278731)
(0.1826110463 0.7872909616 0.09244863089)
(0.1847338122 0.7956916021 0.1124956104)
(0.1839289468 0.7914077611 0.1099390337)
(0.1847329439 0.7956846077 0.1025057331)
(0.1826108361 0.7872904221 0.09744584416)
(0.1839314499 0.7914176515 0.06496768613)
(0.1260341862 0.8255076414 0.02000542753)
(0.1839300406 0.7914120813 0.07997226122)
(0.158199597 0.8340259696 0.1488499016)
(0.1662908403 0.8309775487 0.1490328517)
(0.1839302616 0.7914129546 0.09996753377)
(0.1847283822 0.7956480499 0.13246211)
(0.1839257586 0.7913951814 0.1548891955)
(0.115045258 0.7982206716 0.02749245653)
(0.1841479721 0.8076756758 0.01418441533)
(0.1611813303 0.766834086 0.1502348665)
(0.1422536961 0.8341320198 0.01528911802)
(0.1403717686 0.7663503765 0.1519849335)
(0.1782711447 0.8206335256 0.01457575794)
(0.1164151482 0.7901482119 0.1512700822)
(0.1450188259 0.8346437282 0.1518960803)
(0.1744019589 0.8250907234 0.01451898703)
(0.1728416609 0.773480978 0.1511498939)
(0.1401393502 0.766417749 0.0180334614)
(0.1729026096 0.7735335973 0.01804888056)
(0.1479555677 0.8349402389 0.01513950129)
(0.118287328 0.8148089985 0.1518098245)
(0.1232977433 0.8226271847 0.1517856574)
(0.1183003394 0.8148368298 0.01878085419)
(0.1164943387 0.7898821614 0.01811223558)
(0.1232583535 0.8225806187 0.01876483335)
(0.1201951156 0.7816514615 0.1511417218)
(0.1651504673 0.7684490358 0.1511857128)
(0.1543170998 0.8347327317 0.1517376187)
(0.1202133367 0.7816218965 0.01876338327)
(0.1697187297 0.8289166336 0.1509274062)
(0.1650429463 0.7683976304 0.01864858486)
(0.1542392252 0.8347423225 0.01880870243)
(0.1332262855 0.7692812354 0.1565176076)
(0.1848268092 0.8034775507 0.0225)
(0.1847384547 0.8042708038 0.1348810594)
(0.1827932233 0.812231292 0.02883942389)
(0.184827095 0.8034746877 0.1125)
(0.1826333517 0.8126516544 0.1248861214)
(0.1826332063 0.8126520292 0.1198881419)
(0.180821742 0.8165837336 0.03746525845)
(0.1828917492 0.8119638136 0.04238540462)
(0.1841322776 0.807745168 0.0499994605)
(0.1826336197 0.812650963 0.05495672286)
(0.1826340741 0.8126497908 0.05995319855)
(0.1826342427 0.8126493559 0.1049447475)
(0.1848277449 0.8034681674 0.0675)
(0.1848277817 0.8034677974 0.0725)
(0.1839465958 0.8085222433 0.07744448276)
(0.1826348244 0.8126478551 0.08494154455)
(0.1841334299 0.8077400882 0.09499946086)
(0.1826349398 0.8126475573 0.08994008449)
(0.1826350979 0.8126471494 0.09993757435)
(0.1696528353 0.8289614583 0.01893949516)
(0.1729806458 0.8263986727 0.1521614865)
(0.1319101022 0.77003743 0.01874674736)
(0.1475031286 0.765089176 0.01343226198)
(0.1813854326 0.8154904688 0.01872538739)
(0.1252512627 0.7752512627 0.1565936904)
(0.1156225363 0.8065719092 0.1511203269)
(0.1365495548 0.8323123123 0.01874509047)
(0.1296287623 0.8284607216 0.1509789272)
(0.1780885086 0.7791185326 0.01387722524)
(0.1827775672 0.7877268142 0.1565881011)
(0.1157998597 0.8074397851 0.01335962973)
(0.1624272852 0.8327194526 0.151282502)
(0.1827895132 0.7877587655 0.01335524373)
(0.1252512627 0.7752512627 0.01334298336)
(0.1827898161 0.8122404231 0.1566456652)
(0.1296729547 0.8284923013 0.01923240222)
(0.1568599422 0.7656788521 0.01866856806)
(0.136275663 0.8321969342 0.1518650056)
(0.1623415731 0.8327518789 0.01854380851)
(0.1780357745 0.7790477841 0.1567146622)
(0.1780189434 0.8209747183 0.1567452491)
(0.1150125269 0.7990636639 0.15189115)
(0.115089176 0.7975031286 0.01323150695)
(0.1840386594 0.8081467581 0.01809525872)
(0.1792207805 0.8192651495 0.1435689195)
(0.1481063271 0.7650512661 0.1564089362)
(0.176032487 0.8233946494 0.1459540462)
(0.1847965039 0.7962312713 0.01392795639)
(0.1848086629 0.8036547216 0.156338541)
(0.1848086629 0.8036547216 0.01366145903)
(0.184784124 0.7961186711 0.1558094073)
(0.1574397851 0.7657998597 0.1570210722)
(0.1847907567 0.8038214194 0.1386006218)
(0.1811121372 0.8160323086 0.1455069314)
(0.1826861319 0.8125146625 0.1436596025)
(0.1839803114 0.8083868014 0.1411592012)
(0.1839680249 0.808436426 0.1168030039)
(0.1840996728 0.8078874782 0.08122695923)
(0.1828678089 0.8120294281 0.03373812354)
(0.183965883 0.8084450452 0.02686057489)
(0.1826754735 0.8125424651 0.0462349935)
(0.1839702799 0.8084273416 0.06376069987)
(0.1847954869 0.803778107 0.1313135555)
(0.1839570967 0.8084803056 0.1080048922)
(0.1839627235 0.8084577426 0.1287313811)
(0.1727423218 0.8266042628 0.1484807533)
(0.1411600899 0.7661347377 0.1564918301)
(0.1156819921 0.7931243669 0.1483421354)
(0.1354055956 0.7681879997 0.1529545726)
(0.1268670992 0.8262653556 0.1527298173)
(0.1416511004 0.8339896436 0.1478483674)
(0.145263193 0.7653220148 0.01657690498)
(0.1603288745 0.7665587926 0.01727436037)
(0.1164724505 0.8100450697 0.1528512619)
(0.1591053131 0.8337948705 0.1525292565)
(0.1397509758 0.828159805 0.01)
(0.1606887519 0.7713423472 0.01)
(0.1216206664 0.789246592 0.01)
(0.1793042378 0.8102317027 0.01)
(0.1608317238 0.8285225515 0.01)
(0.135341635 0.7731552087 0.01)
(0.1230966047 0.8147446956 0.01)
(0.1766863375 0.7851353015 0.01)
(0.1193510075 0.8020201165 0.01)
(0.1809621515 0.7976916678 0.01)
(0.1473210915 0.7691448934 0.01)
(0.1720701093 0.8216998233 0.01)
(0.1714430427 0.7779324564 0.01)
(0.1317820356 0.8245911076 0.01)
(0.1522016481 0.8308917147 0.01)
(0.1256901381 0.7818050275 0.01)
(0.1310991574 0.7754400871 0.01)
(0.1350421527 0.7780030019 0.01)
(0.1394909053 0.7758437084 0.01)
(0.1391935559 0.7807633814 0.01)
(0.143702797 0.7785270601 0.01)
(0.1434287589 0.7835046356 0.01)
(0.1389106439 0.7857345199 0.01)
(0.1431480172 0.7884867734 0.01)
(0.147616818 0.7862404846 0.01)
(0.147336791 0.7912262178 0.01)
(0.1428783028 0.7934748484 0.01)
(0.1470579745 0.7962125116 0.01)
(0.1515164492 0.793963809 0.01)
(0.1512349054 0.7989496603 0.01)
(0.1467761683 0.8011983221 0.01)
(0.1509529994 0.8039354526 0.01)
(0.1554118221 0.8016868049 0.01)
(0.1464942019 0.8061841045 0.01)
(0.1551298325 0.8066725832 0.01)
(0.1423174099 0.8034469808 0.01)
(0.1595886439 0.8044239336 0.01)
(0.1598706644 0.7994381606 0.01)
(0.1420353981 0.8084327554 0.01)
(0.146212195 0.8111698799 0.01)
(0.137858605 0.8056956316 0.01)
(0.1593066268 0.8094097072 0.01)
(0.164047464 0.8021752855 0.01)
(0.164329486 0.7971895127 0.01)
(0.1375765855 0.8106814048 0.01)
(0.1333997912 0.8079442807 0.01)
(0.1336818126 0.8029585078 0.01)
(0.168506282 0.799926637 0.01)
(0.1682242607 0.8049124099 0.01)
(0.1687883037 0.7949408642 0.01)
(0.1646115085 0.79220374 0.01)
(0.13311777 0.8129300537 0.01)
(0.1372945653 0.8156671779 0.01)
(0.1548478108 0.8116583561 0.01)
(0.1590246061 0.8143954802 0.01)
(0.1545657895 0.816644129 0.01)
(0.1634834228 0.8121468316 0.01)
(0.1292229966 0.8052071567 0.01)
(0.1295050179 0.8002213837 0.01)
(0.1339638346 0.7979727351 0.01)
(0.1297870395 0.7952356109 0.01)
(0.1631650237 0.8171305468 0.01)
(0.1726455131 0.802721084 0.01)
(0.1690233466 0.7900267801 0.01)
(0.1648857004 0.7872299153 0.01)
(0.1604334085 0.7894686072 0.01)
(0.1607152126 0.7844831662 0.01)
(0.1731248812 0.7926768819 0.01)
(0.1677481683 0.8148746282 0.01)
(0.1342417757 0.7929788495 0.01)
(0.1299823864 0.790196667 0.01)
(0.1562574449 0.7867302096 0.01)
(0.1565396054 0.7817442252 0.01)
(0.1610720766 0.7796415409 0.01)
(0.1255459919 0.7974525095 0.01)
(0.1573120614 0.7760399076 0.01)
(0.1524439004 0.7788859585 0.01)
(0.1724010564 0.8076495342 0.01)
(0.1691299213 0.7853695265 0.01)
(0.1329969629 0.8176698171 0.01)
(0.1372388182 0.8203076611 0.01)
(0.1415090731 0.8183467539 0.01)
(0.152645166 0.7740208217 0.01)
(0.1769175379 0.8057373723 0.01)
(0.1730740594 0.8132003579 0.01)
(0.1411893394 0.823390075 0.01)
(0.1456544415 0.821131835 0.01)
(0.1453382441 0.826539744 0.01)
(0.1498534396 0.8237017437 0.01)
(0.1444200693 0.7732839899 0.01)
(0.1280529776 0.8150745694 0.01)
(0.1288023372 0.8209452461 0.01)
(0.1306018915 0.780086474 0.01)
(0.1344699894 0.7829586107 0.01)
(0.1298522819 0.7848544876 0.01)
(0.148392888 0.776463891 0.01)
(0.1345034207 0.7879525864 0.01)
(0.147924423 0.7812617886 0.01)
(0.1386841353 0.7907252773 0.01)
(0.1384180208 0.7957204634 0.01)
(0.1517974188 0.7889780584 0.01)
(0.1559754097 0.7917155649 0.01)
(0.1501127684 0.8188617113 0.01)
(0.154317117 0.8215298465 0.01)
(0.1587356757 0.8193515354 0.01)
(0.1631137361 0.8227043334 0.01)
(0.1506710056 0.8089212302 0.01)
(0.1503899578 0.8139018266 0.01)
(0.1425994467 0.7984612106 0.01)
(0.1680055884 0.8099319367 0.01)
(0.1556937195 0.7967010569 0.01)
(0.1637760011 0.8071666841 0.01)
(0.1417596658 0.8134089375 0.01)
(0.1289409751 0.8101929295 0.01)
(0.1247641799 0.8074558053 0.01)
(0.1245088156 0.8025971551 0.01)
(0.1459396836 0.816136824 0.01)
(0.1729252704 0.7976671243 0.01)
(0.138139855 0.8007092549 0.01)
(0.1256645113 0.7924230827 0.01)
(0.1210554488 0.7946986095 0.01)
(0.1601523661 0.7944527737 0.01)
(0.1650251202 0.7825149408 0.01)
(0.1659996414 0.7777097084 0.01)
(0.1520966018 0.7839734542 0.01)
(0.1584221378 0.8242908327 0.01)
(0.1652767294 0.827486185 0.01)
(0.1258995561 0.7876599813 0.01)
(0.1677797558 0.8197390494 0.01)
(0.1397149257 0.771029095 0.01)
(0.1534937035 0.8264398531 0.01)
(0.1769165074 0.8007590488 0.01)
(0.1436205139 0.8308215403 0.01)
(0.1732472691 0.7881365753 0.01)
(0.1780806048 0.7899548682 0.01)
(0.171195992 0.8176918182 0.01)
(0.1771533654 0.7948645472 0.01)
(0.1808789265 0.8026460917 0.01)
(0.1211900151 0.8107621675 0.01)
(0.1743230546 0.7811295661 0.01)
(0.1202646689 0.8062794839 0.01)
(0.1351147567 0.8276984526 0.01)
(0.165125732 0.7729889397 0.01)
(0.156631812 0.8297284928 0.01)
(0.1517236945 0.7695786339 0.01)
(0.1561658222 0.7709617177 0.01)
(0.147618436 0.8309355907 0.01)
(0.177437133 0.8146464273 0.01)
(0.1223858734 0.7850499293 0.01)
(0.1433228855 0.7690463948 0.01)
(0.1683471475 0.8245874166 0.01)
(0.1688821941 0.7745471991 0.01)
(0.1810653413 0.8066913651 0.01)
(0.1620396527 0.7755444887 0.01)
(0.1185877454 0.7982560229 0.01)
(0.175307867 0.818945232 0.01)
(0.1248113621 0.8185214131 0.01)
(0.1808983055 0.7934587567 0.01)
(0.1275322906 0.7775262091 0.01)
(0.1252074086 0.8114164745 0.01)
(0.1695572561 0.7814017971 0.01)
(0.149617895 0.8277091082 0.01)
(0.1367385097 0.82431875 0.01)
(0.1220425592 0.7993465169 0.01)
(0.1725887677 0.7842345533 0.01)
(0.1490676895 0.7726516843 0.01)
(0.1335176305 0.821476918 0.01)
(0.1755176234 0.8100791468 0.01)
(0.46953125 0.4956953196 0.0875)
(0.46953125 0.5043046804 0.1025)
(0.469528387 0.5043176498 0.06790326205)
(0.46953125 0.4956953196 0.0625)
(0.4695359612 0.4957167513 0.1116747568)
(0.46953125 0.5043046804 0.1225)
(0.46953125 0.5043046804 0.0475)
(0.4301458225 0.5024107336 0.01417296601)
(0.4301458225 0.5024107336 0.155827034)
(0.4367375468 0.485029785 0.01417296601)
(0.4366201289 0.4851346359 0.15548619)
(0.4695301261 0.4956902232 0.04251229942)
(0.46953125 0.4956953196 0.1325)
(0.46953125 0.5043046804 0.0825)
(0.4408460751 0.5177821725 0.01483586402)
(0.4407055366 0.5177091205 0.155827034)
(0.4547863133 0.5194188363 0.01417296601)
(0.4547863133 0.5194188363 0.155827034)
(0.4547863133 0.4805811637 0.01417296601)
(0.4547863133 0.4805811637 0.155827034)
(0.46953125 0.5043046804 0.0325)
(0.46953125 0.5043046804 0.1375)
(0.4695304806 0.4956918299 0.02744245794)
(0.4694863046 0.4954962312 0.07774211884)
(0.46953125 0.4956953196 0.0975)
(0.4695250301 0.4956671951 0.1222568261)
(0.46953125 0.4956953196 0.1425)
(0.46953125 0.4956953196 0.0525)
(0.4694564325 0.5046311161 0.05796943327)
(0.46953125 0.5043046804 0.0925)
(0.4695292911 0.5043135588 0.1125181772)
(0.46953125 0.5043046804 0.1475)
(0.46953125 0.5043046804 0.0225)
(0.4632624532 0.514970215 0.01417296601)
(0.4628084335 0.5153604697 0.1545885588)
(0.4312996751 0.4929079023 0.01417296601)
(0.4334865981 0.5112830651 0.01332856979)
(0.4312076638 0.4931554328 0.1551027634)
(0.433301664 0.5110075235 0.1549923863)
(0.4451173288 0.4806051677 0.01343934465)
(0.4452136867 0.4805811637 0.155827034)
(0.4632624532 0.485029785 0.01417296601)
(0.4632624532 0.485029785 0.155827034)
(0.46953125 0.4956953196 0.1525)
(0.46953125 0.4956953196 0.0175)
(0.4687003249 0.5070920977 0.01417296601)
(0.4686602758 0.5071968122 0.1558468979)
(0.4695330057 0.4957032934 0.02247547805)
(0.4681602134 0.4916210592 0.02495619598)
(0.4681496567 0.4915982167 0.02990253659)
(0.465948408 0.4879315169 0.02741848312)
(0.4659338878 0.4879123526 0.03236527702)
(0.4630120067 0.4848115939 0.0298914661)
(0.4629899711 0.4847927435 0.03480917849)
(0.4594811485 0.4823901214 0.03233421285)
(0.4594555795 0.482376379 0.03725333331)
(0.4555200044 0.4807768486 0.03477212373)
(0.4554918515 0.4807687867 0.03969365995)
(0.4513081012 0.4800428241 0.03720768301)
(0.451278567 0.4800409102 0.04212743418)
(0.447037337 0.4802206515 0.03964207858)
(0.4470078708 0.4802250875 0.04456066492)
(0.4429015953 0.4813020683 0.04208459999)
(0.4428745494 0.4813123583 0.04700192679)
(0.4390897598 0.4832379399 0.04450906055)
(0.4390643613 0.4832544989 0.04943064394)
(0.4357522516 0.4859642718 0.04694994722)
(0.4357522126 0.4859643114 0.05186895991)
(0.4331071793 0.4892933381 0.04939249423)
(0.4330901956 0.4893201819 0.05430975863)
(0.4357339164 0.4859829083 0.05680659484)
(0.4330731037 0.4893472923 0.059246896)
(0.4357156663 0.4860015068 0.06174393016)
(0.4330571465 0.4893726901 0.06419182374)
(0.4356971287 0.4860204481 0.06668945842)
(0.433039191 0.48940137 0.06913925224)
(0.4356784336 0.4860396012 0.07164133388)
(0.4330247588 0.4894245006 0.07412298913)
(0.4356579267 0.4860606695 0.07659488382)
(0.4330084661 0.4894506978 0.07904561117)
(0.4390111863 0.4832893455 0.06422962955)
(0.4356367068 0.4860825358 0.08154042155)
(0.4329946154 0.4894730396 0.08399239643)
(0.4356154672 0.4861044894 0.08648356087)
(0.4329810474 0.4894949892 0.08893378453)
(0.4355943261 0.4861264078 0.09142202895)
(0.4329681977 0.4895158352 0.09386732165)
(0.4355733111 0.4861482619 0.09635582222)
(0.4329548896 0.4895374854 0.09880256792)
(0.4355524045 0.4861700693 0.1012875373)
(0.4329419569 0.4895585841 0.103735458)
(0.4355302112 0.4861932911 0.1061963189)
(0.4329280513 0.4895813356 0.1086434767)
(0.4355074877 0.4862171452 0.1110964531)
(0.4329150823 0.4896026163 0.1135484578)
(0.4354878715 0.4862378008 0.1160313222)
(0.432901979 0.4896241782 0.1184503746)
(0.4354657908 0.4862611223 0.1209269111)
(0.4328887331 0.4896460372 0.1233524329)
(0.4311875378 0.4932109451 0.06168990922)
(0.4311560641 0.4932988001 0.07654694565)
(0.4311348434 0.4933587752 0.09137966991)
(0.431114559 0.4934166786 0.1061632348)
(0.4310958894 0.4934704822 0.1208780883)
(0.4354425726 0.4862857262 0.1257956018)
(0.4331242273 0.4892664873 0.04445445727)
(0.4312276142 0.4931009035 0.04688959599)
(0.4310875134 0.4934947829 0.1257735257)
(0.4301435187 0.4976083161 0.1233058011)
(0.4387986913 0.4834310325 0.1037747366)
(0.438702462 0.4834964963 0.1185084989)
(0.4389163703 0.4833520826 0.08404227574)
(0.431238929 0.4930701939 0.04197173184)
(0.4301954215 0.4972109734 0.04440388821)
(0.4301402875 0.4976352971 0.1281949247)
(0.4300862799 0.5018557349 0.1257269608)
(0.4512498384 0.4800390906 0.04704860083)
(0.4300888343 0.501882945 0.1306166715)
(0.4309274186 0.5060196875 0.1281482817)
(0.4309198073 0.5059955188 0.1232553468)
(0.4326191849 0.50989481 0.1256799758)
(0.4326071299 0.5098736046 0.1207792594)
(0.4350937379 0.5133342923 0.1232085873)
(0.4350775811 0.5133162087 0.1182986495)
(0.4382433758 0.516179672 0.1207327145)
(0.4382238617 0.5161654745 0.1158147095)
(0.4382624607 0.5161935225 0.1256492417)
(0.4419288718 0.5182990953 0.1182529107)
(0.4419068267 0.5182893561 0.1133272817)
(0.4381999358 0.516148018 0.1108873727)
(0.4418831688 0.518278869 0.1083939699)
(0.4381750349 0.5161297923 0.105951719)
(0.441859435 0.5182683114 0.1034609109)
(0.430199911 0.4971792773 0.03950046831)
(0.4300521059 0.5014427475 0.04191972428)
(0.4459437334 0.5195843484 0.1059066395)
(0.4459188759 0.5195791835 0.1009636567)
(0.4418310352 0.5182556297 0.09851597039)
(0.4458920322 0.5195735689 0.09601595584)
(0.4418022778 0.5182427342 0.09356377544)
(0.4458642096 0.519567709 0.09106609793)
(0.441773667 0.5182298504 0.08861251452)
(0.4458374963 0.5195620439 0.08610883685)
(0.4417456929 0.518217201 0.08365145588)
(0.4458097356 0.5195561163 0.08115032257)
(0.4417175665 0.5182044307 0.0786923449)
(0.4457816278 0.5195500725 0.07618964855)
(0.4416903342 0.5181920162 0.07372607651)
(0.4457529359 0.5195438596 0.07122789166)
(0.4416627595 0.5181793955 0.06877254271)
(0.4457229558 0.5195373205 0.06627105189)
(0.4416379427 0.5181679938 0.06381381987)
(0.4456928666 0.5195307092 0.06131125785)
(0.4416128636 0.5181564298 0.05886013336)
(0.4456618466 0.5195238425 0.05636479788)
(0.4312477404 0.4930463853 0.03706633165)
(0.4300546542 0.5014775596 0.04683068783)
(0.4308135437 0.5056462282 0.04435840883)
(0.4308036856 0.5056126209 0.03943172565)
(0.4324329256 0.5095602247 0.04185671028)
(0.4500416539 0.5199999566 0.07368348584)
(0.4429313392 0.4812908035 0.03716001218)
(0.4324152228 0.5095276236 0.03694874666)
(0.4348354465 0.5130397974 0.03937080946)
(0.4309355086 0.5060452598 0.1330368839)
(0.430136849 0.4976643559 0.1330804065)
(0.4501672136 0.519999301 0.09849104397)
(0.4499406501 0.5199999119 0.05880625904)
(0.4499094004 0.5199997948 0.05385466335)
(0.4380605103 0.5160452045 0.08616070558)
(0.4379879576 0.5159909612 0.07124173054)
(0.4348113 0.5130116638 0.03446905058)
(0.437911552 0.5159332804 0.03688802953)
(0.4307952004 0.5055835181 0.03452940741)
(0.4379472215 0.5159602798 0.06136059753)
(0.4381168291 0.516086959 0.09604043792)
(0.4389736046 0.4833141196 0.07414342958)
(0.4388581963 0.48339096 0.09391924721)
(0.4500832193 0.5199998269 0.08355620464)
(0.4459855205 0.5195929568 0.1157693231)
(0.4541938403 0.5195553497 0.0563047496)
(0.4541634217 0.5195618486 0.0513476894)
(0.4460115462 0.5195982713 0.1206801244)
(0.4502522623 0.519998409 0.1182150281)
(0.4502762982 0.5199980914 0.1231516763)
(0.4594297522 0.4823625463 0.04218371096)
(0.4545114748 0.5194845219 0.1206626401)
(0.4545348209 0.5194791016 0.1256041297)
(0.4544888936 0.5194897366 0.1157194426)
(0.4325916682 0.5098463183 0.1158666887)
(0.4513386688 0.4800448511 0.03229086601)
(0.4378823755 0.5159111023 0.03199167358)
(0.4415232066 0.5181147446 0.0344083122)
(0.4502993743 0.5199977592 0.1280751361)
(0.4545529359 0.5194748755 0.1305411143)
(0.4503253206 0.519997354 0.1330121713)
(0.4545664733 0.5194717057 0.1354607652)
(0.4503526186 0.5199968913 0.1379269961)
(0.4585783804 0.5180668589 0.1280566113)
(0.4585486057 0.5180809662 0.1181710642)
(0.4585276934 0.5180908387 0.1132194982)
(0.4582577383 0.518215646 0.05379633811)
(0.4582263225 0.5182298551 0.04887555916)
(0.4582869925 0.5182023557 0.05876088518)
(0.4541312963 0.5195686584 0.04638768599)
(0.458197212 0.5182429634 0.04388295069)
(0.4308235996 0.5056802875 0.04927437118)
(0.4414903394 0.5180993281 0.02951627749)
(0.445509223 0.5194893027 0.03193104831)
(0.437943664 0.5159575926 0.04178921277)
(0.4545804983 0.5194684112 0.1403716065)
(0.4585797561 0.5180662056 0.1379063055)
(0.4503796214 0.5199963969 0.1428362546)
(0.4461460401 0.5196251622 0.1404101929)
(0.4347914357 0.51298844 0.02957832818)
(0.4454745116 0.5194812719 0.02704171365)
(0.4496926355 0.519997638 0.02945571643)
(0.4301462912 0.4975854095 0.1184135144)
(0.4428500737 0.481321709 0.05191979685)
(0.4379249641 0.5159434472 0.05641162898)
(0.4348167161 0.5130179833 0.05892173346)
(0.4595063378 0.4824037066 0.02741055157)
(0.4585950792 0.5180589206 0.1428052434)
(0.4619467734 0.516039782 0.05129234991)
(0.4622010177 0.5158472447 0.1156753481)
(0.4621826464 0.5158613722 0.1107157892)
(0.4622082916 0.5158416419 0.1403438223)
(0.4300549945 0.5014821456 0.05171609757)
(0.4497322368 0.5199982075 0.03434769255)
(0.4539372665 0.5196086188 0.03186754917)
(0.4538966694 0.5196167267 0.02696791045)
(0.4579661556 0.5183450365 0.02938208166)
(0.4585014514 0.5181031855 0.1082579309)
(0.4621623603 0.5158769327 0.1057523481)
(0.4456306699 0.519516889 0.0514066116)
(0.4579284997 0.5183613423 0.02448222534)
(0.4616404194 0.5162634755 0.02689681751)
(0.461678558 0.5162361104 0.03180652408)
(0.4461732807 0.5196304921 0.1452971654)
(0.4421215323 0.5183828656 0.142877546)
(0.4420934324 0.5183707972 0.137997021)
(0.4384221079 0.5163080475 0.140460059)
(0.4384485737 0.5163268046 0.1453403179)
(0.435270449 0.5135292398 0.1429300443)
(0.4622216776 0.5158313169 0.1452502135)
(0.4414626688 0.5180862925 0.024639914)
(0.4454329237 0.5194715642 0.02216638342)
(0.4652860127 0.5128972019 0.1427824539)
(0.4652786917 0.5129058739 0.1378631201)
(0.4648386069 0.5134095393 0.02931114474)
(0.4648701609 0.5133745398 0.03424017736)
(0.4648053842 0.5134462113 0.02437503456)
(0.4652845871 0.5128988913 0.1082120375)
(0.4652715124 0.5129143683 0.1032563243)
(0.4621381139 0.5158954771 0.1007804757)
(0.465255619 0.5129331392 0.09824378511)
(0.4621141455 0.5159137512 0.09580360121)
(0.4652320682 0.5129608679 0.09329275462)
(0.4620902267 0.5159319308 0.09082874535)
(0.4652176213 0.5129778273 0.08831555968)
(0.462066464 0.5159499357 0.08584955885)
(0.4651948321 0.5130045023 0.08333685335)
(0.4620426254 0.515967942 0.08087177008)
(0.4651802058 0.5130215726 0.07835863598)
(0.4620189829 0.5159857452 0.07589128825)
(0.4651568155 0.5130487909 0.07337763297)
(0.4619957229 0.5160032069 0.07090837247)
(0.4651464782 0.5130607886 0.0683994007)
(0.438396662 0.5162899523 0.1355825706)
(0.4348334043 0.5130374221 0.06385673788)
(0.4323987857 0.5094972236 0.06140600627)
(0.4324111284 0.5095200628 0.0663524166)
(0.4307836541 0.5055436495 0.06390156477)
(0.4307907053 0.5055680335 0.06884889294)
(0.4622188513 0.5158334984 0.1206338258)
(0.4653144555 0.5128634152 0.1181465687)
(0.4653177977 0.5128594352 0.1228542303)
(0.435028813 0.5132613559 0.1084475061)
(0.4350085059 0.513238395 0.1035139626)
(0.4325465163 0.5097660589 0.1060071238)
(0.4325315026 0.5097391786 0.1010746379)
(0.4308663089 0.5058225307 0.1035651011)
(0.4308573305 0.5057929445 0.09863539644)
(0.4308756556 0.5058531575 0.1084913728)
(0.4659337541 0.4879121764 0.03744553177)
(0.4584108098 0.5181454754 0.09334527387)
(0.4460669823 0.5196094715 0.130580447)
(0.4300651654 0.5016131861 0.10111135)
(0.4583285918 0.5181833594 0.07839892282)
(0.4652977136 0.5128833209 0.147694234)
(0.4300626364 0.5015816232 0.09619505749)
(0.430848728 0.5057644411 0.09369880217)
(0.4348006278 0.5129991955 0.05396056727)
(0.4378987048 0.5159235252 0.05147148786)
(0.4302048882 0.4971445583 0.03459777458)
(0.4312561735 0.4930236853 0.03217721267)
(0.430210001 0.4971093359 0.02971113898)
(0.4312648588 0.4930003939 0.02729284049)
(0.4331449285 0.4892340089 0.02975391955)
(0.4331588242 0.4892122849 0.0248928574)
(0.4357864383 0.485929653 0.02734312069)
(0.430215163 0.4970742139 0.02483164856)
(0.4300425998 0.5013046757 0.0272379072)
(0.4357705705 0.4859457004 0.03221221596)
(0.4390492212 0.483264396 0.02979101042)
(0.4390660744 0.4832533803 0.02491791747)
(0.4428157168 0.4813348969 0.02737947585)
(0.4300447919 0.5013377848 0.06639727999)
(0.4300464981 0.5013629968 0.0713324495)
(0.4307978593 0.5055926552 0.07379665809)
(0.4678222428 0.5090756632 0.07629735127)
(0.4300599681 0.5015476203 0.09126059275)
(0.4308401866 0.5057359874 0.0887622982)
(0.4300574842 0.5015152764 0.08631479569)
(0.4308316508 0.5057073976 0.08382162879)
(0.4325060239 0.5096933379 0.09120734811)
(0.4300549323 0.5014813079 0.08137707703)
(0.4503950277 0.5199960984 0.1477153395)
(0.4300429887 0.5013106108 0.06144938534)
(0.4659579705 0.4879441642 0.02239314609)
(0.4586119253 0.5180508931 0.1477091653)
(0.4428390481 0.4813259333 0.02269843988)
(0.4469017972 0.4802414287 0.02497625158)
(0.4352925038 0.513553212 0.1477971163)
(0.4327729289 0.5101601191 0.1453916008)
(0.4327550844 0.5101298019 0.1405285681)
(0.4310213599 0.5063096134 0.1429903894)
(0.4310331403 0.5063449375 0.1478518739)
(0.430123507 0.50221924 0.145453171)
(0.430119159 0.502179945 0.1405944664)
(0.4301012218 0.4979903665 0.143061237)
(0.4300971033 0.4980315736 0.1479159415)
(0.4309546282 0.4938947718 0.1455224495)
(0.4309678692 0.4938536191 0.1406662336)
(0.4326640225 0.4900268417 0.1431315878)
(0.4326858198 0.4899890479 0.1382717724)
(0.4351510202 0.486601948 0.1407388025)
(0.435120766 0.4866355548 0.1456001608)
(0.4382641188 0.4838052758 0.1432086646)
(0.4383025618 0.4837774866 0.1383481163)
(0.4419382546 0.4816967691 0.1408192735)
(0.441982583 0.4816773085 0.1359515988)
(0.4459832056 0.4804075177 0.1384271859)
(0.4460317118 0.4803976356 0.1335477196)
(0.4502223644 0.4800012362 0.1360301654)
(0.4502725598 0.4800018573 0.1311355067)
(0.4544648893 0.4805047502 0.1336261502)
(0.4545142043 0.4805161102 0.1287164254)
(0.4544145768 0.4804932957 0.138533231)
(0.4584610335 0.4818778888 0.1361225351)
(0.4584144222 0.4818561994 0.1410341545)
(0.4503096587 0.4800023974 0.1261827561)
(0.4545575842 0.4805262118 0.123770017)
(0.4585626416 0.4819256765 0.1262974692)
(0.4586043304 0.4819454854 0.1213553851)
(0.4545946475 0.4805349232 0.1188470945)
(0.4586425654 0.481963757 0.1164155837)
(0.4546313544 0.4805436243 0.1139245332)
(0.4586818464 0.4819826322 0.1114928875)
(0.4546681086 0.4805524099 0.1089864152)
(0.4587211518 0.4820016248 0.1065471045)
(0.4547049546 0.4805612911 0.1040386579)
(0.4587673588 0.4820240878 0.1016105938)
(0.4547418871 0.4805702675 0.09908670811)
(0.4587942379 0.4820372224 0.09664340907)
(0.4547789087 0.4805793401 0.09413100159)
(0.4588312576 0.4820553939 0.09168586193)
(0.454815938 0.4805884895 0.0891718056)
(0.4588664521 0.4820727574 0.08672131593)
(0.4548531417 0.4805977575 0.08421179884)
(0.4589041408 0.4820914468 0.08176264476)
(0.4548908258 0.4806072224 0.07924672573)
(0.4589363623 0.4821075036 0.07679703305)
(0.4549288049 0.4806168402 0.07428010293)
(0.4589758848 0.4821272976 0.07183348735)
(0.4549671267 0.4806266252 0.06931660646)
(0.459011203 0.4821450785 0.06686833793)
(0.4550060995 0.4806366592 0.06435677044)
(0.4590458845 0.4821626243 0.06190484009)
(0.4623740903 0.4842875244 0.1041082946)
(0.4625993632 0.4844675808 0.06930835752)
(0.450404153 0.4800040839 0.1114255857)
(0.4620807286 0.4840608659 0.1386233432)
(0.4622653694 0.4842025093 0.1189384493)
(0.4459462044 0.48041514 0.1434060618)
(0.4624437107 0.4843426035 0.0942001661)
(0.4625105485 0.4843959564 0.08427883334)
(0.4550465525 0.4806471628 0.05939101099)
(0.4590787778 0.4821793436 0.05694738408)
(0.4626587969 0.4845159805 0.05946324174)
(0.462687551 0.4845395327 0.05449971467)
(0.4620411922 0.4840309772 0.1435371816)
(0.4505068395 0.4800064232 0.09657603807)
(0.4507804565 0.4800152336 0.06183522049)
(0.4505785963 0.4800083711 0.08665773302)
(0.4506541031 0.4800106991 0.07673063126)
(0.4583700767 0.4818356994 0.1459400326)
(0.4621265876 0.4840957279 0.133702062)
(0.465204433 0.4870067242 0.1360677341)
(0.4652455668 0.4870550128 0.1312023524)
(0.4656843883 0.4875903278 0.05703607803)
(0.4657084232 0.4876207657 0.05204859129)
(0.4656626104 0.4875628526 0.06197559219)
(0.4420179944 0.4816618543 0.1310667197)
(0.459112199 0.4821964096 0.05199102742)
(0.4508219519 0.4800168973 0.05688128339)
(0.4465242909 0.4803043292 0.05932252423)
(0.4464817034 0.4803118922 0.06427319335)
(0.4382277882 0.4838316659 0.148066004)
(0.4300403416 0.5012696602 0.02237118564)
(0.4307534252 0.5054377716 0.02477435293)
(0.45386058 0.519623861 0.02207605973)
(0.4539777333 0.5196004499 0.03677288227)
(0.4497600906 0.519998561 0.03926025083)
(0.4347813092 0.5129765731 0.04903080098)
(0.4462068763 0.5196370113 0.150155909)
(0.4308344125 0.5057166647 0.05418810552)
(0.4619705774 0.5160220247 0.06602582282)
(0.4651195271 0.5130919784 0.06337271946)
(0.4582735541 0.5182084679 0.06857067387)
(0.4617050071 0.516217053 0.03674142685)
(0.4648988024 0.5133426267 0.03918112084)
(0.4301793987 0.4973272178 0.09868860166)
(0.4301944155 0.497218126 0.08387728331)
(0.4302162408 0.4970669347 0.06889279634)
(0.4619913479 0.4839935146 0.1484354414)
(0.465115878 0.4869038085 0.146039968)
(0.4673316303 0.509980711 0.02680611124)
(0.4673792392 0.5098975778 0.03687097398)
(0.467410537 0.5098424185 0.04162802936)
(0.4649211868 0.5133175892 0.04413837797)
(0.4302107976 0.4971038876 0.02139524438)
(0.430743931 0.5054040547 0.01991363394)
(0.4323089515 0.5093288157 0.02247391981)
(0.4578812252 0.5183816835 0.01959985635)
(0.4390699532 0.4832508485 0.0209991403)
(0.4673072706 0.5100228931 0.02187942381)
(0.4469188977 0.4802387549 0.02008408948)
(0.4511193813 0.4800313499 0.02254185145)
(0.4678583513 0.5090044039 0.08568102829)
(0.4583267728 0.4818158076 0.1508282723)
(0.4543454349 0.4804777769 0.1483432054)
(0.4384681116 0.5163406105 0.1502022067)
(0.4678746047 0.508972096 0.09563445099)
(0.4350934425 0.486666038 0.1504537732)
(0.4676866195 0.50933721 0.1057051594)
(0.4676741628 0.5093607675 0.1403129856)
(0.4676768638 0.509355666 0.1353739795)
(0.4652608053 0.5129270191 0.132915855)
(0.4676609098 0.5093857479 0.130418617)
(0.4674298125 0.5098082433 0.04658929698)
(0.4690127974 0.5062059275 0.03944435382)
(0.46507698 0.4868590459 0.1509382005)
(0.467525778 0.4903642797 0.1485402044)
(0.4674978332 0.4903136264 0.1534488227)
(0.4414351924 0.5180732972 0.01976572732)
(0.4378533986 0.5158889922 0.02222595524)
(0.4453829274 0.5194597698 0.01782164358)
(0.4675574729 0.4904221533 0.1436232766)
(0.4647739197 0.513480775 0.01947070947)
(0.4675800892 0.509536271 0.06588405257)
(0.4675709589 0.5095530835 0.06090855024)
(0.4651018087 0.513112413 0.05842982545)
(0.4675503099 0.5095909658 0.05592490271)
(0.4309421053 0.4939339757 0.1503754941)
(0.4676982838 0.5093150818 0.1106821535)
(0.4504106438 0.5199957838 0.1525812373)
(0.467969096 0.4912186795 0.05952396682)
(0.4678029189 0.5091135108 0.1203016105)
(0.4691033923 0.5059211826 0.05255930093)
(0.4676405706 0.49057608 0.1337928129)
(0.4676754938 0.4906417459 0.1288008475)
(0.4652772246 0.4870923895 0.1263166305)
(0.469085532 0.4940214996 0.1375109339)
(0.4676922939 0.4906735465 0.1238789809)
(0.430096099 0.4980417549 0.1519230194)
(0.4462292726 0.5196413242 0.1550257495)
(0.4693374583 0.5051051648 0.1424966951)
(0.4677979222 0.5091232651 0.1450707506)
(0.4675949246 0.5095088711 0.1506444764)
(0.4511392712 0.4800324748 0.01766952763)
(0.4552856729 0.4807111 0.02012029256)
(0.4592650779 0.4822754878 0.01663580324)
(0.4595624782 0.4824341521 0.02261822726)
(0.4552701878 0.4807068634 0.02498913059)
(0.4679531716 0.4911861682 0.06449704381)
(0.4693614633 0.4949866439 0.06747836758)
(0.4677113787 0.4907098405 0.06946409339)
(0.4692587396 0.4946054706 0.07217860884)
(0.4675997608 0.4905000833 0.07416077388)
(0.4678794114 0.4910374864 0.07977582881)
(0.4653458726 0.4871740812 0.07680044516)
(0.4468832258 0.4802443497 0.02982911696)
(0.4693397152 0.5050966082 0.06249601415)
(0.4680560255 0.5086011594 0.07124166407)
(0.4300481267 0.5013866332 0.07629311479)
(0.4308228879 0.5056778844 0.07887677637)
(0.4324508994 0.5095931782 0.07626223286)
(0.4324790964 0.5096445808 0.08132268833)
(0.4349171243 0.5131341867 0.07874308986)
(0.4693692583 0.4950168451 0.08249768844)
(0.4677872949 0.4908560326 0.08476912042)
(0.468034158 0.4913530845 0.09014681726)
(0.4657729432 0.4877030791 0.08738666918)
(0.4694563155 0.4953683928 0.1272794649)
(0.4683833883 0.4921227521 0.1190186509)
(0.4658506481 0.4878034039 0.1204814016)
(0.4667946593 0.4891400084 0.1153626481)
(0.4658818756 0.487844095 0.09215144683)
(0.4390314708 0.4832760241 0.03467655948)
(0.4357490974 0.4859674744 0.03709991391)
(0.4323258431 0.5093607787 0.02717365444)
(0.4629023552 0.4847183368 0.02463766144)
(0.4694985715 0.4955496395 0.09250887433)
(0.4695324601 0.5042991865 0.02750968673)
(0.4695160376 0.495626869 0.1475147102)
(0.4694941997 0.4955305284 0.05750236982)
(0.4543666379 0.4804825085 0.1434361774)
(0.4501550627 0.4800006011 0.1458219508)
(0.4500964563 0.4800002326 0.1497153551)
(0.4459647748 0.4804113054 0.1473568128)
(0.4460385805 0.5196037536 0.1256249611)
(0.4390145295 0.4832871476 0.03957048543)
(0.435787065 0.48592902 0.02317675398)
(0.4331607466 0.4892092843 0.02110698662)
(0.4695235205 0.4956603978 0.03249510791)
(0.4695261247 0.4956721307 0.03746855543)
(0.4681485262 0.4915957751 0.04000452416)
(0.4681529236 0.4916052776 0.04498463998)
(0.4659335035 0.487911846 0.04250357818)
(0.4695307589 0.4956930919 0.04750003659)
(0.4681506376 0.491600336 0.04996329975)
(0.4421469982 0.5183937588 0.1477531581)
(0.4300507525 0.501423911 0.03700664245)
(0.4496570444 0.5199970593 0.02457051906)
(0.4695286068 0.5043166558 0.1175387814)
(0.4680470847 0.5086199033 0.1251410659)
(0.4680153855 0.5086859592 0.1156403101)
(0.4495948566 0.519995896 0.01971353749)
(0.4495444259 0.5199948106 0.01484320604)
(0.4545796886 0.5194686017 0.1452564463)
(0.4616066262 0.5162876097 0.02199795448)
(0.46953125 0.5043046804 0.1325)
(0.4546011544 0.5194635397 0.1496198227)
(0.4585610994 0.518075054 0.152591677)
(0.4621826242 0.5158613892 0.1501987504)
(0.4379691079 0.5159767843 0.06630872729)
(0.4378484781 0.5158852295 0.02711062434)
(0.434772518 0.5129662558 0.02470119301)
(0.4346933913 0.5128727514 0.02062576483)
(0.4310781015 0.4935222104 0.1306589885)
(0.4326477612 0.4900551617 0.1479917409)
(0.4312626736 0.4930062457 0.02324630161)
(0.430131667 0.5022911447 0.1492801769)
(0.431044454 0.5063786579 0.1517481665)
(0.4327809596 0.5101737235 0.1502591188)
(0.4695264268 0.5043265064 0.1075125367)
(0.4679886185 0.5087412588 0.1007304264)
(0.4325600262 0.5097901642 0.1109342507)
(0.4308852136 0.5058842962 0.1134214555)
(0.4300711739 0.5016857909 0.110987691)
(0.4415836489 0.5181429059 0.05391472036)
(0.4324291192 0.5095532271 0.07130920374)
(0.4507348844 0.4800135059 0.06679975742)
(0.4464262918 0.4803218748 0.06922842438)
(0.4506785087 0.4800115127 0.0717557507)
(0.4463695961 0.4803322557 0.07418497851)
(0.4463295845 0.4803396834 0.07915195274)
(0.4583013776 0.5181957998 0.07350764878)
(0.4470596031 0.4802173292 0.0347358729)
(0.4505783117 0.4800083629 0.08169042365)
(0.4462640458 0.480352032 0.0841097376)
(0.4462507452 0.4803545657 0.08908271417)
(0.4504987884 0.4800062207 0.09161475599)
(0.4461921205 0.4803658447 0.09403610582)
(0.4461883926 0.4803665681 0.0990027599)
(0.4419914224 0.5183265568 0.1280757536)
(0.4328731265 0.4896718732 0.1282394477)
(0.435418862 0.4863109381 0.130707117)
(0.4309042409 0.5059457536 0.1183364964)
(0.4695290611 0.5043145997 0.08751958464)
(0.467938084 0.5088444979 0.08101148368)
(0.4695291964 0.5043139876 0.09751836773)
(0.4679776108 0.5087638752 0.09077821329)
(0.4695307001 0.4956928254 0.1024877018)
(0.4681579153 0.4916160801 0.1003156721)
(0.4681532875 0.4916060645 0.1051256884)
(0.4659313767 0.4879090432 0.1024879924)
(0.4659290438 0.4879059699 0.1074624161)
(0.4625721748 0.4844455659 0.1092406194)
(0.462953944 0.4847620429 0.09920405116)
(0.4695320333 0.4956988752 0.107103315)
(0.4498800786 0.5199996405 0.04889592284)
(0.4456018658 0.5195104181 0.04645874039)
(0.4415713838 0.5181372112 0.04899900921)
(0.4300678118 0.5016455616 0.1060332644)
(0.4503711398 0.4800034439 0.1163666577)
(0.4461341939 0.4803771678 0.1138450423)
(0.4461631688 0.4803714818 0.1089368333)
(0.4461019869 0.4803835402 0.1187681745)
(0.4420714514 0.4816386788 0.111375536)
(0.4503291765 0.4800027091 0.1212920528)
(0.4460643878 0.4803910491 0.1237187666)
(0.4311092906 0.4934318115 0.1110937769)
(0.4381509526 0.5161121096 0.1010188816)
(0.4584398451 0.5181319887 0.09831882084)
(0.4584698387 0.5181179975 0.1032516346)
(0.4544186921 0.5195057725 0.1058038583)
(0.4352433409 0.5134996671 0.1380498006)
(0.4352212302 0.5134754578 0.1331676258)
(0.4327261351 0.5100803567 0.1356369586)
(0.4583835843 0.5181580702 0.0883679892)
(0.4543184704 0.5195282056 0.09088179374)
(0.4583568264 0.5181704005 0.08336665159)
(0.4300455104 0.5013484603 0.03211831756)
(0.4504722227 0.4800055756 0.1015299614)
(0.4461682916 0.4803704811 0.1039575108)
(0.4504322221 0.4800046709 0.1064929)
(0.46953125 0.5043046804 0.0775)
(0.4550886741 0.4806581956 0.05443848838)
(0.4323934342 0.5094872989 0.0320620906)
(0.4380875816 0.5160653132 0.09111269766)
(0.4311035324 0.4934483963 0.1159893371)
(0.4312146337 0.4931363266 0.05181830869)
(0.4544566473 0.5194971356 0.1107598025)
(0.4386753591 0.4835150824 0.1234024256)
(0.4389959776 0.4832993566 0.06919261911)
(0.4681618362 0.4916245773 0.02008157962)
(0.4659643786 0.4879526511 0.0175659794)
(0.4585736478 0.5180691052 0.132996306)
(0.4500102142 0.5199999974 0.06872309083)
(0.4626279658 0.4844908259 0.06433148682)
(0.4389438098 0.4833338469 0.07908880064)
(0.4502223729 0.5199987637 0.1132680114)
(0.4350568235 0.5132929108 0.1133765073)
(0.4390226401 0.4832818192 0.0592148682)
(0.4499733645 0.5199999823 0.06374150832)
(0.4419449278 0.5183061687 0.1231706753)
(0.4681505144 0.4916000698 0.1099999201)
(0.4625728361 0.4844461004 0.07434887137)
(0.432627948 0.5099101871 0.130569491)
(0.4351025205 0.5133441037 0.128109467)
(0.4418892005 0.4817184538 0.14567456)
(0.4388252876 0.4834130834 0.09884956105)
(0.4500666192 0.519999889 0.07864686584)
(0.432492309 0.5096685447 0.08626326773)
(0.4585644886 0.5180734483 0.1231186916)
(0.4388833102 0.4833741404 0.08898347004)
(0.4427999236 0.4813409834 0.03225183437)
(0.4390367708 0.4832725494 0.05436040385)
(0.4325158805 0.5097111052 0.09614449089)
(0.4349870807 0.513214093 0.09858346913)
(0.4312017475 0.4931716983 0.05674851211)
(0.4501421372 0.5199994949 0.09351821)
(0.4307637762 0.5054742757 0.029640472)
(0.4459590055 0.5195875053 0.1108414423)
(0.4542026707 0.5195534539 0.06116464305)
(0.4653031737 0.5128768348 0.1131078184)
(0.4554614881 0.4807601417 0.04461120381)
(0.4555322113 0.480780358 0.02987878934)
(0.4348484661 0.5130549232 0.06879845674)
(0.4415583576 0.518131152 0.03930399071)
(0.4301911019 0.4972418202 0.04931467727)
(0.4501628348 0.4800006629 0.1409064262)
(0.4469774368 0.4802297164 0.04947752965)
(0.4629632145 0.4847699288 0.0397455341)
(0.4455463366 0.5194978174 0.03682278384)
(0.4622094491 0.5158407497 0.1254489395)
(0.4681407148 0.4915789273 0.03493445501)
(0.4585072518 0.4818995396 0.1312148571)
(0.430083573 0.5018264547 0.120841402)
(0.4510998062 0.4800302622 0.02740361632)
(0.4331307396 0.4892562551 0.03462981505)
(0.4673825082 0.5098918355 0.03196557466)
(0.4580056633 0.5183278301 0.03428469408)
(0.431011575 0.5062801048 0.1381316595)
(0.4349634937 0.5131872468 0.0936447754)
(0.4651604744 0.4869554603 0.1411214359)
(0.4376737607 0.515750042 0.01816013061)
(0.4621931682 0.5158532851 0.1354166149)
(0.4461115165 0.519618351 0.1355033936)
(0.4593897126 0.4823411977 0.04709028545)
(0.4420489019 0.5183515678 0.1330807471)
(0.4460686245 0.4803901992 0.1286448527)
(0.4501735064 0.5199992474 0.10836071)
(0.4382876826 0.5162117742 0.1305376694)
(0.4331234094 0.4892677733 0.03954859239)
(0.4621476489 0.4841118086 0.1288106051)
(0.430184908 0.4972866759 0.05425322615)
(0.4336446945 0.4884889626 0.01353096366)
(0.430160518 0.4974711753 0.01570797929)
(0.4380407865 0.5160305088 0.08123646688)
(0.4335403227 0.4886387051 0.155827034)
(0.4312639246 0.506997105 0.01472452578)
(0.4367375468 0.514970215 0.155827034)
(0.4407504608 0.482267374 0.01380225509)
(0.4407382826 0.4822737316 0.1552993825)
(0.4348726232 0.5130829076 0.07374671196)
(0.4380182864 0.5160136985 0.07621728286)
(0.4500213262 0.4800000114 0.1545617614)
(0.4592868615 0.4822868917 0.1555636171)
(0.4663675978 0.5114935522 0.01428570585)
(0.4592193067 0.5177483628 0.0147495426)
(0.468146864 0.4915921866 0.01508378442)
(0.4664691938 0.5113474956 0.1554709214)
(0.4357513434 0.4859651938 0.04202433559)
(0.4300789946 0.5017758222 0.1159338902)
(0.4349430083 0.513163852 0.08871106296)
(0.4622185068 0.4841662357 0.1238365243)
(0.430985759 0.4937984971 0.1358358785)
(0.4301055383 0.4979480753 0.1382021538)
(0.4301133743 0.5021265272 0.1357498247)
(0.4501640917 0.5199993268 0.1034134257)
(0.4349253866 0.5131436689 0.08368531749)
(0.4301524953 0.497534933 0.113509542)
(0.4544075001 0.5195083045 0.1008891528)
(0.4383581206 0.4837375695 0.1335244464)
(0.4351812662 0.4865685024 0.1358780594)
(0.4327169251 0.4899354423 0.1334392626)
(0.4629205518 0.4847337188 0.04457520662)
(0.4622004627 0.515847672 0.130552947)
(0.4418496987 0.4817360303 0.1505308434)
(0.454371901 0.5195163132 0.09596674413)
(0.4378304031 0.5158713865 0.04663135717)
(0.4307625868 0.5054700945 0.05904334441)
(0.4385815381 0.4835799291 0.1282953433)
(0.4301701315 0.4973968644 0.1035507996)
(0.4652687399 0.5129176461 0.1280238847)
(0.4415602264 0.518132022 0.0441293123)
(0.4500501032 0.5199999372 0.08856271942)
(0.4622581393 0.4841968983 0.1140827388)
(0.4455432338 0.5194971084 0.04163928118)
(0.4301584475 0.4974874723 0.1086042324)
(0.454330952 0.5195254412 0.0859892305)
(0.4542750788 0.5195377507 0.08099410155)
(0.4301829228 0.4973012128 0.08885433154)
(0.4619307341 0.5160517159 0.05627114065)
(0.4302049939 0.4971438252 0.07374939232)
(0.4542381088 0.5195458035 0.07610059357)
(0.4541948285 0.5195551378 0.06616795532)
(0.4497620839 0.5199985848 0.04408059695)
(0.4651119648 0.5131007069 0.05355453982)
(0.4542079783 0.5195523124 0.07113377636)
(0.4539523782 0.5196055785 0.04158038128)
(0.4348260205 0.5130288275 0.04418548312)
(0.431158118 0.4932930272 0.1012415605)
(0.4582449792 0.5182214247 0.06360285141)
(0.4619383564 0.5160460477 0.06109244877)
(0.4311683642 0.4932643121 0.09631356738)
(0.4579896176 0.5183348305 0.03908493036)
(0.4301747725 0.4973617516 0.09386879665)
(0.4324214024 0.5095390202 0.04666204364)
(0.4628573613 0.4846804615 0.04950531166)
(0.4324465062 0.5095851372 0.05159326827)
(0.4311898993 0.4932044051 0.08644162775)
(0.4324618694 0.5096132187 0.05646139651)
(0.4312005495 0.4931749973 0.08149719108)
(0.4301878611 0.4972651961 0.07906927165)
(0.4387048147 0.483494886 0.1085510129)
(0.4553657734 0.4807332287 0.04940192247)
(0.4511374261 0.4800323697 0.05183084685)
(0.4618020149 0.5161465923 0.04153507046)
(0.4617650133 0.516173573 0.04633148436)
(0.4679373241 0.491153961 0.05473255096)
(0.4660031362 0.4880041828 0.04728616001)
(0.4623803175 0.4842924305 0.08946602097)
(0.4300551293 0.5014839588 0.05652732119)
(0.4468703098 0.4802463917 0.05424185691)
(0.442729897 0.4813681562 0.05667391277)
(0.4301914546 0.4972392882 0.05901038558)
(0.4682043183 0.4917173197 0.09523600292)
(0.4632177167 0.484990271 0.01995320742)
(0.4301881169 0.4972633438 0.0639439699)
(0.4695646178 0.5041503894 0.01777192584)
(0.4695646178 0.5041503894 0.1522280742)
(0.4312160394 0.4931324805 0.06644066306)
(0.4655685584 0.4874453201 0.06674120458)
(0.4312444967 0.4930551388 0.07159106156)
(0.4426131074 0.4814141501 0.06176270683)
(0.4422446947 0.4815648368 0.1261852991)
(0.4695258721 0.5043290088 0.1275160323)
(0.4425770324 0.4814285286 0.06672813557)
(0.4649197379 0.5133192125 0.04885271902)
(0.4425396323 0.481443521 0.07168964488)
(0.4425106578 0.4814551961 0.07664449166)
(0.4421804558 0.4815919928 0.1160485203)
(0.4421728531 0.4815952242 0.1209820125)
(0.4385047348 0.4836336052 0.1136034952)
(0.4424654979 0.4814734979 0.081594702)
(0.4423691524 0.4815129731 0.1064430366)
(0.4423934282 0.4815029714 0.09147568743)
(0.4424284896 0.4814885919 0.08657123856)
(0.4423273948 0.4815302645 0.101310572)
(0.4423499646 0.4815209048 0.09646796984)
(0.4696077682 0.5039415004 0.0725)
(0.442907601 0.4812997894 0.01798338051)
(0.4661168773 0.4881574383 0.09751253679)
(0.4322908795 0.5092944634 0.01788194363)
(0.4621710509 0.4841297284 0.07931148076)
(0.4654550211 0.4873058154 0.07171894923)
(0.4673684711 0.4900835383 0.1387243683)
(0.4696380954 0.4962124929 0.1175)
(0.4652057304 0.4870082425 0.1117745881)
(0.4350992833 0.5133404888 0.1521394957)
(0.4650722296 0.5131464024 0.1520610492)
(0.4696003073 0.5039784361 0.04307469928)
(0.4355852568 0.4861358311 0.01817317743)
(0.4672020459 0.5102024319 0.05097183535)
(0.45 0.48 0.01353573869)
(0.4658443857 0.4877952697 0.08278714895)
(0.4424355214 0.5185142827 0.1514102788)
(0.4613612949 0.5164596773 0.01771503399)
(0.4300221468 0.5009409473 0.0187067991)
(0.4677140856 0.5092849971 0.01769371214)
(0.4385086466 0.4836308584 0.1522669331)
(0.4687003249 0.4929079023 0.1565481165)
(0.4324762391 0.4903606119 0.1516226024)
(0.4367375468 0.514970215 0.01339307311)
(0.4312067646 0.4931579021 0.01914087146)
(0.4592944634 0.5177091205 0.1566478176)
(0.45 0.52 0.156676046)
(0.4534074998 0.519707586 0.01837469563)
(0.4312603647 0.5069875653 0.1561892626)
(0.4452136867 0.5194188363 0.01325195821)
(0.4662510391 0.4883422245 0.01352041579)
(0.4301458225 0.4975892664 0.1567734176)
(0.4615389818 0.4836643978 0.1524366142)
(0.4659812801 0.4879750805 0.1560711425)
(0.4686252172 0.4927129372 0.1150421333)
(0.4463786685 0.4803305832 0.1513655486)
(0.453857896 0.4803756111 0.1517078872)
(0.4592944634 0.4822908795 0.01296922841)
(0.4696263023 0.4961518501 0.01408259743)
(0.4645062589 0.486231614 0.1165049041)
(0.4696941408 0.5034843675 0.01355217097)
(0.4696941408 0.5034843675 0.156447829)
(0.4696998439 0.496548022 0.1564793722)
(0.4688827863 0.5065909319 0.03595046647)
(0.4685620661 0.5074464557 0.02431474471)
(0.4685626425 0.5074450187 0.02924081969)
(0.4685935408 0.5073675125 0.04408717396)
(0.4696956662 0.5034757351 0.03601696006)
(0.4477462251 0.4801273933 0.01662754124)
(0.4686840925 0.5071347522 0.02099297264)
(0.4685712112 0.5074236186 0.04907801839)
(0.4685853569 0.4926118671 0.1406322342)
(0.4352054999 0.5134581859 0.01641771077)
(0.4685936215 0.4926326912 0.1510351525)
(0.4326070681 0.4901265042 0.01732430186)
(0.4386345842 0.4835431678 0.01663835749)
(0.4698393876 0.497470435 0.1375189586)
(0.4353401941 0.494440269 0.01)
(0.4650558396 0.5062929513 0.01)
(0.4576666842 0.4861353265 0.01)
(0.4464406783 0.5154403354 0.01)
(0.4460667624 0.4848353581 0.01)
(0.4646598059 0.494440269 0.01)
(0.4350068749 0.5060281214 0.01)
(0.4572375542 0.5141755287 0.01)
(0.4394695914 0.5117033225 0.01)
(0.4395063785 0.4882731647 0.01)
(0.43359608 0.4979575682 0.01)
(0.4380777234 0.4979100229 0.01)
(0.4400094744 0.4931538371 0.01)
(0.4428750942 0.4975472138 0.01)
(0.4450318292 0.4933140018 0.01)
(0.4477134833 0.4971890407 0.01)
(0.4457120079 0.501579716 0.01)
(0.4505151098 0.5011130944 0.01)
(0.4524879215 0.4967208936 0.01)
(0.4553090675 0.5006307893 0.01)
(0.4485374628 0.505514359 0.01)
(0.4571397359 0.496336485 0.01)
(0.4595112476 0.500224647 0.01)
(0.4578036996 0.5044528591 0.01)
(0.4438742577 0.5059078109 0.01)
(0.4542165981 0.4924999114 0.01)
(0.4593447783 0.491592114 0.01)
(0.4463683646 0.5104986375 0.01)
(0.4512519102 0.5091876233 0.01)
(0.4409557044 0.5017475544 0.01)
(0.4496604398 0.4928748609 0.01)
(0.4516371314 0.4884156812 0.01)
(0.4532622494 0.5049732603 0.01)
(0.4564654686 0.5094276464 0.01)
(0.4609836542 0.5078637692 0.01)
(0.4474488216 0.4890118056 0.01)
(0.4502476763 0.4842743277 0.01)
(0.4393343751 0.5063271931 0.01)
(0.435514251 0.5017933488 0.01)
(0.4609487198 0.5121239079 0.01)
(0.4505899661 0.5160752071 0.01)
(0.4542252493 0.5162326943 0.01)
(0.4362263012 0.5093231107 0.01)
(0.4364353423 0.4906620708 0.01)
(0.4665247051 0.5020064625 0.01)
(0.4427679921 0.5137464079 0.01)
(0.4614084845 0.4877098525 0.01)
(0.4636416149 0.4903247462 0.01)
(0.4420404828 0.485569701 0.01)
(0.4665247051 0.4979935375 0.01)
(0.4612206471 0.4963638541 0.01)
(0.4496893628 0.5127120073 0.01)
(0.4431803184 0.4895815904 0.01)
(0.4532432519 0.5129684512 0.01)
(0.4427827109 0.5096761495 0.01)
(0.45402854 0.4848579519 0.01)
(0.462250962 0.5034734482 0.01)
(0.4639335098 0.509767509 0.01)
(0.4632064534 0.5000123899 0.01)
(0.4551169165 0.4888768786 0.01)
(0 0.578185397 0.1264066454)
(0 0.6958410883 0.124647427)
(0 0.8244125168 0.1261905999)
(0 0.8996730793 0.03445226839)
(0 0.3 0.03464101615)
(0 0.3831517977 0.1249153353)
(0 0.4641589117 0.03535257305)
(0 0.2241589117 0.124647427)
(0 0.1003269207 0.1255477316)
(0 0.5355874832 0.03380940009)
(0 0.74 0.03736002549)
(0 0.66 0.03464101615)
(0 0.1755874832 0.03380940009)
(0 0.5 0.1253589838)
(0 0.82 0.03464101615)
(0 0.2955874832 0.1261905999)
(0 0.9 0.1253589838)
(0 0.38 0.03294617147)
(0 0.1 0.03464101615)
(0 0.03181699723 0.05779734845)
(0 0.9616288476 0.06360524715)
(0 0.8599455132 0.03460955819)
(0 0.8799364321 0.06755048667)
(0 0.9192384757 0.06466602871)
(0 0.8417949272 0.06794053686)
(0 0.8 0.0692820323)
(0 0.8606333482 0.1034209652)
(0 0.62 0.03464101615)
(0 0.64 0.06758718763)
(0 0.5955874832 0.06820829557)
(0 0.679132306 0.0686356035)
(0 0.66 0.1039230485)
(0 0.5785291611 0.03262861268)
(0 0.5396975662 0.1255335941)
(0 0.5181349914 0.09179473091)
(0 0.4809936684 0.09162388282)
(0 0.5 0.05607695155)
(0 0.5596218169 0.09054680812)
(0 0.739306848 0.125240391)
(0 0.722524656 0.09447530088)
(0 0.7646741603 0.09206940381)
(0 0.26 0.03464101615)
(0 0.278185397 0.0682343708)
(0 0.3210425399 0.06941020717)
(0 0.2366630387 0.0696187766)
(0 0.2594766469 0.1032961464)
(0 0.42 0.03464101615)
(0 0.3958410883 0.06975146853)
(0 0.44 0.0692820323)
(0 0.42 0.1039230485)
(0 0.1400544868 0.1253904418)
(0 0.1200635679 0.09244951333)
(0 0.1582050728 0.09205946314)
(0 0.08033507328 0.09578804395)
(0 0.1393666518 0.05657903476)
(0 0.18 0.1253589838)
(0 0.3397898802 0.1271184898)
(0 0.36 0.0907179677)
(0 0.4557294358 0.1248672923)
(0 0.9422272429 0.1282068479)
(0 0.2 0.0907179677)
(0 0.2187084203 0.03286369285)
(0 0.3401737566 0.03268505984)
(0 0.03653066081 0.09816241686)
(0 0.6210425399 0.125230809)
(0 0.6980407814 0.03393878473)
(0 0.781814603 0.03404652287)
(0 0.7813989209 0.1273979051)
(0 0.9385430617 0.03200092943)
(0 0.06107911452 0.12836936)
(0 0.05768607337 0.03095232095)
(0 0.9684546796 0.1029426205)
(0 0.7407345731 0.0681507909)
(0 0.6208203436 0.09278017688)
(0 0.8994231822 0.09194715505)
(0 0.2000051986 0.05866164767)
(0 0.26 0.1355280519)
(0 0.3207903265 0.1018354879)
(0 0.42 0.1355280519)
(0 0.359411477 0.05910217494)
(0 0.66 0.1355280519)
(0 0.1006832434 0.06799188231)
(0 0.14 0.02447194809)
(0 0.5 0.02447194809)
(0 0.5598861754 0.05852923362)
(0 0.86 0.1355280519)
(0 0.8000714919 0.1013109134)
(0 0.9707179677 0.1307179677)
(0 0.0292820323 0.1307179677)
(0 0.0292820323 0.0292820323)
(0 0.9707179677 0.0292820323)
(0 0.06604678289 0.06407685338)
(0 0.931828738 0.09612114719)
(0 0.7105278279 0.06483178287)
(0 0.4501678578 0.09578925153)
(0 0.5950515161 0.100634547)
(0 0.2291123822 0.09700393674)
(0 0.2950164787 0.09379336243)
(0 0.3897482215 0.097326955)
(0 0.6918779814 0.09492620197)
(0 0.4685791943 0.06472161381)
(0 0.1746328813 0.06636550267)
(0 0.5346460934 0.06615142486)
(0 0.8253824568 0.09362900954)
(0 0.7654446673 0.06018175507)
(0.2231517977 0 0.1249153353)
(0.1022669829 0 0.03274132241)
(0.3 0 0.1253589838)
(0.38 0 0.1253589838)
(0.46 0 0.1253589838)
(0.18 0 0.03464101615)
(0.1364852091 0 0.1230988757)
(0.26 0 0.03464101615)
(0.42 0 0.03464101615)
(0.34 0 0.03464101615)
(0.5 0 0.03464101615)
(0.5685970573 0 0.1030108303)
(0.03374785218 0 0.09845299462)
(0.46 0 0.03464101615)
(0.44 0 0.06758718763)
(0.4 0 0.06730471351)
(0.42 0 0.1039230485)
(0.48 0 0.06730471351)
(0.5201101191 0 0.06661313289)
(0.5 0 0.1039230485)
(0.5398837098 0 0.03397513079)
(0.3 0 0.03464101615)
(0.28 0 0.06758718763)
(0.2358410883 0 0.06975146853)
(0.26 0 0.1039230485)
(0.32 0 0.06730471351)
(0.36 0 0.06692808136)
(0.34 0 0.1039230485)
(0.03381663229 0 0.06007553186)
(0.06572857706 0 0.07901627697)
(0.06466878714 0 0.1230560457)
(0.1026500909 0 0.09847556602)
(0.38 0 0.03445310531)
(0.1799395011 0 0.1249083577)
(0.1615796251 0 0.09804965267)
(0.1987713757 0 0.09049826031)
(0.1403778305 0 0.03212218096)
(0.219306848 0 0.03302441085)
(0.06324779963 0 0.03759653847)
(0.5632300219 0 0.06363070133)
(0.537315095 0 0.1274407365)
(0.1214014488 0 0.06282045622)
(0.1 0 0.1332050808)
(0.1987838624 0 0.05740562402)
(0.1612640365 0 0.06463914165)
(0.26 0 0.1355280519)
(0.3 0 0.09361939638)
(0.38 0 0.09348757513)
(0.34 0 0.1355280519)
(0.46 0 0.09361939638)
(0.42 0 0.1355280519)
(0.5 0 0.1355280519)
(0.5355107946 0 0.09564633128)
(0.0292820323 0 0.0292820323)
(0.5707179677 0 0.0292820323)
(0.0292820323 0 0.1307179677)
(0.5715101345 0 0.1317464638)
(0.2308876178 0 0.09763707941)
(0.09134374378 0 0.06209602732)
(0.1341278372 0 0.09088287371)
(0.2997193498 0.03736315224 0.16)
(0.03432792632 0.3022328869 0.16)
(0.567176931 0.259765536 0.16)
(0.03137055166 0.5401862333 0.16)
(0.5649730875 0.7402675734 0.16)
(0.3767647583 0.9680390189 0.16)
(0.1811351567 0.8236319103 0.16)
(0.1362885869 0.7632382789 0.16)
(0.03056163506 0.4196339077 0.16)
(0.1689247942 0.834243758 0.16)
(0.1310752058 0.834243758 0.16)
(0.1472956188 0.838910186 0.16)
(0.1585106256 0.8381883758 0.16)
(0.1224750855 0.8278057886 0.16)
(0.1266043224 0.7691644841 0.16)
(0.1181996779 0.7761551431 0.16)
(0.1131907527 0.7864968636 0.16)
(0.1114592052 0.7963787712 0.16)
(0.1117337439 0.8085410203 0.16)
(0.1156108539 0.8188658501 0.16)
(0.03464101615 0.18 0.16)
(0.4232242916 0.03790582361 0.16)
(0.571280747 0.6196118226 0.16)
(0.5647895678 0.3821543043 0.16)
(0.02973681404 0.6601205067 0.16)
(0.2599484835 0.9691136479 0.16)
(0.1778924701 0.03221399221 0.16)
(0.5717888705 0.8662074851 0.16)
(0.1 0.9653589838 0.16)
(0.5667676811 0.138263996 0.16)
(0.177398368 0.966869917 0.16)
(0.4605427792 0.9623864437 0.16)
(0.0372746971 0.09999539979 0.16)
(0.5734734171 0.4605673106 0.16)
(0.5667029548 0.5361151725 0.16)
(0.03376674485 0.8678550172 0.16)
(0.03193694006 0.7395149388 0.16)
(0.4994858952 0.03436958917 0.16)
(0.1000166978 0.03635571238 0.16)
(0.5400553938 0.9661238345 0.16)
(0.0381828628 0.9387813227 0.16)
(0.5615912926 0.06340266429 0.16)
(0.5694743539 0.5062719212 0.16)
(0.5394913365 0.4829601791 0.16)
(0.5395030133 0.5202617446 0.16)
(0.4740464861 0.5033060743 0.16)
(0.5382752603 0.546680375 0.16)
(0.5189503675 0.5350052751 0.16)
(0.5173953057 0.5548318934 0.16)
(0.4697760476 0.5136504201 0.16)
(0.5005512094 0.5424562141 0.16)
(0.5001883919 0.5606905923 0.16)
(0.4872631396 0.5521159409 0.16)
(0.4860697576 0.5667293898 0.16)
(0.4737675096 0.5574967038 0.16)
(0.4731030448 0.57178476 0.16)
(0.4622864446 0.5643306769 0.16)
(0.4610877065 0.5769091644 0.16)
(0.4512812815 0.5694780346 0.16)
(0.4497080067 0.5814338403 0.16)
(0.440359045 0.5743680316 0.16)
(0.1692801493 0.7654734228 0.16)
(0.4390324732 0.5862492728 0.16)
(0.1882018314 0.7918124019 0.16)
(0.1814487818 0.7768014084 0.16)
(0.4296878027 0.5784763214 0.16)
(0.4284188973 0.5909886165 0.16)
(0.4182994887 0.5819106099 0.16)
(0.417207244 0.5947813916 0.16)
(0.4076823217 0.5882119619 0.16)
(0.4063077346 0.6014691301 0.16)
(0.3965205285 0.5926771005 0.16)
(0.3944467966 0.604523137 0.16)
(0.3848340116 0.596893484 0.16)
(0.3829377474 0.6090278401 0.16)
(0.3729809552 0.6015026687 0.16)
(0.3713837879 0.6137194766 0.16)
(0.3614573383 0.6058465727 0.16)
(0.3596024443 0.6182944318 0.16)
(0.3633862018 0.593977698 0.16)
(0.3496474877 0.6103758005 0.16)
(0.347743111 0.6229828273 0.16)
(0.3377288366 0.6150976505 0.16)
(0.3358266743 0.6278589617 0.16)
(0.3458369583 0.6358176984 0.16)
(0.3339525393 0.6405040314 0.16)
(0.3237513458 0.6331772022 0.16)
(0.3222020585 0.645385326 0.16)
(0.3921481641 0.6156369497 0.16)
(0.3320400996 0.6530030305 0.16)
(0.3202812092 0.6577082391 0.16)
(0.3106097398 0.6499695321 0.16)
(0.3085078488 0.6620576212 0.16)
(0.2990163821 0.654208187 0.16)
(0.296788211 0.6663242618 0.16)
(0.2874339872 0.658345736 0.16)
(0.1535027158 0.7610413713 0.16)
(0.2851021306 0.6704540682 0.16)
(0.275564619 0.661538035 0.16)
(0.2789311953 0.6474596225 0.16)
(0.3060821893 0.6740839196 0.16)
(0.2735381487 0.674381122 0.16)
(0.2638735877 0.6652699767 0.16)
(0.2617629036 0.6784646991 0.16)
(0.2521891474 0.6700670317 0.16)
(0.2504425836 0.6821382008 0.16)
(0.259464241 0.6903358495 0.16)
(0.2403751135 0.6740854888 0.16)
(0.2469859534 0.6935506231 0.16)
(0.2570223513 0.7016658238 0.16)
(0.2467449655 0.705708147 0.16)
(0.2550823026 0.7123978608 0.16)
(0.427096739 0.603969087 0.16)
(0.3984680612 0.5806753254 0.16)
(0.2452538488 0.7162552671 0.16)
(0.2533767102 0.7227594757 0.16)
(0.1881000166 0.8083365866 0.16)
(0.2373593996 0.7102781125 0.16)
(0.2436760457 0.7266945432 0.16)
(0.2518185373 0.7331235724 0.16)
(0.2621814375 0.7293249092 0.16)
(0.2604521974 0.7403619889 0.16)
(0.2717845239 0.7364760165 0.16)
(0.2698424812 0.749035054 0.16)
(0.2829832608 0.7445363653 0.16)
(0.2805787414 0.7586638593 0.16)
(0.295698016 0.7531310321 0.16)
(0.4596374037 0.5886953913 0.16)
(0.2926568626 0.7693265089 0.16)
(0.3093630696 0.7631678798 0.16)
(0.242405389 0.6609773791 0.16)
(0.2292288637 0.666285992 0.16)
(0.2317605514 0.650783164 0.16)
(0.2419455161 0.7367767378 0.16)
(0.216372201 0.6571974591 0.16)
(0.2195722644 0.6398454159 0.16)
(0.3059916444 0.7812338297 0.16)
(0.3235522564 0.774852958 0.16)
(0.2899393568 0.7858386281 0.16)
(0.2031961108 0.6462331659 0.16)
(0.2061061022 0.628521967 0.16)
(0.200348466 0.6636864141 0.16)
(0.3026600555 0.7992703861 0.16)
(0.2834710525 0.8031041771 0.16)
(0.2233261814 0.6224471018 0.16)
(0.2094644339 0.6103503858 0.16)
(0.2271299457 0.6044886426 0.16)
(0.2131081903 0.5918250706 0.16)
(0.2312289411 0.5857801431 0.16)
(0.2167222272 0.5729241385 0.16)
(0.2350416102 0.5665796085 0.16)
(0.2204968946 0.5538503363 0.16)
(0.2388911253 0.547466735 0.16)
(0.2244140398 0.5347613059 0.16)
(0.2427059851 0.5287238483 0.16)
(0.2281711573 0.5156880296 0.16)
(0.2462836373 0.509415905 0.16)
(0.2319586631 0.4965066808 0.16)
(0.2502213642 0.4900071968 0.16)
(0.2360119015 0.4773254217 0.16)
(0.2548468119 0.4707464943 0.16)
(0.2396217298 0.4574714557 0.16)
(0.2594794274 0.4506937513 0.16)
(0.2676849707 0.4840990611 0.16)
(0.2435625772 0.4368675429 0.16)
(0.2640906216 0.4299216573 0.16)
(0.2480745883 0.4147751184 0.16)
(0.2689377056 0.4078218234 0.16)
(0.2517847284 0.3915670389 0.16)
(0.2748123238 0.383951645 0.16)
(0.2562922992 0.3665324652 0.16)
(0.2808758417 0.3583819901 0.16)
(0.30075969 0.377644338 0.16)
(0.3057794521 0.3503529525 0.16)
(0.2613929489 0.3399682998 0.16)
(0.3259539969 0.3704360764 0.16)
(0.3318379486 0.3424381955 0.16)
(0.351261395 0.3604868157 0.16)
(0.3473961452 0.3856922809 0.16)
(0.3685726568 0.3779543161 0.16)
(0.3582366491 0.3334640244 0.16)
(0.3368724095 0.3141349134 0.16)
(0.3640745526 0.3996946913 0.16)
(0.3837126349 0.3939353581 0.16)
(0.3651246524 0.3051685086 0.16)
(0.3431157706 0.2846056914 0.16)
(0.1921844587 0.6169361053 0.16)
(0.2131188263 0.5026919437 0.16)
(0.2567236361 0.5414988849 0.16)
(0.2314399255 0.3757007509 0.16)
(0.3724701777 0.2754371232 0.16)
(0.2240586448 0.4446472464 0.16)
(0.3785725961 0.4132235582 0.16)
(0.3989300393 0.40949534 0.16)
(0.4022831451 0.3896107911 0.16)
(0.4166186095 0.4026906935 0.16)
(0.4215309701 0.3843999947 0.16)
(0.4359942824 0.3991022185 0.16)
(0.4614336437 0.4786527539 0.16)
(0.4495540894 0.4760140945 0.16)
(0.2988912569 0.8169568782 0.16)
(0.2810215934 0.8224628871 0.16)
(0.4446179011 0.5236914636 0.16)
(0.3496575601 0.2541020978 0.16)
(0.3258914206 0.7559282672 0.16)
(0.3415133036 0.7678075494 0.16)
(0.3443262757 0.7481129344 0.16)
(0.3609273924 0.7604745112 0.16)
(0.3579151724 0.7816339631 0.16)
(0.3614630206 0.7381434631 0.16)
(0.3788541829 0.7739198752 0.16)
(0.3798292977 0.2449123383 0.16)
(0.2016963534 0.5597865008 0.16)
(0.2955485222 0.8368212404 0.16)
(0.3609253719 0.4188517432 0.16)
(0.3740370122 0.4303730538 0.16)
(0.4418256049 0.3787932667 0.16)
(0.3753336175 0.7976786207 0.16)
(0.398911138 0.7881890035 0.16)
(0.4316946143 0.5661920178 0.16)
(0.3581088547 0.4357367525 0.16)
(0.3718535701 0.4472009926 0.16)
(0.4337572889 0.4816657692 0.16)
(0.3553098374 0.4514498295 0.16)
(0.3664007998 0.4613247444 0.16)
(0.3527487617 0.465704654 0.16)
(0.3631673706 0.474680243 0.16)
(0.4271714846 0.5082475759 0.16)
(0.4258027926 0.4975154684 0.16)
(0.3503404035 0.4791515449 0.16)
(0.360475916 0.4877295253 0.16)
(0.3479211588 0.4924164918 0.16)
(0.3579030851 0.5010784074 0.16)
(0.3451057194 0.5057059774 0.16)
(0.3552329189 0.5145513739 0.16)
(0.3422202587 0.519189 0.16)
(0.3863836401 0.4411304386 0.16)
(0.2671592594 0.8116343699 0.16)
(0.264227213 0.8277373951 0.16)
(0.3695003231 0.5099807005 0.16)
(0.3564032704 0.2228698404 0.16)
(0.3254453339 0.2332207989 0.16)
(0.3883677708 0.2135468232 0.16)
(0.3750695961 0.4707606511 0.16)
(0.3653829532 0.5227606449 0.16)
(0.3774835284 0.5196778826 0.16)
(0.3955506847 0.8136262949 0.16)
(0.2522310459 0.8179196401 0.16)
(0.2491373406 0.8330783484 0.16)
(0.4554357683 0.5236562052 0.16)
(0.4016415069 0.266530259 0.16)
(0.4207163132 0.8037277555 0.16)
(0.4222335798 0.778484935 0.16)
(0.2829762206 0.6830354442 0.16)
(0.3324063191 0.2006278409 0.16)
(0.3004701135 0.2114707214 0.16)
(0.339735689 0.4712494382 0.16)
(0.2492218364 0.5789259539 0.16)
(0.2980993966 0.7374347564 0.16)
(0.3304311532 0.6659966698 0.16)
(0.3691385157 0.6257660488 0.16)
(0.2342014697 0.7305883578 0.16)
(0.2324897805 0.7402278856 0.16)
(0.2251056975 0.734193914 0.16)
(0.2234283698 0.7436821233 0.16)
(0.2163502755 0.7376321101 0.16)
(0.2306804026 0.7495193859 0.16)
(0.2217586828 0.7530682894 0.16)
(0.2289381112 0.7587585654 0.16)
(0.2202251283 0.7620969435 0.16)
(0.2273246424 0.7679265301 0.16)
(0.2189309544 0.7711838013 0.16)
(0.2124892415 0.7648374199 0.16)
(0.3744077533 0.5300645185 0.16)
(0.3856512332 0.5265599463 0.16)
(0.4342367754 0.5186380974 0.16)
(0.3881422864 0.516825018 0.16)
(0.397207771 0.5230256353 0.16)
(0.2379927271 0.8235439608 0.16)
(0.2353828922 0.837355066 0.16)
(0.2456259747 0.8481925811 0.16)
(0.2289620898 0.8510612392 0.16)
(0.2178884931 0.7283392286 0.16)
(0.2091583872 0.7318380526 0.16)
(0.2105015787 0.7224677386 0.16)
(0.2016079304 0.7260316778 0.16)
(0.200326801 0.7352304078 0.16)
(0.193059942 0.7296512909 0.16)
(0.1940054969 0.7201361727 0.16)
(0.1850941477 0.724077933 0.16)
(0.1859303547 0.7139999231 0.16)
(0.1762523274 0.7181567883 0.16)
(0.1772296939 0.7070093375 0.16)
(0.1661597417 0.7121381005 0.16)
(0.1675115035 0.6993039619 0.16)
(0.1548245345 0.7052726912 0.16)
(0.1565614943 0.6904822347 0.16)
(0.1429492025 0.6966386929 0.16)
(0.1441644034 0.6803901226 0.16)
(0.1918692813 0.7387519011 0.16)
(0.1415312545 0.7121095467 0.16)
(0.1293539919 0.7035674021 0.16)
(0.1764768709 0.7290020887 0.16)
(0.4570746612 0.3948407362 0.16)
(0.4638865201 0.3726195012 0.16)
(0.4293359019 0.4170416665 0.16)
(0.4464921652 0.7927954023 0.16)
(0.3940498175 0.5331026674 0.16)
(0.445623377 0.8196742955 0.16)
(0.4036734566 0.5302979743 0.16)
(0.4447398128 0.762179915 0.16)
(0.2423159477 0.8644607299 0.16)
(0.2255406239 0.869056124 0.16)
(0.3319848807 0.509483998 0.16)
(0.3288854698 0.5239149708 0.16)
(0.3398761065 0.5333148421 0.16)
(0.3261823597 0.5384449609 0.16)
(0.2258395979 0.7775059454 0.16)
(0.1277998876 0.7214550319 0.16)
(0.4016619897 0.5393014519 0.16)
(0.4107161742 0.5360866263 0.16)
(0.217364206 0.7804609996 0.16)
(0.4978231803 0.5762591047 0.16)
(0.397876733 0.5129727214 0.16)
(0.2353316234 0.7747890585 0.16)
(0.307728393 0.1780179561 0.16)
(0.2755795169 0.1884516547 0.16)
(0.2688068911 0.2217641603 0.16)
(0.2433091582 0.1990698473 0.16)
(0.2362434966 0.2333443479 0.16)
(0.2108737514 0.2098479699 0.16)
(0.203636273 0.2437577793 0.16)
(0.3400419983 0.1679031697 0.16)
(0.3924221036 0.5429860409 0.16)
(0.3433648595 0.4415070309 0.16)
(0.1781417473 0.2204877218 0.16)
(0.1708857025 0.2547371344 0.16)
(0.1856769008 0.1859356804 0.16)
(0.2507281349 0.1657955901 0.16)
(0.1138973994 0.7103588053 0.16)
(0.1132499446 0.7249955702 0.16)
(0.1956085711 0.7098564253 0.16)
(0.3429399138 0.6611463145 0.16)
(0.3411695562 0.6751806121 0.16)
(0.3547867251 0.6699870554 0.16)
(0.3394143142 0.6020036357 0.16)
(0.326957903 0.607036033 0.16)
(0.3288013606 0.5933781395 0.16)
(0.3157286352 0.5988035828 0.16)
(0.2248625648 0.8278706021 0.16)
(0.2130178901 0.8574322275 0.16)
(0.2089998481 0.8734827567 0.16)
(0.4524522683 0.5573533551 0.16)
(0.3148985024 0.5287624263 0.16)
(0.3120753437 0.5438189836 0.16)
(0.3018992217 0.6439469793 0.16)
(0.3891812472 0.5067498479 0.16)
(0.3997034169 0.5038437454 0.16)
(0.2733468923 0.72223619 0.16)
(0.2221755149 0.8870925563 0.16)
(0.4472107041 0.3555893463 0.16)
(0.4714497989 0.3485834325 0.16)
(0.3369237146 0.5482078754 0.16)
(0.2230162921 0.7861217859 0.16)
(0.215166733 0.7891400955 0.16)
(0.3705542194 0.8230859795 0.16)
(0.3920228268 0.8399690639 0.16)
(0.3655776191 0.8499070502 0.16)
(0.1979112534 0.8618801117 0.16)
(0.1932721598 0.8773097739 0.16)
(0.1822184565 0.8642395818 0.16)
(0.1778680437 0.8807791198 0.16)
(0.1664936942 0.8682247694 0.16)
(0.162804427 0.8847134532 0.16)
(0.1517490833 0.8733637587 0.16)
(0.1472370678 0.8891909407 0.16)
(0.1358306437 0.877022029 0.16)
(0.1886896678 0.895264937 0.16)
(0.1304593257 0.8942468211 0.16)
(0.117374105 0.8811722542 0.16)
(0.1409973077 0.7277282753 0.16)
(0.1450612508 0.231249005 0.16)
(0.4732545846 0.7813283624 0.16)
(0.4794287703 0.3899860898 0.16)
(0.4705448007 0.4132098285 0.16)
(0.4940272826 0.4073283179 0.16)
(0.4861414285 0.4269193474 0.16)
(0.4693268772 0.4861571855 0.16)
(0.4689579071 0.4322964485 0.16)
(0.4802726285 0.4426148941 0.16)
(0.1874170865 0.6527910707 0.16)
(0.3881748742 0.8677510874 0.16)
(0.3607159769 0.8777571239 0.16)
(0.4090006675 0.5453740451 0.16)
(0.4180845606 0.5421208029 0.16)
(0.1382130636 0.2653122421 0.16)
(0.1637675028 0.2884449633 0.16)
(0.1317061782 0.2989325993 0.16)
(0.1570352238 0.3213254166 0.16)
(0.125613887 0.3318933647 0.16)
(0.1502587869 0.3534340739 0.16)
(0.1156003272 0.6885028127 0.16)
(0.2823806104 0.4475753694 0.16)
(0.2084590817 0.7824937472 0.16)
(0.2387889574 0.6171767692 0.16)
(0.4762397527 0.7513796355 0.16)
(0.4520056774 0.7329386407 0.16)
(0.4789735503 0.7221152212 0.16)
(0.4560530802 0.7055625136 0.16)
(0.4810787076 0.6946167062 0.16)
(0.4588567866 0.6757786817 0.16)
(0.4835851255 0.6669162216 0.16)
(0.4371640359 0.6895042159 0.16)
(0.4380723058 0.666278082 0.16)
(0.4195231541 0.6757201441 0.16)
(0.4159293056 0.6982594066 0.16)
(0.2060123766 0.7919758673 0.16)
(0.2130863251 0.7977147913 0.16)
(0.4123958282 0.5277608869 0.16)
(0.3527707906 0.685239832 0.16)
(0.33807479 0.6902415976 0.16)
(0.09668059893 0.6993827459 0.16)
(0.501972564 0.5237795445 0.16)
(0.4975872908 0.4400659484 0.16)
(0.4887337027 0.4594391626 0.16)
(0.09699615782 0.6773023836 0.16)
(0.3931236675 0.4974356729 0.16)
(0.401564397 0.4948303785 0.16)
(0.1592966334 0.901484726 0.16)
(0.3149480306 0.1443153899 0.16)
(0.3486158019 0.1340759302 0.16)
(0.4766110789 0.5446078077 0.16)
(0.4648103595 0.4470974232 0.16)
(0.2282291925 0.6824537366 0.16)
(0.1988813991 0.743776595 0.16)
(0.1912923594 0.74717856 0.16)
(0.1996339974 0.8477668272 0.16)
(0.1194118749 0.3640279834 0.16)
(0.1435239102 0.3851622841 0.16)
(0.3119294769 0.2918750791 0.16)
(0.5052074115 0.6829435185 0.16)
(0.111504256 0.8997870756 0.16)
(0.239844154 0.7570593878 0.16)
(0.4220421909 0.6546667933 0.16)
(0.438117051 0.6464003808 0.16)
(0.4042829213 0.6632814568 0.16)
(0.4528261058 0.3300052461 0.16)
(0.4794450583 0.322457866 0.16)
(0.3177060982 0.5845725385 0.16)
(0.3042365117 0.589917779 0.16)
(0.3024425229 0.6045403728 0.16)
(0.1114334611 0.2420621496 0.16)
(0.1186683812 0.2069542019 0.16)
(0.2904959711 0.5955154261 0.16)
(0.2933966407 0.5797051903 0.16)
(0.2885383167 0.6105465853 0.16)
(0.4071793096 0.3691504525 0.16)
(0.3008752068 0.5332651024 0.16)
(0.3033684818 0.51836187 0.16)
(0.3956575893 0.4886687878 0.16)
(0.4037824783 0.4860127462 0.16)
(0.3980193229 0.4798793574 0.16)
(0.4061118713 0.4777527217 0.16)
(0.3999564354 0.4709392183 0.16)
(0.4097744699 0.4692973148 0.16)
(0.4116930792 0.4841074445 0.16)
(0.4090940019 0.5009834448 0.16)
(0.2540749304 0.8029387627 0.16)
(0.2051018698 0.8005372857 0.16)
(0.2654725779 0.7635102805 0.16)
(0.09708352934 0.8843484277 0.16)
(0.1077526806 0.8667267394 0.16)
(0.2277642641 0.2680702001 0.16)
(0.1141909557 0.3957499393 0.16)
(0.1370266452 0.4162883906 0.16)
(0.108220813 0.4267340129 0.16)
(0.1306504093 0.4469845844 0.16)
(0.1010591519 0.4572657043 0.16)
(0.1245471879 0.4769343753 0.16)
(0.1528833452 0.4662257761 0.16)
(0.1470700027 0.4955189885 0.16)
(0.1196881812 0.5061955499 0.16)
(0.1417218527 0.5242365261 0.16)
(0.1148967308 0.5345895533 0.16)
(0.1366916495 0.5524750313 0.16)
(0.1104740589 0.5627097266 0.16)
(0.1318139888 0.580225696 0.16)
(0.1060025719 0.5904213359 0.16)
(0.1267668782 0.6070894764 0.16)
(0.102560764 0.6158725631 0.16)
(0.1659218194 0.406215468 0.16)
(0.4986002724 0.3428236848 0.16)
(0.1967165577 0.7518241594 0.16)
(0.1899747883 0.7546389891 0.16)
(0.1842602301 0.7503673252 0.16)
(0.1829390449 0.7576588525 0.16)
(0.1888587608 0.7616056462 0.16)
(0.1781937437 0.7526845755 0.16)
(0.2112774265 0.8060870154 0.16)
(0.2204572288 0.8030600324 0.16)
(0.3685614651 0.6786274816 0.16)
(0.3683490054 0.6633067718 0.16)
(0.1263769898 0.9146380739 0.16)
(0.1796446706 0.6948177209 0.16)
(0.2596932113 0.8596877218 0.16)
(0.2557996159 0.8787423977 0.16)
(0.2761687438 0.8723799946 0.16)
(0.2708959998 0.8947316238 0.16)
(0.2945181215 0.8860526153 0.16)
(0.5074703144 0.3153538779 0.16)
(0.4867105046 0.29393451 0.16)
(0.365498052 0.6958844171 0.16)
(0.08055175014 0.6002914201 0.16)
(0.2688678832 0.6992336871 0.16)
(0.5067413013 0.6561877706 0.16)
(0.4859427222 0.6416099353 0.16)
(0.5074415705 0.6305569208 0.16)
(0.09105917451 0.3771144529 0.16)
(0.3334130683 0.5785456127 0.16)
(0.2886890385 0.9131701228 0.16)
(0.3165236338 0.8110102986 0.16)
(0.2884098192 0.5236109677 0.16)
(0.1234320864 0.6299567079 0.16)
(0.4020932603 0.4614679048 0.16)
(0.4118738849 0.4588598791 0.16)
(0.4195673896 0.4667083341 0.16)
(0.4216297677 0.4563327364 0.16)
(0.4271709564 0.4634537125 0.16)
(0.4306532851 0.45689362 0.16)
(0.4144336173 0.4484123683 0.16)
(0.454254421 0.4372135674 0.16)
(0.4382763787 0.4605992449 0.16)
(0.1881803732 0.3108202438 0.16)
(0.3877865368 0.4896357404 0.16)
(0.2018389884 0.8086131269 0.16)
(0.5332653998 0.5702644043 0.16)
(0.3285121161 0.7363975281 0.16)
(0.1832719707 0.7642320612 0.16)
(0.1880742036 0.7676867658 0.16)
(0.1940047693 0.7655785678 0.16)
(0.1929103327 0.7720882419 0.16)
(0.2763605205 0.6012463101 0.16)
(0.2743402247 0.6166957203 0.16)
(0.2013399316 0.7862526877 0.16)
(0.4231735184 0.6367614675 0.16)
(0.4387086009 0.6290087277 0.16)
(0.178638109 0.7461452338 0.16)
(0.1718763446 0.7500180913 0.16)
(0.1714572083 0.8572691527 0.16)
(0.3502147827 0.541960388 0.16)
(0.3478696992 0.5564413558 0.16)
(0.3620238383 0.5491836755 0.16)
(0.3585593169 0.5640100593 0.16)
(0.3706270513 0.5595061502 0.16)
(0.4163731056 0.5515309082 0.16)
(0.4252983073 0.5484859458 0.16)
(0.4277960318 0.5381245632 0.16)
(0.4070803162 0.5551255069 0.16)
(0.4339935014 0.5445507437 0.16)
(0.2483092399 0.6455331995 0.16)
(0.4351541316 0.5381290167 0.16)
(0.4412142425 0.540705012 0.16)
(0.4273337674 0.531479718 0.16)
(0.3847127118 0.898963745 0.16)
(0.4114599423 0.8860218807 0.16)
(0.3571116821 0.9089779873 0.16)
(0.502389488 0.7697432931 0.16)
(0.4992340689 0.8012550633 0.16)
(0.1411660915 0.8623335732 0.16)
(0.08868932756 0.9077252056 0.16)
(0.3218123971 0.1077153036 0.16)
(0.3559103119 0.09662345439 0.16)
(0.3831096319 0.1235641437 0.16)
(0.5083649902 0.4549450734 0.16)
(0.5021775103 0.471188443 0.16)
(0.5163841672 0.4361873392 0.16)
(0.2971065646 0.5495461217 0.16)
(0.14548903 0.6238411917 0.16)
(0.2091856833 0.8144761113 0.16)
(0.2011880529 0.8164196394 0.16)
(0.486973882 0.6189388171 0.16)
(0.2061359848 0.8226894037 0.16)
(0.1989423471 0.8266625283 0.16)
(0.1930055814 0.8203977 0.16)
(0.5311037032 0.6708339771 0.16)
(0.2050961505 0.7502140547 0.16)
(0.2886320324 0.1203809337 0.16)
(0.4853993322 0.4715699285 0.16)
(0.4977564665 0.4826575776 0.16)
(0.07695208038 0.6880561356 0.16)
(0.2193767752 0.7186191662 0.16)
(0.08636419711 0.8667971589 0.16)
(0.09017185188 0.8467198534 0.16)
(0.3408725968 0.8594006159 0.16)
(0.09209512692 0.5163203457 0.16)
(0.3844287224 0.3254160759 0.16)
(0.167523625 0.514232945 0.16)
(0.1102029565 0.844843835 0.16)
(0.0958043259 0.8333144001 0.16)
(0.08049635146 0.8355278057 0.16)
(0.08780270132 0.8221389457 0.16)
(0.07234166931 0.8223140157 0.16)
(0.07803856643 0.8087354769 0.16)
(0.06109149733 0.8078309562 0.16)
(0.07311305261 0.7906286254 0.16)
(0.08864434457 0.7900909316 0.16)
(0.07877194953 0.7753263265 0.16)
(0.09384105205 0.7750564402 0.16)
(0.09078660132 0.7635020643 0.16)
(0.1011203412 0.7625355447 0.16)
(0.09541777543 0.8037484573 0.16)
(0.1982301711 0.8021440967 0.16)
(0.4350587138 0.469169446 0.16)
(0.1991248921 0.7697693492 0.16)
(0.156499383 0.5696361095 0.16)
(0.2913614921 0.5076303291 0.16)
(0.3068579987 0.5024473331 0.16)
(0.5297200529 0.7891018682 0.16)
(0.1587063489 0.6751534173 0.16)
(0.07916665211 0.6652031787 0.16)
(0.5335727973 0.3362812253 0.16)
(0.5170978295 0.3648331588 0.16)
(0.07592476729 0.7122224582 0.16)
(0.05524012091 0.6994332949 0.16)
(0.3198714157 0.5703993474 0.16)
(0.09944888434 0.3098469634 0.16)
(0.4360562491 0.5289341337 0.16)
(0.4103840774 0.9129768864 0.16)
(0.4376689565 0.905892381 0.16)
(0.4829600276 0.4845682369 0.16)
(0.1453615666 0.6630215535 0.16)
(0.3830512719 0.6896341136 0.16)
(0.3789810468 0.7072063698 0.16)
(0.1101032207 0.8328744119 0.16)
(0.1008684451 0.7860879195 0.16)
(0.4145032657 0.5615363916 0.16)
(0.10156443 0.8203386295 0.16)
(0.1062115667 0.7731315008 0.16)
(0.5056888292 0.6055149939 0.16)
(0.2949282442 0.4915854555 0.16)
(0.3102403786 0.4863182379 0.16)
(0.2980835161 0.4753355171 0.16)
(0.31359292 0.4692200251 0.16)
(0.1997706366 0.762626361 0.16)
(0.09672637634 0.7501151118 0.16)
(0.3683145859 0.5719917103 0.16)
(0.3790613309 0.5675094304 0.16)
(0.2119787861 0.712284212 0.16)
(0.1726719134 0.7422207729 0.16)
(0.1659772645 0.745436196 0.16)
(0.1650597656 0.7521804571 0.16)
(0.1599094001 0.7484875834 0.16)
(0.1596922844 0.7412327216 0.16)
(0.1529786023 0.7453625021 0.16)
(0.1599291878 0.7544649739 0.16)
(0.1640443331 0.7578051568 0.16)
(0.07605773728 0.7519261654 0.16)
(0.1960581867 0.8093818284 0.16)
(0.08503191683 0.2183907345 0.16)
(0.09328868524 0.1822508489 0.16)
(0.1270822734 0.1705412823 0.16)
(0.1001705543 0.1452243715 0.16)
(0.1355301616 0.1337492255 0.16)
(0.1075034155 0.1079099867 0.16)
(0.1443734612 0.09738182816 0.16)
(0.1720862467 0.122116048 0.16)
(0.04817732352 0.7911495383 0.16)
(0.07628354172 0.2530589947 0.16)
(0.5375225655 0.3071648915 0.16)
(0.2209475679 0.7081247361 0.16)
(0.2126923205 0.7012296774 0.16)
(0.4428687255 0.874119478 0.16)
(0.4696180723 0.893827707 0.16)
(0.4771200027 0.8595902537 0.16)
(0.5037888589 0.8819040606 0.16)
(0.4969390325 0.913699911 0.16)
(0.1201703715 0.8582803758 0.16)
(0.1219131085 0.8443487892 0.16)
(0.3003059415 0.6188544217 0.16)
(0.2636576396 0.9194073133 0.16)
(0.1864826986 0.669043157 0.16)
(0.1987334305 0.6812111399 0.16)
(0.1693017039 0.7565736962 0.16)
(0.3909890571 0.462462623 0.16)
(0.1998209987 0.7963191362 0.16)
(0.1942320436 0.7982548 0.16)
(0.391520247 0.08885007404 0.16)
(0.4182778011 0.1136408302 0.16)
(0.4100889097 0.1488424079 0.16)
(0.4449546089 0.138954386 0.16)
(0.4369257908 0.1742358761 0.16)
(0.4712771899 0.1644362069 0.16)
(0.4631222937 0.199592526 0.16)
(0.4803133883 0.1286084004 0.16)
(0.4974320734 0.1894393594 0.16)
(0.4889526205 0.2241636708 0.16)
(0.5207004497 0.2139655648 0.16)
(0.4492615022 0.235956503 0.16)
(0.5154596768 0.2505333272 0.16)
(0.3673094788 0.06195202746 0.16)
(0.2756149759 0.5130039475 0.16)
(0.5312741436 0.9023139752 0.16)
(0.1953695733 0.7927340619 0.16)
(0.5319225651 0.6956231921 0.16)
(0.188448534 0.8523805796 0.16)
(0.1978928678 0.7762036472 0.16)
(0.1921679611 0.778286758 0.16)
(0.2043551616 0.7744464724 0.16)
(0.4507913416 0.4495929789 0.16)
(0.4590911809 0.4577231017 0.16)
(0.4607696591 0.5213242822 0.16)
(0.4598972287 0.5264627823 0.16)
(0.4647678345 0.5243883578 0.16)
(0.4553960413 0.5286995101 0.16)
(0.4594284015 0.5314110907 0.16)
(0.4548378691 0.5334074414 0.16)
(0.4597646116 0.5371150581 0.16)
(0.451344945 0.5305444174 0.16)
(0.4534362725 0.5387860175 0.16)
(0.4587324358 0.543186744 0.16)
(0.4649562211 0.534626597 0.16)
(0.4394054545 0.5213610363 0.16)
(0.4298146101 0.513968357 0.16)
(0.4246794467 0.5130091839 0.16)
(0.422119547 0.5088151053 0.16)
(0.4199911305 0.5130633509 0.16)
(0.4223080582 0.5163521496 0.16)
(0.4174126285 0.5088123376 0.16)
(0.4194567926 0.5047168396 0.16)
(0.4153013034 0.5136504267 0.16)
(0.4740974077 0.4978242698 0.16)
(0.478299501 0.5001328751 0.16)
(0.4787557647 0.5051321191 0.16)
(0.4827082794 0.5023520662 0.16)
(0.4824081169 0.4973175658 0.16)
(0.4872595645 0.4999058844 0.16)
(0.4829666287 0.5073329572 0.16)
(0.4869567416 0.4943382532 0.16)
(0.4932314586 0.4967418186 0.16)
(0.4790603843 0.5100781673 0.16)
(0.4823729379 0.5118964961 0.16)
(0.4875065476 0.510338768 0.16)
(0.4789260949 0.5151099319 0.16)
(0.483601111 0.517071653 0.16)
(0.4789821255 0.5206903418 0.16)
(0.4846929069 0.5225268112 0.16)
(0.4790949371 0.5273170848 0.16)
(0.4660883228 0.4816736501 0.16)
(0.4654936505 0.476159246 0.16)
(0.4697448724 0.4783093707 0.16)
(0.469542507 0.4732968163 0.16)
(0.4614227223 0.4735643085 0.16)
(0.4765754816 0.4616770429 0.16)
(0.4304813873 0.4861375579 0.16)
(0.4289035134 0.4813101438 0.16)
(0.4258367848 0.4852702863 0.16)
(0.4241141705 0.4801499474 0.16)
(0.4272620541 0.4765266875 0.16)
(0.4440744339 0.4762237357 0.16)
(0.4466027202 0.4720208835 0.16)
(0.4515358029 0.4713443891 0.16)
(0.4483571956 0.4673532242 0.16)
(0.4436550811 0.4683904284 0.16)
(0.4384822655 0.478073023 0.16)
(0.4722483701 0.4902247177 0.16)
(0.4744587173 0.4855762225 0.16)
(0.4774479527 0.4900471687 0.16)
(0.5099676224 0.4834461792 0.16)
(0.4739507867 0.5243334718 0.16)
(0.4736436235 0.5302966419 0.16)
(0.3566823157 0.5757559357 0.16)
(0.4273083018 0.4910046743 0.16)
(0.4224619027 0.4932720512 0.16)
(0.4659346323 0.5179864817 0.16)
(0.4426777145 0.4395416322 0.16)
(0.1938687271 0.8392640048 0.16)
(0.18274918 0.8417453731 0.16)
(0.5260717034 0.4517788146 0.16)
(0.5372582216 0.4324398071 0.16)
(0.4739705617 0.4756348443 0.16)
(0.4405290526 0.5491601826 0.16)
(0.1829934139 0.7694458145 0.16)
(0.1786129222 0.7667930968 0.16)
(0.4285905275 0.3377160362 0.16)
(0.4353858873 0.311368255 0.16)
(0.5253227479 0.8208057989 0.16)
(0.187366894 0.7724100627 0.16)
(0.05267464179 0.8266942361 0.16)
(0.4052386277 0.565136633 0.16)
(0.3973903824 0.5585743216 0.16)
(0.5169559592 0.5166414775 0.16)
(0.26199885 0.6071776077 0.16)
(0.4532133806 0.4665637478 0.16)
(0.1282912192 0.6733930937 0.16)
(0.2053974761 0.8319565087 0.16)
(0.3747415645 0.5477402128 0.16)
(0.487183403 0.5405195292 0.16)
(0.1535459912 0.7376537704 0.16)
(0.1447515895 0.7408758973 0.16)
(0.1444305863 0.7482129378 0.16)
(0.1389998985 0.7462535841 0.16)
(0.1383566958 0.752642358 0.16)
(0.132897183 0.7494357112 0.16)
(0.1437359681 0.7552465407 0.16)
(0.1317677868 0.7417289264 0.16)
(0.1250528552 0.7476482526 0.16)
(0.1257838015 0.7536815893 0.16)
(0.120443311 0.7542170134 0.16)
(0.1211653403 0.760123509 0.16)
(0.1596320494 0.7312326549 0.16)
(0.1271178806 0.7609035687 0.16)
(0.151870774 0.7521961939 0.16)
(0.1146212059 0.75781975 0.16)
(0.1164269301 0.763577946 0.16)
(0.1128842248 0.7488360015 0.16)
(0.4688135743 0.6297860975 0.16)
(0.3771181088 0.578849862 0.16)
(0.4339893143 0.4768045173 0.16)
(0.428669099 0.5195253763 0.16)
(0.4320690779 0.5226286467 0.16)
(0.4278986592 0.5236374284 0.16)
(0.1555115303 0.8600826942 0.16)
(0.1456187773 0.8510610692 0.16)
(0.1590279849 0.7593529312 0.16)
(0.2955910216 0.08435292735 0.16)
(0.2574858259 0.09084403067 0.16)
(0.1206608932 0.7650405819 0.16)
(0.118220024 0.7687566636 0.16)
(0.112756942 0.7674935223 0.16)
(0.3603457048 0.7159757091 0.16)
(0.443178178 0.5339872389 0.16)
(0.0761548615 0.6282175025 0.16)
(0.05344527413 0.6109933639 0.16)
(0.1932219386 0.8028808254 0.16)
(0.179560739 0.7388669533 0.16)
(0.300977954 0.4585039685 0.16)
(0.3165702356 0.4520265035 0.16)
(0.3022700494 0.4398238365 0.16)
(0.3194500266 0.434875952 0.16)
(0.306052618 0.4206099615 0.16)
(0.3273308627 0.4170972031 0.16)
(0.1813391986 0.08728148706 0.16)
(0.2061337611 0.1142502814 0.16)
(0.2186136887 0.077463514 0.16)
(0.3130679936 0.9015919559 0.16)
(0.3080262349 0.9353152064 0.16)
(0.4400055981 0.473646928 0.16)
(0.5235783102 0.4147401791 0.16)
(0.4209761352 0.4972246183 0.16)
(0.4176951736 0.49429593 0.16)
(0.4165640967 0.499549117 0.16)
(0.4191894231 0.4894829082 0.16)
(0.4736625404 0.5182001338 0.16)
(0.2125129794 0.8420840689 0.16)
(0.3790467374 0.4602092772 0.16)
(0.2604583754 0.6229549876 0.16)
(0.5301272349 0.1808468871 0.16)
(0.4669065287 0.6512672883 0.16)
(0.4214113845 0.484766078 0.16)
(0.4180206065 0.4800621103 0.16)
(0.2235454076 0.6960694874 0.16)
(0.2133472226 0.6887419944 0.16)
(0.4058019885 0.5101936825 0.16)
(0.4040022332 0.5175238603 0.16)
(0.4485596602 0.4127156233 0.16)
(0.5700711468 0.5893773713 0.16)
(0.1784596488 0.7617928764 0.16)
(0.2389765078 0.8089203982 0.16)
(0.242994436 0.7952802719 0.16)
(0.2548437531 0.7884852556 0.16)
(0.153002403 0.7205199423 0.16)
(0.1266240726 0.8312265833 0.16)
(0.1216347105 0.832893147 0.16)
(0.1260195554 0.8359590312 0.16)
(0.1300128745 0.8397374819 0.16)
(0.1181042956 0.829589971 0.16)
(0.1174222478 0.8348588789 0.16)
(0.121367567 0.8379445586 0.16)
(0.1642085427 0.8371771754 0.16)
(0.1622457004 0.8417050256 0.16)
(0.1573334775 0.8431258282 0.16)
(0.1612066874 0.8465834723 0.16)
(0.1564613187 0.8481743844 0.16)
(0.1661161262 0.8453403909 0.16)
(0.1527301871 0.8449077834 0.16)
(0.1595483933 0.8528339881 0.16)
(0.1106369511 0.8037556973 0.16)
(0.1068985429 0.8068208817 0.16)
(0.1079638834 0.8117058184 0.16)
(0.1057035845 0.8024174471 0.16)
(0.1032005422 0.8101860038 0.16)
(0.1152815722 0.7814825895 0.16)
(0.1102090514 0.7813064919 0.16)
(0.1085907823 0.7869090499 0.16)
(0.1135200934 0.7773062458 0.16)
(0.1481134124 0.7612771048 0.16)
(0.1868569687 0.8132385581 0.16)
(0.1861792911 0.8183427996 0.16)
(0.1305543484 0.7653061791 0.16)
(0.1842182604 0.7810776279 0.16)
(0.1874518818 0.7848277731 0.16)
(0.1406515878 0.7623163426 0.16)
(0.1777863834 0.8283751471 0.16)
(0.1832293736 0.8282701078 0.16)
(0.1810883415 0.832009929 0.16)
(0.1860327196 0.8235579144 0.16)
(0.1882630775 0.8286345473 0.16)
(0.17312896 0.8315126426 0.16)
(0.1733227066 0.8365796985 0.16)
(0.1694178069 0.839088298 0.16)
(0.1739048362 0.8415591221 0.16)
(0.1424939494 0.8387912875 0.16)
(0.1444850002 0.8431710235 0.16)
(0.139725261 0.8430744465 0.16)
(0.5278307006 0.6186647378 0.16)
(0.1183818304 0.8240840853 0.16)
(0.1134343334 0.823499327 0.16)
(0.1108236078 0.8193177133 0.16)
(0.1086860922 0.8238935828 0.16)
(0.13497491 0.836900941 0.16)
(0.4500671619 0.5235888089 0.16)
(0.4719182136 0.5086042525 0.16)
(0.4265871141 0.5029136227 0.16)
(0.1629813335 0.6560723618 0.16)
(0.04890932813 0.2300152591 0.16)
(0.4202685111 0.5326411088 0.16)
(0.1427116573 0.9669245599 0.16)
(0.1626930128 0.9392921822 0.16)
(0.1924661533 0.9380243063 0.16)
(0.2091749706 0.9615843924 0.16)
(0.218242728 0.933758274 0.16)
(0.05751257668 0.5802075148 0.16)
(0.1335370954 0.7551085961 0.16)
(0.2671793461 0.7957875083 0.16)
(0.4542579347 0.475915276 0.16)
(0.08068325316 0.4332646002 0.16)
(0.06808436139 0.466683706 0.16)
(0.4495211713 0.4620472804 0.16)
(0.3339425395 0.5638998474 0.16)
(0.2725373838 0.6330976553 0.16)
(0.2271157743 0.816638416 0.16)
(0.3908635689 0.4264747571 0.16)
(0.4022144923 0.4406261046 0.16)
(0.4069592955 0.4257069109 0.16)
(0.4423010149 0.5630270079 0.16)
(0.5674181006 0.3462196008 0.16)
(0.0312676628 0.9024689407 0.16)
(0.1418321709 0.8472947172 0.16)
(0.1366119131 0.8470613238 0.16)
(0.1548831991 0.5983621577 0.16)
(0.1772292554 0.5848877851 0.16)
(0.4067375488 0.6447497311 0.16)
(0.3911952105 0.651415783 0.16)
(0.4089603052 0.6272813062 0.16)
(0.3924183038 0.6353269773 0.16)
(0.3785087938 0.643236183 0.16)
(0.4232133366 0.6184114055 0.16)
(0.3846747836 0.6692008697 0.16)
(0.4676937605 0.6108161151 0.16)
(0.4826609003 0.5978738745 0.16)
(0.5617349288 0.6519888183 0.16)
(0.1655657562 0.5427825726 0.16)
(0.1884278399 0.5293788509 0.16)
(0.2131900703 0.7558671927 0.16)
(0.4144029051 0.4903659168 0.16)
(0.395282169 0.451457274 0.16)
(0.1098471497 0.7624855691 0.16)
(0.10106192 0.6552002679 0.16)
(0.1220895569 0.7722412968 0.16)
(0.1589479449 0.4365574161 0.16)
(0.1792775733 0.4565630209 0.16)
(0.1886087299 0.4289847788 0.16)
(0.1928161845 0.3960644872 0.16)
(0.1764658517 0.4869077166 0.16)
(0.1989882095 0.4725189323 0.16)
(0.2975490679 0.8595361031 0.16)
(0.3110325761 0.4016786273 0.16)
(0.5740287641 0.4131917748 0.16)
(0.2661786508 0.780380234 0.16)
(0.2545271436 0.7737770417 0.16)
(0.2514174554 0.7609036238 0.16)
(0.1127230392 0.8140961994 0.16)
(0.1113174931 0.7916702002 0.16)
(0.1067227904 0.7944015044 0.16)
(0.2145660726 0.7468384543 0.16)
(0.2143765627 0.6732627894 0.16)
(0.2354336695 0.6909130455 0.16)
(0.4231021531 0.07746570332 0.16)
(0.4149239141 0.5045117069 0.16)
(0.2463719834 0.5998083475 0.16)
(0.3259571776 0.4810851949 0.16)
(0.1528839446 0.8396285738 0.16)
(0.4346819329 0.5548484082 0.16)
(0.3460178062 0.7287107381 0.16)
(0.3299485291 0.7190417712 0.16)
(0.3123784585 0.7265745656 0.16)
(0.3159006192 0.7090217752 0.16)
(0.3016675577 0.7142458438 0.16)
(0.3037548236 0.6999082115 0.16)
(0.2908861946 0.7053772327 0.16)
(0.3187619071 0.692702053 0.16)
(0.2879537606 0.7185744821 0.16)
(0.2779905161 0.7095167133 0.16)
(0.1957002109 0.1501667385 0.16)
(0.210923234 0.4131909699 0.16)
(0.3719048558 0.4831089501 0.16)
(0.3693779025 0.4961903473 0.16)
(0.3788172734 0.5047555385 0.16)
(0.2705768435 0.05921491196 0.16)
(0.2529119796 0.5598338489 0.16)
(0.2696015056 0.5534390411 0.16)
(0.2662993005 0.5725041971 0.16)
(0.1955947003 0.2777974582 0.16)
(0.21894313 0.3001552348 0.16)
(0.2499419574 0.2911358155 0.16)
(0.211162899 0.3315311113 0.16)
(0.2650383103 0.2591757259 0.16)
(0.2964361089 0.2430924029 0.16)
(0.1044197981 0.8151664576 0.16)
(0.09908700242 0.8139485184 0.16)
(0.1639999813 0.6178947178 0.16)
(0.2747453254 0.5340062272 0.16)
(0.1785505721 0.7722777812 0.16)
(0.1908391153 0.824391311 0.16)
(0.1932704727 0.8288635797 0.16)
(0.2972436615 0.9681816823 0.16)
(0.3361836497 0.962109034 0.16)
(0.3626109624 0.5350485103 0.16)
(0.07207072421 0.8518014689 0.16)
(0.06236190029 0.8699084302 0.16)
(0.415897719 0.9674053147 0.16)
(0.456855398 0.4711996272 0.16)
(0.4613690305 0.4686203487 0.16)
(0.2816682629 0.2869545147 0.16)
(0.4811240894 0.2615073339 0.16)
(0.4473945071 0.267559467 0.16)
(0.1807546714 0.3425395902 0.16)
(0.4321087188 0.7141657796 0.16)
(0.40975297 0.7191418194 0.16)
(0.4258649966 0.7379685075 0.16)
(0.4000071755 0.7393823804 0.16)
(0.2836713355 0.5648875959 0.16)
(0.1387253299 0.8532900265 0.16)
(0.132568372 0.8510608106 0.16)
(0.131270286 0.8457057578 0.16)
(0.1266232082 0.8505877367 0.16)
(0.1301597922 0.8576196049 0.16)
(0.5610683035 0.8101761556 0.16)
(0.3213859594 0.4984467214 0.16)
(0.2927862322 0.6917057393 0.16)
(0.2808776105 0.6958845072 0.16)
(0.1067576398 0.7676971711 0.16)
(0.1741691163 0.7643720607 0.16)
(0.1740834573 0.759371273 0.16)
(0.5033769035 0.5097985003 0.16)
(0.1890291107 0.7974136724 0.16)
(0.1727615088 0.3745765321 0.16)
(0.2712478346 0.6868892182 0.16)
(0.5124546817 0.4993709953 0.16)
(0.2004891553 0.6967739637 0.16)
(0.2855978161 0.424842924 0.16)
(0.3462218406 0.8340381541 0.16)
(0.3501896182 0.807478057 0.16)
(0.375320975 0.3529277015 0.16)
(0.2032936805 0.364043289 0.16)
(0.4747992122 0.4696574464 0.16)
(0.4699793133 0.4664831812 0.16)
(0.1632250131 0.7630564323 0.16)
(0.4491551964 0.546521513 0.16)
(0.4624082713 0.5530815456 0.16)
(0.3203668487 0.8434299854 0.16)
(0.1165638467 0.8408950167 0.16)
(0.3458061045 0.4072652589 0.16)
(0.3230525749 0.5540075433 0.16)
(0.5711649227 0.220298804 0.16)
(0.2866344983 0.6259948376 0.16)
(0.381301635 0.5559112142 0.16)
(0.5636674262 0.7073240666 0.16)
(0.2631556986 0.5910154582 0.16)
(0.4009049431 0.6832346588 0.16)
(0.3837413708 0.4794435337 0.16)
(0.2358584677 0.7206350384 0.16)
(0.105122807 0.7832673092 0.16)
(0.06127436036 0.9688421806 0.16)
(0.08018126706 0.9381948093 0.16)
(0.4272597694 0.2087082336 0.16)
(0.2598730016 0.5213830987 0.16)
(0.2310455468 0.799587107 0.16)
(0.1321690056 0.7602566067 0.16)
(0.03261998502 0.4570286052 0.16)
(0.04345103552 0.4906159195 0.16)
(0.4742417489 0.4804139327 0.16)
(0.4778585521 0.4780239359 0.16)
(0.437064567 0.6132044938 0.16)
(0.4383174537 0.5992780352 0.16)
(0.4506793005 0.608983215 0.16)
(0.4112741674 0.6128469947 0.16)
(0.0333842022 0.3794404766 0.16)
(0.03284006151 0.3392334627 0.16)
(0.2728200463 0.4665027552 0.16)
(0.1920399611 0.8117005001 0.16)
(0.4124736076 0.5718369749 0.16)
(0.2944283479 0.678574028 0.16)
(0.3139291335 0.6131804374 0.16)
(0.3287137787 0.06631038559 0.16)
(0.1221500648 0.9444736185 0.16)
(0.07120135229 0.1219943346 0.16)
(0.07722789071 0.07531903049 0.16)
(0.03744931235 0.05936735672 0.16)
(0.3093200761 0.559274245 0.16)
(0.5275110546 0.5940090583 0.16)
(0.5021646288 0.9675385365 0.16)
(0.2073965143 0.7409216124 0.16)
(0.4924356479 0.5040139394 0.16)
(0.03497835829 0.1398942908 0.16)
(0.4400718954 0.5261782603 0.16)
(0.443803256 0.5289378339 0.16)
(0.3574671559 0.6309853287 0.16)
(0.3557694863 0.643708569 0.16)
(0.2192288987 0.0352542227 0.16)
(0.3834688404 0.6223942126 0.16)
(0.2789961762 0.8513180986 0.16)
(0.4623529029 0.03392737401 0.16)
(0.4813153132 0.06718555432 0.16)
(0.5199211319 0.0650320544 0.16)
(0.3747702681 0.1580406031 0.16)
(0.2015857976 0.9134632362 0.16)
(0.3180528118 0.6700108423 0.16)
(0.26637283 0.7097972782 0.16)
(0.1380161003 0.03393521092 0.16)
(0.5661498729 0.1022359 0.16)
(0.5300698729 0.1209258634 0.16)
(0.06578436887 0.3217104683 0.16)
(0.3250214677 0.6205282338 0.16)
(0.1854287071 0.8327023841 0.16)
(0.1018873853 0.8053542249 0.16)
(0.1005178486 0.800164268 0.16)
(0.09433759255 0.7964734725 0.16)
(0.1006445596 0.7943293431 0.16)
(0.4902572244 0.5194153762 0.16)
(0.196875965 0.7822483322 0.16)
(0.2020427297 0.7804679393 0.16)
(0.1959623603 0.787653072 0.16)
(0.1920705878 0.7837718552 0.16)
(0.1796655799 0.9153706813 0.16)
(0.1383727417 0.7582642797 0.16)
(0.3422863135 0.5897704736 0.16)
(0.2442872465 0.7817441102 0.16)
(0.4192291376 0.5260348122 0.16)
(0.4695932646 0.5215895206 0.16)
(0.4692991323 0.5269592501 0.16)
(0.3921429848 0.2966547781 0.16)
(0.3121992795 0.6258007492 0.16)
(0.5040635665 0.739365102 0.16)
(0.1491141866 0.7569050516 0.16)
(0.1549595397 0.7561978614 0.16)
(0.1352148326 0.8419822766 0.16)
(0.2059597004 0.7596193786 0.16)
(0.1905768192 0.5086580665 0.16)
(0.3208116668 0.2626181215 0.16)
(0.1057261211 0.7778628928 0.16)
(0.3968803955 0.5693649096 0.16)
(0.2713114596 0.3120412339 0.16)
(0.2588252913 0.637064606 0.16)
(0.2351030937 0.6342352287 0.16)
(0.1174012183 0.06997208725 0.16)
(0.1517512587 0.8498111747 0.16)
(0.178125294 0.5595128864 0.16)
(0.4572986585 0.09829914484 0.16)
(0.3463028141 0.5689465481 0.16)
(0.1669967942 0.7228334831 0.16)
(0.3178968821 0.5135695533 0.16)
(0.53208094 0.7569556994 0.16)
(0.3635990599 0.1909610094 0.16)
(0.2307621149 0.4005872397 0.16)
(0.2821487849 0.1546345853 0.16)
(0.5646403973 0.7760835494 0.16)
(0.352443091 0.5275031186 0.16)
(0.3065580692 0.5754386207 0.16)
(0.3579528339 0.939899666 0.16)
(0.3124872565 0.7447629288 0.16)
(0.2163598194 0.820493756 0.16)
(0.161444202 0.1600108546 0.16)
(0.1053093772 0.2760991779 0.16)
(0.3047764436 0.6863239577 0.16)
(0.4748859232 0.5122211903 0.16)
(0.06059202009 0.7717821299 0.16)
(0.0367657552 0.7676210855 0.16)
(0.5064332968 0.154958699 0.16)
(0.3094344001 0.3221659323 0.16)
(0.3269749504 0.6792814345 0.16)
(0.1526791259 0.1958631243 0.16)
(0.3364992828 0.8888355637 0.16)
(0.5024563559 0.38564285 0.16)
(0.06298183712 0.401309028 0.16)
(0.402385904 0.1827647735 0.16)
(0.2558578611 0.1308837909 0.16)
(0.2415448978 0.3206602928 0.16)
(0.4640007958 0.9256104898 0.16)
(0.2341877752 0.3497393682 0.16)
(0.1004723956 0.7797455084 0.16)
(0.4168167579 0.8575034123 0.16)
(0.3454279673 0.4254069526 0.16)
(0.3516996467 0.5982486218 0.16)
(0.09506107032 0.3427729423 0.16)
(0.0344064771 0.2638228257 0.16)
(0.4103510286 0.2359356453 0.16)
(0.3419298971 0.4564960124 0.16)
(0.397968222 0.703311962 0.16)
(0.2788965778 0.5841456963 0.16)
(0.2192712942 0.1758806372 0.16)
(0.38232745 0.5379704743 0.16)
(0.1143744071 0.7727106337 0.16)
(0.08587985329 0.7334439991 0.16)
(0.5687215673 0.2941758345 0.16)
(0.5386193812 0.03201439003 0.16)
(0.5286958918 0.6435121453 0.16)
(0.2456106953 0.8994348163 0.16)
(0.1608553512 0.6352084912 0.16)
(0.1903352493 0.6356598941 0.16)
(0.2222718528 0.9079158907 0.16)
(0.08443297691 0.5720266477 0.16)
(0.1071822072 0.7565378089 0.16)
(0.09585486719 0.4866350056 0.16)
(0.1112880934 0.8280180008 0.16)
(0.1048895919 0.8298899766 0.16)
(0.2201615208 0.464231751 0.16)
(0.08806592456 0.5444269021 0.16)
(0.5149114967 0.286101371 0.16)
(0.56828258 0.896853149 0.16)
(0.56338109 0.9365080095 0.16)
(0.1666238197 0.7376294432 0.16)
(0.1854880722 0.733616232 0.16)
(0.4654118498 0.4702845183 0.16)
(0.3786599695 0.7286196191 0.16)
(0.2164341238 0.4842988024 0.16)
(0.2059953019 0.5410414428 0.16)
(0.2084506641 0.5220366066 0.16)
(0.1970508845 0.57785148 0.16)
(0.1739316701 0.7689056086 0.16)
(0.482118403 0.4922685568 0.16)
(0.4856566155 0.4889311711 0.16)
(0.4781868396 0.4950343533 0.16)
(0.2267485325 0.7245664554 0.16)
(0.3484279913 0.7005684896 0.16)
(0.4597330916 0.3035737962 0.16)
(0.2020254176 0.4513796944 0.16)
(0.2908455492 0.6456166747 0.16)
(0.06926009593 0.2877952195 0.16)
(0.5666732609 0.1793185335 0.16)
(0.2854231439 0.7308862151 0.16)
(0.4942137398 0.8320748937 0.16)
(0.279452007 0.4964951004 0.16)
(0.1822275095 0.836542682 0.16)
(0.1778938551 0.8387219882 0.16)
(0.4869881713 0.3671773851 0.16)
(0.5287114513 0.3888209252 0.16)
(0.2631644498 0.5016497795 0.16)
(0.1674498937 0.7609654207 0.16)
(0.1948344683 0.5977162448 0.16)
(0.5211462302 0.4705483951 0.16)
(0.2402184156 0.7466174803 0.16)
(0.2497456637 0.7434115263 0.16)
(0.3799105587 0.7508024138 0.16)
(0.3995516112 0.7642746341 0.16)
(0.4639972607 0.5292665052 0.16)
(0.486809148 0.5046930003 0.16)
(0.4132563288 0.4953831479 0.16)
(0.3383595038 0.7878973528 0.16)
(0.4474715176 0.5380949948 0.16)
(0.06619649338 0.7311827314 0.16)
(0.4427761702 0.4274651888 0.16)
(0.4306518435 0.4346603027 0.16)
(0.3296817273 0.3968486823 0.16)
(0.4715634074 0.81024577 0.16)
(0.4029835579 0.3492419821 0.16)
(0.3837959337 0.0324494328 0.16)
(0.4149239913 0.5207996187 0.16)
(0.2055991422 0.7676564774 0.16)
(0.2549372928 0.6569174577 0.16)
(0.1269085026 0.8440304184 0.16)
(0.3326163929 0.7043800096 0.16)
(0.343843196 0.6484841748 0.16)
(0.3459813134 0.0327093986 0.16)
(0.09826961473 0.808699812 0.16)
(0.09162397489 0.8104945118 0.16)
(0.5132121458 0.5722426199 0.16)
(0.1479866814 0.8465248364 0.16)
(0.1906698329 0.8335145708 0.16)
(0.1871559556 0.8379479154 0.16)
(0.2030385345 0.7162570977 0.16)
(0.2622775851 0.8428931537 0.16)
(0.468126297 0.4579215293 0.16)
(0.2898552913 0.4033048963 0.16)
(0.2809839289 0.9424884221 0.16)
(0.05937259764 0.5225685496 0.16)
(0.5012012303 0.09663635061 0.16)
(0.4840355252 0.5807741718 0.16)
(0.2445213171 0.7679573742 0.16)
(0.320035639 0.7930611435 0.16)
(0.2320973032 0.7871512078 0.16)
(0.1900625976 0.8168526942 0.16)
(0.4219210787 0.4745396814 0.16)
(0.4262101057 0.4703540367 0.16)
(0.4437372209 0.4634814573 0.16)
(0.4454179411 0.4569653895 0.16)
(0.2221663797 0.7950301759 0.16)
(0.1547340418 0.8532086185 0.16)
(0.1491321935 0.855323961 0.16)
(0.1635934922 0.8576645739 0.16)
(0.4313734774 0.4731954895 0.16)
(0.3127418652 0.6384180504 0.16)
(0.4712677633 0.5845089397 0.16)
(0.1948651823 0.758849647 0.16)
(0.4240036791 0.5584325352 0.16)
(0.1851847985 0.7424877009 0.16)
(0.1654713814 0.8509943527 0.16)
(0.1719936693 0.848347376 0.16)
(0.4662206155 0.5426507674 0.16)
(0.1423425579 0.6435786032 0.16)
(0.06351845242 0.3602634718 0.16)
(0.4201229929 0.8303167016 0.16)
(0.4121815139 0.5091209062 0.16)
(0.5101710543 0.5893782881 0.16)
(0.1791752979 0.8526770645 0.16)
(0.399762847 0.5488600078 0.16)
(0.3352798888 0.4959908064 0.16)
(0.1215891938 0.7366629677 0.16)
(0.5052482209 0.7105362527 0.16)
(0.3862977926 0.5857952892 0.16)
(0.06615124408 0.1607232879 0.16)
(0.4046640774 0.451801807 0.16)
(0.1693077538 0.6865424789 0.16)
(0.4163137967 0.4725015392 0.16)
(0.05551493165 0.6747245846 0.16)
(0.02817325909 0.7112024838 0.16)
(0.1997289464 0.7911033068 0.16)
(0.2116417263 0.7742292674 0.16)
(0.4583734332 0.4649061293 0.16)
(0.4543543523 0.4615718894 0.16)
(0.2185824995 0.8113228286 0.16)
(0.2866806206 0.3318083827 0.16)
(0.468718833 0.5315022906 0.16)
(0.3398468636 0.4839786952 0.16)
(0.08600326645 0.7999585165 0.16)
(0.2620720345 0.7193031428 0.16)
(0.3913080117 0.4735319851 0.16)
(0.4315420951 0.9364863865 0.16)
(0.2781347598 0.7735431559 0.16)
(0.26471123 0.6495543647 0.16)
(0.4234554529 0.4888893888 0.16)
(0.3280190878 0.4629023257 0.16)
(0.4255825597 0.4471647283 0.16)
(0.4165355798 0.4369661797 0.16)
(0.1878935356 0.7030297389 0.16)
(0.02870443026 0.627501134 0.16)
(0.09821238291 0.7187407457 0.16)
(0.4796681299 0.4733203183 0.16)
(0.5178706437 0.8529669682 0.16)
(0.2392472555 0.7009179315 0.16)
(0.2980105372 0.5657703547 0.16)
(0.2282556824 0.7145736315 0.16)
(0.5004874102 0.5001735234 0.16)
(0.1041479874 0.7362823624 0.16)
(0.3882306473 0.3747113407 0.16)
(0.5202513547 0.9379257294 0.16)
(0.06298276468 0.03259741755 0.16)
(0.1883917821 0.8027458345 0.16)
(0.2587634657 0.03026354311 0.16)
(0.2061658069 0.8924215251 0.16)
(0.05806370608 0.6473256802 0.16)
(0.2353899679 0.7651171673 0.16)
(0.2382884795 0.8797573248 0.16)
(0.3152475976 0.6812766389 0.16)
(0.5046865365 0.4214171896 0.16)
(0.1698969516 0.8435063663 0.16)
(0.1781766143 0.8450933289 0.16)
(0.1559295008 0.7513418229 0.16)
(0.4716979274 0.5363624586 0.16)
(0.478419417 0.4826744471 0.16)
(0.1000246377 0.769389765 0.16)
(0.3551326584 0.6567229279 0.16)
(0.4528184547 0.6392670286 0.16)
(0.5552951403 0.5640269951 0.16)
(0.1059253208 0.9209158816 0.16)
(0.06104519037 0.9147373697 0.16)
(0.543264008 0.3627689844 0.16)
(0.4357944156 0.5243781773 0.16)
(0.4404533046 0.5305050505 0.16)
(0.3348069462 0.9227882356 0.16)
(0.05321163625 0.7468627328 0.16)
(0.1159933651 0.8469213865 0.16)
(0.09427118343 0.7836460055 0.16)
(0.2827396064 0.5475512979 0.16)
(0.1913427414 0.7885756311 0.16)
(0.1043413713 0.8386896508 0.16)
(0.02088064961 0.8172504607 0.16)
(0.03373302514 0.685096174 0.16)
(0.02917405082 0.5910047416 0.16)
(0.5472630549 0.4100461464 0.16)
(0.4104117663 0.3180893389 0.16)
(0.4493723085 0.5942607718 0.16)
(0.2574928029 0.7506042505 0.16)
(0.2149921202 0.8305754344 0.16)
(0.4197506319 0.2877121216 0.16)
(0.1736683275 0.8954646789 0.16)
(0.2835898887 0.4798196191 0.16)
(0.424886779 0.3624818464 0.16)
(0.1224407694 0.6525978876 0.16)
(0.1586414599 0.06341334785 0.16)
(0.4902908522 0.5291829997 0.16)
(0.1885921051 0.7810245668 0.16)
(0.1448802537 0.9073865467 0.16)
(0.1950215567 0.8162800251 0.16)
(0.1867180866 0.7768158791 0.16)
(0.1924552542 0.8071401702 0.16)
(0.1100207513 0.771196439 0.16)
(0.3751923454 0.5899885373 0.16)
(0.2358806076 0.9523406807 0.16)
(0.1315545034 0.6882479977 0.16)
(0.5411657688 0.2730017694 0.16)
(0.3177573381 0.8721045188 0.16)
(0.07532786158 0.8895020754 0.16)
(0.1892444511 0.8209211562 0.16)
(0.2982521406 0.6336602801 0.16)
(0.4085254667 0.4917213311 0.16)
(0.1045172536 0.7983136842 0.16)
(0.1036165314 0.7903637318 0.16)
(0.184240043 0.6830634949 0.16)
(0.4217770763 0.5697308085 0.16)
(0.4837207867 0.4784860547 0.16)
(0.1062408525 0.8197361351 0.16)
(0.1438051727 0.9260640635 0.16)
(0.1467479041 0.7523294688 0.16)
(0.533659301 0.725011981 0.16)
(0.4388679393 0.4659972936 0.16)
(0.4639933816 0.4641117274 0.16)
(0.1121261406 0.8373099199 0.16)
(0.1083485593 0.8158428284 0.16)
(0.4472907451 0.532171367 0.16)
(0.389455978 0.9344699096 0.16)
(0.3675128108 0.6377208677 0.16)
(0.3671803503 0.6498120759 0.16)
(0.2044774928 0.7060931424 0.16)
(0.1740171252 0.7550690253 0.16)
(0.3659986415 0.5829845984 0.16)
(0.2138470279 0.3899173473 0.16)
(0.3305902944 0.4466337637 0.16)
(0.5436824794 0.2376154534 0.16)
(0.06030312914 0.1962139794 0.16)
(0.177156377 0.8339761952 0.16)
(0.3542907153 0.5868972587 0.16)
(0.07108909812 0.4977434385 0.16)
(0.1321558177 0.7327003095 0.16)
(0.1247891962 0.7648257366 0.16)
(0.09825558129 0.8249134018 0.16)
(0.1493366842 0.8426240925 0.16)
(0.5228181083 0.4883304683 0.16)
(0.5306643831 0.5038032374 0.16)
(0.5482831533 0.6063429841 0.16)
(0.2299949514 0.703967864 0.16)
(0.4704590504 0.4823267666 0.16)
(0.3930738768 0.7195324301 0.16)
(0.09551762641 0.8185683224 0.16)
(0.0954746429 0.7904732812 0.16)
(0.2477436983 0.7517192537 0.16)
(0.3842095742 0.5470641511 0.16)
(0.2279558736 0.1420862355 0.16)
(0.2405869275 0.9257782764 0.16)
(0.388618064 0.5626336187 0.16)
(0.3875160005 0.5744345386 0.16)
(0.2971044634 0.7255431726 0.16)
(0.479962451 0.5352780832 0.16)
(0.4535007542 0.6229086608 0.16)
(0.2488972376 0.6292076758 0.16)
(0.4506053102 0.5348792979 0.16)
(0.3985282995 0.05944247132 0.16)
(0.4697416212 0.517856639 0.16)
(0.3853149374 0.4978131524 0.16)
(0.1246401767 0.868510261 0.16)
(0.2831386291 0.6369902479 0.16)
(0.4360026158 0.4733302126 0.16)
(0.4488394907 0.8470156244 0.16)
(0.4308544371 0.5270340196 0.16)
(0.424723576 0.527137398 0.16)
(0.04040286815 0.8123190339 0.16)
(0.02437109941 0.7913900197 0.16)
(0.06577182923 0.83727383 0.16)
(0.1976221983 0.8129382169 0.16)
(0.1113878661 0.8542695001 0.16)
(0.4192977225 0.4257156903 0.16)
(0.1902282117 0.6923381971 0.16)
(0.4922380114 0.4894577434 0.16)
(0.5009383593 0.4909423633 0.16)
(0.377872132 0.6546207224 0.16)
(0.0292820323 0.9707179677 0.16)
(0.1891998736 0.8444356249 0.16)
(0.03019852834 0.03019852834 0.16)
(0.05935227689 0.5542146948 0.16)
(0.1726924764 0.7355975527 0.16)
(0.3906174344 0.552671559 0.16)
(0.3442947361 0.7144521254 0.16)
(0.2562115174 0.9418256681 0.16)
(0.09142720669 0.4068344067 0.16)
(0.4812922342 0.488412227 0.16)
(0.1969419035 0.8335258944 0.16)
(0.4168345913 0.6054086997 0.16)
(0.2930916318 0.3064160244 0.16)
(0.5601477573 0.4372073766 0.16)
(0.1182209165 0.7724659343 0.16)
(0.4227331615 0.520897212 0.16)
(0.1683103467 0.7307738824 0.16)
(0.1914418878 0.7940415561 0.16)
(0.4047382323 0.5734429276 0.16)
(0.1782810383 0.6058424291 0.16)
(0.5364758205 0.1508833761 0.16)
(0.430667823 0.4680881545 0.16)
(0.4334491827 0.4640335786 0.16)
(0.5707179677 0.9707179677 0.16)
(0.2285065428 0.4238798304 0.16)
(0.5707179677 0.0292820323 0.16)
(0.3309074672 0.8047046775 0.16)
(0.455687043 0.5500357894 0.16)
(0.1987488586 0.4917512519 0.16)
(0.546885179 0.5848041626 0.16)
(0.561709789 0.4819404394 0.16)
(0.3161841065 0.3852688009 0.16)
(0.5455842005 0.4607929374 0.16)
(0.3842300961 0.4687147057 0.16)
(0.1490569481 0.7494619561 0.16)
(0.1835499 0.8472663942 0.16)
(0.05347511689 0.8485266635 0.16)
(0.1225183967 0.7681229938 0.16)
(0.3963016247 0.623425552 0.16)
(0.2425603285 0.05720930679 0.16)
(0.4481915023 0.5276572069 0.16)
(0.5403594162 0.873667942 0.16)
(0.4221364327 0.5011975872 0.16)
(0.3465950454 0.5799831658 0.16)
(0.4015731321 0.6141971783 0.16)
(0.4256144525 0.257886499 0.16)
(0.2349303549 0.1104779348 0.16)
(0.1141232005 0.831697726 0.16)
(0.1149433535 0.8269851061 0.16)
(0.166015421 0.841239189 0.16)
(0.1441678129 0.7598942615 0.16)
(0.1431528949 0.8557861565 0.16)
(0.2875704031 0.4655474458 0.16)
(0.1501653914 0.730722134 0.16)
(0.4890459921 0.4832542702 0.16)
(0.492851621 0.4761102393 0.16)
(0.3782170281 0.6321815165 0.16)
(0.1599609412 0.9186938818 0.16)
(0.3785968382 0.4911703813 0.16)
(0.4397670888 0.4699169063 0.16)
(0.1757318401 0.6444933211 0.16)
(0.129153786 0.7569551136 0.16)
(0.4742798813 0.4936688392 0.16)
(0.4126503289 0.4770144631 0.16)
(0.4377215806 0.4493454138 0.16)
(0.2246838965 0.8383582669 0.16)
(0.276414218 0.836246555 0.16)
(0.4746917157 0.4523860303 0.16)
(0.5475650843 0.6280241016 0.16)
(0.02821809854 0.2088751804 0.16)
(0.4169434797 0.4857568916 0.16)
(0.1095923726 0.7756279708 0.16)
(0.3121518406 0.8264589876 0.16)
(0.3294160405 0.8230233861 0.16)
(0.13773448 0.7378573985 0.16)
(0.09988650533 0.7903459602 0.16)
(0.1301939223 0.7533731767 0.16)
(0.1021911221 0.6373127468 0.16)
(0.05328453107 0.8901931003 0.16)
(0.189910454 0.7749037858 0.16)
(0.4668797049 0.2810045745 0.16)
(0.1120298669 0.6686450866 0.16)
(0.1075600246 0.7906121501 0.16)
(0.2769806332 0.7877307407 0.16)
(0.4185789602 0.5170457849 0.16)
(0.2887175891 0.5371049605 0.16)
(0.1580066307 0.7631941125 0.16)
(0.03420486099 0.8376269984 0.16)
(0.3911874293 0.4823834828 0.16)
(0.4695115561 0.5495329031 0.16)
(0.4573458202 0.4251541826 0.16)
(0.5520310262 0.8418209987 0.16)
(0.5563043314 0.6803438136 0.16)
(0.172735179 0.6730412636 0.16)
(0.4505292172 0.0626163289 0.16)
(0.1708568641 0.7613511747 0.16)
(0.4178218461 0.7578008222 0.16)
(0.537612847 0.09174860414 0.16)
(0.5481685752 0.4990475044 0.16)
(0.5472905105 0.2029684338 0.16)
(0.1017034873 0.8530077896 0.16)
(0.4683852879 0.5964376 0.16)
(0.4066545818 0.5235544112 0.16)
(0.4458287646 0.2902436429 0.16)
(0.1252443216 0.8404040559 0.16)
(0.1831660967 0.7733263922 0.16)
(0.1910672932 0.5476352628 0.16)
(0.3852314581 0.4517868655 0.16)
(0.4508642188 0.6562310169 0.16)
(0.4694362316 0.8341183102 0.16)
(0.1777849961 0.7574910094 0.16)
(0.4815176152 0.4666043981 0.16)
(0.08657433502 0.7809488326 0.16)
(0.560991534 0.3195814989 0.16)
(0.4951097775 0.5134692257 0.16)
(0.2270990647 0.8071816404 0.16)
(0.4445539976 0.5548604054 0.16)
(0.4589358477 0.6006421147 0.16)
(0.1928263108 0.05969548153 0.16)
(0.412858096 0.4151814455 0.16)
(0.1982434027 0.8209791198 0.16)
(0.1949478151 0.8240207263 0.16)
(0.4100235958 0.5160262045 0.16)
(0.2282308212 0.9776650156 0.16)
(0.3332328021 0.4331041805 0.16)
(0.03548189121 0.5651226369 0.16)
(0.1020641632 0.9422358233 0.16)
(0.04877763552 0.7202566344 0.16)
(0.1768288246 0.6272972961 0.16)
(0.2982857507 0.2688126591 0.16)
(0.08410688462 0.6459028364 0.16)
(0.4520250043 0.5270093509 0.16)
(0.4759722582 0.5076842359 0.16)
(0.4234316649 0.5052658572 0.16)
(0.1201230144 0.8511698125 0.16)
(0.1418363383 0.9448309308 0.16)
(0.1047211755 0.7868427562 0.16)
(0.2094013426 0.4335895217 0.16)
(0.5105643008 0.4021007192 0.16)
(0.1245522546 0.7574911749 0.16)
(0.3712039091 0.5392497522 0.16)
(0.4430286153 0.4717159803 0.16)
(0.4306829061 0.4781955084 0.16)
(0.4257509306 0.516692614 0.16)
(0.4584462328 0.4763858933 0.16)
(0.1385622593 0.8390226605 0.16)
(0.1090021511 0.7997228613 0.16)
(0.4327252603 0.5330315395 0.16)
(0.4876938392 0.9413701098 0.16)
(0.1770696275 0.6590882348 0.16)
(0.4787335276 0.4862529007 0.16)
(0.4960758978 0.5899600866 0.16)
(0.381245621 0.5121109417 0.16)
(0.1957164218 0.8056697591 0.16)
(0.451706576 0.4571094634 0.16)
(0.1039273096 0.8237543452 0.16)
(0.251920044 0.6144018178 0.16)
(0.02649028327 0.5133783044 0.16)
(0.4381302277 0.5342153319 0.16)
(0.2406855369 0.6841080463 0.16)
(0.1912187188 0.8003237831 0.16)
(0.1866644242 0.7884109916 0.16)
(0.1828104024 0.82006989 0.16)
(0.2016710167 0.8389194608 0.16)
(0.05264445379 0.4381198476 0.16)
(0.4094579557 0.5796981241 0.16)
(0.2001798995 0.7567234246 0.16)
(0.1423428278 0.7515834494 0.16)
(0.1013849486 0.7745776121 0.16)
(0.1831517977 1 0.03508466468)
(0.1022669829 1 0.03274132241)
(0.26 1 0.1253589838)
(0.3431517977 1 0.1249153353)
(0.42 1 0.1253589838)
(0.5 1 0.1253589838)
(0.14 1 0.1253589838)
(0.3 1 0.03464101615)
(0.46 1 0.03464101615)
(0.38 1 0.03464101615)
(0.5398305052 1 0.0338708818)
(0.03374785218 1 0.09845299462)
(0.5683717505 1 0.1025295723)
(0.42 1 0.03464101615)
(0.44 1 0.06758718763)
(0.48 1 0.06730471351)
(0.46 1 0.1039230485)
(0.4 1 0.06730471351)
(0.36 1 0.0692820323)
(0.38 1 0.1039230485)
(0.3005252996 1 0.1252850424)
(0.2800875499 1 0.0924004888)
(0.2400145917 1 0.09099838788)
(0.2666836903 1 0.06080580201)
(0.2221160916 1 0.05570705137)
(0.201745925 1 0.09188172175)
(0.03381663229 1 0.06007553186)
(0.06572857706 1 0.07901627697)
(0.06466878714 1 0.1230560457)
(0.1031730858 1 0.09816345223)
(0.2202934194 1 0.1255996796)
(0.1815921869 1 0.1268412686)
(0.1402350922 1 0.03444577222)
(0.1566437088 1 0.06490090377)
(0.3175899805 1 0.09491333814)
(0.341814603 1 0.03359335464)
(0.4999717509 1 0.03418310729)
(0.5202127193 1 0.06451344641)
(0.5642083246 1 0.06287054277)
(0.06324779963 1 0.03759653847)
(0.5423453846 1 0.1291021658)
(0.1220055351 1 0.06422985204)
(0.1015683746 1 0.1333156964)
(0.1379262919 1 0.09099921856)
(0.4993136155 1 0.09208780346)
(0.2210535779 1 0.02305273283)
(0.2564111142 1 0.0277308664)
(0.2990497677 1 0.06915134167)
(0.46 1 0.1355280519)
(0.42 1 0.09361939638)
(0.38 1 0.1355280519)
(0.5707179677 1 0.0292820323)
(0.0292820323 1 0.0292820323)
(0.0292820323 1 0.1307179677)
(0.5707179677 1 0.1307179677)
(0.5343125672 1 0.09602485275)
(0.1676748674 1 0.09704024988)
(0.1885298935 1 0.06570985819)
(0.3497001598 1 0.09596300717)
(0.3298446637 1 0.06418457823)
(0.09164037288 1 0.06206060575)
(0.5578905365 0.5798422717 0)
(0.03491487315 0.3395168263 0)
(0.03464101615 0.7 0)
(0.03464101615 0.5 0)
(0.5675756823 0.4217691623 0)
(0.3011990602 0.03241816474 0)
(0.3 0.9653589838 0)
(0.5636579583 0.7393830582 0)
(0.5652339305 0.2632347428 0)
(0.03014712165 0.2193912121 0)
(0.03159567616 0.8264040092 0)
(0.4176114927 0.9643056888 0)
(0.42 0.03464101615 0)
(0.1824380109 0.03632716356 0)
(0.1746331132 0.9663927152 0)
(0.5661565924 0.1432451037 0)
(0.5653589838 0.86 0)
(0.03359178708 0.4200822958 0)
(0.03374347071 0.5783871161 0)
(0.5638752292 0.4972802743 0)
(0.5618586917 0.6598227806 0)
(0.566144086 0.34034607 0)
(0.03464101615 0.14 0)
(0.1019276542 0.9695493993 0)
(0.5034690262 0.964148155 0)
(0.1005520036 0.03019228244 0)
(0.4989783835 0.02760047186 0)
(0.03872887268 0.8951762833 0)
(0.5661291182 0.9398305052 0)
(0.5661291182 0.06016949477 0)
(0.03020041231 0.06046509365 0)
(0.5654873396 0.8999717509 0)
(0.5307393603 0.8799952918 0)
(0.5307215331 0.8399992153 0)
(0.4960811112 0.8599990845 0)
(0.4960769515 0.82 0)
(0.4614366287 0.8399998474 0)
(0.4614360509 0.7999999746 0)
(0.426795054 0.8199999703 0)
(0.4265062051 0.7805001307 0)
(0.3921058065 0.8000833502 0)
(0.3918090121 0.7605973867 0)
(0.357447389 0.7801134561 0)
(0.3574444888 0.7401184738 0)
(0.3249345796 0.760038655 0)
(0.325307691 0.7199943006 0)
(0.3579074573 0.7000187957 0)
(0.3233620128 0.6799702952 0)
(0.3575128869 0.66 0)
(0.3229870081 0.6399950492 0)
(0.3571044773 0.6196736616 0)
(0.3228718708 0.6 0)
(0.3571370515 0.5794125419 0)
(0.3228421133 0.5599020903 0)
(0.3549729773 0.5416845286 0)
(0.3228129866 0.5202647135 0)
(0.3564888897 0.5051870699 0)
(0.3225912238 0.4821977628 0)
(0.3576703388 0.4629068186 0)
(0.3224752228 0.4424013548 0)
(0.356845134 0.421839908 0)
(0.3221869783 0.4021052119 0)
(0.3563959591 0.3818903624 0)
(0.3222163088 0.3618526053 0)
(0.3563927927 0.3418507376 0)
(0.3221318254 0.3218543989 0)
(0.356384273 0.3018479132 0)
(0.3221121498 0.2818536261 0)
(0.286517638 0.6603020897 0)
(0.2880811881 0.541042985 0)
(0.2875100846 0.3820833937 0)
(0.3565935527 0.262114998 0)
(0.3220989899 0.2419681155 0)
(0.2875265476 0.2618782891 0)
(0.2874893897 0.2219516061 0)
(0.2528981985 0.2418830441 0)
(0.3573154874 0.2229833443 0)
(0.2528942191 0.2018829394 0)
(0.2182647448 0.2218763202 0)
(0.2182727588 0.261874184 0)
(0.3931848203 0.4829062764 0)
(0.389806745 0.4023855388 0)
(0.3906477187 0.2836745114 0)
(0.3232047393 0.8000253519 0)
(0.2887276009 0.775206654 0)
(0.3912307676 0.6796563205 0)
(0.3890452898 0.557260473 0)
(0.2881829045 0.8186440773 0)
(0.2531212575 0.7995048952 0)
(0.2879711305 0.1821091631 0)
(0.2182598758 0.1818742349 0)
(0.2545976518 0.8346778624 0)
(0.2237811987 0.8206313804 0)
(0.2253278616 0.79083056 0)
(0.2881249264 0.4627564707 0)
(0.3921459095 0.8400138868 0)
(0.1836304775 0.2418776006 0)
(0.1836377316 0.2818768484 0)
(0.2319138852 0.8521658488 0)
(0.2041863514 0.837924281 0)
(0.4583998336 0.7594692146 0)
(0.1489938135 0.2618821184 0)
(0.1489872004 0.2218820321 0)
(0.1490006681 0.3018819057 0)
(0.1836450551 0.3218760793 0)
(0.149007549 0.3418816688 0)
(0.1836515683 0.3618759114 0)
(0.1490141789 0.3818816739 0)
(0.1836582165 0.4018758838 0)
(0.1490208497 0.4218816698 0)
(0.1835893176 0.4418758908 0)
(0.1490309947 0.4618816672 0)
(0.183583983 0.4818758912 0)
(0.1490362541 0.5018816664 0)
(0.1836643165 0.5218758781 0)
(0.1490409818 0.541881666 0)
(0.1836829511 0.5618758754 0)
(0.1483596387 0.5819400886 0)
(0.1835769574 0.6018856117 0)
(0.1482814904 0.6219233683 0)
(0.183124273 0.6411460962 0)
(0.1494616569 0.6617668808 0)
(0.1785559699 0.6854693834 0)
(0.1453253324 0.694225746 0)
(0.1832278095 0.714828477 0)
(0.1542228467 0.7322274262 0)
(0.254529687 0.8709018156 0)
(0.1143845348 0.6430117859 0)
(0.1143564107 0.2818875745 0)
(0.2111607617 0.7016958381 0)
(0.2202215222 0.882051324 0)
(0.4614367442 0.879999822 0)
(0.2113496151 0.7298907758 0)
(0.2405276413 0.721196552 0)
(0.2183101231 0.581871707 0)
(0.2182893181 0.3418720384 0)
(0.3226804854 0.8390342043 0)
(0.2182562495 0.4222234791 0)
(0.1143553348 0.5218580943 0)
(0.1144083884 0.4418726796 0)
(0.1143698671 0.3618874602 0)
(0.1834403883 0.7450035691 0)
(0.2183660303 0.5023623374 0)
(0.2507935069 0.9073609279 0)
(0.2866610802 0.8925923142 0)
(0.3832940714 0.5076501793 0)
(0.5305084998 0.7996360309 0)
(0.244401517 0.7495100601 0)
(0.270889638 0.7382899018 0)
(0.2166351912 0.9220632489 0)
(0.188550533 0.8920843808 0)
(0.386181738 0.4370112973 0)
(0.4222005906 0.4218283411 0)
(0.4224183294 0.3841518897 0)
(0.4522922523 0.4010658671 0)
(0.4519059865 0.4398733793 0)
(0.4563596753 0.3657943171 0)
(0.4769987235 0.4282492409 0)
(0.4755414583 0.4497132673 0)
(0.4231839029 0.3445838039 0)
(0.4581249969 0.3268904964 0)
(0.4991775661 0.3503149398 0)
(0.4945742226 0.308767294 0)
(0.4599135865 0.2874078807 0)
(0.4947640468 0.2686001189 0)
(0.4611585459 0.2474362241 0)
(0.49589738 0.2285918142 0)
(0.4622108026 0.207446527 0)
(0.4974547501 0.1886171621 0)
(0.463539803 0.1674674584 0)
(0.4282715684 0.1862954748 0)
(0.4295967765 0.1463172132 0)
(0.4648862183 0.1274897548 0)
(0.3944281011 0.1649778073 0)
(0.3956650318 0.1251391089 0)
(0.3604803916 0.1437944585 0)
(0.3617177938 0.1039787479 0)
(0.3258312556 0.1228355826 0)
(0.5314477719 0.2097675502 0)
(0.4246396689 0.448807845 0)
(0.3259189738 0.08594744849 0)
(0.2913225635 0.1023009786 0)
(0.360164938 0.06438383993 0)
(0.2453897493 0.9476532436 0)
(0.2124999499 0.7641366617 0)
(0.2474603673 0.6803547549 0)
(0.5287647313 0.2897235309 0)
(0.1181743674 0.6818868278 0)
(0.1142975772 0.717056523 0)
(0.08522134234 0.6644826342 0)
(0.07697683786 0.6265162601 0)
(0.3928640726 0.5936625829 0)
(0.4250219159 0.5847534934 0)
(0.4263070492 0.5453993022 0)
(0.4224025574 0.6182352007 0)
(0.4486720867 0.6029837263 0)
(0.4529881673 0.6381239173 0)
(0.4827705665 0.6139282664 0)
(0.4870934998 0.5836133641 0)
(0.4864969571 0.6578279831 0)
(0.4527132343 0.6781062565 0)
(0.4873805297 0.6977020267 0)
(0.452913955 0.5620131093 0)
(0.4829268169 0.5455999917 0)
(0.5172033411 0.5942083422 0)
(0.5253947058 0.5563929427 0)
(0.5240259664 0.6789772214 0)
(0.5264518892 0.7181815077 0)
(0.1960433765 0.8663112568 0)
(0.1680716569 0.8783448441 0)
(0.1577100546 0.9002860434 0)
(0.1429441234 0.8857746225 0)
(0.1519678146 0.8597078551 0)
(0.1747443214 0.8542195401 0)
(0.1302612702 0.9043400698 0)
(0.1068576053 0.8828791569 0)
(0.09993065452 0.912088298 0)
(0.1227006003 0.8578824483 0)
(0.07795253821 0.8882671343 0)
(0.09179919966 0.8635876132 0)
(0.06575065552 0.8604322227 0)
(0.07492826772 0.8319140553 0)
(0.1016045593 0.8356445312 0)
(0.1494495707 0.9319755715 0)
(0.04542237502 0.6485011395 0)
(0.5570975941 0.5341872287 0)
(0.5185578876 0.5256085994 0)
(0.4887658336 0.3886706833 0)
(0.5127879192 0.4144568019 0)
(0.5264940827 0.381048043 0)
(0.5321147825 0.1666583758 0)
(0.1127206413 0.6034954444 0)
(0.5581107767 0.6192741135 0)
(0.4559017342 0.7185710527 0)
(0.3239003133 0.1626402562 0)
(0.2877397451 0.422532547 0)
(0.2532253696 0.4425351287 0)
(0.4243163117 0.3059938528 0)
(0.1130500509 0.5627377383 0)
(0.08239439981 0.541972835 0)
(0.08092519159 0.5015956548 0)
(0.2537563099 0.4830542357 0)
(0.2875470995 0.3418986262 0)
(0.2529293423 0.3619286789 0)
(0.2875275675 0.3018695113 0)
(0.252992531 0.4021955524 0)
(0.4269126166 0.2262720481 0)
(0.4980619305 0.1480959461 0)
(0.4978240989 0.1071052103 0)
(0.4640501481 0.08577458376 0)
(0.4309358919 0.1063394964 0)
(0.2534214375 0.1611943888 0)
(0.2187950185 0.1410436454 0)
(0.1837077939 0.1617388307 0)
(0.1841178596 0.1210198322 0)
(0.1490733478 0.1417161552 0)
(0.2203267762 0.0999307079 0)
(0.1494696862 0.1010159448 0)
(0.1144300052 0.1217155887 0)
(0.1143696904 0.1618312303 0)
(0.1156493883 0.08429899756 0)
(0.08266098641 0.1023402241 0)
(0.1491450132 0.06361350066 0)
(0.2896759622 0.1414419609 0)
(0.2556434478 0.1206219959 0)
(0.2563498793 0.08131145219 0)
(0.2201872547 0.05988659806 0)
(0.2573429358 0.03788408505 0)
(0.1851293734 0.07902750879 0)
(0.1836384825 0.2018551149 0)
(0.1490199409 0.1818184708 0)
(0.1143551463 0.2018676165 0)
(0.07969877138 0.1818932525 0)
(0.07970545794 0.221893252 0)
(0.1143516956 0.2418843075 0)
(0.08185554166 0.2618923866 0)
(0.08094860663 0.3003812271 0)
(0.04507447211 0.2818990419 0)
(0.2182821077 0.3018718796 0)
(0.5274282836 0.926210807 0)
(0.1145681032 0.3216355144 0)
(0.0771498026 0.340544889 0)
(0.07973220418 0.3818932497 0)
(0.4960769515 0.9 0)
(0.4611593406 0.9186374171 0)
(0.4273814209 0.89867741 0)
(0.218276584 0.541994504 0)
(0.2529673721 0.5618642936 0)
(0.2530393532 0.6016952195 0)
(0.03348901187 0.5399300255 0)
(0.3910797052 0.7202216709 0)
(0.4941182055 0.77868866 0)
(0.4619547445 0.04101258526 0)
(0.4268916101 0.8597818227 0)
(0.3922664362 0.8797455199 0)
(0.395114311 0.9261719668 0)
(0.3581991819 0.9009862478 0)
(0.3589209822 0.9364333093 0)
(0.3209365783 0.9247696125 0)
(0.3575128869 0.82 0)
(0.5659035483 0.4605732034 0)
(0.5331027256 0.4763714449 0)
(0.460698184 0.9590795653 0)
(0.1143807298 0.4018849971 0)
(0.08079159778 0.4218061721 0)
(0.03295530424 0.7366618898 0)
(0.06822914827 0.721904186 0)
(0.06919985793 0.7598576698 0)
(0.04275056967 0.7716727051 0)
(0.06567586051 0.7957973635 0)
(0.0904252291 0.7790646366 0)
(0.09365199193 0.741270176 0)
(0.03322196222 0.3802060794 0)
(0.03464101615 0.46 0)
(0.5655334555 0.1021825304 0)
(0.5324292741 0.08374986039 0)
(0.03211383426 0.1002008485 0)
(0.03141315069 0.1803791644 0)
(0.03356546824 0.9393173661 0)
(0.5626657509 0.6993940946 0)
(0.5291183381 0.7579990645 0)
(0.5653246668 0.8199392077 0)
(0.5647682438 0.7794928935 0)
(0.3577869332 0.8599633098 0)
(0.2177851452 0.6209535345 0)
(0.07969208482 0.1418932531 0)
(0.3967229877 0.08737040185 0)
(0.2529057717 0.2818741904 0)
(0.2182962043 0.3819952574 0)
(0.2529238278 0.3218728123 0)
(0.07420973729 0.5855252285 0)
(0.1145921512 0.4818157256 0)
(0.08087192976 0.4616424491 0)
(0.3928524347 0.2044906728 0)
(0.2881501169 0.5805362605 0)
(0.2877402983 0.6207018693 0)
(0.2513878606 0.6402412406 0)
(0.2849722846 0.7057296992 0)
(0.5326774646 0.3239197986 0)
(0.2184628766 0.4623211605 0)
(0.3230685619 0.2024366971 0)
(0.3239166995 0.88 0)
(0.5654700354 0.3028706904 0)
(0.252664843 0.5226040856 0)
(0.2800154495 0.9333340961 0)
(0.358674215 0.1835538727 0)
(0.4262774914 0.2659954978 0)
(0.3912458013 0.640449939 0)
(0.3401876982 0.03055178267 0)
(0.5630100212 0.3805364889 0)
(0.2882995282 0.5018171418 0)
(0.5332524104 0.4443897835 0)
(0.5092348485 0.4619239565 0)
(0.5019343838 0.4913768315 0)
(0.5217443832 0.6373397845 0)
(0.5306642594 0.2466529595 0)
(0.3914191857 0.2440244605 0)
(0.3896093574 0.3225850838 0)
(0.5364961183 0.03613935801 0)
(0.05934331308 0.03789267972 0)
(0.06256457188 0.9625125383 0)
(0.5403615164 0.9667246386 0)
(0.5678776961 0.22 0)
(0.3896345144 0.3629079027 0)
(0.1392506751 0.9684176492 0)
(0.08727128662 0.7571750386 0)
(0.5662661405 0.183278505 0)
(0.4300999733 0.06862216637 0)
(0.379304977 0.9661650472 0)
(0.4244534353 0.7395496109 0)
(0.5041871269 0.5412472287 0)
(0.4997661887 0.5155058027 0)
(0.5112590022 0.5051366914 0)
(0.4887833226 0.5324918723 0)
(0.4714475208 0.5360909386 0)
(0.4789815207 0.5244981928 0)
(0.4652025258 0.5473594019 0)
(0.4585789649 0.540763151 0)
(0.4748712189 0.5635279134 0)
(0.496952179 0.5036291443 0)
(0.4905806452 0.489173244 0)
(0.4840666263 0.4996101078 0)
(0.488229948 0.5101101785 0)
(0.4958286795 0.478457812 0)
(0.4857874829 0.477389482 0)
(0.4792519776 0.4866265712 0)
(0.4878867177 0.4671872453 0)
(0.4766984241 0.4676255264 0)
(0.4734649007 0.4772736667 0)
(0.3797342782 0.03078977421 0)
(0.4910194352 0.7375136874 0)
(0.4867038108 0.519306255 0)
(0.4790163385 0.5138232936 0)
(0.4825253865 0.5063105159 0)
(0.4529312284 0.5458913092 0)
(0.4472082786 0.5403678186 0)
(0.4524043882 0.5317279641 0)
(0.4411735947 0.5471105837 0)
(0.435607746 0.5395476396 0)
(0.4225073937 0.5345352452 0)
(0.4329363782 0.528028148 0)
(0.4420512077 0.5312888958 0)
(0.4112224847 0.5394900255 0)
(0.4105491213 0.5271756112 0)
(0.4228246032 0.5207568194 0)
(0.3992889521 0.5317408985 0)
(0.06522522431 0.9195865042 0)
(0.5320200223 0.1251728378 0)
(0.08913720794 0.06478372661 0)
(0.03204865863 0.8569255183 0)
(0.2884280847 0.8559750456 0)
(0.5339355179 0.5051742269 0)
(0.2098752724 0.9610681386 0)
(0.4231358005 0.6579107564 0)
(0.4230857795 0.6990026113 0)
(0.2149123963 0.6616434746 0)
(0.0352843441 0.6143071039 0)
(0.3386129334 0.9661704667 0)
(0.4986221279 0.06356367826 0)
(0.09313209064 0.6990100262 0)
(0.1204672318 0.7438453148 0)
(0.4317972116 0.5619766781 0)
(0.5119642612 0.4801182335 0)
(0.4899886401 0.4511386654 0)
(0.465346983 0.4600066858 0)
(0.1826496445 0.9299556852 0)
(0.05874919327 0.8179004547 0)
(0.1396012319 0.02920587114 0)
(0.2330657861 0.7716575994 0)
(0.2038913489 0.784365964 0)
(0.2143268573 0.779585282 0)
(0.2587620454 0.7692507103 0)
(0.1385747982 0.7208918801 0)
(0.1355729748 0.7358113855 0)
(0.1486836243 0.7470407433 0)
(0.2927189706 0.06777264182 0)
(0.4323929498 0.9333744096 0)
(0.4127096707 0.5637570925 0)
(0.3939567186 0.5187124758 0)
(0.4112913522 0.5118889572 0)
(0.4021629868 0.5051640917 0)
(0.4107762458 0.5006594132 0)
(0.419690821 0.5063887024 0)
(0.4042076945 0.4939602645 0)
(0.4116258482 0.4906539153 0)
(0.4197105845 0.4953174949 0)
(0.4073598374 0.4823811549 0)
(0.4144837411 0.4805358499 0)
(0.4215139899 0.4872407648 0)
(0.4018833084 0.4685263801 0)
(0.4172680725 0.4654253069 0)
(0.424856638 0.4744601755 0)
(0.3853958138 0.4637968626 0)
(0.3910398238 0.4963994039 0)
(0.4062462798 0.4508345804 0)
(0.4285238271 0.4597414031 0)
(0.4388090854 0.4524857469 0)
(0.4403916535 0.465414705 0)
(0.4365013918 0.4370288368 0)
(0.4506562368 0.4538376431 0)
(0.4156901177 0.5184827408 0)
(0.4217531026 0.5145618379 0)
(0.4269206195 0.516459562 0)
(0.4260564415 0.5113595877 0)
(0.430771922 0.5129972803 0)
(0.429890246 0.50803858 0)
(0.4345516995 0.5097622464 0)
(0.4337203714 0.5048328466 0)
(0.4384001401 0.5065665183 0)
(0.4375572772 0.5016378596 0)
(0.4422448119 0.5033719663 0)
(0.4414020052 0.4984435506 0)
(0.4460911623 0.5001777999 0)
(0.4452483 0.4952493587 0)
(0.449937818 0.496983622 0)
(0.4507806947 0.5019120649 0)
(0.4490949361 0.4920551789 0)
(0.4546273982 0.4987178871 0)
(0.455470278 0.5036463303 0)
(0.4593169918 0.5004521525 0)
(0.4405587351 0.493515088 0)
(0.458474111 0.4955237093 0)
(0.4516235616 0.5068405079 0)
(0.4563131563 0.5085747734 0)
(0.4392512691 0.5114693805 0)
(0.4524664393 0.5117689511 0)
(0.4571560361 0.5135032166 0)
(0.4631637074 0.4972579748 0)
(0.4640065883 0.5021864179 0)
(0.4623208267 0.4923295316 0)
(0.4328750104 0.4999021869 0)
(0.4678533047 0.4989922402 0)
(0.4533093192 0.5166973943 0)
(0.4579989166 0.5184316597 0)
(0.4618456332 0.515237482 0)
(0.4686961855 0.5039206833 0)
(0.4626885139 0.5201659251 0)
(0.4665352305 0.5169717474 0)
(0.4725429021 0.5007265056 0)
(0.4717000213 0.4957980624 0)
(0.4576312295 0.4905952661 0)
(0.4614779459 0.4874010884 0)
(0.4567883485 0.485666823 0)
(0.4606350651 0.4824726453 0)
(0.4559454677 0.4807383799 0)
(0.459776847 0.4775856753 0)
(0.4551000307 0.4758168489 0)
(0.4512554443 0.4790052665 0)
(0.4504124925 0.4740770153 0)
(0.4465661191 0.477270265 0)
(0.465406159 0.4841929728 0)
(0.4543507473 0.4708672123 0)
(0.4474090571 0.4821985535 0)
(0.4427195146 0.4804641396 0)
(0.4486198162 0.5149632424 0)
(0.4494626183 0.519891591 0)
(0.4447731345 0.5181574624 0)
(0.4318286007 0.5179565477 0)
(0.4588417973 0.5233601029 0)
(0.467366254 0.5219322534 0)
(0.4709911334 0.5187509859 0)
(0.4702978365 0.5137927889 0)
(0.441876643 0.4755356717 0)
(0.4380299466 0.4787297948 0)
(0.4388728306 0.4836582287 0)
(0.4341832388 0.4819239487 0)
(0.4350261209 0.4868523877 0)
(0.4371870707 0.4738013385 0)
(0.4303365258 0.4851181168 0)
(0.4311793825 0.4900465324 0)
(0.4648494689 0.5071148611 0)
(0.4456159101 0.5230857789 0)
(0.4409477777 0.5213773635 0)
(0.4495310886 0.4690799068 0)
(0.4732004759 0.5056866406 0)
(0.4762079957 0.4975633897 0)
(0.4537773889 0.4663803393 0)
(0.4483712206 0.4637900487 0)
(0.4501217828 0.5245987865 0)
(0.4754004953 0.49292266 0)
(0.470879678 0.4909470018 0)
(0.4804552372 0.4950613058 0)
(0.4589928515 0.4667113238 0)
(0.429493645 0.4801896737 0)
(0.4251849407 0.5066974433 0)
(0.4460619801 0.5278408152 0)
(0.426375671 0.4883981791 0)
(0.4274203683 0.4932367529 0)
(0.4723478501 0.5237393306 0)
(0.4687909309 0.5277218387 0)
(0.4227798092 0.4918915751 0)
(0.4255727981 0.4835452738 0)
(0.4636035801 0.5252234965 0)
(0.4597996273 0.5276052398 0)
(0.4435624126 0.4853925362 0)
(0.4592203126 0.4725677856 0)
(0.4638792976 0.4686273026 0)
(0.441546199 0.5262358204 0)
(0.452098664 0.4839327931 0)
(0.464477471 0.4793245299 0)
(0.4694195167 0.4808904223 0)
(0.4683284982 0.4760842898 0)
(0.4743749946 0.4828189435 0)
(0.4701330545 0.4860125002 0)
(0.4774632383 0.5028992186 0)
(0.4457219986 0.4723367846 0)
(0.4410722362 0.4705686805 0)
(0.4546677555 0.5271935678 0)
(0.4540670316 0.521695517 0)
(0.4334123213 0.4770821715 0)
(0.4326373862 0.4727920082 0)
(0.4670141802 0.4940766941 0)
(0.447776841 0.5100346857 0)
(0.4662053074 0.4891599648 0)
(0.4601598726 0.5053805957 0)
(0.4656783313 0.5120458408 0)
(0.4610004164 0.5103094616 0)
(0.469491827 0.5088573678 0)
(0.4739617654 0.5108829389 0)
(0.4482520232 0.4871267695 0)
(0.4358690038 0.4917808253 0)
(0.4537845169 0.493789444 0)
(0.4529416197 0.4888610458 0)
(0.4444053192 0.4903209132 0)
(0.439715737 0.4885866632 0)
(0.4469340958 0.5051061283 0)
(0.4400835083 0.5164231622 0)
(0.4367140295 0.4967090571 0)
(0.4320388988 0.4949740767 0)
(0.4283383192 0.4981497031 0)
(0.4430896413 0.5082963706 0)
(0.4439323684 0.5132240507 0)
(0.429085933 0.5031652204 0)
(0.4280132648 0.520865981 0)
(0.437079572 0.5245456622 0)
(0.4244539483 0.5015350166 0)
(0.4190782066 0.501040607 0)
(0.4354693033 0.5146744007 0)
(0.4363704602 0.5196633649 0)
(0.4363441974 0.468872875 0)
(0.4571375595 0.4599470006 0)
(0.4643582781 0.5309922783 0)
(0.474685523 0.488231656 0)
(0.4328262108 0.5227418778 0)
(0.4722695059 0.4721531605 0)
(0.4698550731 0.4663380147 0)
(0.4629311579 0.4486045361 0)
(0.4745962674 0.5161494431 0)
(0.4635468775 0.4745988632 0)
(0.4741649697 0.5294959185 0)
(0.423630206 0.4968618583 0)
(0.426921285 0.5268999816 0)
(0.4476057249 0.5333502336 0)
(0.4382848784 0.5288558027 0)
(0.4450176395 0.4682380251 0)
(0.4202797392 0.4820967972 0)
(0.4183684779 0.4752756223 0)
(0.2106484781 0.8541040653 0)
(0.1957227766 0.8484538656 0)
(0.1888303178 0.8356985551 0)
(0.4914612548 0.9331885989 0)
(0.22 0.02657627151 0)
(0.1803791107 0.8677224309 0)
(0.4794210656 0.480523238 0)
(0.485225264 0.4843368832 0)
(0.4832456191 0.4901499016 0)
(0.4978728631 0.5609463474 0)
(0.1245119157 0.7316994956 0)
(0.1327158084 0.7507547047 0)
(0.1098552403 0.7340981723 0)
(0.4785154463 0.519014939 0)
(0.4860999614 0.4939429529 0)
(0.1298953058 0.7428804541 0)
(0.1221575824 0.754096505 0)
(0.112203856 0.7510446619 0)
(0.1124515172 0.7605670151 0)
(0.1222354308 0.7637749948 0)
(0.1038508048 0.7579042668 0)
(0.1059621802 0.7677883037 0)
(0.1152495267 0.7701817943 0)
(0.1393403004 0.7469843983 0)
(0.1411654738 0.754521097 0)
(0.1336706391 0.7565749018 0)
(0.1451939917 0.7376988947 0)
(0.1632385358 0.7412766008 0)
(0.1580454284 0.7526147687 0)
(0.168904455 0.7302720922 0)
(0.1737308843 0.7417649368 0)
(0.1683088874 0.7502862456 0)
(0.02844780547 0.2525963186 0)
(0.4301836303 0.5345207534 0)
(0.4185348857 0.5275932066 0)
(0.07271886228 0.7774713195 0)
(0.0964613394 0.7688072842 0)
(0.1012005803 0.7774727008 0)
(0.09481550282 0.7873071852 0)
(0.1055094544 0.7860368548 0)
(0.1073403476 0.7749735943 0)
(0.08510451017 0.7894994956 0)
(0.08926646843 0.7993654693 0)
(0.1017699915 0.796990227 0)
(0.08048616387 0.801768499 0)
(0.08793285209 0.8105261879 0)
(0.1000023087 0.8079042123 0)
(0.09626976778 0.8180329213 0)
(0.1045987083 0.8155203464 0)
(0.0855061034 0.8205364988 0)
(0.07450448675 0.8133762128 0)
(0.09389514268 0.8288331166 0)
(0.102518829 0.8266301245 0)
(0.1094392399 0.8216042608 0)
(0.1075454445 0.8319824502 0)
(0.1105329695 0.8384646027 0)
(0.1177695614 0.8347272678 0)
(0.1185599512 0.8413763902 0)
(0.1233015709 0.8366121152 0)
(0.1224785527 0.8311292796 0)
(0.127306613 0.8328458942 0)
(0.1262198126 0.8277948813 0)
(0.1309957029 0.8293677069 0)
(0.1299546147 0.8244562453 0)
(0.1346970382 0.8259959454 0)
(0.1336419319 0.8211057473 0)
(0.1383962142 0.8226385812 0)
(0.1373438124 0.8177505617 0)
(0.1421026225 0.8192823751 0)
(0.1410492605 0.8143945876 0)
(0.1458087147 0.8159262574 0)
(0.1447553489 0.8110384747 0)
(0.149514955 0.8125701115 0)
(0.1484615685 0.8076823332 0)
(0.1437019357 0.8061507022 0)
(0.1474081784 0.8027945556 0)
(0.1532211949 0.8092139655 0)
(0.1426485446 0.8012629249 0)
(0.1463547914 0.7979067774 0)
(0.1415951581 0.7963751466 0)
(0.1453014057 0.793018999 0)
(0.1500610387 0.7945506299 0)
(0.1490076534 0.7896628513 0)
(0.1537672864 0.7911944823 0)
(0.1378889102 0.7997312942 0)
(0.154274581 0.8141017439 0)
(0.1579808276 0.8107455965 0)
(0.1405417725 0.791487368 0)
(0.1527139011 0.7863067037 0)
(0.1574735342 0.7878383346 0)
(0.1590342128 0.8156333751 0)
(0.1627404603 0.8122772275 0)
(0.1431559997 0.8241698019 0)
(0.1564201489 0.782950556 0)
(0.161179782 0.7844821869 0)
(0.1516605159 0.7814189251 0)
(0.1622331672 0.7893699655 0)
(0.165939415 0.7860138179 0)
(0.1669928002 0.7909015965 0)
(0.1601263968 0.7795944083 0)
(0.1289048364 0.8195684186 0)
(0.1637938456 0.8171650061 0)
(0.1675000934 0.8138088584 0)
(0.1600875978 0.8205211537 0)
(0.1706990481 0.7875454488 0)
(0.1717524333 0.7924332274 0)
(0.1648472308 0.8220527847 0)
(0.161140983 0.8254089323 0)
(0.1696456628 0.7826576702 0)
(0.1744052959 0.7841893011 0)
(0.1733519106 0.7793015225 0)
(0.1357599505 0.830867205 0)
(0.1659006161 0.8269405633 0)
(0.1696068639 0.8235844156 0)
(0.1621943683 0.8302967109 0)
(0.1781115437 0.7808331535 0)
(0.1791649289 0.7857209321 0)
(0.12879289 0.837945561 0)
(0.1770581585 0.7759453749 0)
(0.1722985254 0.774413744 0)
(0.1760047732 0.7710575963 0)
(0.1807263227 0.7727075741 0)
(0.1828711767 0.7823647844 0)
(0.183924562 0.787252563 0)
(0.1632865524 0.7942577441 0)
(0.1712451402 0.7695259654 0)
(0.1706602491 0.8284721942 0)
(0.1743664969 0.8251160465 0)
(0.1664467081 0.8089210798 0)
(0.1712063412 0.8104527107 0)
(0.1362897297 0.8128629324 0)
(0.1574347352 0.82876508 0)
(0.1584311443 0.8335899389 0)
(0.1629890096 0.8351792851 0)
(0.1537189914 0.8321107411 0)
(0.174951388 0.7661698177 0)
(0.1547138178 0.8369338522 0)
(0.1500093145 0.8354631019 0)
(0.1217911549 0.8260682638 0)
(0.1569274422 0.805857818 0)
(0.1701529559 0.8055649321 0)
(0.174912589 0.807096563 0)
(0.1759659742 0.8119843416 0)
(0.179672222 0.8086281939 0)
(0.1807256073 0.8135159725 0)
(0.1844318551 0.8101598248 0)
(0.1854852403 0.8150476034 0)
(0.1833784698 0.8052720463 0)
(0.1881381029 0.8068036772 0)
(0.1870847176 0.8019158986 0)
(0.1918443506 0.8034475295 0)
(0.1928841793 0.8083382297 0)
(0.1974444896 0.805091156 0)
(0.1907909654 0.798559751 0)
(0.1823250846 0.8003842677 0)
(0.1510621282 0.8403502494 0)
(0.1555554363 0.8416924829 0)
(0.1463108491 0.8388284222 0)
(0.170191755 0.7646381868 0)
(0.1664855072 0.7679943344 0)
(0.1654321219 0.7631065558 0)
(0.1617258741 0.7664627035 0)
(0.1754198822 0.8300038251 0)
(0.17911726 0.8266497985 0)
(0.1876308098 0.7838964153 0)
(0.1738500674 0.7610195066 0)
(0.178991022 0.7629200416 0)
(0.1473926892 0.843747142 0)
(0.1425510812 0.8421765636 0)
(0.1717106918 0.8333691171 0)
(0.176472777 0.8348931277 0)
(0.1865774245 0.7790086367 0)
(0.1548206716 0.7960822608 0)
(0.1653933229 0.8040333012 0)
(0.1738592037 0.8022087845 0)
(0.1802183141 0.7906087106 0)
(0.188684195 0.7887841939 0)
(0.1526735208 0.8272317028 0)
(0.1452593424 0.8339421731 0)
(0.1437318677 0.8476486327 0)
(0.1387130946 0.8457165294 0)
(0.1396076848 0.8505423964 0)
(0.1727670196 0.8382477513 0)
(0.1914156366 0.7805233328 0)
(0.1902836724 0.7756524891 0)
(0.137803492 0.8405927546 0)
(0.1776698277 0.8403510103 0)
(0.1606994807 0.7616047324 0)
(0.1569707397 0.7649360405 0)
(0.1580203761 0.7698196792 0)
(0.153260868 0.7682881862 0)
(0.1522075036 0.7634004306 0)
(0.1485003602 0.7667555893 0)
(0.1495538912 0.7716435289 0)
(0.1447941367 0.7701117638 0)
(0.1437407312 0.7652239628 0)
(0.1400344841 0.7685801113 0)
(0.1410878694 0.77346789 0)
(0.1363282315 0.7719362537 0)
(0.1373816176 0.7768240332 0)
(0.1326219839 0.7752924015 0)
(0.1336753691 0.7801801801 0)
(0.1289157359 0.778648549 0)
(0.1299691212 0.7835363276 0)
(0.1252094881 0.7820046967 0)
(0.1262628733 0.7868924753 0)
(0.1215032403 0.7853608443 0)
(0.1225566255 0.7902486229 0)
(0.1273162585 0.7917802539 0)
(0.1236100107 0.7951364015 0)
(0.1188503777 0.7936047706 0)
(0.1199037629 0.7984925492 0)
(0.124663396 0.8000241801 0)
(0.1209571481 0.8033803278 0)
(0.1161975151 0.8018486969 0)
(0.1172509003 0.8067364754 0)
(0.1257167812 0.8049119587 0)
(0.1241561029 0.7771169181 0)
(0.1315685985 0.7704046228 0)
(0.1124912673 0.8052048445 0)
(0.1135446525 0.8100926231 0)
(0.1183042855 0.811624254 0)
(0.1421412507 0.7783556643 0)
(0.1114378821 0.8003170659 0)
(0.1948086739 0.7763550742 0)
(0.1943476825 0.7700676038 0)
(0.1337918169 0.843914692 0)
(0.129423029 0.8015558111 0)
(0.1347287542 0.7850679586 0)
(0.1733131117 0.8202282679 0)
(0.1817791512 0.8184039264 0)
(0.1865331154 0.8199532851 0)
(0.1902621301 0.8165783012 0)
(0.1913138053 0.8214843319 0)
(0.1951135571 0.8180873633 0)
(0.1876042253 0.8248893639 0)
(0.1929043663 0.8265260588 0)
(0.1304764138 0.8064435892 0)
(0.1267700828 0.809799645 0)
(0.1146375703 0.8148575519 0)
(0.1193449191 0.8164701997 0)
(0.113955178 0.8488091749 0)
(0.1088646202 0.8084353126 0)
(0.1391626934 0.7636447018 0)
(0.1160701528 0.8196999346 0)
(0.1778475466 0.7567886888 0)
(0.1833399484 0.7592591568 0)
(0.1844464743 0.7655779988 0)
(0.1909370658 0.7627476921 0)
(0.1146626685 0.8271082341 0)
(0.1483891454 0.8482781073 0)
(0.1428411081 0.7600639711 0)
(0.1643777748 0.7583519402 0)
(0.125111003 0.8421006721 0)
(0.1734157438 0.8429812841 0)
(0.1683845201 0.8419251968 0)
(0.1697051928 0.8474244491 0)
(0.1640370703 0.8458147306 0)
(0.1660571746 0.8526291338 0)
(0.1598785559 0.8491996887 0)
(0.1634664913 0.8403093648 0)
(0.1596529065 0.857075231 0)
(0.1676497749 0.862915223 0)
(0.1415435596 0.8372715892 0)
(0.16779132 0.836798741 0)
(0.1828230146 0.823307876 0)
(0.1341826617 0.8030874415 0)
(0.1331292768 0.7981996633 0)
(0.1368355247 0.7948435157 0)
(0.123061681 0.8131487888 0)
(0.1849779472 0.7921403415 0)
(0.1543136735 0.7731753247 0)
(0.1680461855 0.795789375 0)
(0.1458475269 0.7749995479 0)
(0.1469008879 0.7798872997 0)
(0.143194636 0.7832434429 0)
(0.1489643114 0.8305845855 0)
(0.1384350022 0.7817118112 0)
(0.1394883874 0.7865995897 0)
(0.1798936888 0.7680626982 0)
(0.1310225064 0.7884241062 0)
(0.166897126 0.8318386467 0)
(0.1077845903 0.8036437134 0)
(0.1506072099 0.7765312339 0)
(0.1675388924 0.772882113 0)
(0.1627793843 0.7713506201 0)
(0.1204498551 0.7804730658 0)
(0.1167436072 0.7838292134 0)
(0.1157364209 0.778992453 0)
(0.1123259275 0.7823540497 0)
(0.1132911119 0.7871523677 0)
(0.1194383176 0.7756315003 0)
(0.1231422131 0.7724617877 0)
(0.1520031756 0.845033128 0)
(0.1220101465 0.8082669083 0)
(0.1801513816 0.8315187743 0)
(0.1474727526 0.7618226082 0)
(0.1511265773 0.7586009113 0)
(0.1463328354 0.7567784465 0)
(0.1096821295 0.8129532781 0)
(0.1924035393 0.7854252238 0)
(0.1932756929 0.7903520603 0)
(0.1648860298 0.7811260393 0)
(0.1585269194 0.7927261132 0)
(0.1563810864 0.8238770104 0)
(0.1516214113 0.8223453309 0)
(0.1178392845 0.7887114931 0)
(0.1818114442 0.7774967303 0)
(0.1854439579 0.7742617322 0)
(0.1151441299 0.7969609183 0)
(0.1104585472 0.7954133284 0)
(0.1559097134 0.7601905541 0)
(0.1595803046 0.7976138918 0)
(0.1141524271 0.7920640645 0)
(0.1092051662 0.7899765013 0)
(0.1891921048 0.8116917872 0)
(0.1940341911 0.8131875645 0)
(0.1997388067 0.8142647763 0)
(0.2010734746 0.8205293876 0)
(0.2067778529 0.8156738632 0)
(0.20968818 0.8244825222 0)
(0.2040161954 0.808114476 0)
(0.2024708419 0.7999592156 0)
(0.2138218303 0.8016416114 0)
(0.2101844899 0.791505421 0)
(0.2013651524 0.7924657945 0)
(0.1479542691 0.7847750739 0)
(0.1067285686 0.7987372458 0)
(0.1028978047 0.8027819281 0)
(0.1786188368 0.8037404154 0)
(0.1754586811 0.7890770797 0)
(0.1780727447 0.8217598988 0)
(0.1553668261 0.7780628463 0)
(0.1278689333 0.7737995452 0)
(0.1685534786 0.818696637 0)
(0.1352851321 0.7671026323 0)
(0.1299614595 0.7652513256 0)
(0.1685922776 0.7777698916 0)
(0.1283696438 0.7966680324 0)
(0.1265622531 0.7693167244 0)
(0.1590732169 0.7747068565 0)
(0.1690915156 0.7596621421 0)
(0.1765120663 0.7939648583 0)
(0.1638326839 0.7762383041 0)
(0.1722597264 0.8153404893 0)
(0.1320758916 0.7933118848 0)
(0.1770193859 0.8168721494 0)
(0.1357821395 0.7899557372 0)
(0.1442480207 0.7881312208 0)
(0.1553278702 0.8189894177 0)
(0.1511144243 0.7994384084 0)
(0.1389422967 0.804619072 0)
(0.1616870752 0.8073894489 0)
(0.1521678109 0.8043261867 0)
(0.1558740572 0.8009700393 0)
(0.16063369 0.8025016703 0)
(0.1505682698 0.8174578153 0)
(0.1643399377 0.7991455227 0)
(0.1690995707 0.8006771536 0)
(0.1728058185 0.7973210059 0)
(0.1775654516 0.7988526368 0)
(0.1812716994 0.7954964892 0)
(0.1860313324 0.7970281201 0)
(0.1897095577 0.7936780117 0)
(0.1942456635 0.7952578159 0)
(0.1955505983 0.8000913818 0)
(0.1315297991 0.8113313679 0)
(0.1442092227 0.8290579674 0)
(0.1399957695 0.8095068312 0)
(0.1352361117 0.8079752057 0)
(0.1468620869 0.8208140306 0)
(0.1479144255 0.8257005699 0)
(0.1241213491 0.8180178179 0)
(0.13258886 0.8162176651 0)
(0.1278294347 0.8146806172 0)
(0.1394540525 0.827523831 0)
(0.1405094719 0.832389817 0)
(0.1227000683 0.848226955 0)
(0.132105206 0.8342325803 0)
(0.1838315911 0.8281909831 0)
(0.1298865351 0.8533904365 0)
(0.135118435 0.8628012548 0)
(0.1500998376 0.7536238845 0)
(0.1451244143 0.7517897139 0)
(0.1368494861 0.8356933962 0)
(0.1252144784 0.8228628981 0)
(0.1207044181 0.8212626972 0)
(0.2027153267 0.7499994523 0)
(0.2023277605 0.7742986651 0)
(0.2003231205 0.7635081711 0)
(0.1973689964 0.7877914387 0)
(0.1100435656 0.8622038509 0)
(0.1813797626 0.8363702585 0)
(0.1852230195 0.842424032 0)
(0.1344455467 0.761932684 0)
(0.1299923875 0.7598626223 0)
(0.1266447022 0.762620009 0)
(0.13322335 0.8390274193 0)
(0.1970359926 0.7814599498 0)
(0.1272864483 0.8744852383 0)
(0.1887039906 0.8300334688 0)
(0.1591905177 0.8383377556 0)
(0.1597810546 0.7568659914 0)
(0.1764710788 0.7495875397 0)
(0.1343575653 0.8492938155 0)
(0.1632851763 0.7536362101 0)
(0.1725140231 0.7549526355 0)
(0.1845794087 0.832362408 0)
(0.118794764 0.7711963053 0)
(0.1949585262 0.8330029573 0)
(0.1153976421 0.7744849572 0)
(0.1175039321 0.7656293512 0)
(0.1060691661 0.793801903 0)
(0.2288427638 0.806680519 0)
(0.08854999821 0.8444131261 0)
(0.1015471089 0.7904071293 0)
(0.09489023825 0.7943346061 0)
(0.1111289853 0.8175994508 0)
(0.113096166 0.8227733521 0)
(0.1029117458 0.8480576454 0)
(0.1975884053 0.8098622832 0)
(0.1290540229 0.8466212691 0)
(0.1546729245 0.7557352183 0)
(0.122092952 0.7680751625 0)
(0.1049735129 0.80679591 0)
(0.1998118918 0.8275774833 0)
(0.1599346126 0.8433275168 0)
(0.2192249103 0.8368937772 0)
(0.1053182406 0.8112143836 0)
(0.196043419 0.822840925 0)
(0.1569934791 0.8675001584 0)
(0.1379570037 0.7584370858 0)
(0.1175141899 0.824295015 0)
(0.4529046777 0.537278032 0)
(0.4582733327 0.5331223405 0)
(0.1839066348 0.7702743611 0)
(0.1882275813 0.7697636462 0)
(0.1987566242 0.7965820425 0)
(0.159456963 0.7157275026 0)
(0.1534550089 0.7497061451 0)
(0.3784362517 0.5288776063 0)
(0.1001287095 0.8128631298 0)
(0.1533644149 0.8514513582 0)
(0.1448810497 0.8550526013 0)
(0.413514198 0.506074289 0)
(0.1269133851 0.7492544212 0)
(0.4219656117 0.5098896433 0)
(0.1298173418 0.8421148927 0)
(0.1840827344 0.7319832147 0)
(0.239094848 0.8187098446 0)
(0.1947579282 0.8399377003 0)
(0.09588774085 0.8033637737 0)
(0.4640371281 0.5372743444 0)
(0.5081890541 0.4396404127 0)
(0.2682755147 0.9701368545 0)
(0.4781755334 0.5084167068 0)
(0.1116482555 0.7773816611 0)
(0.1068280761 0.7810143851 0)
(0.1183321223 0.8290090772 0)
(0.4178600414 0.4917551098 0)
(0.4145256831 0.4957129848 0)
(0.2227173868 0.7480916271 0)
(0.1093270804 0.8260128421 0)
(0.1094582879 0.7853993025 0)
(0.4427651197 0.4594405153 0)
(0.4419095978 0.5376409431 0)
(0.0955900605 0.8108539708 0)
(0.08298573603 0.7692210963 0)
(0.05196447418 0.3124683968 0)
(0.1949438061 0.7386240551 0)
(0.4356657798 0.4623962801 0)
(0.429196921 0.46849561 0)
(0.4291506297 0.4753094331 0)
(0.4675758505 0.4715603262 0)
(0.4914435403 0.4969287133 0)
(0.0292820323 0.9707179677 0)
(0.0292820323 0.0292820323 0)
(0.5707179677 0.0292820323 0)
(0.5707179677 0.9707179677 0)
(0.1905096238 0.7521674763 0)
(0.4799804468 0.5352174724 0)
(0.1543464079 0.7427087517 0)
(0.4253068668 0.4788369598 0)
(0.1000543253 0.783550482 0)
(0.1248781304 0.7591139258 0)
(0.1283879888 0.7549428468 0)
(0.4172675963 0.5109932998 0)
(0.1823217172 0.7525612861 0)
(0.05261449026 0.838715252 0)
(0.4443245644 0.5786724546 0)
(0.1189076822 0.7596342968 0)
(0.1286159437 0.7010781276 0)
(0.1677104126 0.7553865432 0)
(0.2337224988 0.8326157427 0)
(0.136428384 0.854547337 0)
(0.06026230405 0.6857029107 0)
(0.4157811123 0.4861684218 0)
(0.1198547146 0.9407228277 0)
(0.4789564512 0.474056323 0)
(0.4798549921 0.4995735856 0)
(0.3765746949 0.4873033372 0)
(0.1055471018 0.820899991 0)
(0.1562934004 0.8461272274 0)
(0.398053033 0.05516200651 0)
(0.1118706145 0.7666202508 0)
(0.4775528827 0.4603349008 0)
(0.4104923602 0.473482007 0)
(0.3007410038 0.74 0)
(0.4873384286 0.5032606347 0)
(0.1364565612 0.7538851589 0)
(0.5197206685 0.4924611226 0)
(0.05651529256 0.52 0)
(0.4828859958 0.510897633 0)
(0.05645566442 0.48 0)
(0.4449516277 0.4221488719 0)
(0.05686977685 0.2413844215 0)
(0.05639307958 0.56 0)
(0.05639007568 0.44 0)
(0.1130283078 0.8312174124 0)
(0.05798967861 0.4018968846 0)
(0.05762599237 0.363696838 0)
(0.02639076389 0.306776853 0)
(0.05654061276 0.2013560369 0)
(0.05665879068 0.1612364319 0)
(0.05716734206 0.1212170572 0)
(0.0899005639 0.9408919135 0)
(0.09460249125 0.7205950201 0)
(0.2150253072 0.8125739026 0)
(0.154049985 0.8801813984 0)
(0.1601132408 0.7483714537 0)
(0.1980863399 0.7223998469 0)
(0.18519221 0.8543666705 0)
(0.4788510433 0.4908764317 0)
(0.07494535019 0.7450077951 0)
(0.02788197192 0.671707008 0)
(0.463217653 0.5816352659 0)
(0.4999029071 0.5288091486 0)
(0.4368289064 0.5333136971 0)
(0.1112447611 0.7719050936 0)
(0.17805332 0.8469919452 0)
(0.5404173973 0.4078072372 0)
(0.1445306107 0.8690013235 0)
(0.1027411119 0.7722604707 0)
(0.1084772995 0.7629739661 0)
(0.1200329785 0.0542030227 0)
(0.0575459594 0.08082138449 0)
(0.4750864436 0.5204305783 0)
(0.4054898748 0.5188607959 0)
(0.1962716916 0.7565451558 0)
(0.1055582797 0.7900304802 0)
(0.3240379282 0.05621477553 0)
(0.4818392078 0.5025149085 0)
(0.05637446622 0.7448319053 0)
(0.1250395357 0.765790825 0)
(0.4500921143 0.5286109927 0)
(0.1970024259 0.7924898304 0)
(0.5409554648 0.3543669566 0)
(0.03975425992 0.8023549065 0)
(0.6 0.578185397 0.1264066454)
(0.6 0.6968482023 0.1249153353)
(0.6 0.8244125168 0.1261905999)
(0.6 0.8996730793 0.03445226839)
(0.6 0.26 0.1253589838)
(0.6 0.38 0.1253589838)
(0.6 0.4631517977 0.03508466468)
(0.6 0.1 0.03464101615)
(0.6 0.1755874832 0.03380940009)
(0.6 0.5355874832 0.03380940009)
(0.6 0.74 0.03736002549)
(0.6 0.66 0.03464101615)
(0.6 0.34 0.03464101615)
(0.6 0.14 0.1253589838)
(0.6 0.5 0.1253589838)
(0.6 0.82 0.03464101615)
(0.6 0.9 0.1253589838)
(0.6 0.26 0.03464101615)
(0.6 0.06016949477 0.1261291182)
(0.6 0.03162824947 0.05747042775)
(0.6 0.9616288476 0.06360524715)
(0.6 0.8599455132 0.03460955819)
(0.6 0.8799364321 0.06755048667)
(0.6 0.9192384757 0.06466602871)
(0.6 0.8417949272 0.06794053686)
(0.6 0.8 0.0692820323)
(0.6 0.8606333482 0.1034209652)
(0.6 0.62 0.03464101615)
(0.6 0.64 0.06758718763)
(0.6 0.5955874832 0.06820829557)
(0.6 0.68 0.0692820323)
(0.6 0.66 0.1039230485)
(0.6 0.5785291611 0.03262861268)
(0.6 0.5396975662 0.1255335941)
(0.6 0.5181349914 0.09179473091)
(0.6 0.48 0.0907179677)
(0.6 0.5 0.05607695155)
(0.6 0.5596218169 0.09054680812)
(0.6 0.4205252996 0.03471495757)
(0.6 0.4387629535 0.06814932538)
(0.6 0.3998813755 0.06741072671)
(0.6 0.42 0.1039230485)
(0.6 0.3800677792 0.03434145546)
(0.6 0.3599915258 0.06722537658)
(0.6 0.3199985876 0.06893925635)
(0.6 0.34 0.1039230485)
(0.6 0.2933330979 0.09946422554)
(0.6 0.7394747004 0.1252850424)
(0.6 0.7224246112 0.09463291795)
(0.6 0.764683847 0.09209829931)
(0.6 0.1000282491 0.1254873396)
(0.6 0.1200047082 0.09243420499)
(0.6 0.1581861817 0.09205166875)
(0.6 0.1393637605 0.05657817564)
(0.6 0.4558410883 0.124647427)
(0.6 0.9422272429 0.1282068479)
(0.6 0.179697697 0.1255812674)
(0.6 0.2 0.0907179677)
(0.6 0.2192645805 0.0328075688)
(0.6 0.2354824233 0.06818849519)
(0.6 0.2181350132 0.1264436926)
(0.6 0.0797880654 0.09538811449)
(0.6 0.6210425399 0.125230809)
(0.6 0.698185397 0.03404652287)
(0.6 0.2999997646 0.03458388683)
(0.6 0.781814603 0.03404652287)
(0.6 0.2781356456 0.06659514341)
(0.6 0.7814285107 0.1274101629)
(0.6 0.9385430617 0.03200092943)
(0.6 0.05765461541 0.03089783417)
(0.6 0.03579173263 0.09712228237)
(0.6 0.9684546796 0.1029426205)
(0.6 0.7407253529 0.06816982279)
(0.6 0.6208203436 0.09278017688)
(0.6 0.3039682259 0.1320882898)
(0.6 0.26 0.09375398039)
(0.6 0.8994231822 0.09194715505)
(0.6 0.3799745803 0.09356823681)
(0.6 0.1005962778 0.0679324399)
(0.6 0.3407936452 0.1362740644)
(0.6 0.66 0.1355280519)
(0.6 0.1999712031 0.05871321055)
(0.6 0.14 0.02447194809)
(0.6 0.5 0.02447194809)
(0.6 0.42 0.1355280519)
(0.6 0.5598861754 0.05852923362)
(0.6 0.86 0.1355280519)
(0.6 0.8000735367 0.1013130559)
(0.6 0.9707179677 0.1307179677)
(0.6 0.0292820323 0.0292820323)
(0.6 0.9707179677 0.0292820323)
(0.6 0.0292820323 0.1307179677)
(0.6 0.06568356006 0.06397144347)
(0.6 0.931828738 0.09612114719)
(0.6 0.710453662 0.06496477255)
(0.6 0.5950515161 0.100634547)
(0.6 0.2347234873 0.1008926239)
(0.6 0.4514630848 0.09517037809)
(0.6 0.1746217257 0.06637408455)
(0.6 0.5346460934 0.06615142486)
(0.6 0.6908736479 0.09541643141)
(0.6 0.4697911864 0.06410098205)
(0.6 0.8253828658 0.09362943804)
(0.6 0.7654447606 0.06019134055)
(0.2367413944 0.7253036424 0.08044408709)
(0.3831850986 0.5724288401 0.080833804)
(0.460054886 0.5956091894 0.08752362247)
(0.3576393933 0.4736306476 0.08079040054)
(0.5352252722 0.5416854111 0.0694264548)
(0.1650703516 0.686220515 0.08208453632)
(0.5054352454 0.4449925158 0.0767707784)
(0.3982767721 0.4178546435 0.09270762702)
(0.2575596775 0.806212268 0.09123006436)
(0.13895838 0.9123922302 0.08547035367)
(0.2269163781 0.8782841876 0.08127062641)
(0.196850643 0.7252943017 0.1042696692)
(0.09270534376 0.7030323109 0.07465744699)
(0.3819553826 0.5135247033 0.1062030533)
(0.05865230209 0.841229854 0.1043710302)
(0.225141545 0.7627079872 0.1091170489)
(0.4218575799 0.5533543918 0.1138288251)
(0.3937873212 0.4549550152 0.1107177412)
(0.4871246096 0.564356051 0.1064871563)
(0.4579617467 0.4250463424 0.105090621)
(0.1743944799 0.8795299002 0.1099935974)
(0.5270562372 0.4954311577 0.1069341206)
(0.2235739198 0.8405974136 0.1133887591)
(0.06026556048 0.7681142507 0.09579323584)
(0.4548969209 0.5522820589 0.1230689361)
(0.1387231402 0.7143992607 0.1114999719)
(0.4295748746 0.5628577198 0.06862004816)
(0.2298425372 0.7748192429 0.06539284606)
(0.3989836543 0.457770546 0.06374591787)
(0.08817742887 0.8721837991 0.06634327911)
(0.1964643004 0.7302255869 0.05641215712)
(0.384752775 0.5281525013 0.06154315402)
(0.07856337345 0.7592882148 0.04317480801)
(0.06118201918 0.8090255965 0.05154548424)
(0.494165682 0.562824388 0.0581812649)
(0.1140039444 0.8766247414 0.1140988633)
(0.4966137342 0.5200181693 0.05345661374)
(0.509935172 0.4763007702 0.04426756877)
(0.1218419178 0.7186598227 0.04180087152)
(0.1966768124 0.7522950596 0.1273886096)
(0.2242554297 0.831722364 0.07053306057)
(0.1763797018 0.8875829745 0.06017587829)
(0.2018707015 0.7573610594 0.03118791582)
(0.1689006529 0.7369763323 0.1279776774)
(0.2233481408 0.7939199263 0.1319052839)
(0.3971604528 0.4864444665 0.1320504972)
(0.4638223466 0.423565603 0.04238515089)
(0.4046290005 0.467906969 0.03154085164)
(0.09474371622 0.7401268135 0.1158569066)
(0.4069348685 0.5284878908 0.1271537134)
(0.3443237648 0.6531841434 0.05927787062)
(0.2220328765 0.8023578177 0.09158757984)
(0.4255780603 0.4523318801 0.1297566751)
(0.1366288965 0.8722131875 0.03317951558)
(0.1352937568 0.8723351041 0.0760289689)
(0.4958422958 0.5323802276 0.08574747165)
(0.4556609731 0.4510169712 0.1362787517)
(0.4909214766 0.4588101895 0.1235663731)
(0.4236543488 0.4505896477 0.0950281617)
(0.4059928745 0.5282823521 0.03166971503)
(0.2139484045 0.8213814157 0.02747368224)
(0.2020788577 0.8511543998 0.04414231413)
(0.1958130208 0.8588344335 0.08205728055)
(0.4334735454 0.4450075075 0.03726735592)
(0.3964102116 0.4982730878 0.03859581462)
(0.219495497 0.7863370855 0.03108066716)
(0.4057374797 0.5365747914 0.09630587895)
(0.4554090323 0.5551609786 0.09037989382)
(0.398820336 0.4886928832 0.09642423693)
(0.08089878294 0.7979417013 0.1260726996)
(0.1180559317 0.85354537 0.1329060218)
(0.08884248777 0.8365490263 0.125403592)
(0.1479316375 0.871517543 0.12099678)
(0.09728462955 0.8474152447 0.09106251139)
(0.1870706169 0.8476174963 0.1355082366)
(0.4827761248 0.5391717733 0.02753320902)
(0.4541345661 0.5597119182 0.04052047877)
(0.1529553759 0.7226995192 0.07416601951)
(0.1826568482 0.8561237439 0.1092041194)
(0.08611593859 0.8006202488 0.03001771303)
(0.08460616539 0.8395156929 0.03890260971)
(0.1620902758 0.7334065716 0.03522489219)
(0.4652230794 0.4541816754 0.1079292892)
(0.4713920567 0.4486657857 0.07332413349)
(0.09241112043 0.7466890683 0.07558978081)
(0.1955356312 0.7531507712 0.09865529098)
(0.2015349255 0.7630032067 0.06842966495)
(0.162892651 0.8624444946 0.08519240495)
(0.07962250021 0.80952226 0.09618733896)
(0.5064347055 0.5137033735 0.1181826571)
(0.0919179599 0.779911643 0.1383319205)
(0.08564723561 0.7789203223 0.1040273997)
(0.1703468087 0.7374352312 0.09933616685)
(0.1376500677 0.7385807463 0.1311670407)
(0.4798738898 0.457162465 0.04695824512)
(0.4158172072 0.5349974648 0.0601133043)
(0.2059219595 0.7762042752 0.1352426735)
(0.3241066689 0.5310870977 0.107300504)
(0.2606101666 0.6210682992 0.07605320434)
(0.105135002 0.7605771469 0.02217628634)
(0.1072817851 0.7513801899 0.04974332669)
(0.08479852954 0.7850632377 0.06683504306)
(0.1206951475 0.7442329639 0.07249421996)
(0.2148649508 0.8046771514 0.05914728735)
(0.1214895157 0.7434012957 0.09945593733)
(0.401764445 0.498510795 0.06672682559)
(0.4720011111 0.5392798515 0.1358143316)
(0.1684650962 0.8588494369 0.02486575001)
(0.1603922742 0.8603043857 0.05164002938)
(0.08911143852 0.8251964786 0.06617720859)
(0.1143597584 0.8556521845 0.05212264776)
(0.2882466978 0.6813464179 0.1010204059)
(0.4724468818 0.5391979169 0.1104085188)
(0.4906349468 0.4970011117 0.1345560877)
(0.4795522526 0.4698775333 0.1393514807)
(0.434375463 0.5443602639 0.135472438)
(0.4354561856 0.5418432118 0.1122032558)
(0.4894548919 0.4751852902 0.02761093152)
(0.4945188184 0.4697017949 0.08058871901)
(0.2098776371 0.8241785247 0.1345010569)
(0.1974850736 0.8383108919 0.09610273502)
(0.4365706251 0.5419897732 0.02520890601)
(0.1248852035 0.7481475445 0.0289663386)
(0.4179820882 0.4756808686 0.1367068843)
(0.4974340535 0.4957008414 0.09560804812)
(0.09398461223 0.8156737839 0.1368780963)
(0.4152306883 0.4742318384 0.1160778528)
(0.4261631101 0.4569044474 0.06553591141)
(0.115953096 0.7529687563 0.1365013492)
(0.4157025495 0.4736124533 0.09500206699)
(0.1176109456 0.8499601685 0.106630047)
(0.4973633402 0.5054146689 0.02842547042)
(0.1221813179 0.8523501865 0.02266790025)
(0.4039379207 0.5070882949 0.1137226198)
(0.1245840606 0.8579737937 0.08545050398)
(0.09343148653 0.7806163739 0.02586817437)
(0.09732650661 0.7785906944 0.05351958327)
(0.09424142556 0.8009674083 0.05284412365)
(0.1764544682 0.7432145223 0.07447382984)
(0.1446474761 0.8574540223 0.140754719)
(0.4081394003 0.5066174901 0.1392273976)
(0.1763865008 0.7538440437 0.1429748227)
(0.1789936255 0.7474820647 0.0224721476)
(0.1815396932 0.7472580952 0.04888768557)
(0.1754272558 0.8520724052 0.0683226466)
(0.1453435272 0.7404267808 0.1031519521)
(0.4551976927 0.4558651992 0.02412890278)
(0.1440046522 0.7416188807 0.05318243983)
(0.1644966975 0.8550307322 0.1277101278)
(0.2246811896 0.5438670186 0.07160530574)
(0.3293521601 0.7620288925 0.105005612)
(0.2810041712 0.4760011916 0.08520102866)
(0.4080853132 0.4848061015 0.05171226429)
(0.4738478807 0.5338144658 0.08867464982)
(0.473364573 0.5394904766 0.06158246029)
(0.4351314481 0.5402890236 0.08988577768)
(0.4489684813 0.5439988391 0.06589689298)
(0.4977445398 0.4940378822 0.06241011566)
(0.1029006774 0.7687631456 0.07121462036)
(0.2032602565 0.7738314683 0.1141113303)
(0.2043648948 0.7793017894 0.08843953127)
(0.2056550156 0.7828666351 0.06957893722)
(0.2010354408 0.7749697905 0.04793390118)
(0.4452953349 0.4545994866 0.07745250644)
(0.1085351473 0.7626357548 0.1199118501)
(0.1079572828 0.7605384644 0.09660196879)
(0.4852786162 0.4800552422 0.04805886676)
(0.1763077437 0.7520971517 0.1179949449)
(0.4373943188 0.5400830681 0.04657771836)
(0.409498414 0.5093290847 0.08993857159)
(0.2055866033 0.7964119217 0.1095017051)
(0.1055193316 0.8351995293 0.02043109086)
(0.1091158719 0.8363839459 0.03856062239)
(0.1101433099 0.8380547188 0.05951730043)
(0.1950283141 0.8360445833 0.07488888264)
(0.2044386335 0.8257337917 0.05587914792)
(0.1911708048 0.8403281185 0.01980082467)
(0.09794327773 0.814019129 0.0222348416)
(0.2060024336 0.8159870038 0.08068513537)
(0.1407295135 0.8566782683 0.1062616068)
(0.1602980708 0.8557157078 0.1071286714)
(0.1004761374 0.8221375267 0.04587383599)
(0.4221205265 0.529465702 0.07995863304)
(0.4123876832 0.5143206306 0.06930708676)
(0.4169617793 0.5155511294 0.0487663596)
(0.4126898039 0.5084521637 0.03361359842)
(0.411087691 0.4914616736 0.02001796724)
(0.4125118892 0.6697843232 0.07782937879)
(0.1786717624 0.8474022681 0.04707268177)
(0.2019467319 0.8168412332 0.105209046)
(0.4211186913 0.4707199124 0.04944295922)
(0.4304598124 0.4624337895 0.02735889268)
(0.2243697826 0.6737111377 0.1077860861)
(0.1498296504 0.7451368577 0.08441638443)
(0.419687004 0.4746047496 0.07565305336)
(0.4138043815 0.6116776804 0.1131279301)
(0.4317494685 0.4653657394 0.1077646694)
(0.09819103519 0.8163194795 0.1164380173)
(0.1020285043 0.8275902137 0.09903452852)
(0.09509852454 0.7986993295 0.103579275)
(0.09628153432 0.7918387138 0.1204898081)
(0.09403392623 0.7951763773 0.08784937934)
(0.1063798365 0.8307847622 0.07773602434)
(0.09785200589 0.8134101054 0.08028520027)
(0.1956618986 0.8341683408 0.1210673134)
(0.09908147464 0.8341124597 0.1383683951)
(0.111811572 0.8366399252 0.1236485839)
(0.4309422093 0.4668041912 0.1456010279)
(0.1464685988 0.8558987448 0.06411122305)
(0.1897126242 0.7668161995 0.1427180716)
(0.4857581124 0.4774824956 0.1209517625)
(0.4802906602 0.4726799762 0.1005641736)
(0.4545450257 0.4572027017 0.0556605335)
(0.4792464596 0.4728575435 0.06450323146)
(0.1254531006 0.7497973946 0.1180479125)
(0.1438665782 0.745099577 0.02321234134)
(0.2306697085 0.7271831979 0.1233575517)
(0.1377507363 0.8522121274 0.04635428946)
(0.1446811018 0.8547198581 0.02911473518)
(0.1929498649 0.8319550517 0.1439826186)
(0.1341782981 0.8524517674 0.1228189614)
(0.1586353103 0.7401200818 0.1392528508)
(0.1515820099 0.7454712575 0.1227378075)
(0.2035403473 0.8035021993 0.1394557663)
(0.2011061039 0.7956260092 0.01548719441)
(0.1998852296 0.7767087626 0.01727377371)
(0.2010899159 0.8020858024 0.03196710262)
(0.4151620128 0.4985882393 0.04839112449)
(0.4122702097 0.4912700991 0.143642423)
(0.425050639 0.5288635051 0.1431787191)
(0.4252191657 0.5264698819 0.125630265)
(0.4259836082 0.5277388162 0.1080285387)
(0.1944904547 0.8319545467 0.04108998972)
(0.3435496804 0.5953817656 0.1094538304)
(0.477349392 0.5282681628 0.04558582819)
(0.4653538505 0.5346018496 0.03672030244)
(0.4521233048 0.5378318924 0.01990283726)
(0.4524754346 0.536286099 0.05105122128)
(0.1802579805 0.8450481447 0.08474759441)
(0.1057758252 0.7702204726 0.1423907204)
(0.1764472538 0.7563991866 0.1011333234)
(0.1688730954 0.7527906354 0.08722929472)
(0.1289277539 0.8474999691 0.05908889296)
(0.1128946425 0.836143789 0.09365849525)
(0.4844256777 0.4884172133 0.1442978528)
(0.1516978843 0.747243221 0.06751411531)
(0.1640472522 0.7487701788 0.0558650863)
(0.2430343726 0.4097001691 0.08579167676)
(0.380140125 0.5568852495 0.1098665808)
(0.1823668024 0.6108134018 0.07940777077)
(0.1804213906 0.7591527431 0.07796821464)
(0.1882637716 0.7674681803 0.08904945442)
(0.1768194416 0.7573576393 0.0625533556)
(0.187202307 0.7634638401 0.05411205187)
(0.488430752 0.4967478524 0.112622067)
(0.4893651643 0.5133480851 0.1010535016)
(0.4867564418 0.5115994525 0.08040147569)
(0.4816280914 0.5236806069 0.1153793996)
(0.4187978741 0.5206155359 0.01760411036)
(0.1479181563 0.8521807389 0.08162139147)
(0.4551156746 0.5391631741 0.1397841703)
(0.4547493839 0.5363824697 0.1245176798)
(0.4543233425 0.538251382 0.1059998999)
(0.4555129007 0.536285651 0.08848213925)
(0.4695496974 0.4670905034 0.1213943226)
(0.1861618234 0.763299575 0.11297603)
(0.4548008703 0.4643363878 0.1175665205)
(0.4871475964 0.513769131 0.1333215793)
(0.4396229436 0.4655158839 0.1301595046)
(0.1898188961 0.7680854756 0.03738957553)
(0.2024207495 0.8090157783 0.1248727931)
(0.4600094729 0.536942379 0.07400938058)
(0.1688354059 0.8472106691 0.1474434849)
(0.1652349864 0.7516948277 0.1100021673)
(0.3254247027 0.4062558241 0.07471260532)
(0.2020837407 0.792734013 0.1277779653)
(0.1390035759 0.752291066 0.07612816356)
(0.1267866186 0.7541873144 0.08502525794)
(0.1324428538 0.7539449737 0.06182712831)
(0.1241378384 0.7529534765 0.04406133008)
(0.1199792909 0.7589683783 0.0673730305)
(0.1591117808 0.7491635696 0.04071312375)
(0.1636208159 0.750556182 0.02701361816)
(0.4176433417 0.4848977747 0.04018329207)
(0.096346101 0.799393153 0.06958943928)
(0.4241139067 0.5276750456 0.04225836751)
(0.3967186942 0.7801381933 0.07937829142)
(0.4134261544 0.491058368 0.07866674751)
(0.2012057483 0.7979205318 0.04585133476)
(0.4299147639 0.4618057722 0.08797104858)
(0.4866748143 0.4955435456 0.0156214256)
(0.4834498322 0.5127803158 0.01701620656)
(0.4855967979 0.5183791046 0.03573650913)
(0.4119956063 0.4912544352 0.1154699658)
(0.1997394329 0.797535982 0.06367444176)
(0.2020339508 0.7946566186 0.0799872477)
(0.202678883 0.8036250429 0.09563527902)
(0.09946238609 0.8064371112 0.03816633215)
(0.4467560199 0.462813211 0.09821746425)
(0.4634309146 0.4628294485 0.09066066917)
(0.4177311543 0.5133604725 0.1254361551)
(0.487561059 0.5036285775 0.04781175836)
(0.1866203087 0.8372468286 0.05666836583)
(0.4408734355 0.4631794649 0.04551446597)
(0.4549636249 0.4663581308 0.03939695119)
(0.471294154 0.4655764145 0.02963359075)
(0.132683233 0.7519473763 0.1442617774)
(0.4477606186 0.464980423 0.1421419948)
(0.4604242955 0.4695436002 0.1390142089)
(0.1833518884 0.7677440511 0.1252245172)
(0.1014406126 0.7760734448 0.08870748535)
(0.2675196799 0.7564514213 0.1211580213)
(0.104305914 0.7693749182 0.03903450644)
(0.4396635766 0.5333112194 0.1240272067)
(0.4437744047 0.4462407001 0.1131393541)
(0.3553046559 0.7092097361 0.104614883)
(0.5115042622 0.6799436263 0.08573394119)
(0.1818352667 0.8406763766 0.09993741767)
(0.1803985206 0.837517314 0.1157011252)
(0.4694089075 0.5303653522 0.1231447128)
(0.4316871687 0.5331650095 0.06025646513)
(0.1125102499 0.8334211592 0.1079082473)
(0.4157845089 0.4900868199 0.06311856084)
(0.2912781451 0.6305588169 0.1089960068)
(0.4168685799 0.492386757 0.09450603749)
(0.1044599231 0.7755358168 0.1022610098)
(0.1046243741 0.7773352063 0.1170773041)
(0.4224227948 0.4749028069 0.02250943468)
(0.4745390811 0.5243215307 0.07466187716)
(0.1174532314 0.7643557953 0.08054310364)
(0.4313088527 0.5296205541 0.02849774147)
(0.4223097718 0.5203897085 0.09439869672)
(0.4175753113 0.5140709259 0.1078230993)
(0.4404131809 0.5326282472 0.1455925658)
(0.09920968686 0.7949985874 0.1371675097)
(0.4413535374 0.4668316282 0.06245385369)
(0.4529342563 0.4682172139 0.06751463052)
(0.4674298207 0.5309340452 0.01990936749)
(0.4192130078 0.5035750986 0.1045581311)
(0.1987977859 0.814088778 0.03882264548)
(0.3253185897 0.8395879254 0.09168620075)
(0.4853733844 0.4949836733 0.08098761687)
(0.4292553257 0.4729615192 0.06228297161)
(0.1739415413 0.840477536 0.1292586553)
(0.1178728105 0.7621279296 0.05401884236)
(0.4859957871 0.5030512858 0.1462753166)
(0.4755921099 0.5281634311 0.02987626384)
(0.4815088018 0.4953088627 0.03587040527)
(0.1040624389 0.8193236731 0.06054240987)
(0.138576868 0.7509685311 0.03836440824)
(0.2927711079 0.5884338021 0.1120069686)
(0.1839479712 0.7648102767 0.02399970629)
(0.1941609209 0.7792199641 0.03333158114)
(0.1208013108 0.7631886496 0.09858065929)
(0.1998990816 0.8115589818 0.01716450788)
(0.1948545364 0.8233829516 0.02405376113)
(0.1100578087 0.6312550961 0.08568375327)
(0.3688852235 0.6377068052 0.1221219495)
(0.4748485215 0.5250519302 0.1464526908)
(0.1754165358 0.8439055182 0.03188600485)
(0.1241002969 0.8433880471 0.04398595242)
(0.4270179003 0.4757124119 0.12924894)
(0.4187233974 0.4860043651 0.1293412625)
(0.4187525455 0.5000568142 0.128237874)
(0.4687936616 0.4711442626 0.04504377409)
(0.190071132 0.7737206186 0.07458730807)
(0.1896690654 0.7747172225 0.1026634367)
(0.1906704546 0.7750420737 0.06057947227)
(0.1587048378 0.7510408234 0.09616626715)
(0.4761767155 0.5218670942 0.05872640476)
(0.1194009979 0.8424713389 0.1455288106)
(0.1325611138 0.7551046638 0.09825051483)
(0.1416993717 0.7528099699 0.112338767)
(0.4194887226 0.5150975334 0.1485557543)
(0.4538594402 0.3387325935 0.07814417843)
(0.1767851437 0.8386662889 0.07029273334)
(0.4619907479 0.4697792136 0.1044000027)
(0.1960622933 0.7778338391 0.1463160512)
(0.1640815025 0.845345218 0.08668688761)
(0.163077262 0.8497100351 0.07466850689)
(0.1669336774 0.8464428038 0.05906301086)
(0.2056473778 0.4790976419 0.09396633536)
(0.4174835474 0.5033277911 0.06142901376)
(0.4832562205 0.4907061688 0.1009040921)
(0.1189838356 0.8354772746 0.07585772095)
(0.1934243867 0.7845860394 0.1026892397)
(0.136560305 0.847631141 0.0726872634)
(0.1731049649 0.6970673383 0.1271873707)
(0.1058722512 0.7839873349 0.07349215822)
(0.1057318168 0.7894767575 0.06339341888)
(0.537334534 0.5480261806 0.1090654291)
(0.1179259708 0.7478581125 0.05549108916)
(0.336241588 0.5004563892 0.1211481012)
(0.4618774842 0.470275444 0.05938769798)
(0.1022102332 0.7817200982 0.1452403932)
(0.4795711544 0.4831894973 0.0865253251)
(0.5248751776 0.6089684029 0.07825364131)
(0.1298006518 0.8430460222 0.1333805567)
(0.09571486558 0.8567537184 0.02751864162)
(0.46863878 0.4705930983 0.01534076134)
(0.4483696682 0.5314501825 0.07376445359)
(0.3621283409 0.4820669493 0.1280964275)
(0.4781309287 0.4840190785 0.03223337998)
(0.4689050007 0.4705630565 0.07502055797)
(0.2769581432 0.7118418056 0.1275631911)
(0.1046878462 0.8175677684 0.1483954967)
(0.4333564238 0.5275098717 0.09264974301)
(0.4393602651 0.4686974696 0.01346606129)
(0.2971011511 0.3182814738 0.08074984087)
(0.152292067 0.8496486552 0.1277068641)
(0.1562306401 0.846593913 0.1406151434)
(0.1982596757 0.7863759361 0.05843587127)
(0.3289082995 0.6737372464 0.1219905774)
(0.1686368244 0.8456244222 0.1115632502)
(0.1141994426 0.7695713321 0.1081562879)
(0.1035492919 0.7947251847 0.04169698875)
(0.4409702177 0.5309889127 0.1031782216)
(0.1947253485 0.8143180232 0.1483272521)
(0.164000399 0.8477799172 0.04341569915)
(0.1374838096 0.749485669 0.1259645712)
(0.4218221031 0.4844887417 0.1052317037)
(0.1629448436 0.754794393 0.1282860743)
(0.1484316817 0.7531841275 0.05516467324)
(0.1239169519 0.8404175822 0.09800974418)
(0.1532163962 0.845633693 0.0925227404)
(0.1000022522 0.801017389 0.02502369368)
(0.424695227 0.4792485338 0.05075579996)
(0.1449980087 0.753636445 0.1394467827)
(0.1094479781 0.8243274402 0.112205054)
(0.1078443319 0.8242898643 0.127535978)
(0.1520885462 0.8478114778 0.04727032081)
(0.1470508599 0.5405260594 0.08716483737)
(0.1928457735 0.7823105761 0.1245315537)
(0.1037065696 0.7887479372 0.1104862583)
(0.2081456804 0.7249920762 0.1344614707)
(0.127247526 0.8401382341 0.1164908746)
(0.1809935939 0.8358187505 0.1375704459)
(0.4784469123 0.5143412535 0.04994919863)
(0.1035403531 0.8109369131 0.09986338068)
(0.1165146895 0.7647314715 0.03559768221)
(0.1032591882 0.8052875312 0.1323479133)
(0.09974164472 0.8043114699 0.1451319558)
(0.1063473049 0.783976158 0.1302860591)
(0.1627342716 0.7534023626 0.07529507304)
(0.1402084327 0.7539125764 0.08707639804)
(0.4751889838 0.5268091774 0.1026118302)
(0.1873360135 0.8295898578 0.1039993575)
(0.1905119379 0.8255216275 0.09271049735)
(0.4455263776 0.5315130906 0.03209374846)
(0.1949962007 0.8254665948 0.1286834494)
(0.1068989041 0.8243386321 0.03207759331)
(0.1102567579 0.772406244 0.05420137326)
(0.4334323429 0.4694535647 0.07328922714)
(0.1296787973 0.7579946641 0.1322858727)
(0.1185280129 0.7652818634 0.1301624243)
(0.4371696259 0.5285708022 0.08014563434)
(0.1745456457 0.7585434252 0.03233999943)
(0.1385649792 0.8450914336 0.09218066108)
(0.1958360574 0.7908630251 0.02737896315)
(0.1831561423 0.8324177353 0.08747393514)
(0.1912801969 0.7867582803 0.07985044191)
(0.4799903492 0.485927443 0.06679530095)
(0.1834777954 0.767558225 0.06706120857)
(0.5140659945 0.3677148293 0.08947565096)
(0.1397035504 0.4271383087 0.09097647124)
(0.4818221133 0.5017590808 0.09257393337)
(0.1944657612 0.7913763603 0.09262742357)
(0.1172756976 0.8364442198 0.02691719225)
(0.4161747195 0.5050150729 0.0789068673)
(0.3387292341 0.4471280704 0.1218866838)
(0.4484243334 0.4689054669 0.02205161357)
(0.1345198555 0.8435231235 0.1107146797)
(0.1456667825 0.8478759365 0.1152486099)
(0.4746591917 0.4811710881 0.02037136484)
(0.1721002599 0.8413939011 0.01557040367)
(0.1955364563 0.7911436354 0.1161385932)
(0.1880484954 0.8277506797 0.06024223788)
(0.1985467443 0.8118861047 0.06156924912)
(0.1434392518 0.8518977728 0.01425477172)
(0.1831702704 0.8331318532 0.129646632)
(0.4632828112 0.8246262532 0.08790231998)
(0.1184346193 0.7645357126 0.148622003)
(0.1247166595 0.7610067378 0.1099713842)
(0.194005079 0.8175656752 0.07195145397)
(0.1684571159 0.7575924347 0.04223564724)
(0.1581272128 0.8448630375 0.1177354377)
(0.4433271996 0.5844892941 0.1272622018)
(0.1045923885 0.8111419541 0.07091988577)
(0.1335424292 0.734862592 0.08525312525)
(0.4626142683 0.5276353413 0.06336924967)
(0.1196245243 0.7643721327 0.0221801121)
(0.452219348 0.4662049571 0.1293949725)
(0.4083978098 0.561990383 0.04191382337)
(0.1046854273 0.7904075636 0.09812917566)
(0.1024028855 0.8065258809 0.01321851698)
(0.2722493584 0.8494460184 0.1158940976)
(0.2793487944 0.9199159344 0.08884061994)
(0.4294498578 0.544269559 0.07325448998)
(0.4378082957 0.5297958686 0.01198640769)
(0.4422991283 0.4695193071 0.1158680064)
(0.4489640758 0.4580600524 0.1208617446)
(0.4679764852 0.5512812472 0.02349758948)
(0.1907743073 0.8217124749 0.04966331539)
(0.1341065927 0.8440635587 0.03117367784)
(0.2544656603 0.8133944368 0.03915559928)
(0.475883487 0.5210285757 0.08577020234)
(0.4294830574 0.4767550888 0.1157503831)
(0.4296242976 0.4766742983 0.1033091648)
(0.1571981665 0.8464323734 0.03024003877)
(0.1570399467 0.8471704263 0.01646766904)
(0.4399981388 0.4710551896 0.03232492866)
(0.4300839095 0.4757067729 0.03735046523)
(0.1374482824 0.8459516589 0.1484264783)
(0.4839992655 0.4931037001 0.0555706945)
(0.1900983972 0.825987211 0.08104316561)
(0.141803246 0.8443821123 0.1314534935)
(0.4152416594 0.5067964538 0.01728494777)
(0.4239034785 0.5191621456 0.03173483656)
(0.3303887455 0.2563627376 0.09191525722)
(0.4751049097 0.5198100712 0.01188928649)
(0.4808006666 0.4989544268 0.1370870729)
(0.1683430702 0.6495578528 0.1149279515)
(0.472288066 0.5235915609 0.1333427691)
(0.152566325 0.8460017447 0.0598000875)
(0.4743070043 0.479846871 0.07599666798)
(0.380866609 0.5975117378 0.1285986822)
(0.1690950415 0.3589618111 0.09513647925)
(0.1051587767 0.7894620017 0.02058872611)
(0.1095982078 0.7773507697 0.02341151574)
(0.1891161391 0.8230146887 0.1143153497)
(0.4630827189 0.6290657874 0.1091276977)
(0.5014070035 0.5268829531 0.02188862566)
(0.4184941781 0.5024660975 0.1174005061)
(0.4219741688 0.5115541823 0.08753057412)
(0.4034639075 0.5787873424 0.1353349934)
(0.4796276765 0.5043190369 0.05827113293)
(0.1957379129 0.7912187364 0.1476312497)
(0.1242427149 0.8384339618 0.08637635381)
(0.3686447215 0.3371171043 0.09095277695)
(0.3278966633 0.6424123775 0.1224888655)
(0.1131658927 0.7705896251 0.01105018976)
(0.1746699074 0.74069719 0.03398974672)
(0.163807908 0.8441514194 0.0995517618)
(0.4350936801 0.5290260897 0.1353311144)
(0.1954819063 0.786054776 0.04520564874)
(0.4806847465 0.5032345357 0.0246498298)
(0.1827883452 0.7678522421 0.1010435722)
(0.4699157921 0.4749905238 0.0857704457)
(0.4666249526 0.2593801068 0.08257948803)
(0.4484353678 0.5304489015 0.06266891347)
(0.2107694215 0.7881201467 0.1404178143)
(0.4643499403 0.7462675489 0.08568863258)
(0.1105962569 0.7738218859 0.1290041584)
(0.4479542597 0.4689216027 0.07838131785)
(0.188168428 0.7543431672 0.03307286259)
(0.4813885991 0.5022476889 0.1238525459)
(0.2134953872 0.787951539 0.05322414444)
(0.1804467742 0.7564167972 0.09264067763)
(0.16900262 0.7591261801 0.01082142632)
(0.1581192261 0.7528038583 0.01231261011)
(0.120179091 0.834845037 0.1329901366)
(0.2592556685 0.6356869411 0.1246036643)
(0.4207080341 0.4917867176 0.02916981306)
(0.1079846145 0.7834249698 0.04131032251)
(0.4614189301 0.5289757316 0.09974678189)
(0.1065634116 0.7900400898 0.02917126084)
(0.185285519 0.7690570389 0.01199712795)
(0.1947636619 0.7529771936 0.01739669698)
(0.1322986252 0.842850355 0.0112231244)
(0.4246237057 0.520263825 0.05682171632)
(0.1104528763 0.7787728792 0.06521473453)
(0.261427443 0.6707330172 0.1300380899)
(0.4886654486 0.5311597181 0.1365311071)
(0.1462706814 0.7549289161 0.1028890166)
(0.4620461679 0.5291111854 0.1440527167)
(0.4602964118 0.528666428 0.1328450731)
(0.4218043567 0.5356807322 0.03787286776)
(0.4750025641 0.4834870634 0.05421703792)
(0.4230805298 0.5176707968 0.135604116)
(0.1970050384 0.8047766782 0.07283430062)
(0.1911640275 0.7812249197 0.09179834336)
(0.4779677465 0.4479819344 0.1318461911)
(0.2211327169 0.7548417532 0.1394250509)
(0.4036257165 0.8674055108 0.08685555376)
(0.1726862771 0.8402837512 0.0602930722)
(0.1893456752 0.8262013544 0.0121268106)
(0.1691239413 0.8413537283 0.07301833384)
(0.4940264721 0.5315528192 0.06720368161)
(0.1889862168 0.7755769924 0.1159748915)
(0.1160642723 0.7694817198 0.0698700146)
(0.1122753862 0.776275926 0.07973266084)
(0.1412000247 0.8439274803 0.0582950255)
(0.4460258581 0.5305112214 0.1142111295)
(0.1627353812 0.843384185 0.1304158066)
(0.4210654524 0.4855144675 0.01159808687)
(0.2710626539 0.5223634175 0.117265571)
(0.09813393509 0.7680849522 0.107548724)
(0.1072465284 0.8149219657 0.1360196089)
(0.4602534026 0.4707425769 0.0229096693)
(0.4482518601 0.5290879732 0.1303695389)
(0.247786184 0.7853283433 0.1301575743)
(0.2060794235 0.8788515462 0.1242394326)
(0.4740233334 0.4817963868 0.04334302095)
(0.1919093212 0.7420205074 0.07924091328)
(0.1100578433 0.8206477257 0.06955246661)
(0.1123612285 0.8285064834 0.04935650487)
(0.1222624464 0.8342447526 0.05102654477)
(0.4745565526 0.4839061651 0.1355810768)
(0.4743690054 0.4796106347 0.1478243747)
(0.1914861063 0.7836833885 0.06773256883)
(0.2294528893 0.5919543403 0.1141321961)
(0.1095524612 0.824907507 0.08732563877)
(0.1937497627 0.8129964185 0.02933379969)
(0.1773366345 0.7626199804 0.04272310457)
(0.4154703289 0.4181959819 0.1247864264)
(0.402976922 0.4812880651 0.07025422902)
(0.146632883 0.8446146253 0.1055457997)
(0.4519201819 0.4679294114 0.01124093031)
(0.4448665942 0.4517570715 0.01512537581)
(0.1806572416 0.8335437737 0.01322170646)
(0.424718768 0.4825781828 0.06679730498)
(0.0792536578 0.4829544955 0.08385043967)
(0.1515791613 0.7547174223 0.112225826)
(0.4680310247 0.5263422676 0.08400459115)
(0.492292368 0.4767582745 0.1350990273)
(0.1975552847 0.7671522826 0.121103162)
(0.4250444398 0.5178047685 0.1180662911)
(0.1492094303 0.8692080547 0.01580720694)
(0.4465660184 0.528508971 0.09343602411)
(0.1284794577 0.7588233126 0.01336608463)
(0.2181829378 0.6908015391 0.1298179382)
(0.1191791248 0.8348452231 0.1477770401)
(0.4460060997 0.5298935283 0.04261478317)
(0.1314355184 0.8589839728 0.1345618793)
(0.06848586557 0.7567938572 0.1297336014)
(0.1049253269 0.8193642125 0.01196436842)
(0.1522638826 0.7545094231 0.02660136572)
(0.419599542 0.5019942555 0.09304702868)
(0.1060409749 0.8069577643 0.1091459461)
(0.1388382666 0.738437092 0.06453494257)
(0.1059893118 0.8069851294 0.08974886113)
(0.4814799322 0.4974157164 0.06833161379)
(0.1929029376 0.8128600871 0.133250551)
(0.4655605718 0.5260941215 0.05124429939)
(0.19497901 0.2217700271 0.08266811331)
(0.4384873072 0.4723034627 0.09843736368)
(0.4126480244 0.6135102749 0.05526130781)
(0.1061218296 0.807062309 0.1226619811)
(0.158358678 0.7549057449 0.08545782123)
(0.4325019951 0.5260776222 0.05149221767)
(0.479099582 0.4901890152 0.04235000202)
(0.4950185354 0.4910689163 0.0453176347)
(0.4648822634 0.473615275 0.1459771244)
(0.4592862271 0.5284615498 0.1143885237)
(0.4520656172 0.4707312742 0.08836321446)
(0.4196052002 0.5035270412 0.148650091)
(0.4697633721 0.5232694947 0.113492607)
(0.4256137482 0.523938828 0.06924949649)
(0.4233675648 0.5138137904 0.07685892199)
(0.4081214674 0.5216872476 0.08039379047)
(0.4550329729 0.4701678392 0.04961330105)
(0.187814944 0.7748673412 0.04917268383)
(0.385682263 0.5089932414 0.1359410746)
(0.1208456597 0.7678500658 0.1204918454)
(0.2654537823 0.1669262631 0.08170577769)
(0.426686509 0.4816861562 0.09233372847)
(0.1518118614 0.7546537643 0.07659640516)
(0.1084866302 0.7835110753 0.05362466299)
(0.153035501 0.8583608937 0.1159434366)
(0.3006626144 0.4928482137 0.1176392938)
(0.1336640016 0.282945893 0.08234345033)
(0.2479603686 0.7489557758 0.1349640135)
(0.2103356387 0.8412351423 0.03058583675)
(0.426367892 0.5406221905 0.09820244539)
(0.1201069577 0.8391519978 0.01211821085)
(0.1083987028 0.8471816975 0.0199101456)
(0.4714489305 0.4773575335 0.1128751095)
(0.4194975421 0.5013752387 0.0690008625)
(0.1525284627 0.754350456 0.1329268352)
(0.1890735225 0.776216705 0.1347022462)
(0.4232316281 0.487385211 0.1500026119)
(0.4799908682 0.5131964633 0.149142645)
(0.1707451963 0.7399455324 0.01191433791)
(0.3609896861 0.4202730691 0.1163476794)
(0.1173871695 0.7684825658 0.08761764405)
(0.5011393105 0.4785084641 0.1061627396)
(0.1133549628 0.7522210247 0.08983760184)
(0.4657486525 0.4738585454 0.1320455895)
(0.4234589768 0.5123787434 0.03969440168)
(0.1465580932 0.8450018814 0.07109420292)
(0.09836268233 0.833192192 0.04967061114)
(0.1060687618 0.7951015911 0.07748060675)
(0.1952129622 0.7986999917 0.1030386587)
(0.1954715398 0.8083093005 0.1097944204)
(0.1058636021 0.8067583344 0.0782550618)
(0.4360497962 0.5274435823 0.03904995114)
(0.1088240497 0.8167498797 0.02446704427)
(0.1867572113 0.7743404667 0.02871132361)
(0.117168981 0.6734865426 0.1155491508)
(0.104206918 0.7953453844 0.01027425107)
(0.08685779375 0.7997829737 0.01434404137)
(0.4745791089 0.5174627753 0.0232188742)
(0.185820119 0.8284198616 0.069219878)
(0.4338049834 0.5255733731 0.1165917608)
(0.1063146729 0.8068670714 0.05937173732)
(0.1047461082 0.8050545371 0.0447837378)
(0.1052506712 0.7952870608 0.05406742358)
(0.1976676163 0.7671901773 0.020616092)
(0.17206416 0.7620115265 0.1302830851)
(0.1424336129 0.7527437991 0.01150264324)
(0.135524921 0.7569117349 0.02237878422)
(0.128682761 0.7605372073 0.02884621988)
(0.1881181195 0.8224855276 0.1496866349)
(0.09682349234 0.7784104962 0.0630499953)
(0.1083529342 0.7823219773 0.01007639084)
(0.3430388155 0.5408474746 0.1264590483)
(0.1279163717 0.8385163401 0.02231094215)
(0.3949043946 0.5500271076 0.1376038942)
(0.2857524629 0.8014300391 0.1207522669)
(0.1841610834 0.8290551867 0.02710026314)
(0.2885748215 0.6709043744 0.1308607397)
(0.1476389411 0.7539549234 0.04480464446)
(0.1370316334 0.7569478367 0.04854042221)
(0.4840471396 0.9149087097 0.08043544223)
(0.1817968269 0.8321295878 0.0464846347)
(0.195375474 0.8021213214 0.1338250623)
(0.4409970432 0.5278039517 0.02275640376)
(0.4349211494 0.473118727 0.0530272613)
(0.5178865671 0.1990604938 0.08681956513)
(0.2207086655 0.2985173206 0.07223965388)
(0.1172225824 0.76878749 0.04495429915)
(0.4236001959 0.485053635 0.1157772958)
(0.4792129682 0.4932782088 0.0241598416)
(0.4910376487 0.4854023502 0.02567032789)
(0.232035751 0.9402912546 0.09724771549)
(0.1783739845 0.7653944699 0.1382536737)
(0.1665467591 0.8409989474 0.04748038233)
(0.08809986385 0.8310983057 0.08224471897)
(0.4516723802 0.5420472498 0.03941319746)
(0.4386560132 0.5277330023 0.06999094896)
(0.1942001339 0.7835036572 0.01387299638)
(0.1661294059 0.8421366135 0.02255153516)
(0.1659639401 0.8430121094 0.01130148598)
(0.3163145682 0.7265555954 0.117767107)
(0.1633852379 0.7186949989 0.05250036583)
(0.4040831815 0.3651684259 0.1102290682)
(0.1305321122 0.8686594992 0.05877328884)
(0.1877139627 0.8244263323 0.03569139587)
(0.4153476756 0.5611130791 0.1378664725)
(0.4266589804 0.5310532126 0.01768626949)
(0.1907746087 0.8168934266 0.1040123967)
(0.1932749471 0.8139198275 0.09409063128)
(0.1957584001 0.8048882594 0.08547208119)
(0.2063919809 0.8211947784 0.09075709326)
(0.4499767678 0.5297434564 0.01025244627)
(0.4600395312 0.4714693636 0.0334613515)
(0.4023259602 0.5180516001 0.01637468811)
(0.2469224249 0.8221244172 0.1288699325)
(0.4204409523 0.4904998057 0.05211732513)
(0.1935051697 0.8165227736 0.08328627954)
(0.0987885874 0.7924264054 0.1487671598)
(0.1226909958 0.8344708262 0.06342809586)
(0.1124094468 0.8469571397 0.06533009182)
(0.3903942818 0.1379255349 0.08346288005)
(0.4304705472 0.4759128643 0.0101716819)
(0.4774790653 0.488707051 0.1255531585)
(0.4732746623 0.4803139843 0.1233384682)
(0.1208375905 0.8335999261 0.03768464162)
(0.1085424286 0.8142898616 0.03778786768)
(0.06312330843 0.3966383114 0.08323302868)
(0.1066767948 0.7875030221 0.08522313698)
(0.1747031794 0.7618167922 0.05145934274)
(0.197570693 0.8075146747 0.05158714941)
(0.2872750492 0.4316268442 0.1153410494)
(0.1639076337 0.7578134791 0.1378165788)
(0.1153201669 0.8282303466 0.009559989594)
(0.459738498 0.5278109849 0.02678371396)
(0.108819781 0.7589759327 0.06058048142)
(0.429398603 0.4765150222 0.1358734168)
(0.1115850156 0.7560935646 0.01211800887)
(0.1150902798 0.8265600352 0.02542471562)
(0.1430479762 0.7551479984 0.06585053371)
(0.07769415983 0.9284044948 0.09131038961)
(0.1222775129 0.1938778447 0.07959916957)
(0.1924736142 0.7859580794 0.1362719864)
(0.4257453198 0.4828434132 0.03065705612)
(0.1644862295 0.7561180331 0.09742953861)
(0.1494383252 0.8436584994 0.02285551593)
(0.1301443427 0.759728664 0.07375333171)
(0.06925747844 0.5577517956 0.09043539161)
(0.082964976 0.8006390673 0.1440144663)
(0.4621171363 0.4739840122 0.1148091481)
(0.4310452729 0.5252482927 0.02229814388)
(0.1166392477 0.8242234965 0.0602134653)
(0.4453090427 0.452910718 0.06364591141)
(0.4489414877 0.5292254912 0.1503771084)
(0.3608067045 0.7509938402 0.1204046738)
(0.1056978997 0.7974990637 0.1147272365)
(0.1149446472 0.8267325208 0.1034022765)
(0.09317306631 0.8046995994 0.12579697)
(0.08155639716 0.8128531586 0.04318429791)
(0.4794523247 0.4977969317 0.1017916065)
(0.479744664 0.5080759305 0.1117415527)
(0.09429101221 0.8604436467 0.1203924353)
(0.2449929437 0.6929190822 0.1329149165)
(0.1725492503 0.7617486684 0.144395746)
(0.1809328753 0.7666227052 0.1505957433)
(0.1628584874 0.7561421992 0.149213386)
(0.1287268722 0.7614911299 0.05455471892)
(0.5049644849 0.5040427449 0.08037587343)
(0.4657019293 0.525002592 0.03814617799)
(0.1117621805 0.8474163169 0.08388405263)
(0.4388407682 0.4732630632 0.02549890165)
(0.1833486232 0.8300825529 0.1175988368)
(0.1338864929 0.8416441492 0.08280337442)
(0.4680647508 0.4763304151 0.09781590157)
(0.4736581898 0.4818151487 0.1034687933)
(0.4764348059 0.4872841923 0.1134524261)
(0.4728092301 0.5182080155 0.04074341035)
(0.4598675549 0.4716384697 0.07991493451)
(0.1747081926 0.8386194645 0.03938039481)
(0.1057839111 0.7630293351 0.04736674133)
(0.1615419798 0.8727152146 0.0742352918)
(0.1717324599 0.8383542956 0.09259450573)
(0.1743127522 0.8505574881 0.09532858783)
(0.1075977012 0.8154616477 0.1188559497)
(0.4598708505 0.5291925511 0.01085922031)
(0.178553303 0.1346872196 0.08462090251)
(0.1658076431 0.7579199469 0.11622915)
(0.1350325623 0.8422403066 0.04147274267)
(0.1312367576 0.8402915568 0.05080419802)
(0.1304754353 0.8528324393 0.03744116433)
(0.1814448462 0.8321302989 0.1494498025)
(0.1587958117 0.7560827956 0.06581604315)
(0.4235014502 0.5102394198 0.100560484)
(0.4666784457 0.5417941533 0.05193279154)
(0.4425364066 0.4707223746 0.1503457715)
(0.4308933245 0.4745933859 0.1484796733)
(0.4830176185 0.4706898994 0.03686569469)
(0.4237696681 0.5117223554 0.06397877592)
(0.1075965233 0.788082123 0.1204335075)
(0.09595135686 0.7705223945 0.01949978402)
(0.1984736953 0.7210425813 0.02750440375)
(0.03957713915 0.7306967559 0.06320976291)
(0.1742437508 0.7639544251 0.1180359011)
(0.4800234482 0.5042598747 0.01090666084)
(0.117546815 0.8310297105 0.08327683344)
(0.429936601 0.4783404158 0.08042703887)
(0.4241169713 0.4858316431 0.08285737253)
(0.1942544384 0.8436422105 0.1108194708)
(0.4513911629 0.4709277874 0.06028515408)
(0.1281514242 0.7447537989 0.1088789918)
(0.4460655874 0.4722578697 0.1066938347)
(0.5387866148 0.4494325959 0.1217532868)
(0.4676998804 0.5229759638 0.0632122078)
(0.429477709 0.520497076 0.08501861341)
(0.1136466819 0.8264759083 0.133049145)
(0.423453998 0.4867787737 0.1388931864)
(0.4494962623 0.07997266165 0.0812112155)
(0.138855821 0.08194356341 0.08148234753)
(0.1095711935 0.8172755635 0.0799350611)
(0.2035953109 0.8270995706 0.1024091363)
(0.1495299893 0.7434812656 0.0358902199)
(0.4674154292 0.4758761501 0.05207698165)
(0.4792413555 0.4764924521 0.05194416506)
(0.4964841368 0.46282201 0.05485130391)
(0.3661503641 0.6700514221 0.1250968682)
(0.4449928228 0.4710123498 0.08941231745)
(0.1109475757 0.7797655052 0.1384474523)
(0.4550919484 0.4710212248 0.15041085)
(0.4802688044 0.5121776566 0.06954348193)
(0.4929369542 0.5069194563 0.07063917431)
(0.1561471204 0.8445528914 0.0846262533)
(0.1531692776 0.8452897526 0.03579382226)
(0.4208891911 0.5000099477 0.1382208933)
(0.4788868513 0.4882981178 0.01177466301)
(0.4860051543 0.4877368659 0.01536264889)
(0.4716829977 0.4796549223 0.009838478161)
(0.4826518286 0.4721516968 0.009672152712)
(0.486427568 0.4514708494 0.01957388484)
(0.434443311 0.4548958777 0.1397366558)
(0.1447479617 0.7552904024 0.1498848448)
(0.1403755885 0.7432427364 0.1505735108)
(0.4209472254 0.4980162919 0.03857308605)
(0.4240111254 0.5117332418 0.02410153982)
(0.4203104379 0.5021620279 0.02566798042)
(0.1947690479 0.794730591 0.03733107827)
(0.1679160753 0.840122142 0.1205066473)
(0.1937961154 0.8030176411 0.1474581234)
(0.1151134906 0.8283007093 0.03827851431)
(0.1940986463 0.7497561333 0.1445244221)
(0.4583244679 0.4736179165 0.1230746323)
(0.3161894196 0.5819948257 0.05704243971)
(0.4070615194 0.7136853544 0.1121314914)
(0.1012921256 0.8299896464 0.06682774801)
(0.4234897591 0.4671425774 0.09536404727)
(0.1942513835 0.7996589694 0.1229313856)
(0.1087970259 0.8071267138 0.02948152641)
(0.196113837 0.8055388781 0.02242484166)
(0.2116207626 0.805083081 0.02227304833)
(0.1502264873 0.7250592846 0.1473392612)
(0.1704724053 0.7592485306 0.07242226625)
(0.2331231423 0.4437136849 0.1169048292)
(0.4189606961 0.4973781016 0.009808056011)
(0.411485422 0.5198502066 0.03708150662)
(0.1910612344 0.8200077895 0.1394824147)
(0.4609504014 0.5531020075 0.07399256696)
(0.2091228028 0.7810314773 0.1208685495)
(0.5444568472 0.4898662688 0.0738369075)
(0.4558174584 0.5285515542 0.04238125088)
(0.1347096583 0.7420545619 0.1187134182)
(0.1150655755 0.7300585664 0.127652621)
(0.2053538307 0.7917351197 0.1000507553)
(0.1687336349 0.7598399832 0.02362434314)
(0.1932644783 0.7935247772 0.07014943222)
(0.4778217725 0.5109194549 0.08758084411)
(0.4098923443 0.5165912843 0.09916075594)
(0.1559207312 0.8573793711 0.02515384572)
(0.3986631462 0.2759174422 0.08721290913)
(0.4521402989 0.5441530117 0.07867705365)
(0.1309813081 0.7432787681 0.01194486759)
(0.1161723224 0.8292684442 0.07244188509)
(0.07797767427 0.7152584842 0.03281706461)
(0.1310391437 0.8392663322 0.12374603)
(0.187720486 0.7745972111 0.1503471386)
(0.4709795516 0.4629398529 0.05401663487)
(0.128919373 0.7588214331 0.144706396)
(0.4674684925 0.5227708822 0.09361866476)
(0.1158280045 0.7702450315 0.03272609354)
(0.3195640224 0.09105901048 0.08109837051)
(0.12069214 0.8454788062 0.126760319)
(0.2228466666 0.8187173286 0.1195252727)
(0.1628224796 0.7549191242 0.03429727638)
(0.4783961048 0.4923767615 0.09145129459)
(0.4274423913 0.5140761388 0.04887127202)
(0.4732024489 0.479548595 0.06383147049)
(0.2059737245 0.7669749895 0.08091149251)
(0.4794892852 0.4596921316 0.08169767716)
(0.1766380041 0.8344204507 0.07981355255)
(0.1057703861 0.7647752693 0.08056664614)
(0.1593046533 0.8428712327 0.1081280989)
(0.1461136614 0.8435802752 0.1405617358)
(0.1503992462 0.8454781549 0.1511923118)
(0.176736484 0.7640647293 0.01606271129)
(0.5005827397 0.4197805092 0.1147627428)
(0.3923196974 0.4709043091 0.1367202925)
(0.1484476227 0.7552740106 0.09141121744)
(0.4009120934 0.5122963413 0.06215648767)
(0.1167322604 0.771523104 0.1376390713)
(0.1910599991 0.7837701128 0.1117615243)
(0.4141725396 0.6437504507 0.1236433244)
(0.1290679146 0.8390106446 0.07113918563)
(0.1823131865 0.7132029518 0.1380199711)
(0.1160632677 0.75722836 0.04392030098)
(0.1059797294 0.7584715477 0.03677067892)
(0.1601549659 0.8519395449 0.08150191407)
(0.1153743627 0.8266523383 0.1203239645)
(0.1124159661 0.7560961285 0.1064927136)
(0.1104009724 0.8177964988 0.09641713835)
(0.5301092561 0.794896755 0.0909835191)
(0.1143727285 0.7742383481 0.0982091644)
(0.1829159959 0.8296656098 0.02010543329)
(0.135433106 0.7579904179 0.1186758625)
(0.1437783689 0.8427916653 0.08872811616)
(0.3082101542 0.5557211615 0.1225794512)
(0.1639491392 0.7440476297 0.07629674183)
(0.5019516344 0.4218890253 0.04709224308)
(0.4798905869 0.5056109782 0.03616668602)
(0.09160353924 0.8043980576 0.08332035173)
(0.1412010008 0.8574731533 0.1267577497)
(0.2049843389 0.8430858353 0.1351982201)
(0.1220194258 0.8336330971 0.1219658197)
(0.4231851921 0.4871118554 0.02376772809)
(0.4758786427 0.5154003278 0.1068745476)
(0.1623679009 0.8439834354 0.1492270102)
(0.158538192 0.8569371723 0.1521613479)
(0.1056253903 0.7988774819 0.03338667277)
(0.09804435958 0.7778629561 0.1221942126)
(0.09785313724 0.7664601471 0.1258368618)
(0.1946444059 0.8054314362 0.04010753482)
(0.2048189534 0.8059685383 0.0401463862)
(0.2303078037 0.8056771683 0.03656292466)
(0.1568459918 0.7559831688 0.1211167026)
(0.5329430081 0.0994866264 0.08543364642)
(0.4849883986 0.5275224293 0.01881494268)
(0.1371402158 0.8615522629 0.09167120044)
(0.4530141997 0.470659662 0.09981025662)
(0.1321481119 0.7404988316 0.04880806056)
(0.2395008696 0.07341072493 0.07878611702)
(0.2231151152 0.7892452428 0.07639922038)
(0.1817651989 0.7697340878 0.07651870356)
(0.4225321779 0.511172755 0.009843982805)
(0.4467718175 0.4600767943 0.1111449226)
(0.439229476 0.4596056012 0.09313128662)
(0.529195376 0.3009769646 0.08348415515)
(0.08690891719 0.7711524844 0.08491072799)
(0.4003516315 0.478927634 0.1462456499)
(0.444076244 0.4716624787 0.0711558491)
(0.4403065215 0.4706441286 0.1369789424)
(0.366297491 0.5322779946 0.1332310344)
(0.4428701804 0.5273022801 0.05242449867)
(0.4748357131 0.5185034893 0.1272231479)
(0.4674217752 0.4768327993 0.06596649871)
(0.1544844129 0.7568693264 0.05734541278)
(0.4306252227 0.5214541705 0.1507074331)
(0.4358044414 0.4747085812 0.1086216568)
(0.423790206 0.4603514987 0.01031259102)
(0.1922484316 0.813134673 0.1187323731)
(0.4275916178 0.5195288742 0.01079495032)
(0.5099273075 0.5943597133 0.114569153)
(0.1679479456 0.8405322024 0.08353998002)
(0.452269649 0.4692361316 0.03316763026)
(0.1123885615 0.823978611 0.1435442846)
(0.1774487543 0.7639141688 0.08213968486)
(0.1082805007 0.8160454693 0.107961927)
(0.1471802743 0.7564539915 0.1208163587)
(0.1368921083 0.7572217955 0.1340208217)
(0.4788708536 0.4946596505 0.1174614006)
(0.1576327833 0.8418424224 0.05224001718)
(0.4985153982 0.5151729719 0.1496192865)
(0.1651198806 0.8412535706 0.03387666402)
(0.4269764224 0.4815014828 0.04301976167)
(0.4429104655 0.5427857717 0.09819843406)
(0.4340284256 0.5620654704 0.09351727871)
(0.411261804 0.5244399599 0.1148620823)
(0.1054763105 0.7983769084 0.06421938816)
(0.1862141195 0.7738560017 0.1251794422)
(0.1079214974 0.8140452458 0.05334673315)
(0.09607832031 0.8105866789 0.05505661794)
(0.1702989884 0.7374096297 0.1448566162)
(0.4750169318 0.5159663472 0.09582415769)
(0.4880056087 0.5236804446 0.09578924886)
(0.4869659982 0.5351085212 0.1080890383)
(0.41279751 0.4810766148 0.08868052297)
(0.4030637154 0.4650147385 0.08058746614)
(0.4744241831 0.5170303979 0.07869443472)
(0.4862377024 0.5237391646 0.07741447304)
(0.1271315774 0.7625315381 0.1234532519)
(0.1317471709 0.7599383668 0.08989191989)
(0.5506020684 0.444865975 0.04843307007)
(0.06628038162 0.2474200569 0.07766622813)
(0.1962738889 0.8016613295 0.01183921386)
(0.0821216543 0.7463878206 0.02085001165)
(0.1759272055 0.7650597883 0.1082661978)
(0.1276957127 0.8400767115 0.03088805457)
(0.1155634636 0.8504525579 0.03164012889)
(0.1123516501 0.7759867009 0.1498982565)
(0.4220435236 0.5040801406 0.04794479043)
(0.1071190158 0.7947355254 0.126306591)
(0.1845672839 0.8462988819 0.151019426)
(0.1548430917 0.7443619473 0.05752757691)
(0.4223290767 0.5083136475 0.1343298676)
(0.4524468204 0.4707901848 0.1390521873)
(0.1861707195 0.7790892639 0.005756638867)
(0.1418335618 0.7566780815 0.0305301466)
(0.1753716609 0.8348402933 0.0266166079)
(0.2558026538 0.5732023836 0.1159479034)
(0.1987403133 0.7707136088 0.0330875404)
(0.06796917853 0.7848081587 0.04913640286)
(0.1343866155 0.759965847 0.03796580883)
(0.1483740901 0.7427417473 0.1319048942)
(0.1244425906 0.8356254387 0.1063097204)
(0.1813989375 0.8296324229 0.0962663808)
(0.2029114127 0.8264122851 0.1470073668)
(0.4643159916 0.5251905961 0.105790681)
(0.2050932563 0.7708230816 0.148622201)
(0.2112278335 0.7849848986 0.01078435343)
(0.1736726788 0.8365845283 0.1502991949)
(0.1248675863 0.7642086952 0.03977063948)
(0.1278583425 0.8508195324 0.1011795254)
(0.1145806671 0.7739922791 0.1175175977)
(0.4593544683 0.5265700085 0.1247379928)
(0.1898738283 0.7840584816 0.0254157397)
(0.1402388932 0.8428384709 0.1213846747)
(0.4533720422 0.5288158984 0.06834801356)
(0.3458489726 0.5736313125 0.1268072366)
(0.1051059464 0.8008696737 0.09849271775)
(0.09176236227 0.8044077852 0.095206301)
(0.08913915321 0.8156307588 0.1085039003)
(0.17047263 0.8387097214 0.1364446683)
(0.4704749623 0.5202636368 0.05297902655)
(0.1854278485 0.8529421395 0.02370469642)
(0.20251822 0.823738922 0.1201561913)
(0.1510355698 0.8733266329 0.1017019368)
(0.4215802813 0.4937990045 0.1230408336)
(0.4060300502 0.4796132018 0.01611138031)
(0.3865283658 0.4768437005 0.02435697685)
(0.1696443348 0.8545803562 0.0792829398)
(0.1056866209 0.7573390713 0.1336021135)
(0.2590932242 0.867720253 0.04012555232)
(0.171764196 0.8386695556 0.1029006174)
(0.1578823344 0.7562066499 0.04750548112)
(0.1810831388 0.7550266635 0.1525289594)
(0.4796978585 0.4968347528 0.1506234519)
(0.1350196205 0.7600079781 0.108973947)
(0.1783108225 0.8325229361 0.1071930066)
(0.1574260114 0.8596763879 0.06395865346)
(0.4312149621 0.4663271629 0.1198976417)
(0.4115055602 0.4813246767 0.02933274668)
(0.4392869322 0.4734409364 0.04265645836)
(0.4472632308 0.4708482239 0.04218699252)
(0.4663210536 0.4660282297 0.03662958761)
(0.4595188837 0.4469853171 0.03831701782)
(0.4291553035 0.4674236269 0.04177820603)
(0.422134829 0.4952035669 0.0872594254)
(0.4089390327 0.4974067434 0.08668026578)
(0.4790751431 0.5036925677 0.0797001586)
(0.4418680478 0.456519448 0.03021817949)
(0.4459237611 0.4306887379 0.02074938622)
(0.5173176877 0.5018998546 0.043280299)
(0.09632107772 0.8194398291 0.03287280435)
(0.470597719 0.4640135903 0.1129900959)
(0.1555173984 0.8569564773 0.039633774)
(0.1872661922 0.7463263054 0.1135452411)
(0.4358432513 0.4744034554 0.1245601559)
(0.1344250454 0.8410609458 0.09962472426)
(0.2210624785 0.7607482684 0.02460841131)
(0.1213756762 0.7651675786 0.00984971506)
(0.1235204021 0.7550428361 0.1526754431)
(0.1196431343 0.7666691225 0.05939913924)
(0.1949870484 0.7957320672 0.054591366)
(0.4185363149 0.4708393104 0.03826078932)
(0.2145337096 0.8167238857 0.1463400184)
(0.2418527402 0.4829064376 0.1234955702)
(0.1898980838 0.817329704 0.05693793038)
(0.463674878 0.4738520492 0.02734490302)
(0.4699030947 0.477598533 0.03607861532)
(0.1668049496 0.7594682256 0.1081360517)
(0.1941121124 0.7989897871 0.1123315705)
(0.1795439018 0.7671822616 0.03364097479)
(0.4243805205 0.4878402372 0.0745268507)
(0.4463824747 0.1955607671 0.08195123422)
(0.1111659738 0.8193400757 0.04495677774)
(0.41505121 0.4663719897 0.05929367865)
(0.4122782195 0.4457655547 0.0398566452)
(0.4273947316 0.4216872378 0.06163702409)
(0.1772125103 0.8527560502 0.1184530439)
(0.1204124822 0.7558095009 0.07784638362)
(0.1587850863 0.7295039141 0.1104054493)
(0.1575415194 0.8596393137 0.1348351056)
(0.4227281568 0.4927421419 0.1007439126)
(0.4104071527 0.4895685426 0.1023726411)
(0.3517328062 0.9333713445 0.0852000632)
(0.4298563717 0.5210020362 0.03475388117)
(0.5276468925 0.8606050818 0.0686885202)
(0.4349324511 0.4751300191 0.09282788843)
(0.2064624628 0.8269289222 0.01249850145)
(0.3155086185 0.6114916881 0.1262649303)
(0.1842352883 0.771307122 0.1073598083)
(0.3380629606 0.7992226041 0.1123308599)
(0.199606922 0.7709658702 0.0905791654)
(0.4347158561 0.5238400065 0.1263832722)
(0.1757328807 0.8664396091 0.1452104807)
(0.4757352179 0.5139863229 0.1365159386)
(0.08305935884 0.3170356647 0.08631267378)
(0.4626870441 0.4609126834 0.1493972816)
(0.2803272302 0.3898054921 0.09966395735)
(0.164861041 0.7599165283 0.05598000791)
(0.4673078787 0.4586890016 0.02096394048)
(0.4218117994 0.4941391174 0.1102599337)
(0.4273374784 0.5424475602 0.1236227027)
(0.2086343206 0.8054256799 0.1133849479)
(0.4758090217 0.5123841553 0.02898278854)
(0.4623399225 0.4727451936 0.009939003526)
(0.1862270988 0.56028652 0.1148815793)
(0.3491166499 0.6211977202 0.1310159585)
(0.2144319534 0.6280340033 0.1276894094)
(0.4549099337 0.446901576 0.09122235054)
(0.44523175 0.5293910134 0.08425997424)
(0.06619896098 0.654731597 0.0973036896)
(0.4612861527 0.4736551571 0.09034348227)
(0.4541321677 0.5303104854 0.1015088595)
(0.4551816502 0.4699155656 0.1067162082)
(0.1953270138 0.8321479578 0.08314822187)
(0.1424433641 0.8428823412 0.02973605233)
(0.137569269 0.7296290021 0.03756880125)
(0.4704480498 0.4637441662 0.09698225867)
(0.1510504314 0.7420168185 0.01842680519)
(0.477450559 0.4890939603 0.07875855156)
(0.1863807279 0.7772962977 0.08420641372)
(0.4305266084 0.5208860077 0.100954274)
(0.424613069 0.5301227338 0.09966888997)
(0.1535352328 0.7565039063 0.1437823687)
(0.207578436 0.7990389631 0.1311848617)
(0.09723808709 0.7857668012 0.08494279348)
(0.2050401322 0.827351917 0.06824200063)
(0.4539645705 0.5281495386 0.03420368433)
(0.1893430274 0.8581427064 0.06409853646)
(0.446189108 0.5480700279 0.1506997077)
(0.4571261642 0.5283339395 0.08208948842)
(0.1893047706 0.8442387055 0.0905091947)
(0.1022728387 0.7300056042 0.05704752387)
(0.1952874024 0.8064634641 0.1024037061)
(0.1822250274 0.8290182449 0.03741067439)
(0.1833835223 0.838441843 0.03563423514)
(0.426283754 0.531895711 0.07220445736)
(0.4375840916 0.537457711 0.07554836253)
(0.143518649 0.8443251056 0.07967099466)
(0.2348709198 0.741269671 0.147586691)
(0.1407142446 0.8436024711 0.05043383722)
(0.1922238841 0.8174690629 0.009591217438)
(0.1262489195 0.6938835647 0.08685302123)
(0.521281176 0.4850143288 0.1383135483)
(0.1642659029 0.8494073549 0.05174372168)
(0.1099869757 0.7815420226 0.09379644164)
(0.09615177253 0.7808604369 0.0949283939)
(0.0942707701 0.7887050521 0.1023134765)
(0.4086250548 0.5282769442 0.1493366832)
(0.1865325603 0.7771211608 0.03966529599)
(0.4356360821 0.5248919948 0.1421472177)
(0.4477213681 0.5454132311 0.1142688672)
(0.300025089 0.7547074068 0.1238731185)
(0.1770845937 0.8665467047 0.05036666616)
(0.1839329733 0.826812277 0.05496570861)
(0.0755674595 0.1311889474 0.06482344042)
(0.1064123181 0.7995654015 0.08514754307)
(0.2649884608 0.2510441148 0.08889400807)
(0.4506471176 0.5283379266 0.02209437541)
(0.1903520682 0.8178826077 0.01933273348)
(0.4728585908 0.4650963281 0.06496978317)
(0.4772928455 0.5114194729 0.1002211613)
(0.4142665847 0.4965020618 0.05714351314)
(0.408159429 0.4766411177 0.1032895587)
(0.1777897304 0.7639449399 0.05729824092)
(0.2723168176 0.5480837875 0.06701986852)
(0.1341624481 0.7590937127 0.00934124961)
(0.4788774156 0.5060744308 0.1375446284)
(0.1303108063 0.7601230726 0.06629029645)
(0.4312129946 0.4787579485 0.0707225567)
(0.46069705 0.4745779514 0.04228864742)
(0.4812994478 0.5707919753 0.1308791232)
(0.4688162954 0.4780135701 0.141052845)
(0.1572021884 0.7572416151 0.1053323494)
(0.1533725782 0.7478869762 0.1064498878)
(0.1117872314 0.7791482093 0.1093015297)
(0.1980161022 0.8232962496 0.04252566809)
(0.1949964851 0.7990260175 0.08238652466)
(0.1881291977 0.843670097 0.04763103316)
(0.1240070714 0.7646290042 0.08544837472)
(0.4114116484 0.4587165556 0.1422693391)
(0.4230070087 0.4946002971 0.04311496245)
(0.1684104264 0.8569741101 0.1368917703)
(0.1348069482 0.8412034211 0.06393001937)
(0.1681714047 0.7591894948 0.08390853718)
(0.4498693315 0.5279394961 0.1410736316)
(0.1902268966 0.7660811418 0.1049308428)
(0.323785105 0.1807704687 0.08551027657)
(0.4929245313 0.4939198472 0.1502999833)
(0.1143534534 0.7727272703 0.01990144807)
(0.4837035278 0.4807381194 0.05898993598)
(0.1945544286 0.833813561 0.1323791072)
(0.170594623 0.7620579376 0.08930073973)
(0.1310609226 0.8389786101 0.1407182618)
(0.430828983 0.5227707703 0.07818968125)
(0.09777036403 0.8164821119 0.07103026888)
(0.1792157039 0.8301316719 0.06234351178)
(0.1303385365 0.7528467562 0.09099273049)
(0.1919490085 0.75420687 0.06870859851)
(0.4438167862 0.4732675167 0.00834580162)
(0.3819216824 0.5736052001 0.1417641392)
(0.1333345368 0.8961457508 0.1244200449)
(0.2092320081 0.803754444 0.08428148858)
(0.1617792581 0.8430089495 0.07997090487)
(0.1828886194 0.7722394471 0.0944124062)
(0.4834097754 0.47575168 0.1098451028)
(0.1171334257 0.8311650305 0.09797835128)
(0.4400805239 0.5248175198 0.06024142663)
(0.431680488 0.522454897 0.06316911326)
(0.2742119354 0.7594106078 0.06026775815)
(0.2305113162 0.7739915801 0.1365396616)
(0.1086819605 0.7802929669 0.03435178995)
(0.4430940616 0.4719406606 0.05428030535)
(0.1739424907 0.8560377103 0.0372930622)
(0.1662113024 0.8749920586 0.03968736236)
(0.3886504313 0.5014592724 0.08491281694)
(0.4271443887 0.5173611043 0.1092009075)
(0.1629335179 0.8409716557 0.06868210869)
(0.1895703221 0.760425564 0.0762577554)
(0.216757321 0.7791467435 0.1078602647)
(0.1210486424 0.7548358836 0.03788820463)
(0.1124459248 0.7386793247 0.03855477115)
(0.4321077021 0.4589452783 0.0552547019)
(0.1371101369 0.842749093 0.02030637457)
(0.1351784482 0.8547055612 0.02084473538)
(0.1683106643 0.7490797138 0.1174625392)
(0.2357255652 0.5353502626 0.1348585739)
(0.4354044728 0.5682596995 0.1424688606)
(0.4646861735 0.4644788664 0.1283894457)
(0.4289429984 0.5155045253 0.1270259579)
(0.1290681302 0.7613402073 0.0212054677)
(0.4840137426 0.5138289081 0.1202178953)
(0.4926030245 0.5146498818 0.1094004251)
(0.5075685058 0.5087987343 0.09669413107)
(0.2150280049 0.8022741254 0.07378931802)
(0.35292376 0.5445544183 0.1010903848)
(0.1849819652 0.8260925639 0.136735661)
(0.4311771372 0.4790884134 0.02490197428)
(0.4473702318 0.4632448033 0.03931097292)
(0.1328510505 0.7600462876 0.08161409952)
(0.1138899323 0.7773047367 0.0466818752)
(0.108742793 0.8077058018 0.141472278)
(0.4180324683 0.4842815396 0.05845801884)
(0.445335261 0.4719293236 0.125505272)
(0.4594165091 0.4768503371 0.07059902473)
(0.122759953 0.7659692851 0.07464960637)
(0.4068328703 0.5454606664 0.08307646263)
(0.1861172936 0.7774168848 0.01892810714)
(0.1761311434 0.8339383544 0.1216984725)
(0.1827430205 0.8406375708 0.1243165248)
(0.1079665269 0.8112703492 0.1276668691)
(0.4247864672 0.4838462161 0.1251541203)
(0.1922500917 0.804229508 0.05921590995)
(0.2030700849 0.8048730981 0.0585246502)
(0.4451273842 0.5427188638 0.1304676101)
(0.1070983749 0.8290028412 0.1192880169)
(0.4384802091 0.4728655146 0.08274405188)
(0.2535937089 0.6601880053 0.04620872306)
(0.4686404493 0.5441690681 0.1233063127)
(0.1441914276 0.8540704352 0.054573453)
(0.2457204938 0.7175211829 0.1387077837)
(0.4666987181 0.4639541856 0.04525858179)
(0.4649545496 0.5390981786 0.02634178222)
(0.4688335488 0.5422919348 0.009682985787)
(0.4215077459 0.4974842037 0.07804462663)
(0.1276245129 0.8353863511 0.05876609259)
(0.1501797848 0.7552865855 0.01930723051)
(0.4234179312 0.5269170101 0.02370506384)
(0.2009341348 0.7740479739 0.06702297339)
(0.1951902498 0.9431029325 0.0528887791)
(0.4211882454 0.4980756751 0.05905840025)
(0.113397756 0.8238979593 0.07845845483)
(0.1821583336 0.8463594611 0.06123425122)
(0.1194091912 0.830719334 0.05715812922)
(0.1074553855 0.7889039748 0.1385906004)
(0.4771718416 0.511489646 0.01148923361)
(0.3008716281 0.6478806976 0.1317890174)
(0.1833422659 0.7565440828 0.1325363237)
(0.3864422302 0.8271940987 0.1034490098)
(0.1204591787 0.8459344798 0.0509844498)
(0.121252885 0.9633312494 0.1142293355)
(0.1721835375 0.764435701 0.098231942)
(0.4137959681 0.4911118118 0.1344749435)
(0.4885382726 0.4934841021 0.1260528199)
(0.4973710423 0.5038065813 0.1205271442)
(0.46399347 0.525536925 0.07203936293)
(0.09758589125 0.7855183166 0.01030109693)
(0.07819866989 0.7817022161 0.01778906449)
(0.1063333266 0.7960283401 0.1072041294)
(0.05375255574 0.8960786878 0.1063837996)
(0.1305114996 0.8401666933 0.148485955)
(0.1978712839 0.7687067595 0.05843227997)
(0.1946731046 0.753316305 0.04434384226)
(0.1034510209 0.7290086128 0.02141022131)
(0.2257833922 0.7219190936 0.1402972676)
(0.4021917879 0.4999562432 0.02010957845)
(0.4214457724 0.5085499618 0.03391026794)
(0.1222210171 0.7662744425 0.1035159333)
(0.1435807793 0.8430905794 0.1511113418)
(0.1757746134 0.8374593916 0.01014876345)
(0.1863535995 0.8465428185 0.01295415511)
(0.4564629338 0.5273054851 0.05384564742)
(0.1833866313 0.7700998684 0.05689354611)
(0.4719303875 0.5312922226 0.008389539042)
(0.4675540495 0.5220772488 0.02478632978)
(0.1353055195 0.8450786504 0.1354540197)
(0.4143975546 0.4829727403 0.07156795727)
(0.489104385 0.5056724568 0.1317690254)
(0.4217008315 0.4969483203 0.1451168195)
(0.2969006476 0.6554853417 0.07216429876)
(0.4618305351 0.5466693654 0.06138196058)
(0.3983291232 0.6220659387 0.1343658689)
(0.06244697319 0.8526738766 0.0591684193)
(0.515509314 0.5620266837 0.07819042926)
(0.11059228 0.8144433842 0.0869980523)
(0.1004706108 0.8174629853 0.08999153069)
(0.1727520021 0.7530707211 0.05403661689)
(0.1442718305 0.7457807965 0.09492856979)
(0.1072058177 0.7893249752 0.06955118337)
(0.09477349526 0.7915869758 0.07006044993)
(0.3565481757 0.4232822755 0.08039874766)
(0.1127519018 0.8300753285 0.03104684188)
(0.1019541984 0.8324419275 0.03116142901)
(0.1434359259 0.7567023176 0.08030225551)
(0.1943169189 0.7918833615 0.02050289665)
(0.2017201115 0.7864704651 0.01743357549)
(0.1842222934 0.4086292306 0.1036691738)
(0.4389830349 0.4762517482 0.0646187586)
(0.4469709818 0.5288280104 0.1222912995)
(0.1216186345 0.9174953043 0.03887526758)
(0.1792331939 0.7577985234 0.1094337711)
(0.1942367994 0.8573276094 0.1221933961)
(0.2106362866 0.8593865901 0.1030146225)
(0.4777258787 0.5283661301 0.02305470947)
(0.4655158235 0.5244996339 0.1415474223)
(0.1955324097 0.7952997245 0.00976795527)
(0.1533173494 0.7567838128 0.03660605439)
(0.137005947 0.5857959549 0.1066116674)
(0.4392164338 0.5394768659 0.05669358085)
(0.1869185929 0.8234813865 0.1223128612)
(0.1237234035 0.8559748357 0.1489801211)
(0.4670877738 0.3740907283 0.1339160688)
(0.4164620093 0.5078582781 0.04073749716)
(0.1102277274 0.7812093175 0.08598298196)
(0.4781027017 0.4985635361 0.06178350851)
(0.4887185158 0.493831234 0.06382836126)
(0.1194516664 0.8313986689 0.1137570744)
(0.3050067374 0.5233032882 0.1285535642)
(0.090764601 0.8104025102 0.07046781083)
(0.1677305848 0.8849065701 0.1346696893)
(0.4784731037 0.4883785831 0.1382551023)
(0.4866673853 0.4869315771 0.1344586008)
(0.1163151727 0.8407870397 0.09945355217)
(0.3387173278 0.5127063858 0.04254389373)
(0.4331541689 0.46742407 0.06611104441)
(0.4700370153 0.5191820846 0.1518881245)
(0.4010922783 0.4999087933 0.1485428511)
(0.1710710196 0.7146754005 0.07914659551)
(0.2793790209 0.6095612396 0.1332786733)
(0.1947919718 0.8315720396 0.05586391127)
(0.2100930643 0.8491069196 0.06046239476)
(0.1904746774 0.81642417 0.1275385667)
(0.1506451749 0.844341933 0.009177244584)
(0.1804779956 0.7660540012 0.1195936818)
(0.1823715066 0.7698199514 0.04569482566)
(0.1857175086 0.77469865 0.06849577595)
(0.1919289291 0.7710723098 0.067453125)
(0.1835338022 0.771782945 0.1417794959)
(0.4537003312 0.5260404611 0.1081292961)
(0.1397305423 0.8508535025 0.08000738686)
(0.1162959697 0.8251138982 0.09516514791)
(0.3283564117 0.698305546 0.0669415578)
(0.4237268469 0.5055489016 0.1090378343)
(0.4743456879 0.508520549 0.13198909)
(0.1932194492 0.8009909232 0.09249822819)
(0.1066618637 0.7959379807 0.1443149123)
(0.1069606974 0.7914389542 0.1514020369)
(0.4771952894 0.5058909181 0.04383404939)
(0.1049064326 0.8115196874 0.154064208)
(0.4446475311 0.4647167787 0.1351016468)
(0.09661961007 0.8157184577 0.1273700792)
(0.1196774265 0.7628199788 0.1395836758)
(0.1950404792 0.8216562558 0.01489579312)
(0.2026237595 0.8193373623 0.02223679846)
(0.1227606616 0.8340940594 0.1397199012)
(0.4505547146 0.5612859365 0.02250286995)
(0.4768997323 0.4937312934 0.1092318133)
(0.1744446612 0.8389108461 0.0514626477)
(0.1925909108 0.7346177762 0.1447640161)
(0.09567407266 0.7907601896 0.0281228352)
(0.09532767198 0.7947111003 0.03790134202)
(0.08915628169 0.789543183 0.04538143193)
(0.3007835417 0.8067156349 0.05013389375)
(0.1525663377 0.8453395982 0.1342539869)
(0.4740785021 0.5138473806 0.1155990395)
(0.4396214184 0.5269356191 0.03251135731)
(0.4372362267 0.5338583497 0.03299202975)
(0.09389619939 0.82845038 0.1496938186)
(0.4738507271 0.483510388 0.09528362921)
(0.424769938 0.5052273423 0.1256362821)
(0.1577418273 0.8416848707 0.1258190339)
(0.2023437509 0.7914528792 0.02457720524)
(0.4329459669 0.5198404931 0.02509742808)
(0.1417952251 0.7575387488 0.09437398019)
(0.1489371232 0.8914092854 0.05878702953)
(0.109986484 0.7293089801 0.07989307891)
(0.1893792245 0.8176323109 0.04415416565)
(0.1375579371 0.4767940505 0.1057792871)
(0.4561162714 0.5271581576 0.139869452)
(0.4314356751 0.5199047019 0.04654628918)
(0.1198172262 0.8299080465 0.01819164173)
(0.1829146351 0.7724768 0.1348571571)
(0.475534444 0.533478731 0.03699590571)
(0.4889985209 0.5481795965 0.0445885829)
(0.4576555236 0.5549322877 0.1453093286)
(0.4169899305 0.5145664086 0.1184264256)
(0.1677543586 0.74430296 0.1359044068)
(0.4776290441 0.4883859011 0.1513797481)
(0.4435489573 0.5384301315 0.1411353054)
(0.4954444539 0.5044439104 0.08949763333)
(0.5511034661 0.4014896211 0.08398179948)
(0.425343464 0.4666025433 0.0779386632)
(0.4631629758 0.6515420183 0.05230038864)
(0.2018427008 0.8029680892 0.1038061187)
(0.109523035 0.7870110613 0.1027952015)
(0.2875150989 0.6935276719 0.141339941)
(0.1946003639 0.8068894243 0.1398961034)
(0.4572613866 0.4517421873 0.1487143691)
(0.4473202215 0.4339930477 0.1434135639)
(0.4220636058 0.509033729 0.1430900575)
(0.4296121286 0.5147170348 0.01776187914)
(0.1461009744 0.8547515395 0.09597464201)
(0.1926866659 0.7887533655 0.1260142887)
(0.1628614473 0.7566854776 0.0160476143)
(0.1661517362 0.74918977 0.0145151363)
(0.07473041244 0.8213466187 0.02499717566)
(0.09827708469 0.8428563412 0.1091355215)
(0.4089451698 0.4947730065 0.03559231784)
(0.4308703192 0.5321893488 0.1219096574)
(0.1736379375 0.847112614 0.05465329769)
(0.4746752745 0.515434064 0.06924655264)
(0.1468190309 0.7565117801 0.1309787973)
(0.1195262806 0.83446736 0.08967244123)
(0.1077195726 0.8047759745 0.0208117482)
(0.3805739041 0.4762079024 0.05053601636)
(0.490488357 0.5199516643 0.06405440053)
(0.4878244394 0.5161582417 0.05621567702)
(0.4657749355 0.5232891773 0.01521381735)
(0.4282070039 0.4818785492 0.05788421453)
(0.07532030069 0.7852430052 0.09185438076)
(0.4327101041 0.5200745071 0.1325510866)
(0.1171095942 0.7705813445 0.1536102803)
(0.1471011907 0.8445613674 0.0647672337)
(0.4333722764 0.4711820751 0.1352028666)
(0.4258780287 0.5164285139 0.1425344648)
(0.139409044 0.8429132974 0.008766990727)
(0.1093239644 0.8460848189 0.148685935)
(0.1470586843 0.8402957027 0.05279016448)
(0.4364659694 0.5258078927 0.151608663)
(0.1972830455 0.7915450206 0.1105238489)
(0.1906424171 0.786257163 0.1500506365)
(0.1284275868 0.7509703944 0.06774767571)
(0.1288732371 0.7512437821 0.07590830055)
(0.4117415155 0.5170173032 0.01027462045)
(0.4456853466 0.5344188856 0.01693957143)
(0.4377889943 0.5220080521 0.1071501922)
(0.4541737275 0.6858099077 0.1265693593)
(0.1935941954 0.7959964491 0.1373490658)
(0.3010942938 0.8380669476 0.1301051144)
(0.1333322851 0.8555219005 0.009163288429)
(0.1142954751 0.7542244698 0.02912080174)
(0.5575660862 0.5972467594 0.1239757889)
(0.4125950465 0.4990913015 0.07367941796)
(0.4114770379 0.5055214085 0.06740318442)
(0.1615123451 0.842250438 0.1419168414)
(0.1941496852 0.8105778542 0.07391024655)
(0.1250474129 0.7636614632 0.05053678929)
(0.3961999286 0.7350489837 0.04993633897)
(0.2354481102 0.4460864304 0.05244886475)
(0.4555288011 0.4595267997 0.07839372731)
(0.4526935485 0.4739549254 0.1194612106)
(0.1281692688 0.7496448717 0.0371873062)
(0.101248631 0.8392375835 0.07571098674)
(0.4430331056 0.3927983028 0.07329688682)
(0.3869956539 0.2237041079 0.05744593065)
(0.1305146415 0.7625293375 0.1010588358)
(0.2352199814 0.8088701554 0.07298682702)
(0.5193982946 0.7185266754 0.1209843637)
(0.418825018 0.5252216295 0.151897835)
(0.2111553064 0.6638364091 0.1405077293)
(0.149761256 0.7542937196 0.01056944526)
(0.4841207729 0.5102017076 0.02340970252)
(0.1905058988 0.7816402404 0.09743527563)
(0.1967579282 0.7776350935 0.09685597584)
(0.4332527418 0.4570428346 0.07803469161)
(0.4779705377 0.5292678424 0.1286587285)
(0.4894160183 0.5489314328 0.12487339)
(0.4617397797 0.5346038678 0.0523748853)
(0.1758988449 0.8337927142 0.1324851103)
(0.2530421345 0.8933990769 0.1350659533)
(0.4600929 0.5567120352 0.1065845534)
(0.4770185487 0.4965179287 0.1281044755)
(0.4757330021 0.4896828802 0.06182808286)
(0.1464722658 0.6934357274 0.1346856521)
(0.1404368127 0.8559731748 0.1507061482)
(0.1057588758 0.7921299157 0.0475974777)
(0.4868656032 0.483483664 0.1060187115)
(0.4210293916 0.5344157812 0.05005658186)
(0.4221718201 0.5483672969 0.05619120063)
(0.09979131066 0.7741944976 0.1511548503)
(0.08794174355 0.7691334124 0.1443704502)
(0.3671206936 0.07231051514 0.1151245172)
(0.5455174495 0.5191602797 0.09585184621)
(0.4749292033 0.4916331031 0.03615861129)
(0.4823525896 0.4881605315 0.03728155041)
(0.1710178884 0.8367766292 0.06704851985)
(0.4638547387 0.4773032482 0.104757661)
(0.4614838334 0.4629813481 0.09996466619)
(0.4517791319 0.5455130638 0.008099065761)
(0.1298656126 0.8574912368 0.108276505)
(0.4296555864 0.5339563441 0.151768077)
(0.1408363196 0.7574607408 0.05409577561)
(0.1145627703 0.774935402 0.06221001735)
(0.2041359097 0.648924915 0.06083876282)
(0.4241767084 0.4974255959 0.01677905543)
(0.1887144993 0.7801039578 0.05659680403)
(0.2022350635 0.756843014 0.1109905127)
(0.1578021473 0.8395760764 0.0901912466)
(0.1695089963 0.7459672629 0.04224839466)
(0.210565067 0.7611415533 0.05175310996)
(0.4374701554 0.4777660642 0.1438252857)
(0.3214738253 0.4944321263 0.08208676998)
(0.1360796881 0.7563627832 0.0692754118)
(0.09334961533 0.8262941298 0.1076263565)
(0.4787328729 0.501412703 0.05223418005)
(0.4870929291 0.5002063633 0.05641854569)
(0.4693458415 0.529515405 0.1524250174)
(0.4904709233 0.5134269692 0.04520330433)
(0.09418898454 0.8073777262 0.1516347441)
(0.1764163601 0.7663531636 0.0711701414)
(0.1412512333 0.8413127777 0.09764449916)
(0.03289057611 0.8014692628 0.1241078291)
(0.1972766289 0.7749705878 0.08187920109)
(0.09574951279 0.8026376625 0.1158331543)
(0.2255835801 0.7034053789 0.04611405111)
(0.2694021909 0.7067308022 0.03855232609)
(0.1074703188 0.7985882372 0.1367772957)
(0.4788094584 0.4811074537 0.09316662142)
(0.4301168556 0.5316585594 0.03626304205)
(0.1301764002 0.8377003191 0.08992677019)
(0.4893872882 0.4745174326 0.1464746251)
(0.4216469286 0.5051172902 0.08357855142)
(0.06686031323 0.8257194218 0.1353595801)
(0.199189249 0.8194992436 0.03145322349)
(0.3383868139 0.3996897514 0.1133347114)
(0.1091181818 0.8007935966 0.04243914994)
(0.4746146374 0.4744214612 0.03047663568)
(0.4292042812 0.4699137545 0.02181025305)
(0.4586294794 0.5242268767 0.09101133016)
(0.1027014013 0.7829770546 0.1375480467)
(0.1011243448 0.7726302916 0.1331476073)
(0.184387234 0.8211812346 0.02893309673)
(0.1944238844 0.7974467336 0.029900924)
(0.1909283799 0.8059221243 0.03300612203)
(0.2038417543 0.8107851879 0.0306223508)
(0.2152156128 0.8195832415 0.04429293537)
(0.1419039378 0.8502524521 0.03809276821)
(0.466556741 0.5185448855 0.1207722727)
(0.1755125174 0.7673005462 0.1248391895)
(0.4761834096 0.5062833501 0.1507012467)
(0.1814450135 0.7534184326 0.00910150127)
(0.09598318384 0.784705463 0.03669297134)
(0.0919657666 0.7742213783 0.04076802739)
(0.1206813239 0.8783601198 0.1430548377)
(0.4757837374 0.5090122742 0.01980105303)
(0.1918252149 0.8098118694 0.1528692008)
(0.1892854531 0.7882592674 0.03693544529)
(0.2006272877 0.7858154798 0.03814465691)
(0.207912208 0.79666395 0.03903718104)
(0.09360831964 0.7832951474 0.1490753452)
(0.4784483764 0.5013735984 0.01829544828)
(0.4788799929 0.5011604481 0.03944489755)
(0.4232704997 0.4866953441 0.09007096129)
(0.1629819242 0.7571352429 0.007837896456)
(0.1740480553 0.8327794065 0.03549711563)
(0.1710032391 0.8348987255 0.1129659139)
(0.1805776766 0.7474572873 0.08370943723)
(0.4267363161 0.5093401827 0.05508794019)
(0.116749078 0.8710024772 0.07308947184)
(0.1547669778 0.8439583899 0.06568171336)
(0.4750888491 0.5110159035 0.05562418408)
(0.4153495579 0.5375101384 0.1516004816)
(0.1918590758 0.8077305507 0.1248833911)
(0.4183481704 0.4766078669 0.152708273)
(0.4204362281 0.462785118 0.1460761779)
(0.388376916 0.5249356537 0.1378548131)
(0.1408092468 0.7599929601 0.1441452379)
(0.1318082063 0.7628359059 0.04746693092)
(0.11219393 0.780946594 0.1222726763)
(0.2316702077 0.3512838464 0.1141208487)
(0.1835553854 0.8241238712 0.08785111294)
(0.07926042955 0.7843776164 0.1414601804)
(0.463728112 0.4595142479 0.07098897157)
(0.3585995224 0.5611338983 0.03829965068)
(0.3693915469 0.6106757567 0.05329439147)
(0.1484828606 0.8429927783 0.122793857)
(0.4244738684 0.5941549491 0.1355171627)
(0.1904271627 0.8146941164 0.03511361509)
(0.4478499408 0.3051230101 0.112862531)
(0.1002601332 0.8235766606 0.135933354)
(0.1570169426 0.8440058491 0.0431784881)
(0.1342060118 0.849068602 0.06593390931)
(0.1303716176 0.8566596876 0.07322530036)
(0.1226938061 0.7561334529 0.1246503771)
(0.4856308613 0.5200642708 0.1436354251)
(0.4685580753 0.5350575436 0.07888947903)
(0.2052828618 0.7968733519 0.1192222475)
(0.4251993573 0.4722018913 0.08477230012)
(0.4238543854 0.5075792265 0.07184646261)
(0.4045673473 0.507470198 0.1260010008)
(0.2185728353 0.7312433475 0.1011744187)
(0.1082121759 0.7519765122 0.1491557106)
(0.1702882837 0.9238050909 0.1222555353)
(0.3635648941 0.450614493 0.1329147849)
(0.1869570425 0.8422794153 0.07859164364)
(0.2415051744 0.5828506288 0.0776539396)
(0.1846399984 0.691711971 0.04048865544)
(0.4285955649 0.4833461215 0.1085273279)
(0.1532856077 0.8578185708 0.0886513955)
(0.1618045556 0.8569110669 0.09566812193)
(0.1136523954 0.8203838229 0.05385055756)
(0.11962999 0.7403101839 0.08611798923)
(0.1713277294 0.7621363166 0.03852305329)
(0.1811955117 0.7559957204 0.05477501781)
(0.1838301989 0.7470229332 0.06383460803)
(0.4388274876 0.5490991732 0.03509922334)
(0.1523277885 0.757150395 0.06752941866)
(0.1997367847 0.8255380278 0.07853710375)
(0.1074683658 0.7888103416 0.007347495562)
(0.4299477647 0.4755609812 0.04738229579)
(0.4812800037 0.5224339182 0.02686393974)
(0.4099794194 0.4910662645 0.1257247715)
(0.1903715156 0.7914701844 0.09764858665)
(0.4276321161 0.4837311752 0.1435039414)
(0.1091500934 0.7955702348 0.02491620672)
(0.1848823107 0.7413871795 0.09668498817)
(0.2488746365 0.6977252504 0.1009221561)
(0.460596433 0.4619003434 0.01409440711)
(0.4759683762 0.5298164591 0.05755042239)
(0.1071386138 0.7996278554 0.1537552143)
(0.09298929658 0.7959455034 0.06181398024)
(0.06167764874 0.7065527001 0.1340106984)
(0.1882020317 0.8170909641 0.06822686101)
(0.4327526169 0.7931249146 0.1206938805)
(0.1775134768 0.8418801178 0.1073069362)
(0.1749240243 0.7461938968 0.1083883949)
(0.1303409258 0.8657166423 0.1211458008)
(0.1068620032 0.7739855771 0.03019339032)
(0.2893241714 0.4322367045 0.07176502146)
(0.4672530164 0.5311698456 0.02876443897)
(0.125418072 0.7538132778 0.05740174435)
(0.1642621051 0.8489897923 0.1398072029)
(0.193404391 0.8001718607 0.0756127078)
(0.1750132176 0.763879406 0.02638018181)
(0.1967452073 0.7755831541 0.1053844274)
(0.1311420605 0.7598954956 0.1509153313)
(0.120583782 0.7731901469 0.05405933561)
(0.1197892728 0.7383645674 0.1440887473)
(0.4828037819 0.4709380282 0.08295937672)
(0.4864262234 0.4811011355 0.08121200376)
(0.494920623 0.4870089753 0.07248584283)
(0.5126077551 0.4842574141 0.0784017612)
(0.4191412089 0.5216692897 0.08761963164)
(0.1270742485 0.8382771446 0.006795534965)
(0.4025238354 0.5100181857 0.07737804261)
(0.4646644785 0.5222497444 0.1278168698)
(0.1867271263 0.8349011098 0.1110918465)
(0.1841346658 0.7580884089 0.1170756325)
(0.476741443 0.5032417077 0.1160255181)
(0.2022534737 0.785736515 0.15285116)
(0.2032186121 0.7853884285 0.1406604446)
(0.3995537117 0.5246791691 0.04702738265)
(0.3648247449 0.5221439007 0.02099056331)
(0.1421967725 0.8415854071 0.1105148367)
(0.1507823252 0.8557988674 0.07246433159)
(0.4247094967 0.5378629398 0.1333316081)
(0.4653621445 0.4769622197 0.119422539)
(0.3177465899 0.6204459912 0.09213360448)
(0.1090477802 0.8150779847 0.06405903391)
(0.4266100003 0.4885405645 0.03539810999)
(0.4730954096 0.591544604 0.1357806534)
(0.4582299564 0.4744122913 0.1324872805)
(0.1949794922 0.8220474408 0.06540712286)
(0.202085034 0.8137638418 0.07214643148)
(0.1919978611 0.8007682664 0.06952648351)
(0.2065550287 0.7976064439 0.1499037158)
(0.4183308091 0.459738982 0.116627196)
(0.09695994918 0.8064001485 0.02925730616)
(0.1088353942 0.8132258731 0.01759417049)
(0.1085805378 0.8129113494 0.008316604409)
(0.09899071812 0.8138991144 0.009049855375)
(0.09178553648 0.8280107368 0.01464293559)
(0.4370435646 0.4595338399 0.1495586079)
(0.1526632184 0.8405325498 0.1139336112)
(0.1026873498 0.7398311305 0.1405671324)
(0.09354176147 0.7094290345 0.1294483845)
(0.1436929762 0.7575088074 0.03683539149)
(0.2965183616 0.869675871 0.08947574182)
(0.1863754363 0.7786753948 0.1418348828)
(0.1644585166 0.744178066 0.06409828853)
(0.4216715974 0.5237345399 0.1045481591)
(0.1044444542 0.8270959074 0.153720057)
(0.1160866942 0.8239709527 0.1517505201)
(0.5042016178 0.6472015345 0.1235261686)
(0.1695494614 0.8377080791 0.02678781703)
(0.1068451026 0.8048102448 0.07082625363)
(0.4283459922 0.4836338985 0.006979728087)
(0.4583649857 0.5249643012 0.0187469802)
(0.1949764425 0.8144097969 0.05372671137)
(0.1202926775 0.7729750837 0.1255055457)
(0.4742373385 0.488018921 0.07202266703)
(0.08774890706 0.8406032021 0.06362172082)
(0.1879586884 0.7825932108 0.07475325377)
(0.5090966012 0.5225187346 0.07052389235)
(0.3878173276 0.5355897156 0.1088247766)
(0.1828970638 0.8251404538 0.1119141762)
(0.4749463864 0.497506514 0.08560740026)
(0.3513433353 0.6496949665 0.1391737899)
(0.4359411355 0.4647220875 0.1378586012)
(0.1502671917 0.8585440805 0.007830680895)
(0.2011549335 0.7820354748 0.02872276103)
(0.2342731312 0.7824488195 0.09457290567)
(0.4704514664 0.4632893031 0.1430279362)
(0.4566036317 0.5365733495 0.02709526016)
(0.1173159326 0.7731951367 0.08125257059)
(0.4167628371 0.5141986075 0.1366578068)
(0.1855729491 0.8213191345 0.09753573288)
(0.1934729566 0.8264331102 0.1000162697)
(0.1524579014 0.8418798433 0.07581504619)
(0.3346396034 0.4771659378 0.1367138055)
(0.1369334071 0.7618433151 0.1268585481)
(0.3289045187 0.8947492177 0.1135999108)
(0.4376117947 0.4772871061 0.03188550068)
(0.1250681813 0.76657904 0.133166451)
(0.2339371124 0.832720259 0.03393276315)
(0.3373512958 0.3025906542 0.09968098144)
(0.4298678758 0.4487658712 0.02023172615)
(0.1895589657 0.7922346026 0.06223121138)
(0.4453990512 0.4735144165 0.0957788839)
(0.159737065 0.75681151 0.0919563047)
(0.1470275239 0.8419640792 0.04611623953)
(0.1189006363 0.8495881233 0.01228542206)
(0.4181439695 0.4616319188 0.08628655663)
(0.147260766 0.7275045861 0.09308577823)
(0.4451014237 0.5876343509 0.05522503905)
(0.2021559893 0.5142530968 0.1202961699)
(0.3964009107 0.3884544339 0.03688943272)
(0.3843998846 0.4864437962 0.1454278812)
(0.10580639 0.8246990023 0.05437489592)
(0.0934648778 0.8251545672 0.05462458086)
(0.1348448451 0.7413635195 0.09964373256)
(0.4798699607 0.4986481792 0.1448993895)
(0.4308575319 0.5291596524 0.01055547501)
(0.1888069555 0.7672439841 0.06139545535)
(0.4958037859 0.508428438 0.009259209922)
(0.4651139172 0.532844166 0.04643622772)
(0.4254089853 0.4872296149 0.100247783)
(0.1098925529 0.7845743683 0.06097176571)
(0.4255252718 0.4697873382 0.03132965961)
(0.4540653776 0.5246788666 0.1297988903)
(0.1126201267 0.7798346005 0.07262441581)
(0.4186305992 0.4608349498 0.03261957322)
(0.4426161666 0.523520037 0.09617039826)
(0.1611744615 0.7599163777 0.04194844646)
(0.4299591101 0.4811881657 0.01777939828)
(0.2428670378 0.7766376157 0.03509966781)
(0.4694364214 0.5431736666 0.1493436328)
(0.4574487417 0.4745676093 0.1436693126)
(0.4187712269 0.4801213236 0.1003842751)
(0.4166632468 0.4683617216 0.1057581866)
(0.4676867714 0.4442939755 0.02016542168)
(0.4241655516 0.495009403 0.1305762027)
(0.3941551274 0.4972220994 0.1074865054)
(0.1062034148 0.7738771427 0.1096149347)
(0.1283644289 0.8351846678 0.04556448277)
(0.4082035805 0.5115543892 0.151371958)
(0.4227078558 0.9492876245 0.05717289381)
(0.1926640562 0.8374668643 0.00871124885)
(0.4558292304 0.526123075 0.1530006537)
(0.4597038623 0.5381589212 0.1512542511)
(0.4476157362 0.4732053511 0.1340275308)
(0.2784934887 0.7330319272 0.1415621063)
(0.1721682664 0.8467966172 0.02486938923)
(0.169549329 0.8507919843 0.01693313876)
(0.1809804807 0.8446522054 0.02330038548)
(0.1602409511 0.8599983819 0.01232194574)
(0.187977347 0.8213217275 0.07346092804)
(0.193286203 0.8264566195 0.07332950696)
(0.1911709438 0.8359368859 0.06495140459)
(0.4723182292 0.4864298354 0.02619639216)
(0.2038130495 0.7969047933 0.07157069086)
(0.09958706135 0.8022326032 0.1374917108)
(0.1914939246 0.7937365192 0.04493790489)
(0.1119830835 0.786619396 0.02610457618)
(0.4373979636 0.4774474001 0.01789247997)
(0.4419948185 0.5516512622 0.07583238294)
(0.4897800399 0.4870117479 0.08956230234)
(0.425152818 0.4829313908 0.1318697731)
(0.4144948847 0.4746589181 0.1268667843)
(0.1916365381 0.8106705916 0.067963312)
(0.4113028925 0.4965778538 0.09499350889)
(0.1499209599 0.7440210898 0.007686700034)
(0.1560976717 0.72872192 0.01754613998)
(0.1516524406 0.6992623082 0.03390955927)
(0.1071499653 0.7567636746 0.07189669157)
(0.4244595476 0.492640818 0.06952487732)
(0.1855268459 0.7598247917 0.01739044261)
(0.183780866 0.8248373742 0.1433395089)
(0.1671217785 0.8378391812 0.04099703581)
(0.1092314892 0.8018999652 0.008640695399)
(0.1262796603 0.8344605669 0.07953654128)
(0.1254758168 0.8444187902 0.07766309231)
(0.1249211528 0.8498757087 0.06712049939)
(0.4881480995 0.505709628 0.1044432044)
(0.4870384436 0.4979947991 0.09938864763)
(0.1687593449 0.7608195582 0.153255651)
(0.4707203531 0.5160797963 0.03402971249)
(0.1402084303 0.8731948777 0.1396818422)
(0.1199619441 0.7692775686 0.0281795021)
(0.09434259588 0.7932538799 0.1117303453)
(0.07968069131 0.7934728583 0.1093600874)
(0.1966586423 0.7687977068 0.009737828368)
(0.113568893 0.8215028247 0.01808254352)
(0.1884286827 0.7849464694 0.1193122376)
(0.1980320898 0.7825950857 0.1167740901)
(0.1402376297 0.7573943868 0.0194806524)
(0.1725862024 0.8472968976 0.04024144489)
(0.4485950693 0.5454819851 0.0277302729)
(0.4142299163 0.4932803717 0.1534184555)
(0.468384774 0.4778343309 0.07397358023)
(0.5597284017 0.2431189677 0.1139855866)
(0.1136151299 0.86704402 0.03614539736)
(0.4443456918 0.4740671612 0.0166643541)
(0.1313572008 0.7637401198 0.1171471779)
(0.506215924 0.4888039944 0.1164464018)
(0.1604583729 0.758167088 0.1116008547)
(0.1531195884 0.7479275361 0.04794532763)
(0.4351773476 0.5215128448 0.0114200073)
(0.4764144708 0.4982643449 0.02905230624)
(0.5003508296 0.5050776528 0.04325676201)
(0.108343517 0.7753405326 0.01439193371)
(0.1014028312 0.7802568619 0.01884228322)
(0.104078394 0.7701644385 0.008260570146)
(0.4436048762 0.5275798021 0.006159320667)
(0.1336737135 0.8364648281 0.1126307023)
(0.4251442427 0.5267087798 0.06290097324)
(0.4144136177 0.5329489285 0.07338310802)
(0.1033185589 0.7809214074 0.1089382566)
(0.1776886596 0.7689874199 0.09282696336)
(0.3796146646 0.610024665 0.08366798405)
(0.4383081446 0.523655048 0.08695745482)
(0.1291099142 0.6633111552 0.0513488678)
(0.4790772836 0.4973463257 0.006856218161)
(0.1722468876 0.7633367766 0.006108618029)
(0.1901396698 0.812576846 0.1105506329)
(0.4306778105 0.4791182067 0.08797996899)
(0.1791714641 0.7714586011 0.02090687998)
(0.156249659 0.8509936104 0.05308051656)
(0.4165999298 0.5137447027 0.05660022478)
(0.2010826343 0.7904332184 0.05138208894)
(0.2072261002 0.7965368652 0.0559938108)
(0.2065895432 0.8067339902 0.1514724261)
(0.4274854709 0.514147061 0.1535500686)
(0.1696236906 0.7517986222 0.1491714021)
(0.1239288797 0.833347607 0.1518565928)
(0.4478810033 0.4617292897 0.0546931813)
(0.18814962 0.7879828545 0.0854974842)
(0.0657993189 0.8707526899 0.1314073155)
(0.4190442283 0.5095148368 0.1549697885)
(0.4147499066 0.4891121789 0.04498130484)
(0.4019259069 0.4835920598 0.0419786758)
(0.4872181275 0.476544108 0.09166393423)
(0.1535551967 0.8544621408 0.1025977506)
(0.4526008889 0.5263611967 0.07669946873)
(0.4546860864 0.534819204 0.07851891731)
(0.4751327808 0.4395439526 0.09246717835)
(0.108137512 0.7914228597 0.09119035594)
(0.4720072371 0.4751311956 0.1032728381)
(0.136412079 0.8386806068 0.1297501822)
(0.1364204245 0.7446767916 0.0278376882)
(0.4822777025 0.470253551 0.1292551196)
(0.4299395646 0.5148302865 0.08895384734)
(0.09957459161 0.773093567 0.07985928261)
(0.1890400963 0.8379642575 0.1524921399)
(0.1208151112 0.8284297514 0.04698684574)
(0.1812115642 0.8725185782 0.07781864609)
(0.1743712398 0.8331935826 0.01694340858)
(0.1807527843 0.8282530767 0.07863299624)
(0.03658154182 0.8023390606 0.07894778565)
(0.1002930865 0.816159108 0.1071476532)
(0.4558568935 0.4663061422 0.1438610792)
(0.468975009 0.5201400388 0.007896778248)
(0.1983911701 0.8567338604 0.02038986705)
(0.1364667897 0.7615237089 0.02898344033)
(0.1929860666 0.8777713501 0.0339200412)
(0.07960117679 0.05221352438 0.04966121641)
(0.1892180721 0.7803165073 0.1070233621)
(0.4527980181 0.5256969746 0.09031495147)
(0.4805618551 0.5253596206 0.03746424366)
(0.4692036044 0.4817588719 0.129368594)
(0.4680626675 0.521338425 0.04558888192)
(0.1799972109 0.6173568121 0.1286246012)
(0.09809967183 0.7987331554 0.1307604102)
(0.4113462211 0.5054331476 0.05084638446)
(0.4638664185 0.449920606 0.1198466889)
(0.3118857906 0.67203952 0.1395146781)
(0.4545246576 0.4743029253 0.02041521478)
(0.1747518266 0.7559576611 0.03901066394)
(0.1292811927 0.8457113956 0.08868767421)
(0.197416109 0.8035917422 0.1153585318)
(0.1109592813 0.8115625928 0.04529913722)
(0.4739096405 0.1341979697 0.0651021455)
(0.1094608491 0.8425793655 0.04971315706)
(0.2010337356 0.7989429467 0.08772718723)
(0.2117490903 0.7925998528 0.08696534101)
(0.127310864 0.834143735 0.1302140817)
(0.1105877098 0.7674629422 0.1329947565)
(0.4476307899 0.7039982653 0.04986779216)
(0.1984205693 0.7011268238 0.1455306549)
(0.1226545284 0.7287344359 0.0189239229)
(0.429178593 0.5211744538 0.1217061465)
(0.1184948863 0.3577977285 0.1173776665)
(0.1579902103 0.4804148928 0.04965585231)
(0.4797424276 0.5229093671 0.05171253844)
(0.5699965159 0.5710215504 0.074356003)
(0.4948178451 0.4800121597 0.03822184943)
(0.1058517871 0.7959790002 0.0181483579)
(0.09812546717 0.7681694101 0.0588429469)
(0.3773942102 0.8199656338 0.04545437865)
(0.4421783552 0.5245457538 0.0763875784)
(0.4451595184 0.4640928664 0.01512528911)
(0.1458218124 0.7463746667 0.07628148444)
(0.4848791126 0.510672832 0.1419638184)
(0.1176367437 0.8272062702 0.1273305022)
(0.1302061308 0.7633834548 0.00774428517)
(0.1879339719 0.7831798111 0.1307094284)
(0.4478638627 0.5364968526 0.08304086972)
(0.1207895608 0.7681669377 0.1129064207)
(0.1531309456 0.8417913981 0.1014849824)
(0.4472067338 0.4649996121 0.1533708877)
(0.4729504173 0.5107739337 0.03816706434)
(0.187172051 0.8170928112 0.08773093089)
(0.1349563099 0.6422241734 0.1231786863)
(0.4680567 0.4797568375 0.1530732167)
(0.1917016088 0.7682383455 0.1343679594)
(0.4258596585 0.5926082154 0.08227432199)
(0.4774659855 0.5055155137 0.06692808514)
(0.1125408319 0.7659281143 0.05873951982)
(0.4726564162 0.4897951809 0.09785059831)
(0.476155222 0.5291815055 0.08034064514)
(0.4839090497 0.5383332255 0.07642711548)
(0.1465011783 0.7577544619 0.1092713834)
(0.193332705 0.7944386504 0.1543879754)
(0.1156893431 0.8243785591 0.1096963276)
(0.1225869543 0.7690470835 0.09468642883)
(0.2761858689 0.3607604414 0.04825328169)
(0.1868152105 0.8546684987 0.04125552508)
(0.474393964 0.4901551805 0.05198863689)
(0.4803195442 0.4920483806 0.07312964216)
(0.4609570749 0.4756319478 0.05166585075)
(0.4752059244 0.4919295409 0.01748694874)
(0.4863624217 0.4967587089 0.1424283353)
(0.4690843524 0.517876471 0.1001893212)
(0.2640731193 0.5146052052 0.04396280712)
(0.1817584286 0.8277892846 0.008466284358)
(0.1561251727 0.74564691 0.1524550194)
(0.1265741706 0.8754156233 0.01819362128)
(0.4240271022 0.4735686306 0.1432149016)
(0.1174688298 0.824463406 0.03251727851)
(0.4878922915 0.4782544392 0.06907683042)
(0.4873321616 0.5032136868 0.01793532619)
(0.1571792147 0.8407326376 0.02056979886)
(0.2029549049 0.8337418802 0.04889413273)
(0.4310709861 0.468368773 0.1536860356)
(0.1075945865 0.7907448895 0.03879172965)
(0.1112850775 0.8204222573 0.006910030004)
(0.2356359277 0.7965003328 0.1445493369)
(0.2116133608 0.8178668893 0.05802577036)
(0.128255961 0.8470317941 0.1162757212)
(0.427394039 0.5155575692 0.06958030743)
(0.2734112675 0.8245261239 0.1408967341)
(0.19689642 0.7675968737 0.09971429253)
(0.4232225842 0.48842233 0.06236155513)
(0.3450918759 0.7348012795 0.04663344092)
(0.2422096661 0.6523120654 0.1434258564)
(0.1051293049 0.8342765749 0.1272643502)
(0.08831742961 0.8526118839 0.1402320917)
(0.4475949232 0.5263459504 0.1035714937)
(0.1633267231 0.7509378641 0.09033198808)
(0.1664300168 0.7474126149 0.09947152527)
(0.1881755745 0.7823818506 0.045897177)
(0.08297383263 0.7625746011 0.06526885953)
(0.1180264187 0.8443272814 0.02050897628)
(0.4335671885 0.520139733 0.05421899032)
(0.4607512492 0.5434333676 0.1117418467)
(0.1766715431 0.8357978809 0.09732517057)
(0.1584388404 0.8452211057 0.006123906594)
(0.444521135 0.4610736419 0.07204796548)
(0.4251518005 0.5086408524 0.1154746038)
(0.08679492752 0.7533552156 0.09547378714)
(0.1837992024 0.8250197004 0.04745811887)
(0.4151164912 0.4845240257 0.1382296219)
(0.4183810027 0.4750126837 0.006762068197)
(0.4595587896 0.4765020723 0.09959606094)
(0.108338459 0.8064868788 0.1019595998)
(0.428829364 0.5148957767 0.1037987064)
(0.2160406345 0.7034760529 0.08918189816)
(0.1456272637 0.7589206763 0.07243659421)
(0.1931267656 0.7740028952 0.1279254923)
(0.1112361797 0.816843191 0.03175821864)
(0.459406541 0.5433645354 0.09912000352)
(0.4147680875 0.4762223368 0.0645478965)
(0.1510012471 0.7588944424 0.08399324786)
(0.158710549 0.7583168787 0.02760450681)
(0.4783161569 0.3422874618 0.1242344391)
(0.1092064813 0.8066311285 0.03666804747)
(0.469815984 0.4783553738 0.01686756451)
(0.171287957 0.7648379351 0.1373484427)
(0.1947497523 0.7853807856 0.0881242215)
(0.2040706921 0.7864410706 0.08097307035)
(0.110662024 0.8329194004 0.1014332806)
(0.104563012 0.8313800972 0.108377532)
(0.1314932952 0.7508401518 0.05311963718)
(0.1388091325 0.7506028599 0.05407528896)
(0.4726787993 0.4868483778 0.1200614203)
(0.1573914775 0.7492742577 0.02746926529)
(0.2003637045 0.7783804171 0.0579659299)
(0.1698646185 0.8603466688 0.1041490125)
(0.2162130782 0.8053700117 0.03353558708)
(0.4224411407 0.4762227392 0.05860314651)
(0.3911906812 0.5539583787 0.05926773569)
(0.4002863696 0.754468786 0.1234324888)
(0.4676495743 0.480876878 0.04716169216)
(0.1084716185 0.8013333561 0.1271974695)
(0.1407135667 0.7490068675 0.04590579232)
(0.4640243535 0.4778792633 0.08077186253)
(0.4659856076 0.4676124916 0.08212087131)
(0.4413073864 0.5235596297 0.04683671271)
(0.2704268538 0.4940855236 0.1406913619)
(0.4474188715 0.5256853246 0.0373988618)
(0.09979517037 0.7883740012 0.05091536015)
(0.1620986973 0.8383618838 0.1140985881)
(0.1340683188 0.8381441411 0.03493457012)
(0.4148909407 0.4983067973 0.110515515)
(0.4122404671 0.5070578728 0.1075776604)
(0.1820248166 0.7586991906 0.06950966355)
(0.1393059675 0.7579345806 0.1025869022)
(0.196139415 0.779986968 0.1315242908)
(0.4558750442 0.4618373237 0.1071287794)
(0.4815920685 0.4644863681 0.1155349641)
(0.4894074277 0.4544242812 0.1037653112)
(0.1884293903 0.7614836092 0.09693057067)
(0.1909674887 0.7554363379 0.08673115272)
(0.4725710555 0.4828665589 0.08218394526)
(0.4513563271 0.4736879944 0.07383595287)
(0.4378011208 0.4762628845 0.1320570195)
(0.1711747679 0.7636748592 0.06325573237)
(0.1664671244 0.7611106974 0.1246232409)
(0.2282211769 0.6467586055 0.08656432441)
(0.4238700918 0.5188473521 0.06383855521)
(0.4062420004 0.5256109446 0.05851546486)
(0.4490288651 0.4614246248 0.0638105756)
(0.4715584698 0.5160667517 0.1450652349)
(0.1366285288 0.7565341949 0.1494475483)
(0.4630292974 0.5234185409 0.03013583746)
(0.4349586295 0.5223925677 0.06962559641)
(0.1054460352 0.777470791 0.1258489898)
(0.4225883108 0.4683742787 0.1203225033)
(0.1296033537 0.7471645495 0.1265245131)
(0.4426179773 0.5249251621 0.1200086455)
(0.418926177 0.4823665035 0.09362079566)
(0.1641954585 0.760533918 0.0478122064)
(0.1137463886 0.8193533088 0.131735575)
(0.422898872 0.5047669344 0.04100320423)
(0.06992117625 0.7978032863 0.07171587778)
(0.1076484821 0.7703858 0.09552360667)
(0.09722597296 0.7700497053 0.09771894836)
(0.2263011238 0.8315298651 0.1391610181)
(0.1183235782 0.8546865901 0.09490795155)
(0.1227503862 0.8636533841 0.1017195531)
(0.435686633 0.5427282847 0.01124649989)
(0.1106909024 0.8102110803 0.09578558765)
(0.1966950644 0.8357373161 0.02957417346)
(0.4186552223 0.5268329119 0.03395058436)
(0.1629246712 0.8468545249 0.1236974855)
(0.1675987217 0.8498588204 0.1168458328)
(0.4151842591 0.4834610143 0.1484695431)
(0.1163244586 0.8422576167 0.05667672578)
(0.1367340945 0.8386834775 0.05658213281)
(0.4625054441 0.5343793427 0.1264419605)
(0.1577436573 0.7584880091 0.08003136894)
(0.1804966674 0.772066055 0.08587923972)
(0.3602487495 0.5065796219 0.1338629141)
(0.4376290801 0.4768422741 0.006122413349)
(0.1150942813 0.8430967067 0.1134326961)
(0.47548011 0.5262780555 0.06472795889)
(0.1414014012 0.8413293421 0.07185118889)
(0.3950049932 0.5147452266 0.08793638065)
(0.1465766287 0.8493236154 0.1233037477)
(0.1410087586 0.8596044831 0.1157418109)
(0.5307881281 0.5637393095 0.03541830142)
(0.1945043028 0.7795361958 0.07596370032)
(0.4486688532 0.5292192267 0.0491097187)
(0.4534610676 0.5265469397 0.06025378652)
(0.4536231446 0.5355480107 0.06261923055)
(0.451825731 0.5363009488 0.06968363735)
(0.1418547301 0.5974383123 0.05398285679)
(0.1753721069 0.8327968232 0.08652214545)
(0.2347523191 0.8212763087 0.1016584928)
(0.1244570961 0.7301255459 0.1095343381)
(0.4458411497 0.5266663275 0.01518194417)
(0.3807520776 0.6712842487 0.04001622364)
(0.2966282519 0.7094709939 0.08245697625)
(0.1894993196 0.7869458939 0.05132252817)
(0.1958597101 0.7807234359 0.04967041272)
(0.1227822575 0.7554494877 0.02245404838)
(0.1202510959 0.7448367214 0.008864341787)
(0.4795574102 0.4388666588 0.1154547512)
(0.1562805838 0.7415302756 0.09997756802)
(0.477619419 0.4739260738 0.0921556357)
(0.4654273259 0.4782527243 0.00668959072)
(0.1166917784 0.7774348283 0.03610429559)
(0.2023171499 0.51117135 0.04552811495)
(0.4540525591 0.5282833321 0.1173228961)
(0.4552164888 0.5341429521 0.1139420803)
(0.1409059132 0.8396504516 0.1376399642)
(0.1823120874 0.7738299653 0.03481698385)
(0.4463331472 0.5257582 0.06821131028)
(0.1642955851 0.7358919086 0.05537865281)
(0.4569319277 0.4651319243 0.06146045612)
(0.1895991816 0.7926984178 0.07512982981)
(0.3448648693 0.7093646099 0.1419598721)
(0.4242702821 0.5040626687 0.06342929616)
(0.3187629351 0.577736625 0.1321101903)
(0.1114015771 0.8160075865 0.1531888751)
(0.04377327177 0.1966227795 0.07552564778)
(0.4362185559 0.5596410857 0.1139032377)
(0.4510583107 0.5747187324 0.1041628311)
(0.1508415644 0.8415179038 0.02983137245)
(0.4240704099 0.5284662036 0.1335845914)
(0.1509371124 0.7599490578 0.09867852962)
(0.4181779062 0.5240827134 0.1304741572)
(0.1143432708 0.8373260489 0.06851474338)
(0.1892189323 0.7642905052 0.1534685811)
(0.441480934 0.5277048563 0.1269537239)
(0.1242237986 0.8337351683 0.03126700888)
(0.2054415003 0.8119766231 0.04889653892)
(0.1889891676 0.8120112587 0.1429496026)
(0.3812924182 0.4500486609 0.03145626476)
(0.1554263159 0.8408813638 0.1446708821)
(0.3253451005 0.4542869325 0.07224593415)
(0.4795296409 0.5205482134 0.1541744943)
(0.4854558969 0.5355325161 0.1506480875)
(0.4068286919 0.5128032913 0.04319972401)
(0.4189264903 0.4775913476 0.0447522382)
(0.1894440463 0.8081200329 0.01602191302)
(0.1201459305 0.7139113841 0.06591452989)
(0.4261334305 0.5262346827 0.1173232712)
(0.2037520734 0.9065707479 0.07922369715)
(0.2448891957 0.9126155094 0.04916820978)
(0.187040961 0.7640218921 0.04384732195)
(0.1468224265 0.7498646687 0.1189580919)
(0.1453329953 0.7342424605 0.1188416119)
(0.4677800684 0.5192286245 0.07709850557)
(0.169565159 0.8435603982 0.06696027473)
(0.1346655727 0.7590634254 0.01627192894)
(0.1476360397 0.7587520512 0.05030956872)
(0.09820654218 0.8004443223 0.04381284675)
(0.1036620865 0.8292602843 0.04175202962)
(0.1877812822 0.8333885506 0.1375655739)
(0.2572298323 0.4050181934 0.1259923244)
(0.1501395028 0.7594270157 0.06195188203)
(0.4275462952 0.5140071505 0.08357649656)
(0.1998853348 0.8054390748 0.06538686248)
(0.4758798087 0.4657418299 0.01964140522)
(0.1469723388 0.8485171879 0.1347281074)
(0.1261683486 0.7658073542 0.1534005121)
(0.1112281281 0.7710389336 0.08502505601)
(0.1795454593 0.8402205337 0.07682975778)
(0.4384650792 0.4745810357 0.115993172)
(0.32877597 0.339818239 0.1164418953)
(0.4811350709 0.5213026728 0.1313725399)
(0.4897464845 0.5221540484 0.1250631744)
(0.5511703167 0.9117513419 0.08051334818)
(0.1843086821 0.5546757475 0.04647004201)
(0.1668305337 0.8374461161 0.1290289385)
(0.4270497396 0.4876391382 0.04842521365)
(0.1589145994 0.8416290905 0.03557430028)
(0.4630933636 0.5221461592 0.147563532)
(0.1667578317 0.8374677316 0.05780210322)
(0.1580144328 0.8886029723 0.08546574382)
(0.1687928512 0.7515193334 0.06148822377)
(0.1449247772 0.841589304 0.01545252161)
(0.1903156068 0.8074273832 0.09096488277)
(0.4857808874 0.4943726893 0.04376813474)
(0.4914734028 0.5049203834 0.03671101034)
(0.4430614293 0.5243094463 0.1359586486)
(0.4143588811 0.506850577 0.1235419877)
(0.4866881309 0.4919990103 0.007492694575)
(0.4972671081 0.4892180672 0.01435693116)
(0.5208750758 0.4945997697 0.02041144974)
(0.5070165394 0.4753516549 0.0230386041)
(0.07906741159 0.8116796558 0.06020142681)
(0.1791770047 0.7690508361 0.05179275464)
(0.4254336651 0.5265637436 0.05045729397)
(0.4149018952 0.5268560877 0.04640663686)
(0.4579568914 0.4727536291 0.0638140546)
(0.4432690114 0.5248586897 0.1493007814)
(0.4842343547 0.5224035618 0.1062248906)
(0.4760305489 0.5293766971 0.1119611037)
(0.1307566777 0.7127880449 0.1403983305)
(0.1586332657 0.7428985879 0.1291703136)
(0.1956563694 0.7733870712 0.04023663728)
(0.4406415165 0.4638945736 0.106017625)
(0.1906966232 0.8020238894 0.01740405994)
(0.09714135101 0.7959134085 0.09602757835)
(0.09718491908 0.7953990795 0.01952757172)
(0.4357521539 0.477727881 0.09887194226)
(0.1108160126 0.7866565154 0.1148393481)
(0.2665393408 0.6923430199 0.1439590616)
(0.1078933557 0.7639458559 0.1524207093)
(0.1105679456 0.7609565113 0.1440517345)
(0.4240992517 0.503554534 0.01923753917)
(0.4707634179 0.5146354623 0.1319934777)
(0.4083676208 0.4900611443 0.009938771672)
(0.4050645979 0.5004394424 0.008982128214)
(0.1578345183 0.8397195231 0.05902195768)
(0.1842985976 0.7384215078 0.1275289539)
(0.1713019886 0.753218299 0.09480865263)
(0.3820765947 0.3801397396 0.133639524)
(0.4244618191 0.5027261893 0.1009480069)
(0.4028072511 0.3213901501 0.121765086)
(0.43151062 0.530997056 0.1039971844)
(0.4364614658 0.5306365316 0.1097185423)
(0.4466804428 0.4755767087 0.14687731)
(0.1207407278 0.8309113209 0.007136718051)
(0.07756023094 0.4382191919 0.1254294478)
(0.1130622748 0.8427338782 0.1327915712)
(0.4477034591 0.4288394906 0.08296926758)
(0.1746015912 0.758904517 0.08430402185)
(0.1714870043 0.7500901498 0.07971427971)
(0.4260491315 0.480585925 0.07411653532)
(0.4630497374 0.5226170955 0.0569775308)
(0.2084949139 0.8114108035 0.133789487)
(0.09962282114 0.8332393503 0.08983378753)
(0.419516044 0.5217603298 0.1436885661)
(0.4158086982 0.5410289363 0.1122201175)
(0.4618251761 0.4717779961 0.1539424092)
(0.1602907162 0.7587162532 0.1328250527)
(0.3756202462 0.4891849487 0.09898666131)
(0.195577198 0.7676832098 0.1116761718)
(0.4282372559 0.5342092492 0.08721645162)
(0.4748682185 0.470890798 0.153068999)
(0.4785317883 0.5386468848 0.01644998521)
(0.4013866253 0.4934183783 0.05247202932)
(0.1128318254 0.8126486074 0.1427694637)
(0.1264819814 0.7548412422 0.1022335974)
(0.4466982958 0.5259709854 0.02756457006)
(0.1139038769 0.7807854475 0.01930145128)
(0.3565886516 0.5939558682 0.1433775262)
(0.4316712364 0.4793109806 0.05235241672)
(0.4276878783 0.4725857894 0.05419715984)
(0.2217860043 0.3628506416 0.03628995222)
(0.4122727002 0.5005444636 0.01848906408)
(0.1516598955 0.8472486908 0.1183864957)
(0.4343512792 0.4687320367 0.005782601096)
(0.04659345769 0.6810955252 0.04622868297)
(0.04782659014 0.6282466847 0.05092812886)
(0.4945373078 0.4598684922 0.1420187253)
(0.09858026504 0.7893701463 0.1297096306)
(0.1777768491 0.8311989637 0.07247286491)
(0.4622939189 0.4738555973 0.01670870141)
(0.1161004388 0.7620571031 0.07280660991)
(0.1399464628 0.749929545 0.104593254)
(0.2035084059 0.7956179677 0.140540401)
(0.1102476701 0.8105186903 0.07565831904)
(0.1135896866 0.7787281587 0.007261135928)
(0.4088982861 0.4985779487 0.1045907259)
(0.4532975186 0.4634023495 0.1366926022)
(0.1104556187 0.8105115325 0.1138488318)
(0.4724458678 0.4857808201 0.01537119541)
(0.1128972107 0.7806110017 0.1315233066)
(0.4644202075 0.5369276421 0.1068221584)
(0.3569752667 0.8820924299 0.05370396477)
(0.3995265622 0.4895712324 0.08122471445)
(0.2330789971 0.8666484738 0.1419675664)
(0.4331715578 0.5317109383 0.1431970893)
(0.4808646083 0.5072848386 0.05249011064)
(0.4889926944 0.5085259256 0.05873175961)
(0.3463141921 0.3202816622 0.04830696832)
(0.476950692 0.4842039879 0.1298372163)
(0.4115213045 0.442424239 0.1082537329)
(0.3920813068 0.6722842097 0.1383520241)
(0.1039919713 0.8182518396 0.02992651371)
(0.09861282921 0.8229189515 0.02505979445)
(0.4252270681 0.497211847 0.1182364924)
(0.4744831532 0.5270728845 0.1192038047)
(0.09014892282 0.7919282179 0.1345152967)
(0.474426225 0.5023830879 0.08941026392)
(0.4748048704 0.5029923073 0.09506075225)
(0.4830991303 0.5085716882 0.09565488643)
(0.4860590357 0.5070345679 0.08814817933)
(0.4186462205 0.4665317711 0.135677677)
(0.4230395145 0.4958526679 0.09452276809)
(0.4933240641 0.6095858931 0.03882506979)
(0.1313169005 0.8361080153 0.1073357134)
(0.1239993502 0.8435275542 0.1045236353)
(0.4721458096 0.5349128561 0.09942275078)
(0.09880861315 0.8130348948 0.06331327042)
(0.4235555275 0.4981488492 0.0512360505)
(0.4474176601 0.4744844458 0.1127637871)
(0.1233546346 0.8311660455 0.0728895316)
(0.1198714516 0.7726855754 0.03854638153)
(0.4223963985 0.4981967544 0.1532009456)
(0.3433900958 0.7755974301 0.06853117704)
(0.1348425516 0.839658892 0.07503187332)
(0.1204121852 0.7691695911 0.01684413535)
(0.4550571841 0.4735792747 0.03841889098)
(0.1541431107 0.2296835949 0.1095497882)
(0.172731961 0.7649192067 0.07818240557)
(0.4191097822 0.5220843938 0.1214254449)
(0.0959290772 0.8075615604 0.04574838369)
(0.4614195508 0.5361213542 0.01710853754)
(0.1259754791 0.8334756773 0.01745870141)
(0.1720009775 0.306840844 0.1221891526)
(0.08279817379 0.811652935 0.01156986387)
(0.0912046868 0.4335147292 0.04169900911)
(0.4263702041 0.6389266194 0.08835198279)
(0.4005966401 0.5626074477 0.1463299221)
(0.1470855937 0.8395828779 0.1283538544)
(0.4377451501 0.5239994529 0.01762741651)
(0.4350750768 0.53006481 0.02047202049)
(0.5556263091 0.6446842642 0.1085402169)
(0.5095913253 0.569118727 0.1359201003)
(0.2368913225 0.7579771409 0.1485688238)
(0.1601120151 0.7488889503 0.1154032691)
(0.4282685126 0.5140085476 0.05930626709)
(0.1637904697 0.8390536152 0.1044589107)
(0.1208998817 0.8444819536 0.1374968972)
(0.112542328 0.838714162 0.1431005454)
(0.1695071652 0.7550824891 0.02862650055)
(0.1332368241 0.7499168394 0.1354436686)
(0.1411702617 0.7493573889 0.1334095482)
(0.1803934228 0.7724148268 0.02820645474)
(0.1799662419 0.7702418165 0.006750699363)
(0.5612640496 0.5118836462 0.03328855631)
(0.4785794734 0.4850107133 0.04779990635)
(0.4369912837 0.4777461991 0.1541370011)
(0.1577726992 0.8487304249 0.0393938061)
(0.2783727802 0.6410641307 0.1412617053)
(0.1846540613 0.7640028749 0.08190473806)
(0.4136470233 0.4836980467 0.1187935539)
(0.1861841411 0.7601891159 0.1459340645)
(0.4683431414 0.5189081708 0.08654806191)
(0.1407969235 0.8411785224 0.03643019328)
(0.4712212738 0.4849885781 0.1421946415)
(0.1914693116 0.7968319579 0.1302934605)
(0.06691413616 0.6073305838 0.1158145623)
(0.1282340081 0.7650911466 0.07977498613)
(0.1901436155 0.8063078306 0.1187838279)
(0.1077564555 0.8028482258 0.0536563349)
(0.145191609 0.855617532 0.04427550572)
(0.1437589082 0.8767432384 0.04862105412)
(0.1585055629 0.8509452861 0.1334409003)
(0.5133177421 0.5085813578 0.1426492932)
(0.1298632834 0.3717651928 0.04901650296)
(0.1006376755 0.8255243595 0.08327094732)
(0.240864476 0.7416846367 0.1111459683)
(0.168273208 0.8437180925 0.1540161204)
(0.1294570969 0.844238529 0.03676086386)
(0.3319288452 0.5644155397 0.1062466837)
(0.1099886921 0.7924388583 0.05815751513)
(0.1183871387 0.8409412754 0.09141414798)
(0.1975062401 0.8159742401 0.1126520274)
(0.2004668491 0.812292681 0.1180629569)
(0.4570330944 0.5237243338 0.06601720463)
(0.1867314871 0.7794338288 0.0330704334)
(0.2140410269 0.8457100923 0.08623671238)
(0.1132731667 0.8195273478 0.1236215449)
(0.2032781238 0.8045403122 0.01671796499)
(0.1041124401 0.7832372082 0.06586342372)
(0.104706027 0.7805601307 0.05955665873)
(0.1103529952 0.7889929304 0.078230192)
(0.1658295415 0.8532921571 0.03365736873)
(0.4767109923 0.5146367214 0.06216501161)
(0.4839054301 0.5141776465 0.06311014647)
(0.1310428249 0.1479945943 0.1092312666)
(0.1525150576 0.8514186083 0.1109184198)
(0.1969810289 0.8187685971 0.05970817719)
(0.4385707931 0.4658664927 0.05454864608)
(0.2329278793 0.7336792266 0.02953532036)
(0.4455345127 0.4728774287 0.02911634547)
(0.2197172684 0.8025991373 0.150602102)
(0.1166492366 0.7729651957 0.1447854008)
(0.3757631372 0.5510914957 0.1458078599)
(0.1896281164 0.7751512072 0.09439485451)
(0.2093428365 0.7444556412 0.1487104606)
(0.1264970247 0.8401447482 0.01532374388)
(0.1749466744 0.8410919443 0.1209651754)
(0.1574684822 0.7565280162 0.07231201194)
(0.1663186892 0.8375651574 0.01706354787)
(0.1896120556 0.791086466 0.1109044351)
(0.1938886232 0.8329088181 0.01745587025)
(0.4725910958 0.4828201969 0.03755209123)
(0.03542656002 0.7479903877 0.09722851957)
(0.4332217666 0.5196941934 0.09506069891)
(0.4240834038 0.4945947226 0.139098236)
(0.4559496806 0.4745962095 0.0277501721)
(0.4573726657 0.4663519745 0.02896462105)
(0.5497605852 0.3370855203 0.1227577434)
(0.4189260753 0.5133784221 0.01555990076)
(0.4107054914 0.515855162 0.02712798296)
(0.4449103095 0.4731914377 0.06182881202)
(0.2312412319 0.6733869871 0.1427620953)
(0.1644325646 0.8373547517 0.08953214268)
(0.1689347851 0.8456443653 0.09279947198)
(0.1866595832 0.7860102651 0.005160348823)
(0.127271798 0.8534197438 0.05029294789)
(0.3010476922 0.2047535475 0.04466344003)
(0.1667153338 0.7629946699 0.02893736126)
(0.159414462 0.8498865688 0.06140579937)
(0.1710186875 0.8349857587 0.1433772887)
(0.1831902483 0.833911404 0.07476716356)
(0.4484170463 0.4641689901 0.04612938026)
(0.4442213939 0.453658384 0.04172054574)
(0.4800524539 0.4841489496 0.07391110535)
(0.443107773 0.4657206413 0.02728596809)
(0.4505835167 0.4636196352 0.02761902609)
(0.1996082079 0.8174810479 0.1289778745)
(0.2001143773 0.8195448659 0.137576636)
(0.2699317227 0.2958236394 0.1277879027)
(0.4616524949 0.541704683 0.08234301737)
(0.4709878182 0.5532664498 0.09253231386)
(0.4246217104 0.4889514531 0.005452538937)
(0.4301150136 0.4690896012 0.1275269265)
(0.4140786421 0.4711288876 0.08358191776)
(0.4777956405 0.5369386268 0.120012739)
(0.1829367073 0.04688035452 0.05762771149)
(0.102928197 0.7734106824 0.04788197867)
(0.176991894 0.8315098414 0.1145123903)
(0.02859078417 0.7608210444 0.03766835946)
(0.2004271013 0.8178449777 0.09679737944)
(0.1953478934 0.8187623138 0.09032209828)
(0.1997882071 0.8128769701 0.0890747531)
(0.5574005271 0.7275243562 0.045484144)
(0.288237954 0.04620735453 0.1014855844)
(0.1197607723 0.8274632023 0.06463559097)
(0.448168172 0.5378259574 0.1195707055)
(0.4414531011 0.5373163266 0.1155752929)
(0.4454155096 0.5399473187 0.1069546988)
(0.4361939012 0.4595673723 0.009475583555)
(0.4495543674 0.4038545013 0.1331980156)
(0.1722030424 0.3042414285 0.0460371976)
(0.1891296279 0.810208657 0.09860067242)
(0.4455021445 0.5459450222 0.04795918639)
(0.427754112 0.5139143673 0.03462451395)
(0.1089504299 0.8293652477 0.09432403386)
(0.1161508477 0.777526192 0.0921599156)
(0.1387051042 0.8379043344 0.08732349263)
(0.1159590457 0.5449135828 0.1192034464)
(0.129396065 0.8360243305 0.06388947771)
(0.1022045696 0.8004745124 0.05837381775)
(0.463013276 0.5219461289 0.1164507852)
(0.1118500028 0.7868064069 0.01568212425)
(0.1548172867 0.758788271 0.1519189626)
(0.280363944 0.5400404944 0.1410874971)
(0.1825610281 0.665909313 0.1432683948)
(0.3892038595 0.6432149443 0.1388033187)
(0.2043727524 0.781580601 0.1099418567)
(0.1124322818 0.8374009383 0.02009379428)
(0.109155599 0.8394693502 0.01051379972)
(0.5080294108 0.527916969 0.1438294669)
(0.1204824485 0.8560015962 0.1180557645)
(0.1188473977 0.8263650271 0.1402272837)
(0.4574422686 0.4647845007 0.02183137866)
(0.1208152959 0.7729749851 0.07552343065)
(0.08205838856 0.7874318881 0.03347072554)
(0.4524772863 0.5356145819 0.1304365843)
(0.1835346976 0.8373072379 0.01975629646)
(0.3695336134 0.4460031085 0.1031396291)
(0.4170421851 0.4875441967 0.08588492339)
(0.2724395807 0.7811838398 0.1425937299)
(0.1693692218 0.763161131 0.1134972122)
(0.2075541016 0.7750632607 0.03832473204)
(0.1818135871 0.8534492796 0.07691091243)
(0.1835745586 0.8221358521 0.005621270212)
(0.4762066313 0.4716601118 0.07424335236)
(0.2657625679 0.6527023086 0.08997115234)
(0.4430371767 0.5340316282 0.06881650106)
(0.438631336 0.5326007295 0.06277204968)
(0.1900920716 0.7993550752 0.0488992892)
(0.1141791425 0.7628938036 0.1021611173)
(0.4101795667 0.5190349947 0.1279548347)
(0.4376944963 0.5357563801 0.09587751471)
(0.4701972662 0.5296614839 0.1313996693)
(0.4672101772 0.5329847976 0.1399035315)
(0.3012226043 0.4785355965 0.04225388884)
(0.1913562529 0.7680953048 0.02809170746)
(0.4691043702 0.44257526 0.05384605684)
(0.1282560578 0.8455161989 0.1427025933)
(0.09398012485 0.7604405313 0.02982052614)
(0.3138138646 0.7853588364 0.1342289131)
(0.4056097516 0.4975269979 0.1303390623)
(0.4053417288 0.489443055 0.1385610842)
(0.1995426358 0.7968324055 0.09529651779)
(0.4421047872 0.5314245654 0.1534140981)
(0.3347035305 0.04293218364 0.04470092194)
(0.1719729428 0.8483809302 0.1037370025)
(0.4488036051 0.5543028619 0.05884387382)
(0.258715259 0.453914161 0.1262161737)
(0.1947788615 0.8126125631 0.1057189939)
(0.2018437198 0.8097492588 0.1004309852)
(0.09847940742 0.8064853781 0.02107693139)
(0.1785298693 0.8280486504 0.1400315023)
(0.468029481 0.4827699682 0.1165726473)
(0.4762146123 0.4810170484 0.1160921505)
(0.4431992537 0.4753554753 0.04772184863)
(0.4883677549 0.5026065501 0.07720835314)
(0.4743789761 0.5090298605 0.08067901408)
(0.4621256896 0.5225339897 0.09956054955)
(0.4572438687 0.4763012361 0.05821868783)
(0.4597788168 0.4682017936 0.06806108157)
(0.1754630652 0.8318425519 0.006940581478)
(0.1612017611 0.8422183306 0.02791462544)
(0.47836483 0.485563618 0.1074329878)
(0.4453241206 0.4749952459 0.08459830474)
(0.1759031699 0.7623635467 0.1549992658)
(0.409073334 0.4998127953 0.116786199)
(0.4243536373 0.4981633403 0.03109770962)
(0.4175567002 0.5001490192 0.03256387069)
(0.4184654544 0.4926248435 0.03561096816)
(0.1254632543 0.7656203338 0.03298806867)
(0.18643725 0.4219086072 0.04419391046)
(0.1125045082 0.8287588805 0.1140632747)
(0.3993483845 0.3071103944 0.03801501736)
(0.4478008496 0.4675102181 0.08491706134)
(0.4562725558 0.4599001764 0.08667669034)
(0.1575938131 0.7541852998 0.1357500585)
(0.1268957856 0.766500455 0.0676284342)
(0.1965872115 0.797033518 0.02353928536)
(0.1871809809 0.783786102 0.01962925523)
(0.4463086456 0.7845422775 0.05618931393)
(0.1112358462 0.7811828224 0.1456670746)
(0.3257792511 0.6549985696 0.1437672629)
(0.1028201944 0.7784369548 0.03856373753)
(0.470618393 0.5155813944 0.05949709927)
(0.3873436983 0.4408652149 0.1410758415)
(0.1869793092 0.8184060859 0.07995587556)
(0.4623931012 0.4769271822 0.1385436164)
(0.1121560564 0.7796055593 0.05737267948)
(0.4420907479 0.466842261 0.08342255809)
(0.4199844424 0.5205530363 0.04138147323)
(0.4625984967 0.477737775 0.06031232291)
(0.2321456729 0.1881965528 0.1173962492)
(0.494754338 0.5073713044 0.1388100628)
(0.1805968109 0.7631334651 0.01065183561)
(0.4673490579 0.4535594366 0.1406913104)
(0.1631636525 0.7470216798 0.1465199494)
(0.1829646181 0.8244132037 0.06463026395)
(0.4953494215 0.5264585831 0.03918154207)
(0.1331549426 0.8382142267 0.0251349126)
(0.2148463634 0.744054793 0.12097652)
(0.4837840308 0.4969980724 0.02789667656)
(0.4834868103 0.4890328527 0.02947352408)
(0.4495624255 0.537893207 0.09941110989)
(0.4563307696 0.5354126864 0.09788134407)
(0.1049094901 0.7989130913 0.1225709824)
(0.1635716855 0.8516163568 0.01013381439)
(0.1712644947 0.8499895179 0.007552214385)
(0.1766547133 0.859526241 0.01233034939)
(0.1220132712 0.7692012307 0.1425632272)
(0.1487053101 0.7602736925 0.1264212688)
(0.1501122146 0.7586660282 0.1377149317)
(0.2029730799 0.7839498824 0.04639632185)
(0.1379791393 0.7604563997 0.08996149603)
(0.1869944298 0.7809687449 0.06407257448)
(0.1078707481 0.7818760205 0.1547171136)
(0.4699008127 0.5139064269 0.04608673859)
(0.1417889366 0.7598239097 0.1164307584)
(0.1337300315 0.8375335749 0.01732202245)
(0.1338162193 0.7615601594 0.1382778705)
(0.1583130407 0.7548655715 0.02189814391)
(0.1253795955 0.3941580212 0.1305865078)
(0.1755206939 0.7674422095 0.143670832)
(0.4495874765 0.4686755177 0.1231007772)
(0.4586337017 0.458025875 0.1255205804)
(0.139938458 0.8451257905 0.1154356719)
(0.09824568057 0.6895019266 0.04643097241)
(0.4838044417 0.5169278112 0.08676246477)
(0.4702464576 0.4710347268 0.05943118443)
(0.1697576033 0.8456067045 0.1250855635)
(0.4681297354 0.4820857751 0.05784051698)
(0.1299026024 0.744106474 0.06027132119)
(0.109358694 0.8009228053 0.0275031187)
(0.4731597349 0.5264892411 0.09187019038)
(0.2927638262 0.27299408 0.04540975776)
(0.4803200934 0.3935575659 0.06412368166)
(0.3880791348 0.5878405452 0.1467098995)
(0.4238651013 0.5077392614 0.09306325678)
(0.4176994981 0.5091841674 0.09213966993)
(0.41367452 0.508479161 0.09917401644)
(0.4161088993 0.5068048069 0.08562979708)
(0.4672592779 0.4674425284 0.02235193586)
(0.1088727313 0.7722130204 0.06169043493)
(0.3702148052 0.2302097101 0.1207299829)
(0.1144690163 0.8352953288 0.05381248143)
(0.1944371146 0.7856149342 0.09554070204)
(0.1333755229 0.839597503 0.00526123046)
(0.2585505707 0.8373528414 0.07588148545)
(0.1840794252 0.7624939302 0.03678128827)
(0.1171599979 0.823901823 0.08726409547)
(0.1039161293 0.821371741 0.1131435404)
(0.4679676357 0.4829069314 0.02895024028)
(0.4941025164 0.5828773804 0.08328325534)
(0.1173442842 0.7774078018 0.06729324833)
(0.4498687758 0.5320386292 0.03848731503)
(0.4293362035 0.4838815582 0.1551213855)
(0.1434700276 0.7572619172 0.006930507725)
(0.1585061455 0.8512798467 0.04575598743)
(0.476312178 0.5061443447 0.1452070093)
(0.4375847597 0.5222754921 0.02349482647)
(0.4326610246 0.4809486665 0.1324661654)
(0.1875254503 0.8332664104 0.08094274841)
(0.4586775095 0.8687693255 0.1147555139)
(0.4223807944 0.924996487 0.1196887708)
(0.1936949643 0.8463669642 0.0694359539)
(0.4171725625 0.5780490445 0.1100511934)
(0.4114725203 0.5684360713 0.08544143758)
(0.4194669385 0.5079887284 0.06684906057)
(0.1100468889 0.7903325298 0.1324292529)
(0.2004900396 0.8105147907 0.1360284546)
(0.4360615319 0.5400995312 0.1488841214)
(0.1974979136 0.7908455156 0.075094313)
(0.1420690688 0.8510686519 0.02338132491)
(0.1179075507 0.2353124777 0.05487208733)
(0.1817980725 0.8253602722 0.1290373613)
(0.4827417161 0.5388718257 0.09273325323)
(0.4678598291 0.4708909147 0.006292106298)
(0.2296125458 0.1280128561 0.1101237588)
(0.4170893233 0.5767035535 0.1485772296)
(0.1374972973 0.760303237 0.06304726248)
(0.14314666 0.7440807152 0.1235294494)
(0.1834479864 0.7565277264 0.04307210876)
(0.1466398991 0.7498287232 0.1095526803)
(0.1618380685 0.759779262 0.08658861677)
(0.4431418622 0.5263095567 0.1086373097)
(0.1715706847 0.8348659508 0.07436318966)
(0.4286607993 0.4815624228 0.03591477553)
(0.195421598 0.8194336675 0.1539097456)
(0.4437611395 0.4744837875 0.0772466174)
(0.109368599 0.8014789655 0.09239708055)
(0.1597445063 0.848086031 0.02322616427)
(0.4240046657 0.5072488696 0.07720456655)
(0.1861585753 0.8198546023 0.1336258252)
(0.04097968812 0.5238657458 0.05078199489)
(0.4750194134 0.495843089 0.09642770037)
(0.1891374427 0.8049094617 0.1537423673)
(0.08605510184 0.7860830089 0.1177411356)
(0.09133331186 0.8418172622 0.02085110844)
(0.4854263275 0.4888385139 0.1519839027)
(0.4822229818 0.482499576 0.1489797927)
(0.1667069898 0.8375910724 0.1481195941)
(0.139850959 0.8524435849 0.08857172739)
(0.1569127971 0.7599982496 0.1393580425)
(0.1861186615 0.8196862468 0.1083662561)
(0.427378919 0.4705565919 0.06955337431)
(0.1888061391 0.788510052 0.03008826795)
(0.1546030637 0.7478048167 0.07566500501)
(0.1923680452 0.7789853362 0.1528930274)
(0.2589142202 0.8413709088 0.1429609885)
(0.1776338107 0.8314174917 0.04181996103)
(0.1809679888 0.8422480445 0.05406427959)
(0.4734219743 0.4910385934 0.1301530117)
(0.2002825927 0.8125009276 0.007524227567)
(0.2094856574 0.8099423811 0.009973051489)
(0.1891339606 0.808265891 0.005468787317)
(0.4760886537 0.5039575095 0.1094638472)
(0.08859613654 0.8004836406 0.0429037103)
(0.4231351684 0.4739543626 0.1126383858)
(0.1893323112 0.8301666074 0.04705040696)
(0.1653176152 0.8684194266 0.1263996122)
(0.4843638921 0.5037894247 0.1122129032)
(0.4272633107 0.5382008304 0.1080743951)
(0.1906335034 0.8292683336 0.1256144858)
(0.1136815475 0.7809292309 0.1026208024)
(0.4637857755 0.5395916318 0.1339220974)
(0.2189021436 0.7733741998 0.150744321)
(0.2258962294 0.5656676821 0.1367052112)
(0.4274131589 0.5104467853 0.1211920565)
(0.1110384695 0.8079141311 0.08459346469)
(0.1631797234 0.7532269237 0.0430066261)
(0.4168628044 0.4844701145 0.05049218661)
(0.4801847941 0.7853135804 0.1238126408)
(0.03988519775 0.8997566166 0.05129616892)
(0.4603987603 0.4660175777 0.1213533128)
(0.1166836672 0.8409533633 0.04182108747)
(0.1928488818 0.8257514778 0.1077286278)
(0.4951878088 0.5716594912 0.02947648815)
(0.1929973903 0.8238329984 0.005296824823)
(0.425364582 0.4925345282 0.07970463692)
(0.1710035054 0.4501929994 0.117404994)
(0.1141526875 0.8191013382 0.06416345622)
(0.4777366778 0.532186837 0.1387515521)
(0.4427852096 0.4653300242 0.1225204056)
(0.4389949407 0.4616681119 0.1148412534)
(0.5132153724 0.5406309265 0.1156736505)
(0.4738384513 0.5078592311 0.1221178661)
(0.1409808001 0.8552929367 0.07159330571)
(0.1869493595 0.8161703426 0.0293276457)
(0.442174063 0.4453218858 0.09838939647)
(0.4367854038 0.4776441033 0.05721403993)
(0.461487281 0.5742461572 0.1384764242)
(0.197577852 0.685632221 0.1165626882)
(0.08021902849 0.8262042249 0.09676531845)
(0.06763840643 0.8117046819 0.1132936922)
(0.187793461 0.8156748754 0.1488244215)
(0.1653109147 0.1822920191 0.05551820874)
(0.1840541174 0.7766530931 0.07458539351)
(0.3861622419 0.7904539251 0.1288024782)
(0.4435421529 0.3981308568 0.02985795251)
(0.4796728985 0.358068348 0.0443546732)
(0.5539669475 0.3517565034 0.05369784525)
(0.03208152246 0.8407174888 0.1242917368)
(0.1391259645 0.8439674457 0.1044266853)
(0.1411782623 0.8492500466 0.1097726603)
(0.1962697001 0.8644389587 0.1423194126)
(0.1816811013 0.7755255178 0.1028308539)
(0.4393633522 0.4671165314 0.1443247924)
(0.1471767854 0.8416957396 0.0944791824)
(0.1004031367 0.8021627468 0.09133988821)
(0.1770221436 0.8427966952 0.1361523797)
(0.1768938346 0.8492264036 0.14238375)
(0.45352369 0.4749563529 0.1270175156)
(0.1142146881 0.8194247368 0.03863551996)
(0.178153363 0.7712856823 0.1093521956)
(0.1267515418 0.76696241 0.02643546258)
(0.1892673073 0.8068578188 0.02683511916)
(0.2509636526 0.6069349671 0.140962867)
(0.4429600482 0.5344022162 0.05192827936)
(0.4637824935 0.4716642149 0.09631661935)
(0.4714409941 0.4687928377 0.09129937157)
(0.4086399671 0.4981835722 0.1428377872)
(0.4272090142 0.4892694152 0.1295577303)
(0.1812813792 0.839725734 0.0914130423)
(0.4801778278 0.4876379789 0.1189028389)
(0.1235351262 0.7515851205 0.09254868421)
(0.3742180794 0.668086642 0.08714586808)
(0.303786615 0.5259200097 0.05544890322)
(0.5012633254 0.4989005727 0.1084556855)
(0.471257121 0.4865570768 0.04932543234)
(0.1976075694 0.7597036182 0.1512261381)
(0.4797958067 0.504968723 0.07212517712)
(0.1874330685 0.7866682338 0.1056350246)
(0.4553358394 0.4741996844 0.006680746939)
(0.1902036056 0.8104629132 0.06025072727)
(0.4335405174 0.519091311 0.1112418518)
(0.3169793271 0.4246819218 0.1343408291)
(0.1555209982 0.8410775225 0.01352951303)
(0.4682200417 0.518397158 0.1072660833)
(0.4258588922 0.5272533668 0.09246476857)
(0.4249248234 0.4999984833 0.1070044679)
(0.1703896208 0.7639066685 0.04691036527)
(0.4421172221 0.5385483284 0.008694180572)
(0.4721607271 0.4745694335 0.07890481041)
(0.1259217132 0.8335105596 0.099466435)
(0.4714826363 0.483759116 0.1101916956)
(0.2151259058 0.767604858 0.09249616338)
(0.4878422061 0.5088325028 0.1541872468)
(0.1898164721 0.8066682917 0.1332088788)
(0.4620781263 0.5243926137 0.08006579191)
(0.1115904161 0.7627033602 0.08720891088)
(0.1215596943 0.7640239123 0.09160402456)
(0.4099202486 0.5415391561 0.04675840486)
(0.473725155 0.4875848638 0.08822526895)
(0.475107479 0.5073509198 0.00546751875)
(0.17492575 0.831245056 0.05451127246)
(0.4768000723 0.4784528812 0.03735740201)
(0.4735310507 0.4701149804 0.03753793556)
(0.4345115684 0.479868198 0.1190669251)
(0.4746274233 0.5177068232 0.005276653733)
(0.4827589914 0.51922994 0.01190992397)
(0.4805605604 0.5275933888 0.008804304246)
(0.4169077396 0.4824780142 0.01972158869)
(0.1218048314 0.8287494012 0.1069258096)
(0.4493845986 0.870373932 0.04885491989)
(0.157244409 0.8398782639 0.1347204192)
(0.06482473261 0.8481672039 0.02822386321)
(0.1030591174 0.8211464413 0.1219635357)
(0.07925874772 0.824366302 0.1175164467)
(0.1694533569 0.7508153373 0.07104063954)
(0.1898856716 0.7892722022 0.1421564357)
(0.08721210998 0.2813760631 0.0515869443)
(0.2542011236 0.7659587093 0.1450324695)
(0.4141792027 0.5032374712 0.00977005293)
(0.4238856125 0.5030913993 0.01083585708)
(0.4236554846 0.4576647659 0.04540628544)
(0.4812145084 0.5468223106 0.146774784)
(0.4595023094 0.5239174344 0.04592521599)
(0.4019070889 0.473994341 0.1210855327)
(0.1136117728 0.764569237 0.02606901374)
(0.1050107982 0.7832640857 0.1000530771)
(0.1144864477 0.8202140163 0.1168712888)
(0.5084245188 0.5421869734 0.05502872749)
(0.4392857268 0.4598924123 0.02059588936)
(0.405804196 0.5371705646 0.01525242286)
(0.4453047636 0.6141304757 0.1387067433)
(0.4167841205 0.5156428432 0.03306287262)
(0.1428321986 0.7603635316 0.04769744552)
(0.1583231965 0.849247848 0.1006452604)
(0.1618773681 0.7610493197 0.102265481)
(0.1351648843 0.8535534897 0.05633958223)
(0.1443633499 0.7595856868 0.08793032339)
(0.1035068629 0.8259278278 0.1448948239)
(0.1504804839 0.7319638666 0.06077355313)
(0.4214217119 0.240696962 0.1105953113)
(0.1634028408 0.710514088 0.10392333)
(0.3625872798 0.5024965703 0.07185745178)
(0.1280982766 0.833758633 0.1185734915)
(0.4741438917 0.4953630593 0.06595577742)
(0.1089730449 0.8046932347 0.1164814205)
(0.4101291205 0.5152852133 0.1104451061)
(0.1218505224 0.7575075357 0.05101024216)
(0.5413519213 0.5045214906 0.1320406193)
(0.5638743856 0.4753837407 0.106537873)
(0.4848640028 0.4656390013 0.1505985118)
(0.2970527192 0.6216821073 0.1432224438)
(0.1197741761 0.8273852858 0.07680453308)
(0.4790270267 0.5239887535 0.1390959146)
(0.3445431803 0.3680057419 0.04405240332)
(0.1634476877 0.7495677279 0.005899876413)
(0.09674558323 0.5251875804 0.07203889874)
(0.1291385191 0.8336496445 0.1358548971)
(0.1116957621 0.8148145161 0.07087685238)
(0.1926936472 0.08915535695 0.115283073)
(0.1640512972 0.7615000231 0.07378785814)
(0.487175294 0.5021816035 0.1541653956)
(0.4718621911 0.4871858099 0.006402523074)
(0.1883415249 0.7682665889 0.07959994864)
(0.1121860705 0.7840264032 0.04711064774)
(0.3131615134 0.4562556845 0.1372830716)
(0.5052845322 0.7191123562 0.04158311679)
(0.1356738002 0.8427217765 0.1532376131)
(0.1296085732 0.848443961 0.1531504448)
(0.1718312732 0.7559396675 0.1123593795)
(0.4850954526 0.4632624702 0.06965886319)
(0.1889832496 0.8096347628 0.04169647068)
(0.4597603981 0.4646823764 0.05345496374)
(0.2190099288 0.8721804424 0.05184383682)
(0.473886951 0.4768957253 0.05726804774)
(0.1406197742 0.7525242206 0.1195217961)
(0.1241939223 0.3268096564 0.04445911411)
(0.3328108889 0.6211146925 0.1466597989)
(0.1201350206 0.7566456912 0.1452595726)
(0.4970573047 0.5009295226 0.05446395264)
(0.1275101865 0.8345020222 0.03624137052)
(0.1230356021 0.7621624203 0.01621274805)
(0.4788225032 0.479031091 0.06932015421)
(0.4528364981 0.5257709292 0.1463416931)
(0.2123253652 0.9199792455 0.1269927911)
(0.1084387039 0.8322068405 0.0859262977)
(0.1124050917 0.8377070562 0.08031552828)
(0.2448525289 0.2141380019 0.06272432046)
(0.1848942405 0.8367685981 0.1047875834)
(0.4295192686 0.5136742019 0.04148882482)
(0.1481797222 0.7481485772 0.1479723999)
(0.1960622348 0.7908210058 0.08378598152)
(0.09169155634 0.8597314452 0.04551749125)
(0.1744147626 0.7684018708 0.1324799736)
(0.4707129269 0.5160705096 0.01688689619)
(0.1823513184 0.7654052403 0.1076601031)
(0.04535872518 0.4408732789 0.08205498865)
(0.1288155581 0.8435817529 0.004460211175)
(0.2604223755 0.8016068353 0.1361536986)
(0.4275876206 0.4891522611 0.02862589061)
(0.1145031201 0.7442433201 0.1108787252)
(0.5084767184 0.8357002798 0.1216952079)
(0.4655614662 0.5329349267 0.07028344073)
(0.4685537806 0.5430092468 0.07095246898)
(0.4475146063 0.5251790475 0.05582182568)
(0.3761885442 0.6202721373 0.1430943623)
(0.4647896453 0.5344377581 0.08692996013)
(0.1806470057 0.8388796968 0.06361970406)
(0.4731123385 0.4772684938 0.06969032815)
(0.1799267859 0.773283819 0.06288502292)
(0.4651626212 0.4795888888 0.09158754511)
(0.1791343772 0.82745449 0.1023126445)
(0.4675075121 0.480993271 0.1015630605)
(0.1927262928 0.7813015317 0.06058686994)
(0.4675004569 0.5305580841 0.1107475063)
(0.4633649809 0.535403926 0.1163066209)
(0.1843065855 0.7610538551 0.06155720821)
(0.193696412 0.757610978 0.05822031543)
(0.1911544454 0.8022651229 0.1070670695)
(0.4265439526 0.511473736 0.1376140983)
(0.4743773965 0.5523950727 0.03989737914)
(0.1418364737 0.8401125448 0.1446250121)
(0.1394873815 0.848402952 0.142471392)
(0.1781293653 0.8283799643 0.02405361855)
(0.1938997901 0.8232114621 0.08603866222)
(0.3902083475 0.5776692791 0.1131645265)
(0.4787242992 0.4818113598 0.01309955997)
(0.4362829448 0.4769010881 0.07568565372)
(0.3337289075 0.5185428268 0.1384698795)
(0.1648308151 0.179558662 0.1170174671)
(0.1094729197 0.792202687 0.1124677062)
(0.1066290276 0.7624326411 0.007496209358)
(0.4848720324 0.5078253178 0.06700201915)
(0.1418078365 0.7603095935 0.1232190533)
(0.1239508126 0.8318473125 0.02273680106)
(0.4382459832 0.5229726932 0.05487575157)
(0.1111072057 0.7660270237 0.07447523831)
(0.4462531147 0.532914229 0.02373481701)
(0.4284273282 0.485076224 0.07798706825)
(0.1760553512 0.8430993499 0.0656616355)
(0.1359532292 0.7616514958 0.09634417658)
(0.4625108938 0.5226297402 0.1348342188)
(0.1475684313 0.8650663244 0.1501972612)
(0.2906613174 0.9121122571 0.1326630673)
(0.2073418354 0.7312096877 0.1503152824)
(0.354119841 0.8451352085 0.126825227)
(0.4234332227 0.5008468282 0.1313644655)
(0.1689811529 0.8347600994 0.03634781228)
(0.1732898838 0.7477252674 0.006704983751)
(0.1851960744 0.7412792633 0.01236782674)
(0.4118175034 0.4618124219 0.04783635092)
(0.4142290817 0.4447487782 0.07973099034)
(0.1149001055 0.8196085691 0.02491936645)
(0.1078231538 0.8252670069 0.0246096647)
(0.2259268414 0.8007259553 0.1114967868)
(0.1841828925 0.8207241357 0.05834800581)
(0.4223550483 0.5222993339 0.1117166287)
(0.4258378105 0.5091347657 0.01673434349)
(0.5163607649 0.2647805744 0.04516559569)
(0.1155797069 0.8384761206 0.0346759329)
(0.1085746652 0.8411070705 0.02879555229)
(0.1010667992 0.8056672937 0.08378914725)
(0.1007355174 0.788631547 0.1422389367)
(0.1649978906 0.7519657576 0.08241886394)
(0.4804966601 0.4823296041 0.02491259904)
(0.5544314531 0.6834938151 0.04549713794)
(0.1503791267 0.8460515333 0.01540678271)
(0.4368604631 0.5298149152 0.05612926715)
(0.272330811 0.1223536829 0.04808210734)
(0.1100639473 0.7959705797 0.09680823417)
(0.1094016 0.801990216 0.1438599686)
(0.440935748 0.4759884235 0.1037308752)
(0.4174212938 0.5039320318 0.1343568539)
(0.09546371601 0.7749566847 0.1141145672)
(0.08626932985 0.7731025314 0.1263019451)
(0.3307634417 0.1289925917 0.04220321226)
(0.5003622529 0.4811366623 0.06103109932)
(0.1629180663 0.8585639372 0.1171937632)
(0.1846558314 0.8722911178 0.1219141243)
(0.1069293219 0.7765939274 0.1447652939)
(0.1837646337 0.7788761911 0.0903864924)
(0.1866637594 0.8159599667 0.05056746488)
(0.1131439704 0.7654157089 0.01907171137)
(0.2955198717 0.5928610666 0.1442764415)
(0.2867955042 0.5697636855 0.1385588016)
(0.1474033587 0.7589020368 0.02593169399)
(0.1826782961 0.7434045427 0.1509609094)
(0.1188115141 0.7754207083 0.1334587575)
(0.1168235502 0.7561751178 0.1158480408)
(0.190048973 0.7741142165 0.03413453353)
(0.4474164125 0.4730396037 0.1547643638)
(0.4812475277 0.513421544 0.04143850979)
(0.3474754794 0.6858453031 0.1410747756)
(0.411665529 0.4857053866 0.0959177805)
(0.4247964474 0.5118508223 0.1085939519)
(0.1523420485 0.8524346469 0.03262357436)
(0.1078497908 0.7711934372 0.1212760976)
(0.1124112407 0.7674207548 0.1261131978)
(0.1141640749 0.7601328915 0.1272054583)
(0.109746263 0.748604951 0.1237093646)
(0.1145561446 0.7791209788 0.03005763521)
(0.1172662754 0.8534478085 0.07518884811)
(0.4728268164 0.487837549 0.04280575449)
(0.1275509557 0.765524216 0.06032537643)
(0.1212383968 0.8430188144 0.07036527468)
(0.1084173798 0.7966151852 0.07019030551)
(0.434333002 0.4809678654 0.111290357)
(0.1927250753 0.7734085754 0.1406107517)
(0.1967339526 0.7736348959 0.1345040721)
(0.2054925084 0.7557038781 0.1395164215)
(0.1610092614 0.8391079605 0.04770885828)
(0.1121034944 0.7644653864 0.04058849025)
(0.4153389692 0.5086700466 0.02516386721)
(0.4422752334 0.465897569 0.005882382738)
(0.1094729822 0.7823952867 0.07934659257)
(0.1906475503 0.2579429408 0.1267677852)
(0.1165497245 0.8228375953 0.04753553016)
(0.1992967559 0.7898932585 0.06399520222)
(0.1160430868 0.7679472305 0.1154007871)
(0.1651064484 0.7611350862 0.1440358423)
(0.05375946884 0.7956048803 0.02570049836)
(0.1095517406 0.8229806303 0.1189974424)
(0.4775840225 0.4998567547 0.07435947781)
(0.4559827379 0.4630035854 0.1520459905)
(0.4746431376 0.4980401358 0.0473004325)
(0.1178779743 0.7766719594 0.1069324308)
(0.4262299755 0.4897035896 0.1064200188)
(0.1093625723 0.9033142142 0.137626383)
(0.1181669867 0.7631837798 0.1090650676)
(0.1873757934 0.8287472474 0.1546227031)
(0.5017826232 0.04754352144 0.1066002283)
(0.3002192549 0.718747822 0.1397843311)
(0.1894659579 0.7921022427 0.1046022008)
(0.1703880546 0.7653878988 0.1219883806)
(0.1744004188 0.7599434531 0.123949195)
(0.1715164424 0.7528190101 0.1278730354)
(0.04479010556 0.5189722172 0.1221925595)
(0.1464263703 0.7525818426 0.08591983289)
(0.1406055829 0.7461533215 0.08291441827)
(0.1662389125 0.852077288 0.06741918056)
(0.1604981302 0.858620849 0.07378908707)
(0.1143123436 0.7808483331 0.1172235981)
(0.4191447031 0.5195128707 0.008627069746)
(0.1092259575 0.7955707396 0.1195373571)
(0.1647746809 0.8474875313 0.02939227641)
(0.4837921985 0.493096442 0.1065902129)
(0.4487377684 0.4741944122 0.06691597113)
(0.4207513081 0.4997614129 0.04431073262)
(0.1016368429 0.7858314439 0.1511515191)
(0.4268188693 0.5197069304 0.03954042024)
(0.4674379176 0.5183163183 0.1380202704)
(0.557502726 0.1534234319 0.1139098545)
(0.1824043834 0.7755160551 0.01193552812)
(0.1151297231 0.9583301002 0.0552266442)
(0.1344825399 0.8367652162 0.04470487403)
(0.1113732679 0.8102598608 0.02461630353)
(0.101883829 0.8280993805 0.009685333984)
(0.1061469005 0.8275361839 0.01663979045)
(0.145600406 0.8578668759 0.0201619638)
(0.1264002749 0.832139671 0.08724079611)
(0.1764383277 0.7343326115 0.08420756396)
(0.1882847353 0.7652732233 0.1189304454)
(0.1922644347 0.7578931182 0.1174499062)
(0.3313145394 0.4338301461 0.03776950812)
(0.1901980964 0.7971229785 0.1425120604)
(0.1699378454 0.746501242 0.02335382538)
(0.1858826715 0.8546384231 0.08837866063)
(0.4355855463 0.457679046 0.1242210755)
(0.42101984 0.5100954449 0.04555543207)
(0.4733274812 0.4736722365 0.1448734623)
(0.4696637693 0.4709070151 0.1399191709)
(0.4722372615 0.4680048515 0.1324384823)
(0.1968280906 0.8072995697 0.02889467203)
(0.4924744316 0.6405120149 0.07859004627)
(0.4708574617 0.5334595228 0.05131096687)
(0.5033334104 0.4806825143 0.1464609357)
(0.4176393142 0.5003529326 0.08218311075)
(0.4432259715 0.4746063116 0.03705474583)
(0.4786005686 0.4823615691 0.1424719992)
(0.2444249347 0.2642865623 0.04380876356)
(0.4900628869 0.5012107499 0.06491083933)
(0.4696312072 0.5256634914 0.107571618)
(0.14956182 0.8876200639 0.02608138666)
(0.4528554562 0.4737218096 0.04469795815)
(0.1961696334 0.7650524807 0.04642493174)
(0.1087421371 0.7729348966 0.07029917145)
(0.1801408027 0.7741277645 0.1554182418)
(0.1097531315 0.793242865 0.08314223748)
(0.1341089563 0.8496123571 0.1298946571)
(0.2217112728 0.7947158217 0.01927627822)
(0.2263146948 0.8136257829 0.01905406158)
(0.1042015723 0.8233397932 0.106063999)
(0.4338984536 0.4804071655 0.04164038691)
(0.1349121426 0.7623143857 0.05274654489)
(0.4255216598 0.4369193566 0.1433926311)
(0.09959307756 0.8065325768 0.06753968171)
(0.09860267462 0.8049553582 0.07543684059)
(0.1626306316 0.8375627903 0.08427065791)
(0.1201778785 0.7639008669 0.0296513102)
(0.152354034 0.8404554065 0.04925620982)
(0.4789297686 0.3092609953 0.04809017942)
(0.4822292211 0.4993647349 0.08365661316)
(0.4409161377 0.5348152587 0.1320322878)
(0.1774254956 0.7700697355 0.04059681265)
(0.4750989352 0.5014937742 0.133724443)
(0.1077306434 0.7693545169 0.1027300668)
(0.2624232977 0.5867977334 0.04103650368)
(0.1095524921 0.7970514916 0.04863801546)
(0.4601598147 0.5444560326 0.03319927599)
(0.5490639503 0.03850237302 0.04137666851)
(0.120158702 0.7586267658 0.06023506693)
(0.1403450118 0.7609837144 0.04144889678)
(0.432466845 0.5281253239 0.08495949144)
(0.4756259114 0.4746498505 0.01433620022)
(0.474511737 0.4732849153 0.005925799539)
(0.4778016753 0.4600596636 0.009877763656)
(0.1965837369 0.8496411025 0.1497060762)
(0.1802216978 0.7603194668 0.02973017158)
(0.1764822517 0.7566932372 0.02635907535)
(0.1740500766 0.7601446953 0.02033469754)
(0.1769789537 0.7511365753 0.03138620286)
(0.429374132 0.5324057638 0.04431873255)
(0.4182386895 0.5116488425 0.08055986367)
(0.4162919299 0.496087826 0.1212304939)
(0.428326838 0.5138372779 0.02842413241)
(0.4804000395 0.221389557 0.04479752482)
(0.1248795637 0.7500456474 0.140312991)
(0.4830173568 0.5272117964 0.08696928888)
(0.1880136886 0.7878897082 0.07092521123)
(0.208421857 0.4594882093 0.1367469858)
(0.1902733621 0.8000941171 0.03649221459)
(0.1853910754 0.7782188624 0.119789753)
(0.1041094864 0.8168718481 0.06690743715)
(0.1830167139 0.8220658448 0.03998731873)
(0.446723936 0.4550674276 0.1393289171)
(0.1910275914 0.7937132572 0.1210181561)
(0.184743004 0.8221979727 0.01762607032)
(0.190183247 0.9011594386 0.1354561727)
(0.4291417754 0.5268345807 0.05684301693)
(0.4530403184 0.5256343181 0.01510884672)
(0.4551244675 0.5250797981 0.009372282406)
(0.4573013207 0.5348225368 0.005087996827)
(0.425035144 0.4936451185 0.01108102508)
(0.4174215125 0.4920884788 0.01364464148)
(0.1020883983 0.8110270659 0.1467240227)
(0.1146657523 0.8204899398 0.1379286862)
(0.1088702178 0.8220235365 0.1354123877)
(0.1663980733 0.8369472935 0.09806765536)
(0.1700041717 0.7644501642 0.01703312052)
(0.3875203859 0.4731966906 0.0755710598)
(0.425815258 0.4906236593 0.1438923715)
(0.1952191986 0.83070808 0.1539357355)
(0.09979145244 0.7889570796 0.09272911023)
(0.1706814058 0.834190324 0.01222348584)
(0.4048244898 0.5086320193 0.1004756436)
(0.1175010839 0.7540408772 0.09973245904)
(0.105092574 0.7450379943 0.09687771845)
(0.117729599 0.7702772609 0.005736679109)
(0.4142056804 0.4885840908 0.05637431869)
(0.1457287445 0.749889011 0.1270239631)
(0.319792716 0.6226426018 0.04041573607)
(0.1038675989 0.8018342142 0.1051232561)
(0.285427838 0.2012800144 0.1105032345)
(0.427981975 0.5126567693 0.006355393294)
(0.4544160429 0.4426975859 0.07458626165)
(0.1599391947 0.7607912748 0.05343845203)
(0.04240681276 0.3561384273 0.04777947)
(0.4581068925 0.5242611822 0.03832708906)
(0.1133730835 0.7669827537 0.05254039058)
(0.1569201904 0.714395566 0.1266578904)
(0.2029496508 0.808889077 0.02282261586)
(0.1907420213 0.8114750981 0.0485319792)
(0.1212012522 0.7591961706 0.007812565958)
(0.4172316598 0.5166991751 0.09197540566)
(0.1158856339 0.7632706344 0.06425082022)
(0.4243992391 0.4704086551 0.1520633974)
(0.4207220855 0.482455333 0.07697124551)
(0.1543881739 0.8405904955 0.1550602618)
(0.3526686634 0.4832759992 0.03579162666)
(0.1345010205 0.8479183511 0.004729448784)
(0.1414333359 0.8503928215 0.005803608584)
(0.1417946984 0.8481572048 0.06757611225)
(0.1227568607 0.7708367911 0.08193252314)
(0.2134825121 0.8145156528 0.1024788763)
(0.4473292965 0.4611255963 0.02181737849)
(0.1531653222 0.7356581386 0.04556525726)
(0.1571990787 0.5185570078 0.1221784554)
(0.4199753655 0.53547175 0.09093519496)
(0.1756856448 0.8311180645 0.1538221492)
(0.08909506792 0.7873745865 0.09216590291)
(0.1244197177 0.7680048103 0.1265270222)
(0.4609592447 0.5218735123 0.005609836445)
(0.4432807267 0.5380858824 0.03855237089)
(0.425559222 0.4946077592 0.03750283557)
(0.4656599688 0.4735783375 0.03854169495)
(0.1531128525 0.7589419233 0.04265702489)
(0.1356789236 0.762494052 0.14413157)
(0.09644459644 0.7849762359 0.1136894327)
(0.1019884836 0.8481724945 0.05779174117)
(0.1568688215 0.853773863 0.1241719347)
(0.2005852307 0.8101544031 0.08260590694)
(0.2026079396 0.8030652454 0.07908003847)
(0.2000863813 0.7184366195 0.1485092084)
(0.503178546 0.5437964589 0.03219195636)
(0.1477916749 0.7500049136 0.06189835111)
(0.1402083546 0.7488169372 0.06158073447)
(0.4750766555 0.5091618802 0.09483010603)
(0.1507048543 0.7499472877 0.09676504151)
(0.4403512701 0.3445223231 0.1292227978)
(0.1518958816 0.7593971125 0.1168283867)
(0.1131718697 0.8177138204 0.1035780699)
(0.1141603004 0.8197289841 0.08445038333)
(0.333149637 0.7478263702 0.1402532988)
(0.4365542364 0.5277976757 0.005398559081)
(0.4731961637 0.4768688039 0.1328548936)
(0.4814270682 0.4789574189 0.1358265879)
(0.4077962506 0.4616273264 0.09641695265)
(0.4665838527 0.5187308546 0.03791368846)
(0.1092493335 0.7999344548 0.07937421877)
(0.4332445784 0.5187448043 0.1387991367)
(0.4709647063 0.5135327499 0.1031972057)
(0.4791085794 0.4832051059 0.0794358945)
(0.4737724896 0.4720892623 0.1266429736)
(0.1807364914 0.8406952825 0.1315967)
(0.170842497 0.2598698052 0.04962582738)
(0.4449486673 0.7210849162 0.1286500383)
(0.1092435559 0.7695202984 0.02280020856)
(0.1779264999 0.7706804412 0.1039131926)
(0.4320704246 0.4684817689 0.0569816195)
(0.1108351617 0.8074373407 0.0646064534)
(0.4618856723 0.4645858127 0.1104054316)
(0.09834842521 0.798565384 0.1535455157)
(0.5184427556 0.4674482963 0.0663621916)
(0.5027168257 0.4678335694 0.09355864347)
(0.425052223 0.4907379861 0.116877601)
(0.2005779437 0.7952670514 0.03175340818)
(0.2750410157 0.9599304237 0.1172271826)
(0.4359660046 0.5212632881 0.08246705783)
(0.4581367607 0.5241631621 0.1036768308)
(0.1280502122 0.8339030615 0.05171997238)
(0.1147363657 0.8325717939 0.1296531976)
(0.4181737039 0.4879365625 0.1124018048)
(0.09902838022 0.7749759792 0.1421285226)
(0.4555556937 0.4746859681 0.09390915826)
(0.1965150379 0.6434243351 0.1406415801)
(0.4285650032 0.5396767865 0.05572277038)
(0.4076662652 0.4828578518 0.111224059)
(0.4293070247 0.515761489 0.07673532665)
(0.4251749332 0.5198590809 0.08043312662)
(0.415967593 0.5232050905 0.07434580659)
(0.3839686323 0.4813796686 0.1203909208)
(0.1583777694 0.8518452035 0.08917584576)
(0.4912978237 0.5351423523 0.05198313936)
(0.4625654762 0.5997126947 0.1179283232)
(0.1153769111 0.7666790762 0.09459456349)
(0.1586273168 0.7501202907 0.06927837684)
(0.1594563589 0.7493195421 0.06224769536)
(0.1799521983 0.7724427447 0.1279638447)
(0.1167054341 0.7773087965 0.1224077687)
(0.1341308473 0.7403135071 0.07418964352)
(0.1296365407 0.8359528949 0.08286465444)
(0.178400033 0.8283750792 0.09028935991)
(0.2525401705 0.6757130134 0.1469313974)
(0.1708068945 0.7652913761 0.05674702157)
(0.165802631 0.6772191755 0.1153681368)
(0.4715571923 0.5132757627 0.09032682008)
(0.1828944208 0.7773831013 0.131261672)
(0.1167691499 0.8420342174 0.1532112395)
(0.431713611 0.5185538338 0.005779917806)
(0.1220840702 0.7709573002 0.1310774428)
(0.3798008772 0.725583085 0.1349828601)
(0.1805045874 0.771504475 0.07130268722)
(0.3656759714 0.272878869 0.04476682727)
(0.4710460587 0.5221456343 0.01877390285)
(0.4783313703 0.5211180591 0.01895977971)
(0.4655960004 0.4795184637 0.1125498834)
(0.409798943 0.5036872133 0.05901727308)
(0.1875972911 0.8385872193 0.09710655872)
(0.1081255812 0.8080865121 0.1340895275)
(0.1896292136 0.7587594889 0.007465121902)
(0.189871279 0.8012750719 0.005532272264)
(0.1310944897 0.7544707314 0.1244195219)
(0.2569109778 0.3183637211 0.04334341479)
(0.4343164474 0.519990195 0.04081641328)
(0.4254462306 0.5016009349 0.1427619332)
(0.1688269253 0.8392400341 0.006168382423)
(0.492276678 0.5211401341 0.01240772372)
(0.1236015166 0.8437706056 0.007538513799)
(0.4496448126 0.5719948606 0.07843475188)
(0.1270548009 0.8331900831 0.1111604001)
(0.4256063537 0.4996544072 0.1255611019)
(0.4737874255 0.5190446826 0.04791489713)
(0.4802218821 0.5201618304 0.04368559368)
(0.486798525 0.5250188562 0.04642875307)
(0.4259367447 0.4763471514 0.121181395)
(0.4567253963 0.5437761873 0.131269226)
(0.2680498132 0.7133178137 0.1446149778)
(0.1275730046 0.134417094 0.04690383478)
(0.1330703328 0.7307209599 0.1452021672)
(0.1917249822 0.7774106366 0.04435573166)
(0.1278896796 0.8459163804 0.1253098287)
(0.1032991348 0.7727982647 0.02303404769)
(0.09564879872 0.6454391375 0.1289456647)
(0.1753639483 0.7312244357 0.02168325474)
(0.1580567594 0.8397422784 0.07323964373)
(0.4568557235 0.4740838882 0.08644567817)
(0.1476067525 0.7514376182 0.1335368175)
(0.1514638975 0.7524810655 0.1384904885)
(0.09755627643 0.78694679 0.02006021627)
(0.4269685293 0.4890467417 0.05540834432)
(0.4182187404 0.4870020829 0.09948749207)
(0.1532950545 0.7518336077 0.08340001369)
(0.4261895413 0.5053525924 0.1474968793)
(0.4948911925 0.4782502881 0.01133774658)
(0.4826718043 0.4903278797 0.1127533638)
(0.3643609991 0.3813474248 0.0883978987)
(0.1806834768 0.8492907183 0.1262238169)
(0.4670431801 0.4816117648 0.1464552468)
(0.4746264842 0.495426733 0.05551830573)
(0.1957033037 0.7757900795 0.02658792179)
(0.4541451007 0.4678248098 0.08257480935)
(0.3475841351 0.4350077159 0.1420314123)
(0.08657531253 0.7997343341 0.07189168746)
(0.4903497188 0.2813742719 0.1273320376)
(0.1551105959 0.7496652166 0.09075116959)
(0.4548310106 0.4674242626 0.07584712291)
(0.4628885938 0.4680423778 0.07499514971)
(0.4507151976 0.5258152323 0.04315627935)
(0.4151551296 0.4980899759 0.06318344127)
(0.4254651648 0.5182697185 0.02461902325)
(0.4845790753 0.4842403223 0.1269006234)
(0.1128004264 0.8467119092 0.1233478577)
(0.1008758178 0.8443374308 0.1252448546)
(0.4733422614 0.5340771414 0.1460664515)
(0.3913818798 0.4462281785 0.08644443169)
(0.1920572841 0.8191754365 0.09764992197)
(0.125409874 0.7687816747 0.05607496518)
(0.4530691859 0.4590794847 0.03488521085)
(0.3551422046 0.4883762826 0.1459066669)
(0.1818990145 0.8251299653 0.03305328025)
(0.1656547271 0.7630714123 0.0673091368)
(0.1366873768 0.8380201176 0.09388230121)
(0.1564974727 0.7509292857 0.127281727)
(0.4347465191 0.4800619573 0.06284527349)
(0.1851435912 0.8366867208 0.1449611991)
(0.1923555738 0.8405167699 0.141037389)
(0.1465974591 0.7597334527 0.1446275587)
(0.22905763 0.8147112905 0.1491911536)
(0.1900043856 0.8018043078 0.09985357047)
(0.4914046796 0.6815734736 0.1315880223)
(0.3688700024 0.890059238 0.1252352527)
(0.1307875031 0.7645387002 0.08560982524)
(0.1995783553 0.7921658914 0.04352413432)
(0.2076616086 0.7937847712 0.04738008008)
(0.127606382 0.8342864121 0.1451938704)
(0.11354539 0.7846832012 0.03642392099)
(0.4223988933 0.5255675363 0.01303997886)
(0.4119725104 0.5267254806 0.009189273404)
(0.1387475328 0.7596748635 0.07738767896)
(0.1707387184 0.8348874389 0.04685070974)
(0.1388715763 0.8587575442 0.03701745038)
(0.1499442561 0.8643930097 0.03051985393)
(0.1750765276 0.7546426633 0.04664707965)
(0.4454438967 0.539201379 0.0748304053)
(0.09023283665 0.5937737308 0.04454498965)
(0.410561403 0.4829627214 0.06154383078)
(0.09778583792 0.8010181409 0.01358524742)
(0.1114650724 0.8284088345 0.06694588884)
(0.442040885 0.5343047161 0.08050918126)
(0.4169078683 0.5140257948 0.04004162038)
(0.1300355486 0.7524815041 0.153361745)
(0.4167775904 0.5312993323 0.1031131089)
(0.3604515698 0.5701639658 0.1006117349)
(0.453952325 0.4746918561 0.07877388634)
(0.1782716181 0.8295790401 0.1269438101)
(0.1115312095 0.7877917393 0.1257524636)
(0.115065223 0.8187628919 0.1107260095)
(0.1111692887 0.8084343249 0.1197546148)
(0.436965169 0.4682148199 0.09061564702)
(0.431380959 0.4722507832 0.09734121329)
(0.4254774539 0.4762287665 0.09803342723)
(0.1014258479 0.8089789726 0.1269527897)
(0.195451821 0.8089194447 0.1471700386)
(0.1151650175 0.819306022 0.09089538704)
(0.1639727713 0.847024005 0.1059382076)
(0.1686453713 0.8536376286 0.1108587393)
(0.3959351549 0.5174208213 0.118522009)
(0.4224871018 0.4803858041 0.03788021141)
(0.1603243799 0.8392397156 0.1211641565)
(0.1212843109 0.8272049975 0.02995378233)
(0.1116420819 0.7881301125 0.09472831604)
(0.1234544463 0.7700953639 0.04315765512)
(0.1521148733 0.83969095 0.09093065052)
(0.4587202579 0.5366676269 0.04454907973)
(0.1895669825 0.7940253418 0.0260817301)
(0.4763631206 0.1671872577 0.1176651446)
(0.1619661387 0.8488388269 0.1456440158)
(0.1690651239 0.8560666524 0.1474155594)
(0.1862598155 0.7832460568 0.0816204207)
(0.4530985898 0.5250508875 0.02737959071)
(0.450684268 0.4749019382 0.05474803838)
(0.4737718955 0.5087561642 0.04933386751)
(0.1056812021 0.8118794957 0.082984945)
(0.4382035946 0.5227801466 0.1310650204)
(0.4010943613 0.05066196822 0.0443809219)
(0.1127133236 0.7853255616 0.007079590555)
(0.1397593052 0.8382493214 0.1155675326)
(0.1279904813 0.7662540145 0.09084423534)
(0.5132247921 0.4517318125 0.03226120364)
(0.1766160703 0.8467241274 0.1503642684)
(0.1715780321 0.8464972576 0.08562354253)
(0.1674245941 0.8454704794 0.07916779332)
(0.4418014469 0.4679643448 0.02125250603)
(0.4515845667 0.5264036324 0.1558349062)
(0.4394795742 0.1253389035 0.1163115673)
(0.11788283 0.838320781 0.1181898748)
(0.1640898252 0.7630100021 0.1312499922)
(0.1613528217 0.8387123359 0.01631540876)
(0.3727720747 0.7385385763 0.09014925159)
(0.452089448 0.531352761 0.05605789832)
(0.4489356343 0.5391635911 0.05664448976)
(0.1392672658 0.7433539483 0.1093261638)
(0.3117720444 0.7527274709 0.03179858061)
(0.4588823067 0.523402594 0.1104458141)
(0.1672029982 0.8529624936 0.08937638198)
(0.3852600021 0.542466991 0.087541683)
(0.1098513529 0.8058627679 0.01462408338)
(0.4745742936 0.5044840723 0.02856969798)
(0.4372824148 0.4780652593 0.1380526651)
(0.2229567191 0.4111888753 0.1331488462)
(0.425375588 0.4944380339 0.02493343922)
(0.4203638585 0.4642965711 0.0206472488)
(0.410484886 0.4475158438 0.01836628165)
(0.4735222301 0.4924064093 0.02945425282)
(0.1867710927 0.8172558842 0.1185642679)
(0.4501219531 0.5249657468 0.1356426867)
(0.1691222081 0.8432821723 0.1325965566)
(0.1211712277 0.7596607557 0.1047408375)
(0.1526063752 0.8506243446 0.06520815633)
(0.1461615878 0.8488506453 0.06145250628)
(0.1303279788 0.753202787 0.02708701094)
(0.1031190013 0.8077393422 0.05326592409)
(0.1068081392 0.8194128692 0.05003326845)
(0.1904603753 0.7705538235 0.04472322951)
(0.1590986353 0.7412012624 0.01043331027)
(0.1902753072 0.8277682736 0.02965229862)
(0.1230282664 0.8400137183 0.1552629771)
(0.1161119635 0.8502209292 0.1523136058)
(0.1088439793 0.8598556778 0.1469920578)
(0.4739497409 0.5052088134 0.05572437041)
(0.5239107291 0.1479445544 0.05260915617)
(0.4675551479 0.5185713879 0.06967454739)
(0.1516265926 0.6353252933 0.07824381451)
(0.4808463935 0.4980748957 0.1119866172)
(0.4365519944 0.4780917309 0.04695101319)
(0.4299288133 0.4852753593 0.1357470508)
(0.1939779469 0.8262591932 0.120616158)
(0.1900148147 0.8030450551 0.08145604757)
(0.4329073532 0.4697792637 0.03333778277)
(0.3961419871 0.1909718088 0.108049395)
(0.4162366191 0.4918687417 0.07168135054)
(0.1976919583 0.793368318 0.122306882)
(0.1997886593 0.7860630833 0.1245581067)
(0.4739113984 0.469227555 0.08315235483)
(0.4710169643 0.4630090991 0.07503149623)
(0.1035649252 0.7883402155 0.07944833396)
(0.09735052329 0.7950502367 0.07759754514)
(0.1450715441 0.8484515006 0.04960008446)
(0.1986059999 0.8196935305 0.005963320741)
(0.209063293 0.7479809662 0.08527403336)
(0.4339213119 0.4644225887 0.04859820172)
(0.1875354502 0.8128696107 0.08294411648)
(0.4743615365 0.5048842338 0.01536894758)
(0.1185964457 0.8249940006 0.05320689345)
(0.1448542717 0.8419703708 0.1172904034)
(0.4839563511 0.5122938203 0.1067534188)
(0.4219078094 0.4866604479 0.1216091452)
(0.4307777847 0.4824238361 0.09930943059)
(0.3965563419 0.5097817531 0.1482986182)
(0.1184576486 0.8244117579 0.005561433149)
(0.5166271723 0.6493515115 0.04201086735)
(0.4044032463 0.5426710171 0.1500201094)
(0.1135816037 0.8192708195 0.07451217861)
(0.4447246737 0.4659427043 0.09277541428)
(0.4467172997 0.4577428612 0.08960693426)
(0.4506918314 0.4691893263 0.09428056586)
(0.4157744794 0.4615188294 0.07326890005)
(0.1804273096 0.8383693718 0.1544275794)
(0.1797313043 0.8402118762 0.04657498694)
(0.1504464087 0.7600427385 0.1042173203)
(0.1021558275 0.8991921544 0.07463945828)
(0.1468876577 0.842154266 0.08461251748)
(0.4271441547 0.5096213381 0.1281289656)
(0.2015484799 0.8018100208 0.02564610619)
(0.3030406694 0.1424130309 0.1158964316)
(0.1657260657 0.7626517003 0.005871958871)
(0.09825157251 0.7945087511 0.04754196175)
(0.4929882297 0.5112120273 0.01994725541)
(0.4683037771 0.5250466185 0.1005614287)
(0.3316564746 0.965644786 0.03673312477)
(0.1859489586 0.7805734531 0.1124480869)
(0.1733383454 0.7654461179 0.03235500523)
(0.2014638921 0.7886521916 0.007780310402)
(0.1810498383 0.8264350577 0.01465169515)
(0.1353400629 0.8475064745 0.09891338504)
(0.1593104496 0.8546913771 0.1422366078)
(0.1608106177 0.8699177388 0.1466337186)
(0.1573440634 0.8481904944 0.1546654173)
(0.5043716992 0.4702401025 0.1251763364)
(0.3539819901 0.5222492091 0.1163161665)
(0.4933612612 0.4894461536 0.1405285534)
(0.4869447808 0.4881470944 0.05089116724)
(0.4923005011 0.4899659473 0.05618711043)
(0.1669076537 0.7539176419 0.143321565)
(0.3628335385 0.5782900377 0.1475050228)
(0.1129570372 0.8148536594 0.05768922517)
(0.4945017073 0.5036798143 0.1513044061)
(0.1280450315 0.7568582071 0.005676996543)
(0.4792455032 0.4872411545 0.02072550469)
(0.1172693711 0.7491560555 0.04555637637)
(0.4753980155 0.4979121066 0.02301228308)
(0.1917279028 0.8267593514 0.1361443064)
(0.1692982506 0.7531674039 0.03600492944)
(0.1643368099 0.7472892826 0.03556257581)
(0.1212675313 0.8270281572 0.0362938254)
(0.4412546089 0.4671638813 0.07449330923)
(0.4393275035 0.4651313625 0.06842795554)
(0.4358063654 0.4576156681 0.0641149558)
(0.4342155325 0.4443823177 0.07063895366)
(0.3155421788 0.2770019959 0.1308457954)
(0.1114177873 0.7851386326 0.06754246783)
(0.4622972091 0.5323707582 0.1544908006)
(0.5012346116 0.9578663388 0.1165925556)
(0.309883751 0.3917882188 0.1359753294)
(0.4362416753 0.5337408416 0.02537698407)
(0.1045197648 0.6136627735 0.1342929086)
(0.1582497029 0.7602954391 0.0348895708)
(0.4722605745 0.5249335346 0.04147534625)
(0.1445056998 0.8475286237 0.1466656084)
(0.3217461141 0.699951266 0.1347238773)
(0.4993343114 0.8051539651 0.05301676574)
(0.2649384817 0.746031965 0.1461596408)
(0.1441423687 0.7477723811 0.0689533492)
(0.2406302836 0.5449660789 0.03117745479)
(0.4173511126 0.5037627261 0.1416725617)
(0.4153402316 0.50949107 0.1472487291)
(0.1509604734 0.8397106482 0.1074344628)
(0.424660184 0.4735205321 0.01429055905)
(0.1372351224 0.7543847264 0.08176006423)
(0.4643203016 0.4797059549 0.04008902124)
(0.272404878 0.3321681947 0.1271845585)
(0.1333318062 0.8539141229 0.1445513135)
(0.473621667 0.5098183449 0.1096360776)
(0.1209671676 0.8275155211 0.1324791183)
(0.09203565548 0.8081947784 0.01298332322)
(0.4850113834 0.525461885 0.05808469659)
(0.4300960145 0.4853085247 0.02496946664)
(0.4195708363 0.4856521343 0.03289059931)
(0.4344824412 0.4660930801 0.08044049813)
(0.4245711499 0.5369186723 0.06557388533)
(0.1245273783 0.8410013692 0.06169331697)
(0.175678168 0.8450472205 0.07228969164)
(0.4509866644 0.5303798313 0.08220327781)
(0.09013115034 0.2769804994 0.1212859681)
(0.2130092666 0.827715317 0.1117260512)
(0.4256700489 0.467287421 0.06146838576)
(0.08458225966 0.6762358307 0.1345853972)
(0.4282991351 0.6896091833 0.1388729795)
(0.1016095821 0.7775559648 0.07154417327)
(0.1892921609 0.8286214648 0.08677797258)
(0.4586756725 0.4770434721 0.1181203036)
(0.4036766087 0.1762821799 0.04167470959)
(0.2183353707 0.7333051209 0.06407271957)
(0.4211192672 0.4817196765 0.1441776261)
(0.4645666626 0.4795090822 0.1265646478)
(0.4683132626 0.469983908 0.1021919953)
(0.458471053 0.5244327639 0.1448808428)
(0.202281396 0.8388792041 0.01648512112)
(0.4684206206 0.8259352855 0.133811475)
(0.1098128507 0.7953888552 0.0316313594)
(0.4777848716 0.5192449429 0.1010501799)
(0.1847145533 0.7547599267 0.02533630887)
(0.09255185328 0.8047783341 0.06186923096)
(0.471800692 0.5213669509 0.08120506916)
(0.1345719587 0.7541158004 0.1294551053)
(0.4670270443 0.5297947513 0.0574816861)
(0.1040226032 0.8198509241 0.1552027721)
(0.08567991782 0.1682638939 0.1189483094)
(0.1378357698 0.7346328317 0.01857924807)
(0.1765851545 0.7534406896 0.07430228962)
(0.1897811292 0.7990140546 0.06103198507)
(0.4086836084 0.3785461031 0.0732749163)
(0.0913310358 0.815054074 0.09711446176)
(0.1486690357 0.7575991718 0.03194360931)
(0.1068133243 0.8233464482 0.07640480456)
(0.4117461831 0.5005507923 0.02692410354)
(0.4235846904 0.2659547157 0.03599678373)
(0.4751776886 0.5025515046 0.1213942886)
(0.1711735043 0.83385947 0.1064170346)
(0.1865796981 0.7830187483 0.1382017382)
(0.1100241791 0.8007040249 0.1088659614)
(0.3973493851 0.6380380684 0.1013597169)
(0.1916157373 0.7747915675 0.121610348)
(0.2005462988 0.7760812927 0.1251323374)
(0.3355570515 0.5973533571 0.1431024579)
(0.173653009 0.8319923425 0.06214744295)
(0.1943114324 0.7728745987 0.1537473646)
(0.2007069834 0.7774831634 0.153757804)
(0.498473767 0.4930268752 0.08355467773)
(0.1426941539 0.8397663693 0.02292697734)
(0.4294983274 0.4498014053 0.1122649247)
(0.429533166 0.4287396331 0.09791154081)
(0.1283591248 0.766219272 0.1064324831)
(0.1202715397 0.7587944299 0.08520348069)
(0.0936291804 0.8085540349 0.1417820076)
(0.08186743484 0.8165533025 0.1464155476)
(0.4274297537 0.5111449382 0.1476842657)
(0.4893189248 0.4873050227 0.1176903148)
(0.1163479694 0.8233190774 0.06861471478)
(0.5086095971 0.5130807877 0.01780003553)
(0.5289430366 0.5296674432 0.02916464054)
(0.1895279717 0.7740746192 0.1097844826)
(0.134675184 0.8486565861 0.01630207474)
(0.131444929 0.8461210194 0.02398678335)
(0.1267730282 0.8494309692 0.03007298713)
(0.1659219841 0.8370837839 0.0776792924)
(0.4871517472 0.5132239409 0.007685417958)
(0.1166318696 0.7763540538 0.05291547725)
(0.2330902305 0.5098051588 0.1070205985)
(0.189379302 0.7939349993 0.03342665889)
(0.1041317821 0.8061077136 0.006237452288)
(0.09959352529 0.8010620602 0.00584414816)
(0.09400916194 0.7932840566 0.009284653001)
(0.1013080731 0.7552920374 0.08570286477)
(0.1111250074 0.7914700235 0.1450407262)
(0.4244490467 0.5030662588 0.05659078078)
(0.4177837391 0.5024967663 0.05393881311)
(0.1690938234 0.8549991894 0.05861621456)
(0.4211333756 0.5204574951 0.05059652353)
(0.4683733132 0.5170003739 0.1150291889)
(0.160267171 0.755431123 0.1429050989)
(0.1931200749 0.7764244511 0.05562288937)
(0.1960010221 0.8278823588 0.04908088209)
(0.4150256666 0.4927985195 0.1080679704)
(0.1876442061 0.8385686096 0.1180094424)
(0.1871605343 0.8476678577 0.1182045053)
(0.170124102 0.7652534767 0.1038058322)
(0.4270201156 0.5088546006 0.04400258249)
(0.427113865 0.5483252778 0.08533786051)
(0.1405926563 0.8454578087 0.04356335846)
(0.1572903852 0.755411616 0.005771410094)
(0.2997057743 0.4999102857 0.1450179584)
(0.4300533464 0.4840151645 0.07015994138)
(0.4595284188 0.5326666928 0.1035362789)
(0.1098838223 0.770585863 0.04673961291)
(0.4163207904 0.612641049 0.1449614921)
(0.4076495476 0.583598649 0.06265731377)
(0.4309603845 0.5278705153 0.06596199243)
(0.4791008677 0.4921407777 0.1463079094)
(0.1118598552 0.8106866203 0.03239648105)
(0.4709421025 0.5235876179 0.125478935)
(0.1557754643 0.7598174335 0.06259186409)
(0.1758944389 0.7704719806 0.06707899724)
(0.1779519167 0.8386114698 0.1474153312)
(0.1891248565 0.7924104237 0.0895776901)
(0.1124247652 0.7862380888 0.08904147481)
(0.508478073 0.8901605234 0.1253284586)
(0.09418757843 0.5027610063 0.1239421835)
(0.04228389188 0.9560006925 0.04084951016)
(0.417082719 0.5102147156 0.07421909011)
(0.1813332495 0.7744173045 0.05128600433)
(0.4835468391 0.4876187551 0.08376921941)
(0.1376097161 0.7536374824 0.01629426269)
(0.1320747988 0.7530754556 0.0116406839)
(0.4561124275 0.5321989776 0.1441948013)
(0.4600056221 0.5332895985 0.1385227999)
(0.4353439207 0.4688760905 0.1131368582)
(0.107212756 0.8214381538 0.03972829888)
(0.1829337733 0.8343804657 0.06796590732)
(0.1330530773 0.7639319697 0.03375232937)
(0.4640400849 0.4788237678 0.03335732211)
(0.4995117725 0.5223882575 0.1012871189)
(0.1892588796 0.8049702081 0.07308274489)
(0.1900777066 0.7911960926 0.1318041988)
(0.4736710626 0.5086612956 0.07393225727)
(0.4797093899 0.5096040926 0.07674552799)
(0.1036032935 0.857811707 0.103603514)
(0.1578135717 0.8391310341 0.09812160591)
(0.2099186688 0.8167538703 0.1232790086)
(0.1501032622 0.8515184318 0.1457211357)
(0.1523341784 0.8525269961 0.1385377265)
(0.1065013834 0.8176755394 0.1284159471)
(0.482862242 0.5021746176 0.0321600822)
(0.1783883431 0.8285137953 0.08362471564)
(0.4627596593 0.5318993511 0.07998872453)
(0.1958088802 0.8004581649 0.1406944164)
(0.1580524655 0.7610328007 0.01369409346)
(0.2131447132 0.8166745292 0.07077575996)
(0.1633735595 0.8509025008 0.1535142142)
(0.303591406 0.6846597883 0.1242579631)
(0.4851257894 0.5084803615 0.1256568893)
(0.4948043033 0.51004285 0.1276238284)
(0.418448847 0.5520139972 0.01742500794)
(0.1889485089 0.8080172447 0.1051938546)
(0.1825225758 0.8456909923 0.06965395797)
(0.4681211811 0.527057975 0.07641985891)
(0.1364039027 0.7621844045 0.1141449554)
(0.419037465 0.518912684 0.1554053114)
(0.4111812643 0.5202601332 0.1529542266)
(0.1799553801 0.7303106248 0.04520946613)
(0.1824054786 0.7758652003 0.1141771184)
(0.1870650789 0.7693598694 0.07294036347)
(0.1831558794 0.764439628 0.07380062064)
(0.1095821774 0.7983551245 0.05989875062)
(0.1683648637 0.7566626848 0.004425235776)
(0.03425812852 0.4634466938 0.03450094289)
(0.4730557918 0.5106748936 0.1548009824)
(0.4575832244 0.4759260468 0.1059417498)
(0.1016801285 0.803238601 0.126439961)
(0.4008540009 0.5540638034 0.103384098)
(0.1532788223 0.7606574881 0.02426637433)
(0.4103216529 0.4830837077 0.1282954099)
(0.1556081689 0.7604939669 0.0890467739)
(0.1262940006 0.7674057409 0.02005108226)
(0.1291074119 0.7652450337 0.01396250076)
(0.4954508199 0.5146469266 0.03302928159)
(0.4361758206 0.5376415159 0.1035842158)
(0.4336234224 0.5483724795 0.1003336749)
(0.2014603843 0.8309382965 0.1275915386)
(0.136798373 0.8378901095 0.1455612639)
(0.2304596232 0.6254935083 0.03640111593)
(0.4340120835 0.4725118928 0.1030296087)
(0.137145374 0.838395664 0.1062666168)
(0.1410758126 0.8599659631 0.08009299802)
(0.4508861367 0.4742461669 0.1041892258)
(0.4477912839 0.4665549303 0.1055246726)
(0.4747187349 0.4553677388 0.1179483915)
(0.1309037062 0.755865426 0.1119384962)
(0.1335484573 0.7518329135 0.1192223095)
(0.1106971596 0.8085397653 0.05558178119)
(0.5569201392 0.04130406556 0.1178582381)
(0.1158420479 0.7757860581 0.0153700072)
(0.4778952552 0.4836212423 0.1231682963)
(0.1201655621 0.7734621066 0.1026642184)
(0.4642020359 0.4665977209 0.02854795046)
(0.1405220086 0.8517051189 0.1345890813)
(0.4645968047 0.462896885 0.06120493776)
(0.4590877736 0.4530471341 0.06285476386)
(0.4629909574 0.5217942411 0.08795027772)
(0.1880980031 0.8117793617 0.07172537535)
(0.4732573501 0.4735796899 0.02155458084)
(0.4411811472 0.6551236359 0.1390039965)
(0.2131896368 0.7920560048 0.06544990271)
(0.4305446222 0.5267261692 0.1311369304)
(0.4330585729 0.5354341231 0.1301627377)
(0.1290550577 0.752578976 0.01766389493)
(0.1801655831 0.6222051076 0.03774118999)
(0.1609656912 0.7611500023 0.1192848196)
(0.4253051641 0.4703157057 0.006040374719)
(0.1403516836 0.7595640543 0.01432501017)
(0.4745570022 0.4926452016 0.1028441444)
(0.1201614113 0.8360053444 0.08258294479)
(0.5544636403 0.6003849047 0.03709977712)
(0.5151270684 0.9571390844 0.04675817839)
(0.1443196559 0.7601960142 0.1379622458)
(0.4866960418 0.4951323697 0.08920433092)
(0.2269181551 0.1527766795 0.04262333233)
(0.4762735233 0.2236552029 0.1201341017)
(0.07061235402 0.7499886248 0.07948379802)
(0.4420675445 0.5301484118 0.03790336375)
(0.4263024202 0.460381648 0.1385508668)
(0.102136285 0.7939233966 0.08271434508)
(0.1315699069 0.7653540349 0.07041125593)
(0.2351736615 0.8474841444 0.09556632568)
(0.1020815301 0.7496075529 0.01388924932)
(0.1153983263 0.8294474862 0.0900065596)
(0.1201716209 0.7654329566 0.1557865525)
(0.1422350853 0.8386875068 0.0547559958)
(0.2904110393 0.8216728963 0.09262883653)
(0.5567281743 0.8305418595 0.1011467217)
(0.5586290577 0.8266442652 0.05116408941)
(0.5537163279 0.8739741561 0.1218364535)
(0.1611285836 0.7605275883 0.1538101032)
(0.2129638785 0.7659399166 0.1240760412)
(0.5164112187 0.4959782556 0.06232368211)
(0.1645546209 0.7626170141 0.02226236113)
(0.1166979861 0.8333542984 0.04273264989)
(0.4848800236 0.5011192276 0.03911577622)
(0.4761451264 0.4727513749 0.118019606)
(0.1531447462 0.7543989782 0.1014609758)
(0.1652493421 0.8370871498 0.064737037)
(0.4525397104 0.5323083579 0.137436603)
(0.1748752566 0.7678394894 0.04644138368)
(0.1734822733 0.7582266107 0.07845776277)
(0.520443709 0.3806435442 0.03841379541)
(0.1888028513 0.7907137691 0.01106426492)
(0.1827040831 0.822775604 0.117780683)
(0.4726926583 0.4859201309 0.07700189352)
(0.4864703269 0.4919189636 0.02251967652)
(0.1109117246 0.7936132853 0.1373355349)
(0.1845761008 0.7797296097 0.02415487092)
(0.1170464038 0.8302142556 0.1538630058)
(0.1108406245 0.8351643847 0.1534525183)
(0.0954214604 0.8401923204 0.1508424134)
(0.4341262132 0.4815064216 0.09386838383)
(0.4289448744 0.4724865956 0.1091234717)
(0.1921422321 0.831548572 0.1140917996)
(0.2646856671 0.6031956593 0.1080165469)
(0.4785830662 0.5142337639 0.08190435354)
(0.115928669 0.7448972533 0.02257521264)
(0.04063642786 0.5800070418 0.03896185763)
(0.1703088617 0.835295671 0.1202300873)
(0.4127853535 0.3933473278 0.1392625278)
(0.4243251234 0.4238588864 0.03462649293)
(0.4336397354 0.5645058228 0.04721919945)
(0.366546468 0.09414914095 0.04533211009)
(0.1392849155 0.7535479966 0.1391514312)
(0.1330589056 0.7445603652 0.1431110773)
(0.1413110589 0.7517098845 0.1454670669)
(0.1412439925 0.7449143556 0.1403230863)
(0.1420045111 0.7511470942 0.1537561105)
(0.4677515815 0.4830784648 0.0686535214)
(0.1461329389 0.7513972086 0.03351491719)
(0.1519668948 0.7497454328 0.0393075193)
(0.5020155156 0.5089660053 0.06321526211)
(0.1880002171 0.7873551292 0.05730219808)
(0.043683051 0.08640643315 0.10457253)
(0.5587632846 0.2270782746 0.04512275995)
(0.1199597056 0.8366038799 0.1107205278)
(0.4678917119 0.4660944483 0.1518681712)
(0.149146886 0.8513340787 0.08919168308)
(0.1914420866 0.780124862 0.08473210258)
(0.1644622512 0.09830017195 0.04025533262)
(0.07880559758 0.8670025137 0.09940561081)
(0.4731935533 0.4782694704 0.09803266946)
(0.4701483891 0.5237444415 0.05790714245)
(0.09266042148 0.7515490236 0.05641086317)
(0.1887379496 0.7424935908 0.02691444298)
(0.2019774101 0.7830460137 0.05326991233)
(0.1996343675 0.801160643 0.05322122436)
(0.1467798912 0.8396292976 0.07492012265)
(0.1097314871 0.7949777208 0.006216214322)
(0.4750805989 0.4824288306 0.1541228918)
(0.1330588559 0.7507309446 0.04433981698)
(0.2119434041 0.7981429557 0.01149514014)
(0.4712132383 0.4863408748 0.1257666726)
(0.5041329573 0.4976030257 0.1465845541)
(0.4869586778 0.5169781437 0.1519450356)
(0.4884889938 0.4728273302 0.05816572219)
(0.1048937863 0.8062131488 0.09627981174)
(0.1057866439 0.8136535616 0.09371805862)
(0.09811826607 0.810150261 0.08852609662)
(0.1641546686 0.7321007987 0.07053198395)
(0.1307813165 0.8434040995 0.09435962827)
(0.131641171 0.8524766695 0.09291787583)
(0.4298621018 0.5143332462 0.1334279368)
(0.197901141 0.7898047007 0.0979110458)
(0.2027791066 0.7831204098 0.09993939843)
(0.2017778267 0.7897517989 0.09098398364)
(0.4242729435 0.4789820548 0.07995785239)
(0.1817430317 0.7767884938 0.1377806107)
(0.1491860285 0.8570662276 0.1526433335)
(0.4257811145 0.5040145739 0.1205398334)
(0.4473740435 0.5242145574 0.07400474609)
(0.09766275758 0.8081091447 0.1040201846)
(0.4369723522 0.5211888951 0.1007718091)
(0.4195200957 0.4989364813 0.09807181611)
(0.4350691666 0.4804665434 0.1040894054)
(0.3866440187 0.4965314894 0.05478353229)
(0.1450175123 0.8414218499 0.00541114234)
(0.4414686842 0.4773023969 0.09681255767)
(0.1872957704 0.8148765764 0.1364564707)
(0.1307720202 0.7653523082 0.1288052465)
(0.1181778706 0.7745546858 0.02679292523)
(0.4341568357 0.518394334 0.1257133586)
(0.1934607253 0.8784057224 0.098306695)
(0.111395068 0.8467560625 0.09492157109)
(0.1050650729 0.8110815856 0.02276374455)
(0.1031044778 0.8151088612 0.0175804503)
(0.1393195031 0.7618208248 0.03533321736)
(0.1881664628 0.7872770249 0.09253712159)
(0.4148179071 0.50076555 0.03986819672)
(0.1173925273 0.7775274085 0.1396471537)
(0.2815537433 0.784620185 0.08938180947)
(0.4814939716 0.47644588 0.153916053)
(0.1358074517 0.8474855798 0.03855737969)
(0.2766638922 0.03918785585 0.04296385325)
(0.1529690954 0.8395923789 0.05627338982)
(0.4285979184 0.5330515548 0.1147170691)
(0.1345163744 0.8369838293 0.1360607231)
(0.3738939515 0.4734754102 0.145694178)
(0.1050699752 0.7948416053 0.06054937956)
(0.1029609603 0.7906372448 0.05759542725)
(0.09766413315 0.786551067 0.06093867066)
(0.4649257358 0.4722060821 0.1249128982)
(0.04328364469 0.2781199886 0.1149721828)
(0.1115647556 0.7742834495 0.1357906195)
(0.4127887706 0.5135153421 0.01856481558)
(0.4239523394 0.5022961077 0.07417987818)
(0.4577860635 0.5236630808 0.07312828339)
(0.1904898303 0.8245407551 0.04254175041)
(0.1115608197 0.8324194054 0.02504045812)
(0.4869559681 0.5032745627 0.1391103919)
(0.1070034772 0.8291625762 0.1322774091)
(0.4212313712 0.1196479295 0.04461971443)
(0.1125943451 0.8290656824 0.01909549193)
(0.1792145099 0.8449541436 0.0390009555)
(0.4397830155 0.5300109732 0.1394988023)
(0.4523524622 0.5329119509 0.04378274922)
(0.2501079711 0.7371128214 0.148567151)
(0.4826012136 0.4654356511 0.09345284704)
(0.4326092029 0.446551727 0.05354421414)
(0.4611871358 0.5283794842 0.03389580126)
(0.185552511 0.7724570351 0.005039813943)
(0.1177348363 0.7777003447 0.07525169)
(0.3513493954 0.1217243409 0.1125062573)
(0.1045782429 0.7873210775 0.01360536284)
(0.482898161 0.4971359716 0.04981009149)
(0.4505076628 0.4749956192 0.02467866793)
(0.4013323085 0.5201008835 0.07044475574)
(0.4931699195 0.4618417457 0.03524508811)
(0.1193894041 0.8586962022 0.06415746163)
(0.4836245097 0.5065200827 0.04187031556)
(0.1820351499 0.7607330492 0.1010843238)
(0.1037134321 0.7838472847 0.1157266681)
(0.138756601 0.7515643777 0.005212439388)
(0.1454834047 0.7512394606 0.00518638447)
(0.1410199074 0.7439367069 0.008030707088)
(0.1070441553 0.8233177129 0.06389992077)
(0.192835414 0.8109701403 0.0215634364)
(0.190473098 0.7633021824 0.06778232549)
(0.4797058513 0.5151702321 0.1117924668)
(0.4745360405 0.5194834921 0.1130914836)
(0.2804993472 0.95854193 0.04028576485)
(0.420361983 0.8227063863 0.08390824607)
(0.1964930935 0.5862194517 0.1369546242)
(0.1917992578 0.7597579255 0.1373763491)
(0.1930530596 0.7795950376 0.1386676948)
(0.4808837056 0.5086320067 0.08280700028)
(0.1486573995 0.8400356391 0.1547312376)
(0.1391191994 0.8389546418 0.01606561698)
(0.3941486043 0.4258308834 0.05899421183)
(0.1705692009 0.8466219921 0.04783144025)
(0.1666003694 0.8555404999 0.04314576114)
(0.252007349 0.5151396512 0.1405997962)
(0.176319441 0.8430395693 0.09777962636)
(0.1293784292 0.8337483905 0.0264554688)
(0.4414507629 0.4769207503 0.07157340163)
(0.4700533286 0.5158996069 0.02759631393)
(0.1407294649 0.838930969 0.06173692713)
(0.3518096932 0.6558641893 0.1069530782)
(0.1637443782 0.7632222691 0.1120512262)
(0.1846439149 0.7786136771 0.1543886338)
(0.1154294167 0.8197650627 0.1482120195)
(0.2432372545 0.6278482307 0.1437041218)
(0.1254612689 0.759496251 0.08951075124)
(0.1699363718 0.7048933544 0.1474517296)
(0.4256367853 0.5058031005 0.02623355868)
(0.1954015507 0.8263008479 0.03449308668)
(0.147762292 0.7480489939 0.1021388448)
(0.2005827281 0.7923118704 0.05811890827)
(0.4416370078 0.5234880065 0.03953034749)
(0.4581838273 0.5324996522 0.0660715048)
(0.5422593226 0.4782425411 0.03410945815)
(0.4120880352 0.4818118861 0.07967917457)
(0.4127001208 0.5448325234 0.1280746809)
(0.4037923675 0.5625454532 0.1248233686)
(0.424833805 0.4991311556 0.08883321501)
(0.4739562139 0.4921886788 0.1155937809)
(0.1027512834 0.8127574014 0.04799173533)
(0.104682731 0.8102987785 0.04026660095)
(0.2075789319 0.8103254717 0.09180096651)
(0.2177850862 0.8149103756 0.08418332809)
(0.4760536163 0.5143054783 0.01828315805)
(0.3332302616 0.5562019092 0.1430727133)
(0.202004228 0.7805217311 0.008031602428)
(0.2076756436 0.7716571889 0.01068842216)
(0.1201047421 0.7720365413 0.06546565876)
(0.1729863286 0.9083146054 0.03075078579)
(0.1106866982 0.7943951381 0.06526113291)
(0.4384282794 0.5214381424 0.004985431502)
(0.04215248017 0.4106953669 0.03985928135)
(0.4377239893 0.4635410522 0.03679746753)
(0.3285739383 0.94946079 0.1230003103)
(0.1857852389 0.7839660131 0.04024773746)
(0.4147963579 0.4998302544 0.1547571989)
(0.1652978022 0.8369068831 0.07123994692)
(0.2036297191 0.377435229 0.1304306803)
(0.1409548873 0.8395113263 0.04355640051)
(0.2750181544 0.6765883436 0.1471393217)
(0.3345608967 0.5557544308 0.07250558747)
(0.3517976883 0.5826503475 0.07271621026)
(0.192797625 0.8233055555 0.05632671537)
(0.4450697783 0.47280401 0.1194411248)
(0.1833781164 0.8201728445 0.09211657116)
(0.4738508569 0.4923920223 0.1220347847)
(0.1599078426 0.7606463167 0.125585204)
(0.4476780359 0.5239446837 0.09821707439)
(0.4373945587 0.5220392531 0.07510600614)
(0.1160789435 0.8315241497 0.1373232309)
(0.111664602 0.8310350164 0.1436656091)
(0.1045009732 0.8192146852 0.08497923026)
(0.1989573018 0.9621467618 0.1005703065)
(0.423931578 0.4731194242 0.1354971109)
(0.4920781349 0.04527625365 0.03944073042)
(0.1001894748 0.794419455 0.06405359049)
(0.4734875901 0.4803686236 0.08746504546)
(0.4768939179 0.4778610523 0.08180404686)
(0.1988122804 0.8253264317 0.1123486161)
(0.1912692529 0.8250443343 0.01933638775)
(0.4837240942 0.479912629 0.03829051722)
(0.1426132157 0.8470641235 0.07397211077)
(0.426072207 0.4936118867 0.1544135355)
(0.1513660244 0.8400764258 0.1396889002)
(0.1272225508 0.7671738867 0.1197502051)
(0.1224220755 0.7631930348 0.1167822506)
(0.1022833379 0.0435519503 0.1171981571)
(0.4803165328 0.5023890134 0.04610716403)
(0.1046519826 0.7958377186 0.09479974535)
(0.1648765128 0.762695509 0.09310452373)
(0.1055105095 0.7904405484 0.1044010514)
(0.4362392756 0.521641956 0.03518291498)
(0.1519172558 0.8396762652 0.06344615791)
(0.1630852374 0.04775177268 0.1203677618)
(0.1050564803 0.8126198997 0.05907590526)
(0.1805473847 0.8389416572 0.02747100009)
(0.1946103439 0.8457483041 0.0294269617)
(0.1345548723 0.8439083243 0.1196043718)
(0.1353078604 0.748455158 0.151126848)
(0.4302702773 0.4769966623 0.03082265775)
(0.1937729711 0.7771781075 0.1123718614)
(0.1342302269 0.03263631946 0.03612532119)
(0.2604278026 0.6592532666 0.1462545484)
(0.4755202268 0.5001833983 0.1543693877)
(0.4277323128 0.4602440719 0.1514647717)
(0.489178033 0.6174183216 0.1353232566)
(0.1807759128 0.7664105087 0.08853982925)
(0.2173864062 0.7063465757 0.1470588834)
(0.09558828531 0.7991352411 0.1445066833)
(0.0901149633 0.7955041736 0.1517193368)
(0.442033939 0.5334154049 0.08849652583)
(0.4393205362 0.4770014992 0.08767705552)
(0.1782476391 0.7721640176 0.09709235287)
(0.1786601182 0.771014886 0.1379017331)
(0.08738883106 0.2178332549 0.1287698565)
(0.4931359584 0.4902249622 0.1060544681)
(0.1701305236 0.7597978458 0.1355546762)
(0.4307978114 0.5260362281 0.1388120896)
(0.4034973781 0.4767972299 0.0892780155)
(0.1519684741 0.6668098905 0.1418188904)
(0.4476397112 0.4666270956 0.1170183439)
(0.3252409726 0.6514634655 0.09640413048)
(0.4604734694 0.4674182346 0.1331188873)
(0.2414187962 0.7657839979 0.121381109)
(0.4490429429 0.4761367261 0.005288700103)
(0.4481296829 0.4606466941 0.007603114973)
(0.1751079672 0.767422182 0.01986345524)
(0.09299311712 0.7581633461 0.1177427551)
(0.1914009638 0.5295649519 0.08833078022)
(0.4281160581 0.4872338371 0.01320940621)
(0.1653404064 0.8457753992 0.07036071132)
(0.2071982412 0.7884831264 0.03184812737)
(0.1200572966 0.7731841446 0.1195752896)
(0.201078206 0.8313761897 0.1394016619)
(0.5610848492 0.2033952854 0.1165508002)
(0.3151443844 0.6348862572 0.1463418887)
(0.1699531933 0.8345602642 0.08088370775)
(0.1112260176 0.8087271683 0.1467284639)
(0.1745607513 0.8410019088 0.1137314667)
(0.4574191884 0.4678803458 0.09301173354)
(0.4591926668 0.467913395 0.08624483686)
(0.4612936012 0.463195774 0.08025005391)
(0.4739027186 0.5037995439 0.03890928584)
(0.4749008138 0.4780642603 0.1400611971)
(0.09869779526 0.7945976406 0.05614334916)
(0.1790263453 0.7706648172 0.01418286475)
(0.4276812322 0.4896472084 0.04227353053)
(0.1875968791 0.7877883398 0.06487964765)
(0.3276679833 0.4690164567 0.1056596168)
(0.1746863544 0.8308705202 0.1451090931)
(0.4459887978 0.4707633392 0.1399386925)
(0.138100253 0.8377215702 0.02941393176)
(0.1586207993 0.7522943517 0.0796945276)
(0.35419535 0.5442425798 0.1462725939)
(0.1901916474 0.7705921928 0.05535750484)
(0.4433087008 0.4690799869 0.1002824678)
(0.4494765911 0.4753547596 0.01269063608)
(0.1247559426 0.8308281124 0.04132069857)
(0.4736151603 0.52905995 0.01679854296)
(0.4279012778 0.474866257 0.09175512676)
(0.1114894149 0.8119525406 0.1016837996)
(0.4836633774 0.503045197 0.0997936836)
(0.1637558981 0.762863259 0.01439256483)
(0.1410553765 0.7505473873 0.09814178263)
(0.112848277 0.8165557116 0.01294555637)
(0.1880204397 0.7676249048 0.01982038318)
(0.4147560324 0.4732654246 0.02537799914)
(0.1571673334 0.9561441913 0.0422574654)
(0.1000873671 0.7774903648 0.008767143515)
(0.102980391 0.7848797881 0.0249710931)
(0.4308003803 0.4838619977 0.1153015024)
(0.4392860639 0.6054810846 0.1055344745)
(0.1032319967 0.8006222248 0.08000987817)
(0.1481137501 0.7375587825 0.07136040484)
(0.2079448434 0.7994104015 0.09322491168)
(0.4340534166 0.4818871175 0.004744247355)
(0.4332147458 0.4724909119 0.0274501491)
(0.4433240195 0.5248577919 0.08938334893)
(0.4781711985 0.5146115681 0.1313604032)
(0.4835061508 0.5155152235 0.1266447403)
(0.1783276256 0.8274813101 0.1332126645)
(0.1934436748 0.811468802 0.08743267913)
(0.4574133115 0.5317134195 0.1087350339)
(0.4366207121 0.5212849224 0.04920235166)
(0.1901491826 0.8022570318 0.1294449538)
(0.4422877948 0.4763383607 0.1095537022)
(0.1704198264 0.7657005268 0.08420357316)
(0.1009988584 0.813142169 0.03458920042)
(0.09081025659 0.8119757123 0.03554602263)
(0.122816385 0.8313442749 0.1274640264)
(0.192572651 0.8192581922 0.1333425511)
(0.4829787559 0.497959429 0.02151012082)
(0.4199089246 0.4814688644 0.02586763452)
(0.4572049804 0.5459123688 0.0484534417)
(0.1062799906 0.8180142144 0.1016411033)
(0.4832564973 0.5158180539 0.09790822527)
(0.109382691 0.8073776401 0.004975226815)
(0.216124281 0.8352977358 0.05073448432)
(0.1184425535 0.8856240365 0.09069506832)
(0.4210327931 0.4836083492 0.04549916104)
(0.4636202832 0.5367512028 0.06100142375)
(0.4715290302 0.4875031145 0.1042169559)
(0.4467420665 0.4694307489 0.004870380122)
(0.2112560568 0.7581943512 0.1517651478)
(0.1954659828 0.8248561934 0.1421571411)
(0.1353899992 0.7630632821 0.02300455102)
(0.1838362746 0.8450016698 0.03254171308)
(0.4807426871 0.4859706461 0.053785246)
(0.4787738945 0.5191675659 0.07282576376)
(0.2593339423 0.875084057 0.09872071545)
(0.4151084848 0.5150079148 0.08528057967)
(0.4791891196 0.5143366376 0.02399580832)
(0.4850565606 0.5183609042 0.02102275157)
(0.4254082642 0.502307281 0.03629646938)
(0.4188689624 0.5038949679 0.03689883777)
(0.4080987685 0.4918202047 0.06095234147)
(0.5585526264 0.7551110224 0.1143984185)
(0.5321018226 0.4639607291 0.09027735776)
(0.1543892087 0.8405123921 0.1197799839)
(0.1825199135 0.8228378194 0.1047109362)
(0.4236308798 0.5133567221 0.1308638869)
(0.4541906471 0.5939299483 0.1469089171)
(0.1643534194 0.837127398 0.1347584687)
(0.3078861435 0.3072892408 0.1335082205)
(0.4735591957 0.5240077349 0.004989395041)
(0.4925049902 0.4840091104 0.1493213455)
(0.1954269711 0.7905739309 0.03364196879)
(0.4804387652 0.474510119 0.0222649333)
(0.112275359 0.8276903964 0.1252475821)
(0.4631725878 0.4584521611 0.03046759944)
(0.1036903697 0.7909539958 0.1161230336)
(0.4193348486 0.4805033569 0.08580275324)
(0.1813996888 0.7626310316 0.0490295392)
(0.4553163674 0.5326603582 0.01325708022)
(0.1851869768 0.8198760746 0.1446229857)
(0.1051403041 0.8117132927 0.01222631017)
(0.1633340285 0.8376316294 0.1548068457)
(0.2011468883 0.8378971728 0.1512494694)
(0.213977364 0.8303435057 0.1499532259)
(0.1113059244 0.7909748935 0.02173640445)
(0.07811931024 0.8271434766 0.05136429839)
(0.06578389721 0.8242977285 0.07743755539)
(0.4184322736 0.5204974948 0.07982970145)
(0.1329708649 0.7614041074 0.0598401307)
(0.4280926141 0.513483484 0.1145203507)
(0.09562485233 0.7453991127 0.03974822854)
(0.1225698536 0.8456584741 0.03627849004)
(0.1215258581 0.8546005431 0.04000628036)
(0.1244958937 0.8302235771 0.1461035166)
(0.4648984276 0.526200045 0.009956703067)
(0.509419288 0.4398631696 0.1360479424)
(0.5337071719 0.4145037756 0.1283096483)
(0.4488090667 0.4693950243 0.05190999124)
(0.1905974896 0.8009140368 0.02381199801)
(0.430833852 0.5167208155 0.06400921924)
(0.1877737394 0.7890485881 0.02288922349)
(0.2840734182 0.5503066725 0.109917195)
(0.3053738364 0.556673228 0.08699475787)
(0.4470099857 0.534657875 0.1258523012)
(0.4850686638 0.4994372879 0.009952003308)
(0.1867863809 0.8323356282 0.01479271106)
(0.4345749953 0.5190660783 0.01819717464)
(0.1897421189 0.8027788515 0.08749141341)
(0.1229093497 0.8283077505 0.05202612615)
(0.1853968969 0.783422924 0.1242363462)
(0.4705279773 0.5264258887 0.04744580523)
(0.1537696787 0.7608013891 0.00549603076)
(0.466406981 0.5722789554 0.1189871796)
(0.4425660477 0.5249371207 0.1430536084)
(0.4200922837 0.4923852502 0.02217055622)
(0.4411885149 0.4770356049 0.01198838173)
(0.3718969703 0.6547050901 0.1454207868)
(0.4170132342 0.5327960488 0.1394224026)
(0.1243757764 0.7556236152 0.07151935693)
(0.1183027497 0.7506184773 0.06522744279)
(0.1950229563 0.8080633476 0.1304501209)
(0.1976983129 0.7871728083 0.06981573031)
(0.4753426843 0.500017598 0.01195904334)
(0.4710946647 0.5537414967 0.05750352042)
(0.4232117281 0.7423005493 0.09289514368)
(0.08828751708 0.8247318445 0.134982254)
(0.4248887406 0.4984309473 0.06527151283)
(0.1880627648 0.8122520584 0.09035054029)
(0.04088534342 0.5633733456 0.1263948008)
(0.3923835359 0.6398461096 0.06721836403)
(0.4212209598 0.6505786008 0.03697675589)
(0.1104652407 0.7983297865 0.01301068582)
(0.04021892176 0.3616310226 0.1150369302)
(0.472382132 0.4235064808 0.07135918097)
(0.1235553622 0.7699180038 0.049060867)
(0.08490835315 0.777111531 0.05380102698)
(0.05640656871 0.7609228529 0.05898428141)
(0.1898344295 0.8057851498 0.05287215191)
(0.09519053465 0.8773724285 0.1380035958)
(0.1886396373 0.7883319329 0.04457370834)
(0.119879764 0.8252688923 0.1001400418)
(0.1886322162 0.8191076049 0.1555110176)
(0.3475558455 0.1870851288 0.03712773275)
(0.1059502334 0.8165746136 0.043678828)
(0.1899773357 0.7544873958 0.1540606252)
(0.1101520632 0.7679887876 0.0906201381)
(0.1009466676 0.7653959953 0.08944634582)
(0.4300507333 0.5521864946 0.1493784687)
(0.5599822267 0.2895365343 0.04207102951)
(0.1226344729 0.7714389859 0.02295561741)
(0.4405528889 0.5231398644 0.06584419938)
(0.4392916555 0.5483319899 0.1230000247)
(0.3920885075 0.4154814321 0.1402483514)
(0.3941980901 0.3990930697 0.1137668504)
(0.4312684889 0.4836753793 0.04681489843)
(0.4367357811 0.5211421563 0.1208982593)
(0.422231684 0.4787932566 0.1266596573)
(0.1462971136 0.8403732706 0.1354089563)
(0.4927485202 0.497687232 0.02233980204)
(0.1633844464 0.7624787586 0.03735659779)
(0.189613681 0.8023035766 0.1365981488)
(0.174658757 0.763396849 0.09274742042)
(0.3967066564 0.4902852005 0.01282882945)
(0.4798359631 0.4836050067 0.04226369317)
(0.1791384767 0.8270377938 0.05043596489)
(0.1832542452 0.8217467807 0.05237311263)
(0.158045105 0.7569243581 0.09900529463)
(0.1168712607 0.8216905524 0.012254973)
(0.3722670559 0.6929644354 0.1398997896)
(0.3825392505 0.6930455134 0.1074462106)
(0.4330794838 0.4733665051 0.08616593274)
(0.1112701974 0.8094300224 0.1075773992)
(0.4711006323 0.4767258607 0.04173744879)
(0.478728404 0.476819707 0.04404431105)
(0.4877532523 0.470925732 0.04627951257)
(0.1265006381 0.8497906787 0.1346104906)
(0.2158849616 0.1010856152 0.04028314001)
(0.4084218729 0.4757408105 0.1358826017)
(0.4286653157 0.4869125105 0.08731905845)
(0.09778237521 0.6691247323 0.07915875087)
(0.1464202934 0.8396268912 0.03372071985)
(0.4595362101 0.4772072676 0.03711847289)
(0.1830194524 0.7782241567 0.04508429494)
(0.214495383 0.713526017 0.1179348853)
(0.4648590836 0.5198432383 0.05297007498)
(0.4681813963 0.4828848808 0.02321002406)
(0.10646943 0.8274026208 0.04791372957)
(0.1070045971 0.8326098507 0.05385753236)
(0.1876625175 0.838253564 0.1322049247)
(0.1870757766 0.8327269806 0.02163639145)
(0.4852910657 0.5313786255 0.1215080978)
(0.08148892105 0.79838212 0.08677198631)
(0.1174199528 0.4807803952 0.03667253845)
(0.4500098045 0.5337133275 0.143691185)
(0.4234476686 0.5151084753 0.05378667798)
(0.4205445819 0.508823249 0.05215621709)
(0.4886345812 0.8468333868 0.03452247963)
(0.1451805381 0.7610148878 0.05514514959)
(0.4269374362 0.5089050557 0.08593044752)
(0.1751858817 0.7698072258 0.07979062608)
(0.205244453 0.802875935 0.04919100346)
(0.4253905139 0.5047468326 0.1371590461)
(0.1870990584 0.8292097374 0.1475842229)
(0.1961313576 0.8185140959 0.1225110867)
(0.1814854536 0.8563217599 0.1511239009)
(0.1528579087 0.8397154335 0.005525643894)
(0.1817171958 0.7286892972 0.1116811426)
(0.1119964938 0.7864414057 0.03125259775)
(0.1665282444 0.8362764489 0.1094065614)
(0.1747069872 0.8309987966 0.1027281752)
(0.4065093835 0.4890225335 0.1500958306)
(0.1127230105 0.7857680119 0.1367350478)
(0.1824934621 0.8234968193 0.08205263668)
(0.1089821572 0.7840594458 0.02106250698)
(0.1303361178 0.8352497627 0.09547475243)
(0.2640474048 0.728545378 0.102389025)
(0.4875576593 0.5060934025 0.1197312778)
(0.1279163024 0.7671610581 0.1453987549)
(0.5402804436 0.67715861 0.1276722249)
(0.1622062244 0.8391920609 0.005894291869)
(0.0381226072 0.8693704793 0.08631064816)
(0.1099131973 0.8012521783 0.1209208221)
(0.3897773813 0.5466170592 0.02804360357)
(0.2585481737 0.7310184162 0.1296016114)
(0.4865860657 0.5098488275 0.07336466708)
(0.4941998093 0.5165773309 0.0742018025)
(0.1758683853 0.7703075346 0.1554627961)
(0.434314541 0.5352665598 0.00640882527)
(0.4421002972 0.4688069508 0.03961378438)
(0.1827101298 0.8462406045 0.09395368311)
(0.1807274812 0.8499092413 0.1012094142)
(0.1676164594 0.7572291589 0.1318944793)
(0.4334450535 0.4806917694 0.1471386628)
(0.1115065811 0.8135326065 0.1324550712)
(0.1137668236 0.8375224348 0.08706098119)
(0.1063097211 0.8403318588 0.08788086554)
(0.1755989952 0.8442090819 0.09068586806)
(0.1707247673 0.8343350204 0.05685860257)
(0.4522614091 0.5241805489 0.1248038201)
(0.1273845541 0.765622719 0.139698637)
(0.1357720355 0.8502829779 0.154441569)
(0.1914227087 0.777962711 0.06633837714)
(0.1220411893 0.7537832652 0.1090057692)
(0.1340876301 0.846136883 0.04681363389)
(0.1347642724 0.8453036492 0.05326419004)
(0.1619796375 0.7499245779 0.1228941968)
(0.2366451432 0.7059193292 0.148624364)
(0.4190619975 0.05204235465 0.119470282)
(0.4650341027 0.5283084288 0.08984698051)
(0.1436103628 0.8394737405 0.1047365275)
(0.2124112289 0.04261375737 0.1182335908)
(0.1738291493 0.7688847072 0.1192242212)
(0.4301155697 0.5147434567 0.05436653311)
(0.1374216653 0.8377629356 0.1229843724)
(0.4334487054 0.5184086932 0.1056518549)
(0.4210826157 0.4897899509 0.1336063514)
(0.4968352025 0.4860938303 0.1279319792)
(0.4239755984 0.4760046239 0.06513573604)
(0.1888202841 0.7940461619 0.03980584527)
(0.121218886 0.8277122658 0.1186308145)
(0.2033921013 0.8036674702 0.007144278706)
(0.1620703648 0.8465107492 0.1126116081)
(0.1239329815 0.770370969 0.08903169177)
(0.1607470461 0.8379643276 0.1289467627)
(0.1978915131 0.7989321483 0.1283005631)
(0.2013668336 0.8012551992 0.1232462494)
(0.1878500856 0.781036354 0.1486700506)
(0.4255843371 0.4943754236 0.05637534922)
(0.1528478015 0.8469710915 0.1049443571)
(0.4193415412 0.481430751 0.1116736168)
(0.4168499254 0.4771033512 0.10687085)
(0.4683807441 0.4726784316 0.1167937191)
(0.4703075838 0.5131792963 0.004727091465)
(0.4830801227 0.5551853633 0.01952459869)
(0.1366174608 0.754534959 0.09292323909)
(0.427482891 0.4899065216 0.1234500432)
(0.4501264761 0.4752659256 0.08983534514)
(0.3720047607 0.7673157248 0.03666279208)
(0.1966355789 0.7968423436 0.1179249429)
(0.1205442045 0.8431196717 0.02819442102)
(0.1180656787 0.7763230544 0.04266116353)
(0.4314626648 0.5813509797 0.1480290552)
(0.2218264507 0.7757145289 0.04648922288)
(0.1963933658 0.7868697327 0.1304225637)
(0.2046684164 0.7842592101 0.1311520345)
(0.2120747447 0.7746350557 0.0646342)
(0.1013857666 0.7956025681 0.1023877282)
(0.171342957 0.8371052378 0.02184199203)
(0.4601971097 0.4769375443 0.005040967832)
(0.1159751744 0.7676414518 0.1425852291)
(0.1103104742 0.8000567121 0.1027795893)
(0.09341419511 0.6506319362 0.03731368672)
(0.1759493647 0.7485391821 0.09930547743)
(0.1516362552 0.8400351613 0.01811586464)
(0.1832941847 0.7779157976 0.05933875158)
(0.1143050122 0.8424570478 0.01490485033)
(0.4379044609 0.4697627542 0.1201477096)
(0.2218051996 0.7795156958 0.122553114)
(0.1162074752 0.763942457 0.01277491943)
(0.1147327009 0.7641564022 0.005216698563)
(0.1109223264 0.7684379854 0.004469913243)
(0.1254935921 0.8308549812 0.06112880574)
(0.1154078673 0.8341710193 0.01508616021)
(0.1888667267 0.8232687882 0.06752918518)
(0.1017384967 0.7877950914 0.04255328733)
(0.1029961441 0.7813982499 0.04805049098)
(0.1096497269 0.7778516288 0.05070180686)
(0.1042403956 0.7744268917 0.05648250617)
(0.4553776633 0.474835136 0.1134222162)
(0.1933612416 0.8099859983 0.03565064121)
(0.1235654948 0.6891516429 0.1424725124)
(0.1151349247 0.7817571699 0.06311205289)
(0.4323084332 0.5170273095 0.01373130043)
(0.1073229022 0.764115887 0.1085397261)
(0.4245634512 0.3968950892 0.1087091471)
(0.4720164155 0.5141858811 0.0844521461)
(0.1675718358 0.7522680723 0.04896245456)
(0.4475659321 0.5243740803 0.08013844155)
(0.208170472 0.4930551857 0.1380714709)
(0.4817846087 0.4923851892 0.1307704444)
(0.4828885756 0.4970567893 0.1239200159)
(0.4824060055 0.502089161 0.1308249516)
(0.4341442146 0.5187740017 0.1450265544)
(0.173425758 0.7698327828 0.004919095849)
(0.1038143895 0.8028252508 0.02978922664)
(0.09846288924 0.1067720306 0.1136440985)
(0.08711071885 0.7244897599 0.09848049195)
(0.1622221738 0.8529559141 0.02738438344)
(0.1622911069 0.8615889698 0.03415782501)
(0.1895378937 0.8059403434 0.04591661986)
(0.4215526102 0.5133941048 0.06973920754)
(0.109688727 0.796793564 0.0376029673)
(0.1588077485 0.8456368998 0.05548501897)
(0.4821103575 0.7367464781 0.1296051267)
(0.3029747822 0.8128483372 0.1415841032)
(0.3687581075 0.6372645123 0.147694478)
(0.1948565607 0.7847727721 0.02198178746)
(0.4747008216 0.4808568231 0.04846372096)
(0.4721475459 0.5115953023 0.02362224403)
(0.1521118354 0.7604905266 0.07262656672)
(0.1859844126 0.8157739163 0.09474390341)
(0.4595496238 0.4769839393 0.02345749252)
(0.1246297249 0.7594003505 0.1374223016)
(0.4581482045 0.4766920955 0.07601771781)
(0.4539603227 0.4543670043 0.1122261324)
(0.4716403838 0.4883731303 0.05662346086)
(0.1037220232 0.7966946448 0.02901851618)
(0.10219335 0.7931163833 0.03474213536)
(0.110755426 0.8274699338 0.1073608683)
(0.1955819498 0.7681625748 0.07518639508)
(0.4270205682 0.507050925 0.1039150483)
(0.1132849746 0.7719958772 0.04059023864)
(0.5099620232 0.3802138794 0.1298123532)
(0.1708587835 0.8333665825 0.03075674291)
(0.110274446 0.8076263118 0.05011879257)
(0.1947159878 0.8122672161 0.1251045329)
(0.4373272343 0.4484266784 0.08622237485)
(0.1939073764 0.8427239611 0.1260368708)
(0.1490118398 0.8461165715 0.1104514346)
(0.1574693548 0.7607685956 0.1458327861)
(0.3993456892 0.5796515932 0.1508250562)
(0.4901848329 0.4900938344 0.0362435501)
(0.1408462377 0.7551082409 0.04272075664)
(0.1611079295 0.8476933802 0.09325793459)
(0.3453748258 0.7739757019 0.1369924144)
(0.1113500664 0.7716153627 0.1553158507)
(0.1890175117 0.8307402924 0.1321146309)
(0.176621263 0.8294014338 0.03029666979)
(0.1709311837 0.7595505559 0.1183031435)
(0.1135065978 0.7858139732 0.08240234167)
(0.1894131147 0.8052065783 0.06488281194)
(0.1454105068 0.7608089872 0.09899523594)
(0.4420850396 0.5239165085 0.0823703787)
(0.2718382516 0.6883048397 0.1212687199)
(0.1023943683 0.8048924188 0.1544038903)
(0.1060122971 0.7668711545 0.1282010485)
(0.1339899724 0.8372625244 0.06898737948)
(0.108304866 0.829644131 0.06069768514)
(0.1264117575 0.7679178775 0.006183613126)
(0.4655259339 0.5805065227 0.02663949817)
(0.4394593014 0.4716741071 0.05860871774)
(0.110222535 0.8344237436 0.04680563789)
(0.1136480437 0.8152586328 0.02088876443)
(0.4675469771 0.4836192831 0.005303522508)
(0.3247295888 0.7013654173 0.1064335162)
(0.3323563598 0.728806711 0.08637992349)
(0.04397041067 0.3048330485 0.04397550716)
(0.03811234132 0.2600643811 0.03961215425)
(0.148439744 0.7527524668 0.07157392703)
(0.465506382 0.4694274653 0.05320946254)
(0.1079700041 0.8375670127 0.1160883588)
(0.461530586 0.5217656728 0.02326122346)
(0.4381909628 0.5279049489 0.04944569965)
(0.09840298164 0.7577131993 0.1484779539)
(0.1320532283 0.8480249013 0.07851613406)
(0.1043779776 0.8092700715 0.1164968836)
(0.187731934 0.8307544077 0.005640668409)
(0.1969756565 0.8298837092 0.008168622747)
(0.1827790718 0.8386888921 0.005831140947)
(0.1795963008 0.8407630385 0.01441388348)
(0.4815610885 0.4952732833 0.09514190948)
(0.4269501567 0.5237069774 0.02900935735)
(0.4249085378 0.5313275761 0.03077744143)
(0.4160408517 0.5364048592 0.02598611769)
(0.4288833635 0.5337014973 0.0245884874)
(0.4342663077 0.4814131503 0.01323094439)
(0.1102243107 0.7966068053 0.1306471202)
(0.1472724975 0.8397743472 0.1468877975)
(0.1342442395 0.7560770584 0.03309868405)
(0.4607313922 0.4683431855 0.03929254271)
(0.4597024425 0.5225831967 0.1302804693)
(0.1560385775 0.8498063122 0.1485085286)
(0.1328204013 0.7629516477 0.1226877781)
(0.2277907314 0.2393998057 0.1233461136)
(0.137534502 0.8504416048 0.03013645388)
(0.20475694 0.8383510185 0.1160040747)
(0.1108941466 0.7912922589 0.1065191474)
(0.1549337804 0.5213140646 0.03940261375)
(0.4026755599 0.9605380073 0.1076774202)
(0.1409210696 0.7609080102 0.02455424062)
(0.4131970427 0.4821627866 0.007319228912)
(0.1864245654 0.8151279209 0.005266957452)
(0.4546224822 0.5242210371 0.04811764135)
(0.2029046613 0.776481348 0.07595993563)
(0.1483513922 0.8403841698 0.06925413336)
(0.1890951298 0.8061396964 0.1454427957)
(0.1799472312 0.8383341387 0.08429634219)
(0.5220247542 0.5097013098 0.08431940787)
(0.1897554486 0.7987463703 0.117895865)
(0.560060915 0.9609440739 0.1212548111)
(0.1274702874 0.7668199648 0.1127861131)
(0.2813339469 0.7585837667 0.1450982321)
(0.4203890688 0.5079219313 0.1208674059)
(0.4257431921 0.4744691585 0.04211209888)
(0.1794870404 0.7726513969 0.1487888316)
(0.4424952719 0.4766423477 0.1410640364)
(0.1525556608 0.8468916549 0.07139120389)
(0.1529736175 0.8494211613 0.07832320192)
(0.204395987 0.8180455702 0.1518456272)
(0.1446193409 0.7359887674 0.08171733028)
(0.5277162287 0.524984959 0.1343110133)
(0.1822487142 0.3807266693 0.0422443926)
(0.1437941758 0.7519543733 0.0921123076)
(0.1057705174 0.7891510568 0.1263451991)
(0.1473811096 0.7445986159 0.1545974857)
(0.1481363805 0.7386034547 0.1436715325)
(0.4598617516 0.5289401858 0.04890972105)
(0.1503827672 0.7072464345 0.1464105106)
(0.1009232728 0.7943141115 0.1092967335)
(0.1299595727 0.8409665616 0.07833107479)
(0.4248319597 0.4992602638 0.08268093508)
(0.04655295021 0.2230373472 0.1183019174)
(0.4696249591 0.4836300314 0.1372367152)
(0.4284386794 0.5121790095 0.09806594978)
(0.4457023964 0.5378027756 0.09137395726)
(0.201646566 0.8294909064 0.02542956986)
(0.1027032319 0.8097926878 0.1386495054)
(0.0969136728 0.808045083 0.1326424609)
(0.08414088547 0.8116725427 0.1315494367)
(0.4729505333 0.4924031076 0.02271898695)
(0.1342060656 0.7564405365 0.08627203199)
(0.1341014375 0.7509656205 0.08636246629)
(0.2900770794 0.4764311617 0.1426481055)
(0.2302132465 0.7552953598 0.08526243947)
(0.2376008909 0.753695978 0.05573859669)
(0.169414298 0.8342722902 0.1325420172)
(0.1584603901 0.8521612414 0.1143753535)
(0.4153936571 0.5105401718 0.01109106087)
(0.4249186731 0.4800492844 0.1383982336)
(0.4500141277 0.9606420104 0.1068202766)
(0.2082108994 0.7708332622 0.02445623628)
(0.4238819286 0.4990163425 0.005085678836)
(0.1212491477 0.8267517396 0.01223821612)
(0.1366081392 0.837043973 0.05029508654)
(0.4416044408 0.5234280887 0.01185903646)
(0.1897984136 0.8343599676 0.09056834874)
(0.4750338114 0.4949533951 0.1348187441)
(0.4291493327 0.5125248959 0.01247558857)
(0.4750464159 0.4975049844 0.09173678648)
(0.4948602129 0.5884601923 0.1432850159)
(0.458054908 0.4766202892 0.1492353299)
(0.4629728277 0.479034956 0.1550713803)
(0.1983318414 0.8016767097 0.1084506694)
(0.1656126452 0.7222417302 0.1464591713)
(0.4499954446 0.5309646681 0.01661832964)
(0.1301507493 0.8393102588 0.04027693715)
(0.123838711 0.8389475904 0.03892631697)
(0.1773993907 0.7630191813 0.036533662)
(0.3423829037 0.4570303214 0.1447575781)
(0.1948247459 0.8167993098 0.02314108894)
(0.1280766587 0.8497841698 0.007589347024)
(0.4625750172 0.4536747619 0.08194676122)
(0.1252651666 0.8397483297 0.04906025964)
(0.4427120523 0.5233856433 0.1029318629)
(0.4468095593 0.4694305781 0.06501703984)
(0.1877349431 0.8111386774 0.1236293506)
(0.2098994333 0.4360219914 0.08867461743)
(0.2027366003 0.7898306138 0.1167252861)
(0.1110167013 0.8262952527 0.07339708311)
(0.1131519333 0.8306076024 0.07843021752)
(0.4298453467 0.3574468025 0.03734154712)
(0.36528206 0.3491821326 0.1322244777)
(0.4166998748 0.4900283345 0.00717591888)
(0.4205111444 0.4824993308 0.004982847971)
(0.4741677186 0.4941907413 0.155182381)
(0.4459810101 0.55663703 0.1039397055)
(0.1892785233 0.7925237296 0.1481548585)
(0.1574829963 0.3701837511 0.1311623152)
(0.4732652177 0.5019212051 0.005092866999)
(0.1951932163 0.7884530224 0.1545420691)
(0.4210791207 0.5167745131 0.1002644613)
(0.4709509427 0.4861854227 0.1486692694)
(0.4909738477 0.5377914541 0.0133780799)
(0.09926064972 0.7999628698 0.1094224519)
(0.114686574 0.8347233016 0.006749800475)
(0.1870846755 0.7915882951 0.00443712421)
(0.4405885386 0.528837891 0.1146122974)
(0.1010915466 0.8163008144 0.1416461606)
(0.4094973451 0.5039919596 0.04379583974)
(0.1321855522 0.7644386535 0.0405671126)
(0.1932757334 0.8210160358 0.07855458124)
(0.4672611911 0.5284831098 0.1164554992)
(0.4270539225 0.8421124769 0.1300271564)
(0.1778387823 0.8280124331 0.1211249796)
(0.4701632908 0.5137595842 0.07352945528)
(0.4663154108 0.518592609 0.1319672939)
(0.2700453317 0.5892262225 0.1405019949)
(0.1277142911 0.8382709717 0.1024217462)
(0.4707277165 0.5134814725 0.1207016154)
(0.2027449184 0.7965114513 0.006144021861)
(0.2500616009 0.9275582254 0.1323669272)
(0.1739892954 0.8418381814 0.0453023366)
(0.1136889874 0.8164837201 0.04964236814)
(0.1406939083 0.6638972199 0.09420678898)
(0.1413954072 0.8384730723 0.1272605673)
(0.1848658527 0.7668406724 0.1377256794)
(0.1846938867 0.7637994515 0.1322410331)
(0.4303477073 0.4727486921 0.1225460725)
(0.1869054519 0.8172537636 0.01379974838)
(0.1125449551 0.7748608925 0.1043710558)
(0.2187900426 0.3130868061 0.1272314799)
(0.1892766029 0.8065141639 0.1118186855)
(0.1218272153 0.8463343976 0.08540675796)
(0.4535481619 0.4698784616 0.02593421872)
(0.1853696703 0.7816084361 0.06993120183)
(0.1943523722 0.7947791138 0.07876315074)
(0.1161924504 0.7779806785 0.1546812067)
(0.1075035777 0.7670484749 0.01538240114)
(0.1714086377 0.7533463994 0.1045912306)
(0.4745455553 0.5011295235 0.1474318222)
(0.462522795 0.4793759475 0.1438738433)
(0.2301300835 0.7946335094 0.05683976831)
(0.4966550738 0.5205531804 0.1368294118)
(0.1070741853 0.7784372766 0.005039887494)
(0.1079571236 0.849840336 0.0402929952)
(0.1977534949 0.8005154988 0.1542153746)
(0.04734170255 0.4698462228 0.1225923304)
(0.4606665067 0.523224447 0.1550784294)
(0.1036505708 0.7943892899 0.1555348946)
(0.1466646622 0.760738911 0.06708111614)
(0.421658078 0.4822031605 0.1548876382)
(0.1462866988 0.7522107476 0.02252582596)
(0.1476036247 0.7491782067 0.01517205327)
(0.1418275043 0.7612322736 0.1309765555)
(0.1767403488 0.8264170864 0.005278171993)
(0.1111472687 0.8046855523 0.09710680314)
(0.1661277502 0.7639006703 0.09897955759)
(0.1114760183 0.5657564382 0.08215148629)
(0.1230981591 0.8290379212 0.09443041567)
(0.4261736297 0.5067521241 0.005748448496)
(0.4287729724 0.462938929 0.07158445327)
(0.3462071997 0.6240189178 0.101794897)
(0.1753094239 0.7562999281 0.006170254315)
(0.1030297759 0.7785012457 0.02808834868)
(0.3319823505 0.2257456076 0.126991198)
(0.3674787362 0.9250693257 0.03466785073)
(0.135117716 0.8474288319 0.08515793387)
(0.1808901789 0.7288205078 0.1492585366)
(0.4409630809 0.5316423431 0.07472420655)
(0.4474085338 0.5248328973 0.1153155634)
(0.4769402965 0.5165376518 0.03615414026)
(0.4247659828 0.5724314223 0.1305549137)
(0.180418189 0.775012999 0.04039081062)
(0.4164604384 0.4950228299 0.04219201677)
(0.4198959885 0.4945197084 0.04774882531)
(0.1518572428 0.7537395407 0.1186490448)
(0.1116663119 0.8084335739 0.08982105034)
(0.5274043289 0.6195959655 0.1298861947)
(0.3965261136 0.4996172416 0.1378554381)
(0.1267679347 0.7664778362 0.09715127238)
(0.4643908322 0.4672940713 0.01216765142)
(0.1464446687 0.7504347741 0.04941754693)
(0.1476568073 0.745416454 0.04380284038)
(0.1995211679 0.812180209 0.1538636772)
(0.1617953814 0.8530333739 0.019161099)
(0.151951133 0.8394878984 0.04218811741)
(0.4787969266 0.4911083241 0.005168906216)
(0.1236500464 0.7694823436 0.1486122424)
(0.1401031315 0.7514279683 0.02184405273)
(0.1345095083 0.7480265662 0.01970836266)
(0.2013654078 0.826450433 0.08591680015)
(0.2098831883 0.8257139909 0.08084004326)
(0.1970160831 0.8275971726 0.09247889962)
(0.4402171524 0.4769385894 0.05284754755)
(0.1159323736 0.7807665477 0.09623390624)
(0.4192899963 0.5098284539 0.1047765302)
(0.06649730242 0.783426734 0.1167900732)
(0.1845930527 0.8181803286 0.02217027508)
(0.1610036557 0.7620425156 0.06056942617)
(0.4657781544 0.5188273293 0.02029336802)
(0.2925761217 0.5594887071 0.03859512839)
(0.493082745 0.4660982738 0.1074445196)
(0.4498683837 0.524843915 0.004648964746)
(0.4425474955 0.4768754616 0.1279051031)
(0.153683306 0.7605859586 0.1099482737)
(0.1772018061 0.7624689477 0.1342371739)
(0.2601856078 0.7853130152 0.1106505984)
(0.1372217995 0.8693454229 0.1074391419)
(0.4318353853 0.5245643649 0.005511054007)
(0.1511726459 0.8461765839 0.05306089383)
(0.4342330789 0.5183689288 0.08865759124)
(0.426184246 0.4939143038 0.07478132865)
(0.1914695421 0.8191110933 0.1456865298)
(0.4523800265 0.5434394335 0.09182978567)
(0.178366725 0.8278133629 0.06808357053)
(0.1496727368 0.8614883624 0.1081344054)
(0.1459017406 0.8632228846 0.09861309413)
(0.1497617871 0.8686849674 0.08706005392)
(0.1192781733 0.8412823806 0.1072716191)
(0.3532156313 0.2713137242 0.1317051886)
(0.2038883809 0.7901440276 0.07094931719)
(0.2231809376 0.7476247826 0.1510710135)
(0.4415096335 0.4703095219 0.1105108375)
(0.4366823311 0.5429447532 0.06525344918)
(0.0986113125 0.8081563125 0.1208539532)
(0.03198305942 0.4187345582 0.1272023687)
(0.4677304497 0.4834393541 0.05249311894)
(0.4768690913 0.5162273751 0.08881918215)
(0.479103757 0.5207202327 0.09279632113)
(0.2627039286 0.550812718 0.1400476827)
(0.4392212298 0.4786433333 0.03790754907)
(0.4259433733 0.5210636554 0.1316597993)
(0.4653324296 0.4811934498 0.1344209989)
(0.4715542527 0.4872270833 0.03260099084)
(0.1961529985 0.8026657051 0.04663362037)
(0.1913111441 0.7805680471 0.117593277)
(0.4683915766 0.4835531092 0.04165092931)
(0.118269498 0.8239860655 0.1150874522)
(0.4453303635 0.5236345855 0.06139520114)
(0.4435640546 0.4755107084 0.02220908498)
(0.4311200786 0.5266578555 0.072145705)
(0.1893827393 0.7933741288 0.08278453861)
(0.474325956 0.5038616711 0.1024923865)
(0.4665200508 0.4401460211 0.1465892012)
(0.4691981656 0.4194125354 0.1396704139)
(0.1980835087 0.8262753804 0.06076879743)
(0.1109608145 0.7931852077 0.05277669009)
(0.423112633 0.5038766367 0.1545885449)
(0.1918981419 0.8195905964 0.03842602491)
(0.1918979505 0.7730573369 0.01603503899)
(0.1906861378 0.7737703411 0.02244857502)
(0.1894245309 0.7998580362 0.04297840507)
(0.4159480407 0.4968979673 0.1475582159)
(0.1196474099 0.7737665751 0.09520452566)
(0.4526362968 0.4756481428 0.1334720467)
(0.1247670182 0.861072374 0.01273895597)
(0.1111351284 0.8626448727 0.02032839291)
(0.1419548942 0.7611833124 0.1498886045)
(0.4775134569 0.7050578269 0.09382562553)
(0.4556144995 0.4746386296 0.01328397893)
(0.4293003086 0.5294182846 0.07883370483)
(0.1742268771 0.8393524601 0.08606415679)
(0.4790851449 0.5196538478 0.1460574064)
(0.104174382 0.8231412048 0.07031254887)
(0.140571471 0.7609087726 0.1100695884)
(0.4514435108 0.4758037016 0.1428419245)
(0.1193232627 0.8257120695 0.1467996991)
(0.4563023465 0.5295993181 0.09432725972)
(0.1198713982 0.7071974563 0.1199592128)
(0.1665680691 0.7576655185 0.09043683972)
(0.1381781904 0.8381408588 0.08121748288)
(0.4351464064 0.4797818154 0.08171224369)
(0.1976459933 0.7829759505 0.0643935282)
(0.4563003298 0.530520862 0.02163053641)
(0.1103765828 0.7944393331 0.154962468)
(0.4465671724 0.5250213772 0.1548269147)
(0.4391126711 0.4790456391 0.02314704728)
(0.1617847761 0.7539215392 0.1170665673)
(0.4747628598 0.4991273736 0.1126704892)
(0.1111461848 0.8249832221 0.04292180315)
(0.1162860896 0.7793546844 0.08285527453)
(0.1816295563 0.7669800967 0.1434728309)
(0.1786073108 0.7616428101 0.1462414456)
(0.175161768 0.7602158715 0.1393300731)
(0.1856610348 0.7693570295 0.1476123352)
(0.1875925223 0.7695637572 0.1126941753)
(0.4172882117 0.5220583057 0.02747448873)
(0.2227833796 0.7869875601 0.1497362082)
(0.19951241 0.7338615919 0.119393157)
(0.4687142749 0.5166461729 0.09492052505)
(0.1365415717 0.7634551099 0.005524921128)
(0.09894582795 0.8418202762 0.04121439381)
(0.2950763836 0.6080356175 0.07127506145)
(0.4329473028 0.4657557464 0.09898592883)
(0.4347985106 0.5297698938 0.07495415079)
(0.4628725267 0.4783153193 0.08608161818)
(0.1097103276 0.8249339568 0.10017292)
(0.1231175242 0.7703247564 0.1552142041)
(0.1935087483 0.7894096046 0.005323484704)
(0.4827679135 0.5001172771 0.07601042264)
(0.4873690082 0.4948865706 0.07401286116)
(0.46804782 0.5281729091 0.1456146154)
(0.4100216432 0.5164671577 0.1450263658)
(0.1655730617 0.8364741134 0.1416214367)
(0.1841775938 0.7787855446 0.05237753923)
(0.4792021896 0.4950275353 0.0788165164)
(0.3672537265 0.4507992444 0.06636627049)
(0.4426307996 0.5292395689 0.05800163954)
(0.1912957868 0.7795202601 0.02047994392)
(0.4273197392 0.5086911005 0.03697861186)
(0.3381611998 0.8272156239 0.04619977589)
(0.1180901496 0.8237365908 0.02054391491)
(0.1858895146 0.8398368539 0.07064053776)
(0.188681033 0.8318119885 0.0975666209)
(0.1940529947 0.8339755861 0.1056159362)
(0.4789499134 0.4850193593 0.004851826328)
(0.4859172359 0.4839665088 0.007430186404)
(0.4740929358 0.5038039468 0.02188071444)
(0.2445055781 0.4695476923 0.09410968297)
(0.1815237586 0.8329941761 0.1008906089)
(0.4102534453 0.503500868 0.08200102442)
(0.1624106713 0.8372670741 0.05275641354)
(0.4827714487 0.1063584706 0.1107318066)
(0.1461015479 0.7602988299 0.01310065637)
(0.1566612129 0.8390427152 0.08097551814)
(0.09906062228 0.7583404278 0.1019663707)
(0.4347770072 0.2908726677 0.07969054239)
(0.4484101888 0.5232253469 0.130064448)
(0.1701964479 0.7660997047 0.07273075975)
(0.1154514253 0.8331688367 0.06156373922)
(0.4823518089 0.5070165515 0.148784338)
(0.1944405626 0.7980107223 0.04270076594)
(0.3975363444 0.523132687 0.1019747614)
(0.1160902372 0.8201152744 0.09803474406)
(0.112735159 0.7681634906 0.08035151178)
(0.1042742027 0.8001089865 0.07475195712)
(0.1018550041 0.7949560736 0.07084754987)
(0.4877631978 0.5036273052 0.02629493683)
(0.4330686379 0.4816648062 0.075178579)
(0.5602873373 0.8843351337 0.03821923157)
(0.02825663721 0.7705437191 0.07539554678)
(0.1708347888 0.7661081543 0.02243380798)
(0.1968073592 0.7859583217 0.146192747)
(0.1538321104 0.8396380073 0.1299130641)
(0.09802871636 0.8272061796 0.07427260791)
(0.09266672588 0.8206150377 0.07729477167)
(0.09302905918 0.8009049686 0.02226056293)
(0.08952060576 0.8097368862 0.02227055057)
(0.4833710902 0.4894037383 0.07812382263)
(0.1281563735 0.7605090858 0.03626628471)
(0.1742538506 0.8318475841 0.1379038251)
(0.145211365 0.753142405 0.07591314015)
(0.1798459842 0.4891338998 0.1341888171)
(0.5039077269 0.8978163975 0.03649109342)
(0.4131847097 0.4680852027 0.01057085166)
(0.2548226296 0.7040762618 0.1490875137)
(0.4558988386 0.4632873346 0.006565229025)
(0.1784504054 0.7638138275 0.1291800378)
(0.457574383 0.5235007173 0.09692561679)
(0.1425042896 0.8384931901 0.09173526963)
(0.4202850034 0.4877977116 0.06811484772)
(0.4276642322 0.488818548 0.06702115268)
(0.1004362658 0.8176040167 0.05502134186)
(0.4186400226 0.4878071793 0.1549884312)
(0.4728725383 0.5200998416 0.1198022227)
(0.1863101824 0.8350196455 0.04147121755)
(0.4472205321 0.5236614483 0.02250198984)
(0.05590920338 0.744836507 0.02381620876)
(0.4260069158 0.4988040167 0.04065737192)
(0.4341124302 0.5338440816 0.06908208524)
(0.1366364336 0.7484302593 0.07050428311)
(0.4634804811 0.4798002551 0.06960673087)
(0.148155174 0.7605736313 0.1551736547)
(0.1472789543 0.8402841538 0.05946833617)
(0.2153120633 0.7961611366 0.1031423272)
(0.4183984679 0.4966782427 0.09108806347)
(0.4764372711 0.4589596028 0.03351616306)
(0.5024822974 0.4945690775 0.03237875342)
(0.3230396368 0.4960881739 0.1441682538)
(0.1053010359 0.7819060445 0.1217387606)
(0.115009999 0.7691403278 0.1208837322)
(0.4252127122 0.48042196 0.01161595602)
(0.1721333503 0.8325652607 0.127313877)
(0.1437320026 0.7193156479 0.05079747244)
(0.4571518237 0.5237269135 0.03257022608)
(0.1482789385 0.7592749648 0.0779124485)
(0.3176289651 0.5397391836 0.1441869144)
(0.1362673099 0.7624198279 0.1543557046)
(0.1129207463 0.7864625643 0.1206346186)
(0.1353429695 0.7570894581 0.1416155699)
(0.4021493081 0.5180282262 0.1371541272)
(0.2157833912 0.8024973821 0.04716091576)
(0.4268394765 0.5082204303 0.04968524289)
(0.4391597116 0.4699435506 0.1049497865)
(0.4724829034 0.471187573 0.05187615009)
(0.4597172443 0.5229988877 0.01333253477)
(0.08260629165 0.199904285 0.0357505293)
(0.4580523272 0.4699053757 0.1003681523)
(0.1017489249 0.8182935374 0.03823042792)
(0.4073970131 0.4621072641 0.1122062331)
(0.1049874015 0.8114479167 0.105595565)
(0.1953115534 0.8051347224 0.07834231524)
(0.1951980248 0.790511829 0.01404747667)
(0.1979603793 0.7863468147 0.1120532368)
(0.1050087001 0.8375448487 0.09729146855)
(0.1243361436 0.8391639832 0.1219787407)
(0.12082556 0.8464191872 0.1182331922)
(0.1878881995 0.7692874562 0.09678730299)
(0.4642753384 0.4798350565 0.01417232294)
(0.4701292082 0.5140890533 0.05302821645)
(0.1968584837 0.8097425031 0.04538590862)
(0.1862545573 0.8315579494 0.05220309124)
(0.1801902963 0.8335806679 0.05218171134)
(0.1849197935 0.8370543969 0.04805817983)
(0.435280234 0.4736812642 0.01228526435)
(0.4307593912 0.468371724 0.01360283411)
(0.2273647213 0.4039271679 0.03550101549)
(0.4111509035 0.5108571816 0.08140424943)
(0.1227709585 0.8410884492 0.1317302614)
(0.161877911 0.7403767159 0.02124437361)
(0.1234782738 0.8465923822 0.09385945228)
(0.4804256149 0.5082118212 0.03003139787)
(0.4849007306 0.5096058571 0.03617365574)
(0.4309041195 0.5363946238 0.07946441204)
(0.1969902829 0.8088037756 0.09509473438)
(0.197501511 0.8047086515 0.09098725424)
(0.1752540214 0.8305813323 0.04749409603)
(0.1698677726 0.7574282531 0.06606937999)
(0.1641023672 0.7569452397 0.06975800186)
(0.4724586313 0.4881952725 0.06601699192)
(0.418701072 0.5256585673 0.05740938098)
(0.110568904 0.7609635628 0.05398103483)
(0.1064997734 0.7663045312 0.0560073804)
(0.4316080147 0.4750226449 0.1416566254)
(0.1096135283 0.09009663019 0.0338733555)
(0.4130105016 0.4818453967 0.04473693957)
(0.4245176741 0.5189763806 0.1496502789)
(0.1735754548 0.7682567043 0.1127837481)
(0.4739776634 0.5254073597 0.1537908683)
(0.4188779568 0.5094595978 0.1130871085)
(0.412595189 0.5079770737 0.1163607517)
(0.1068032984 0.7476186896 0.06289452052)
(0.4249992629 0.5033432803 0.1139295276)
(0.1787415283 0.7621517825 0.02173767196)
(0.4587404781 0.5231554356 0.05215596539)
(0.4607191176 0.4683085252 0.1482890834)
(0.4343747616 0.4563476197 0.04329796622)
(0.4617741889 0.5291120966 0.04143285145)
(0.4462665679 0.4659377457 0.1286707649)
(0.450758011 0.4591988752 0.1306929858)
(0.4413971565 0.458901739 0.1315699029)
(0.3026921367 0.1645208131 0.0399977811)
(0.1502458666 0.7422462549 0.1132464052)
(0.167266786 0.7645911566 0.0526280778)
(0.1063721359 0.8160730179 0.07456925774)
(0.4740926237 0.5068495723 0.03478185956)
(0.1591692077 0.7530675019 0.154543164)
(0.4574354115 0.4700351872 0.04374730715)
(0.1894119281 0.7933064894 0.05048558705)
(0.1890872959 0.7999942648 0.05527555775)
(0.3885759906 0.5405205747 0.1491705327)
(0.1441448587 0.7553445355 0.0594296939)
(0.1140551124 0.7833467938 0.1514785318)
(0.1516806687 0.7507234177 0.1534587447)
(0.1924100996 0.8191947975 0.1096289498)
(0.1129172661 0.8134921028 0.08217487341)
(0.477456652 0.4875263496 0.09309860923)
(0.4079069688 0.4903865667 0.07352810935)
(0.475979719 0.5006154973 0.06785139145)
(0.1691730212 0.8343691219 0.0869238932)
(0.1240775875 0.7617611508 0.02448308937)
(0.1214934566 0.7567661287 0.03028827627)
(0.4738962121 0.4941610069 0.04088314395)
(0.150150653 0.7609405886 0.1492349295)
(0.4609626372 0.4592733454 0.03981555679)
(0.1060681066 0.7858672224 0.03525807539)
(0.1460596999 0.8471009139 0.032994499)
(0.4784827784 0.4933987923 0.03068680808)
(0.1520646158 0.8389148495 0.02453540772)
(0.1772943854 0.7543773253 0.08109629266)
(0.1130534716 0.8149111881 0.04125338492)
(0.3817899015 0.4984092929 0.02348148932)
(0.183417141 0.7660174171 0.09444831798)
(0.4689061067 0.5279009499 0.03434792634)
(0.104907457 0.8214385223 0.09542510493)
(0.4774729623 0.4672624856 0.1053324042)
(0.1609157316 0.8443461751 0.04844102691)
(0.1030002552 0.7884188884 0.134656772)
(0.09667386503 0.7865650675 0.1374800148)
(0.113155113 0.8150991472 0.006115607657)
(0.4417516023 0.4678284276 0.1553873191)
(0.1960781927 0.7970121723 0.1484860279)
(0.1940833803 0.7650634969 0.09204447079)
(0.1805186268 0.824160306 0.06006400576)
(0.4881378075 0.4325749686 0.141348303)
(0.1279171617 0.8647134076 0.04377785973)
(0.1116757166 0.8124332433 0.1233859937)
(0.1126478831 0.7873289749 0.05538700912)
(0.1180309604 0.8383200298 0.1259213699)
(0.1206100746 0.7657327359 0.06788077442)
(0.09223370689 0.9413949207 0.1323159791)
(0.4886469394 0.4995369151 0.1197858073)
(0.4618561665 0.5207553185 0.1226692506)
(0.1234759313 0.7703089333 0.0700661995)
(0.4613451597 0.50092237 0.005724388733)
(0.197361977 0.7898473986 0.1395401455)
(0.4211526508 0.4808808224 0.1196292949)
(0.1825521035 0.8233180603 0.1488582736)
(0.188164261 0.8114097787 0.01147840934)
(0.3956635465 0.4890160704 0.1511431171)
(0.4524255289 0.5245347739 0.08369379437)
(0.08881150257 0.8100430556 0.1189146008)
(0.426331573 0.4799452542 0.1493309562)
(0.1806791878 0.7745452139 0.0810261335)
(0.4235826238 0.5161302948 0.1233243114)
(0.4395888939 0.5223413219 0.1135391535)
(0.4051278031 0.4378519104 0.1405071243)
(0.447980026 0.5243981201 0.01114951247)
(0.4533850268 0.4539588636 0.1006705786)
(0.1796604231 0.8266531964 0.1538479695)
(0.4795745385 0.5025208673 0.004675484534)
(0.1737851564 0.7678853953 0.08896040106)
(0.1441781191 0.8507280243 0.1539045515)
(0.03357611934 0.7069459346 0.09294749587)
(0.4408342594 0.4469260632 0.130132501)
(0.171306891 0.7588984953 0.05785873072)
(0.4300494895 0.4846996104 0.06408073919)
(0.4805496476 0.5069425588 0.119241009)
(0.1375097181 0.762928186 0.04578172682)
(0.4512260658 0.5470352387 0.1022997118)
(0.110225936 0.7769285083 0.04062867615)
(0.4288888614 0.4883918716 0.1129893801)
(0.4437150725 0.4779441345 0.004660475691)
(0.1865758371 0.7690833337 0.05022630838)
(0.5642228002 0.5326223958 0.1316924072)
(0.1931910071 0.8451779749 0.056929297)
(0.4131643511 0.4919405501 0.03024468882)
(0.4031791922 0.4891618477 0.02761289484)
(0.117406816 0.8492731274 0.1425377865)
(0.4566950839 0.5402218015 0.05767251775)
(0.09663892523 0.7837402305 0.07367199664)
(0.1626571581 0.8371685703 0.03815958939)
(0.1808598013 0.8252445019 0.07358528084)
(0.172950057 0.8422691665 0.1465073162)
(0.1395118483 0.8485331763 0.1250524144)
(0.1452595682 0.8503377678 0.1290043801)
(0.3903013394 0.6087153222 0.1471511808)
(0.1672933407 0.7545251895 0.1223765601)
(0.1508695552 0.7606340263 0.1319132582)
(0.1291591871 0.8428994284 0.06560154666)
(0.1606768096 0.7557023735 0.059135676)
(0.2208341209 0.6062052316 0.1398961273)
(0.1051922955 0.7906158341 0.1459011833)
(0.1286463138 0.8328747845 0.06806403024)
(0.2456503689 0.8023420493 0.1109339032)
(0.263494697 0.8231409258 0.1134918056)
(0.4083330473 0.4767864629 0.1524789871)
(0.4023677985 0.4658648382 0.148082407)
(0.1130706938 0.7856851916 0.107685155)
(0.1857709415 0.8379634863 0.01242962385)
(0.1287664774 0.7581580819 0.1202324804)
(0.1088546707 0.8269213084 0.0808023098)
(0.1165801912 0.8217086521 0.1277276491)
(0.1880227381 0.8317305837 0.03508675321)
(0.1573132665 0.7433398762 0.0393565482)
(0.1660403973 0.8358109012 0.1168219801)
(0.1701156711 0.7662384923 0.1271753884)
(0.4597558154 0.5289874311 0.07608213607)
(0.4370495642 0.4664280241 0.1506909898)
(0.1630137824 0.8422489671 0.05445025834)
(0.1023417095 0.7995811494 0.0392501189)
(0.1631186949 0.7556853301 0.104760801)
(0.4200093587 0.4919380252 0.05876508604)
(0.2377485202 0.4695225717 0.1428964669)
(0.4742670324 0.4975193151 0.03559815595)
(0.449793965 0.5317253914 0.1082928807)
(0.1226563412 0.7622292035 0.07933015432)
(0.4725253195 0.4715776742 0.09723064459)
(0.1355329943 0.8454416311 0.05975418711)
(0.2700140585 0.1011034005 0.1190433)
(0.4571251938 0.5511115543 0.01618526848)
(0.4456795061 0.4682205982 0.05796318026)
(0.1744113334 0.7620506765 0.1126898803)
(0.1075449587 0.775823445 0.1555129989)
(0.3778735306 0.7616874457 0.1394708776)
(0.1191248746 0.7650445634 0.04039842115)
(0.4261575583 0.4935952651 0.048688234)
(0.4569354963 0.5337804957 0.03650490466)
(0.4302146828 0.4881325013 0.004130146544)
(0.4307998847 0.5255196123 0.03847851114)
(0.4576337816 0.5411515487 0.01088782288)
(0.4529965066 0.4621609875 0.01523598611)
(0.4566876373 0.4522874197 0.01172086547)
(0.1254815751 0.7618612354 0.06995550305)
(0.2541140898 0.7591479927 0.08952902708)
(0.3368166784 0.6403911644 0.1484098078)
(0.431786574 0.5167550049 0.155700096)
(0.1855000111 0.7718177011 0.02383374523)
(0.4466577126 0.4704347605 0.03630886512)
(0.4456836056 0.4657407147 0.0328675232)
(0.09013445297 0.7798246772 0.01040588573)
(0.1658269321 0.755896153 0.1554173494)
(0.4631599755 0.4657501817 0.005811985677)
(0.1489110002 0.7472502424 0.02788130206)
(0.03839376954 0.9589648545 0.1207851584)
(0.4964579303 0.5067139462 0.1018772561)
(0.1104330641 0.7676135284 0.03441951928)
(0.1396911166 0.7604424004 0.08371342035)
(0.2063316073 0.8287366984 0.03748157965)
(0.1444848251 0.7498743604 0.03909823861)
(0.4799677936 0.5197997348 0.06539210981)
(0.4580237815 0.5234445547 0.05854741188)
(0.4326237278 0.4823303577 0.02881978707)
(0.2372673552 0.7236513219 0.1506949951)
(0.4636636521 0.4546155753 0.05046824246)
(0.134750847 0.7586655374 0.04300176767)
(0.127851054 0.30830633 0.1276799849)
(0.1724586144 0.756332199 0.1551191811)
(0.1518087896 0.5548570307 0.1316382219)
(0.1267110345 0.860300911 0.02958463789)
(0.1109273284 0.8058317956 0.04329703026)
(0.1302263659 0.7664617066 0.05140400703)
(0.1116163312 0.7509397676 0.0383782096)
(0.1688733328 0.6377730227 0.1415163173)
(0.1480423628 0.6140349215 0.1388376684)
(0.4621559934 0.5208152461 0.06227792396)
(0.4703393141 0.5364474589 0.1266868223)
(0.4819777633 0.5264403011 0.06959273052)
(0.1214696906 0.8271340994 0.08594827668)
(0.1101272807 0.8020270909 0.03332742298)
(0.1477219724 0.7607046421 0.09412062715)
(0.1346466153 0.7637393435 0.1045858691)
(0.1590796255 0.7503558364 0.1027700811)
(0.11182785 0.7694510578 0.1475770317)
(0.436625711 0.5210500855 0.06027884717)
(0.4513710231 0.5333548885 0.09384900589)
(0.1120741407 0.8266919188 0.004239486637)
(0.1207427963 0.7596998062 0.1321440553)
(0.1143392224 0.7612067676 0.1349296741)
(0.4285386435 0.4747549554 0.07530806896)
(0.1238661095 0.4358608044 0.1277893498)
(0.4185092964 0.489783723 0.1182722619)
(0.4576535617 0.5323029931 0.1204826804)
(0.1057904513 0.8649861688 0.08798358102)
(0.1878949069 0.8296049776 0.07646456288)
(0.1815858734 0.7739937553 0.119947851)
(0.4809507103 0.5155249143 0.005593122696)
(0.175887797 0.829592545 0.01208570609)
(0.2562818591 0.7860846996 0.06673140938)
(0.1840349992 0.8305676219 0.1421390403)
(0.1130261955 0.8282708299 0.05568701242)
(0.1838875985 0.820268643 0.1392977501)
(0.443981619 0.533391575 0.0968110068)
(0.1865298783 0.8132298048 0.1050243456)
(0.4419684925 0.7590372203 0.1349794432)
(0.4678851637 0.5170717533 0.1259785376)
(0.1961867909 0.7755385587 0.1180346377)
(0.1197095012 0.7746470799 0.08790020115)
(0.1203034776 0.8362366543 0.09590619388)
(0.5612898282 0.955128668 0.03902619751)
(0.535802997 0.579500742 0.1025289501)
(0.4310032192 0.5151002405 0.1209448075)
(0.4628117435 0.5291761072 0.1202500541)
(0.4734963541 0.4920427971 0.07603137424)
(0.4786680655 0.5113956415 0.03507309188)
(0.4225254502 0.5194772605 0.07279681916)
(0.1402854202 0.8378156474 0.005066204345)
(0.1681852987 0.7561620582 0.07703261028)
(0.1757332473 0.7455321429 0.09231460511)
(0.4182462568 0.5005170539 0.01527662865)
(0.4671869965 0.5314415847 0.09517053286)
(0.173643359 0.7670582597 0.1495683213)
(0.442221451 0.475901812 0.1545113971)
(0.1352312002 0.8368415804 0.155661436)
(0.1851083535 0.8181068348 0.03492283413)
(0.1159273782 0.7708105979 0.1302592884)
(0.1551502707 0.7420922991 0.02931656041)
(0.2880887031 0.7293179111 0.1171742982)
(0.1091766622 0.7759690019 0.09029160841)
(0.4259978297 0.499543039 0.0238134748)
(0.1614424531 0.8469225099 0.03509603055)
(0.1426903491 0.7505207346 0.0276533333)
(0.4793266317 0.4670319086 0.05616494418)
(0.1850896565 0.7688871612 0.03134799743)
(0.1123645987 0.8427681168 0.07411857871)
(0.4596287922 0.4774577765 0.1276795468)
(0.1962193786 0.635333952 0.100980772)
(0.4812270953 0.4942672846 0.01194580149)
(0.3448139374 0.5135208988 0.09590506314)
(0.407497479 0.4926331293 0.109850654)
(0.1545533475 0.7480842897 0.1349699611)
(0.1763714575 0.7635831095 0.1027766195)
(0.1725264995 0.7602614771 0.1073499604)
(0.436210287 0.470500364 0.03831561417)
(0.4577150518 0.523876306 0.1192836907)
(0.1731139002 0.8481862775 0.06176652428)
(0.4181839241 0.5048473804 0.07345336888)
(0.1201465314 0.7736537501 0.1125682886)
(0.4755139265 0.5129463422 0.04390886695)
(0.1110162997 0.8026864083 0.08687951798)
(0.1650135361 0.763638052 0.1389772992)
(0.5691551355 0.4394771669 0.08939110443)
(0.1705439735 0.8338256254 0.09782615426)
(0.2109210978 0.7898881226 0.1273774198)
(0.566328203 0.1004690483 0.1273599896)
(0.2099007081 0.7825597921 0.02218782032)
(0.3100004805 0.3428501788 0.03609623012)
(0.2248652091 0.8539223954 0.03631171599)
(0.2248774278 0.8143522147 0.05415042029)
(0.3067877359 0.714481578 0.03240434895)
(0.1885474983 0.8339213853 0.07247806099)
(0.1271656901 0.849041303 0.01612045067)
(0.114910313 0.7816701314 0.04268745361)
(0.1482413769 0.8455203468 0.07685992897)
(0.1463529292 0.8507128982 0.07543613666)
(0.4262566469 0.4922851684 0.09550753815)
(0.471842483 0.57591642 0.05940390988)
(0.474763845 0.4989316219 0.1065364483)
(0.1898262131 0.7609004359 0.1262490554)
(0.1813509236 0.8242050624 0.02199540395)
(0.4640960089 0.4731199385 0.06978637183)
(0.1546384149 0.7531952475 0.04331356168)
(0.4331874821 0.5258386466 0.04497612386)
(0.1772633689 0.8487769494 0.01644119363)
(0.4807276737 0.5118772406 0.1553621279)
(0.472404443 0.5102227923 0.1479494775)
(0.1032653685 0.8133966001 0.1235931962)
(0.1314444054 0.7637396013 0.1108599621)
(0.1253468959 0.8385373654 0.1417257224)
(0.4329602643 0.5233293269 0.1559714722)
(0.1186179342 0.7373696693 0.05356608084)
(0.4639805547 0.520190579 0.110816761)
(0.4633283272 0.479801312 0.09840763309)
(0.1909109018 0.8242041961 0.1559277199)
(0.1376612888 0.7477919317 0.09177831013)
(0.4683797559 0.4842403863 0.01154321061)
(0.1384165465 0.8438978051 0.02554913858)
(0.1564913966 0.8386753013 0.110512533)
(0.1868266598 0.8129513324 0.1555682964)
(0.1587100025 0.7365454978 0.1513653557)
(0.4641363825 0.4543490255 0.09546219301)
(0.1670792817 0.7131875781 0.02289823214)
(0.2102932349 0.5304104605 0.1416532664)
(0.479219927 0.4973106796 0.08875249114)
(0.1340224246 0.7641113213 0.01134418431)
(0.1050376393 0.7837398626 0.09114060951)
(0.04116139953 0.1599829343 0.04174244696)
(0.4633810407 0.5079324891 0.005660842298)
(0.09457404382 0.7627694965 0.04682077512)
(0.476666718 0.5227529249 0.1083200809)
(0.106921353 0.8200346383 0.1410228755)
(0.5611171939 0.1735859856 0.05426650754)
(0.4281007484 0.4786502486 0.1433395413)
(0.2611448424 0.4415184678 0.09596024593)
(0.2020212675 0.5752965222 0.08860128254)
(0.2960082702 0.6621930167 0.1484418311)
(0.1689201099 0.7573465226 0.01727942598)
(0.1320502987 0.7654120234 0.02694774011)
(0.4615213842 0.5272996543 0.1383184538)
(0.2660507676 0.1614842655 0.1308137493)
(0.4323396258 0.5167460817 0.08180460318)
(0.4274702258 0.5207067699 0.01843458574)
(0.4532060728 0.4749658708 0.1548968235)
(0.2919111195 0.8763807781 0.1348401402)
(0.4319976415 0.5268748473 0.1475903395)
(0.4287154979 0.5274435091 0.1547100608)
(0.4663753198 0.5183019464 0.1455670517)
(0.469375242 0.4843441396 0.08969630842)
(0.1217530418 0.8381125075 0.03272128836)
(0.1398584827 0.8488296963 0.05439960597)
(0.4733905295 0.4923545592 0.08256931559)
(0.4201306465 0.5132382791 0.0286652976)
(0.4765672371 0.4092915371 0.02413620052)
(0.4714091873 0.5121035424 0.1269430776)
(0.1864863704 0.7710941275 0.1310511734)
(0.330409806 0.03849002251 0.1157643633)
(0.1094398517 0.7654638852 0.0662342084)
(0.4045178982 0.8601157023 0.03562586601)
(0.4090556567 0.4885094325 0.08641109224)
(0.457100033 0.5303375031 0.1283041575)
(0.4298002655 0.7436873755 0.03360982836)
(0.140510145 0.8505937232 0.1186025305)
(0.4702756236 0.5530080303 0.1343328813)
(0.4192238676 0.4900205358 0.1441087969)
(0.4415303937 0.5308955304 0.02753561973)
(0.4271483514 0.469005774 0.1029244725)
(0.422605452 0.4595670748 0.1050024164)
(0.1862534234 0.7832346058 0.08799580672)
(0.4131608377 0.5104111476 0.06166031378)
(0.4575335738 0.4710522743 0.1178942469)
(0.1338737393 0.7638922848 0.0765669779)
(0.1109958997 0.7929353327 0.01639503128)
(0.1368630741 0.8368462808 0.04000870825)
(0.1618085985 0.8372929383 0.02191549695)
(0.1106789131 0.8212928092 0.05895541485)
(0.3759991896 0.2993355 0.1248011458)
(0.4659799152 0.5309893514 0.1034560671)
(0.4550439817 0.4689994695 0.1248740528)
(0.4865862894 0.5036516058 0.005060786962)
(0.1026081762 0.8001499316 0.05030600094)
(0.1339088074 0.756488878 0.07700960886)
(0.1315824577 0.754117099 0.08175244356)
(0.1972221453 0.8435824405 0.08412253046)
(0.4210177742 0.5161887042 0.1129050135)
(0.4809044084 0.5045313946 0.1051238805)
(0.1440134773 0.8381978602 0.04817468517)
(0.278933393 0.785285592 0.02959219984)
(0.4277782176 0.523054006 0.09624114584)
(0.4801537316 0.4753658513 0.1457088467)
(0.1304244302 0.8416906437 0.04558498877)
(0.129520241 0.8474672332 0.04260651332)
(0.1464976264 0.7602127687 0.04320358296)
(0.09595603779 0.7820740843 0.04603489961)
(0.1771478007 0.8368033572 0.1043853004)
(0.4269380143 0.5089687795 0.06736538475)
(0.4231190258 0.5137963497 0.09387972331)
(0.2153964534 0.7778654943 0.08031043719)
(0.09066328263 0.7975265708 0.1185838448)
(0.4562621853 0.5161372108 0.005270694886)
(0.450985243 0.5143311503 0.005697872844)
(0.4553531547 0.6641267155 0.1016969863)
(0.4378899111 0.8246409548 0.0351113099)
(0.4491215548 0.4754419667 0.03473673083)
(0.1282145662 0.7666985878 0.04485999266)
(0.1266830614 0.832123713 0.005049799026)
(0.1253336943 0.8327543655 0.0111272736)
(0.4184301112 0.5057104692 0.02970024152)
(0.1114320209 0.8063442585 0.1253024324)
(0.1881492692 0.8273046973 0.1180690329)
(0.4244087344 0.4793679868 0.1149119671)
(0.1458823425 0.8480315563 0.09303922663)
(0.1723443463 0.7539533244 0.02235308168)
(0.1689038522 0.4971253531 0.09060345959)
(0.142464319 0.745962446 0.0329321218)
(0.1383074976 0.7422269684 0.03965454515)
(0.1829632805 0.7768765551 0.1462888589)
(0.1991838798 0.7966687885 0.1346513446)
(0.195916337 0.7911980366 0.133954822)
(0.4995239185 0.09774589711 0.04037561026)
(0.1111988709 0.8283853367 0.1497976744)
(0.2889373414 0.8391810009 0.04592757756)
(0.1664024434 0.8502214584 0.02330763723)
(0.5647733732 0.1064645715 0.03811382978)
(0.3740480148 0.5932496201 0.1488830728)
(0.4833225385 0.4882264708 0.06008921437)
(0.4895069443 0.4857125349 0.06456544993)
(0.4328301924 0.4811291833 0.1531831981)
(0.3248157409 0.7241875637 0.1436466788)
(0.4167602215 0.5272338549 0.09329449261)
(0.4342000429 0.5252342943 0.05869445054)
(0.1018594892 0.7942270846 0.02406790679)
(0.1721043132 0.7441611839 0.05376040936)
(0.4184171005 0.4909447256 0.1385607901)
(0.2551100889 0.4296575122 0.1387188217)
(0.1109642456 0.8047318653 0.07559855673)
(0.1071264938 0.8205162309 0.0191667023)
(0.1003681261 0.8218777366 0.0168095492)
(0.1130324906 0.8137656175 0.0922110451)
(0.1897596566 0.7790009053 0.07901253542)
(0.1156196658 0.7548474585 0.05506160988)
(0.1179657762 0.8227743635 0.0745776857)
(0.4399835949 0.535082398 0.0191530487)
(0.4414860205 0.4833034373 0.004951682784)
(0.1212436345 0.7711986004 0.01068657232)
(0.2966058595 0.679437816 0.1485391824)
(0.3110699542 0.9103579479 0.04412434948)
(0.1575851498 0.7527047186 0.1093977348)
(0.4751726595 0.5340118808 0.1538422053)
(0.4316194653 0.4748265905 0.004276694294)
(0.4287856816 0.4875942843 0.09443177723)
(0.4378283329 0.523288625 0.1367601732)
(0.4676638338 0.4826845085 0.0785345705)
(0.1508177614 0.8474062804 0.02851526284)
(0.1895874847 0.7961372364 0.01353436229)
(0.1047511141 0.7938301362 0.1325529207)
(0.4722372355 0.4908426356 0.01163562861)
(0.1878897193 0.8112522667 0.03047071984)
(0.4742156237 0.5024712891 0.08308859515)
(0.153548724 0.7610555167 0.0302994083)
(0.1887464969 0.8076097201 0.08535501846)
(0.1722999626 0.7390608412 0.1165624495)
(0.4693325316 0.5137891212 0.1107822267)
(0.4737475339 0.5027859423 0.04685824403)
(0.04032165623 0.1307549495 0.1118324077)
(0.329701047 0.8232065673 0.1402081358)
(0.1985288382 0.8061630855 0.03545922161)
(0.1916108391 0.7724197265 0.08661649973)
(0.1944373595 0.765172934 0.08363394747)
(0.4198326626 0.5074123627 0.1286045816)
(0.1853461517 0.752290916 0.07693732604)
(0.1748612069 0.76900886 0.1001099499)
(0.160372809 0.8379671316 0.1467778545)
(0.4425000949 0.5339072257 0.1087438023)
(0.1457219217 0.6980411025 0.06043358455)
(0.4430766424 0.4762601294 0.1349265295)
(0.4441015804 0.531048305 0.01135242995)
(0.4513298423 0.5305877553 0.02744770412)
(0.1494747219 0.857181263 0.123798244)
(0.4363209842 0.4802536098 0.1278262676)
(0.4270625155 0.507784106 0.06082976133)
(0.4497485195 0.4450680102 0.0290531003)
(0.4813948002 0.4785725888 0.03058403483)
(0.1211500731 0.8470764829 0.09980608407)
(0.1923810542 0.7867872449 0.06171967203)
(0.1942204732 0.8535608876 0.09851530986)
(0.1167476341 0.7688048962 0.1011390933)
(0.2367912624 0.6764330797 0.07704494725)
(0.4203118253 0.5018486621 0.1228480999)
(0.1474931922 0.8287064522 0.005243824146)
(0.1523419552 0.850468863 0.04143206656)
(0.1151128779 0.8435171433 0.006555820736)
(0.4805541571 0.5221067633 0.122818813)
(0.164873558 0.8445638854 0.00490030828)
(0.4239547253 0.5254733453 0.07451159965)
(0.1205917731 0.7736090554 0.06019784252)
(0.1693763325 0.7659453515 0.09401111713)
(0.1985915706 0.796265912 0.1127560353)
(0.1889704405 0.7975463757 0.07233919363)
(0.1212433425 0.8369214326 0.005653929365)
(0.4282698889 0.5106580126 0.07381191435)
(0.2000418078 0.7776399365 0.1403051943)
(0.4446205795 0.4767123067 0.09119925023)
(0.4643716545 0.5196240121 0.08243930557)
(0.1878452098 0.8385439684 0.08506680697)
(0.1889881181 0.8062810887 0.02061541296)
(0.2032914485 0.7610971018 0.09274885357)
(0.4131287358 0.4982824233 0.1354193331)
(0.1912054139 0.8207356014 0.03029713488)
(0.1874942973 0.8103987653 0.1160234342)
(0.2023007026 0.8096947101 0.1083364614)
(0.1871771571 0.7869056369 0.09949849985)
(0.4613257585 0.4890949331 0.004885905709)
(0.2293127219 0.9641055854 0.0521582049)
(0.1524707853 0.7505934066 0.004998146942)
(0.399852739 0.4637907076 0.01612783725)
(0.1253015928 0.761905533 0.1492321039)
(0.1388853373 0.7619216173 0.1386025345)
(0.4655315288 0.4670935751 0.1441802652)
(0.4365432104 0.5330541877 0.04226949754)
(0.4316329106 0.5407821638 0.03799262857)
(0.1932532189 0.7820830856 0.005661621508)
(0.1582613799 0.8387093582 0.06562314719)
(0.4691832294 0.4749083331 0.01095899216)
(0.1772754265 0.771611374 0.05646495086)
(0.1730344119 0.841368977 0.07873878765)
(0.5615623329 0.7019813668 0.08951141081)
(0.1714568589 0.8328817981 0.04076899365)
(0.4196863296 0.5062537957 0.09764556505)
(0.4376370226 0.4881626916 0.005204440151)
(0.1469666461 0.7552679158 0.1153721059)
(0.1507310146 0.8470809939 0.1399889457)
(0.4239812753 0.5161429389 0.013364841)
(0.459508127 0.4646089743 0.03452017508)
(0.1826359707 0.7781207216 0.03017533726)
(0.446809169 0.5324627026 0.004962277745)
(0.1217103392 0.761263823 0.03476969304)
(0.08510669365 0.5725957679 0.1321380139)
(0.153762046 0.8500199984 0.01019143048)
(0.4424579727 0.5228971273 0.07122073338)
(0.4370397014 0.5280168746 0.1214774496)
(0.4733260682 0.9628618741 0.04433106585)
(0.1108258174 0.7942085833 0.04445347899)
(0.1970662374 0.8026405795 0.09792878404)
(0.2032051699 0.7983383306 0.1005256691)
(0.1540441575 0.760359186 0.05184388423)
(0.4365999895 0.5111374101 0.004996183183)
(0.1107232445 0.7480118286 0.07775460486)
(0.4566531536 0.5234543551 0.1349942914)
(0.1138757413 0.8146311079 0.02712385961)
(0.1963849099 0.7928189459 0.1023552625)
(0.1892663089 0.8017490663 0.03005212808)
(0.5002987623 0.5331216084 0.1262443994)
(0.2744961847 0.6225088218 0.1478116536)
(0.1032307235 0.7752929604 0.06516329608)
(0.1438891933 0.6910159291 0.1101483756)
(0.1598109507 0.7619553659 0.004570314158)
(0.4391643152 0.4705212933 0.04892421431)
(0.2026766135 0.7908013966 0.1463341193)
(0.3718250633 0.5151423053 0.1479492635)
(0.4387807465 0.3780666457 0.1378869413)
(0.4320059885 0.5253422492 0.1102084905)
(0.08585437119 0.7958001838 0.09853547225)
(0.1540886762 0.7529985606 0.06251377697)
(0.1506943534 0.7608567648 0.05592926438)
(0.4103270799 0.4648871567 0.1270274826)
(0.5035636979 0.3339474475 0.07948937795)
(0.1781293549 0.8271991283 0.1093437363)
(0.2593382949 0.3651919982 0.1301622659)
(0.4701631309 0.5136532254 0.06572727155)
(0.4170935638 0.4960114625 0.1407800485)
(0.1955742986 0.7116907699 0.1260566473)
(0.1271632315 0.7576087317 0.07897373257)
(0.192929917 0.7861042713 0.07315039277)
(0.1987023116 0.7845201522 0.07576533519)
(0.110817474 0.8340666684 0.07340992998)
(0.2417080181 0.5828669891 0.143349608)
(0.03911831174 0.8299538638 0.03867042982)
(0.1663911228 0.8515836909 0.09877524309)
(0.4662178919 0.5327942411 0.01315603916)
(0.4653387536 0.5324302785 0.005666934215)
(0.1502193099 0.8478376348 0.09928461314)
(0.4574474353 0.5239417259 0.08607963818)
(0.4602768356 0.4781051793 0.06525542665)
(0.115123659 0.7814560608 0.01376139282)
(0.1036949593 0.7831148619 0.005701907767)
(0.1579360001 0.7554159907 0.03903782184)
(0.4362080725 0.4708119615 0.01976200943)
(0.4365961234 0.4663324248 0.02628502632)
(0.4326496313 0.4633640831 0.01866844038)
(0.2181534049 0.8296857399 0.09456628565)
(0.2006637723 0.7929014009 0.1541424442)
(0.167357958 0.8352392136 0.05195039098)
(0.363638087 0.4010024885 0.1434339259)
(0.1850621589 0.7658793326 0.005345326858)
(0.1868134747 0.7872364032 0.1138086444)
(0.4335701123 0.5237824334 0.0295284491)
(0.1420215321 0.4431244088 0.0362135223)
(0.229175626 0.6973529549 0.1135778841)
(0.1825854933 0.833886464 0.1229342604)
(0.1134833914 0.814060762 0.1170916991)
(0.1266722606 0.7488222053 0.1482073013)
(0.1208560613 0.7735637361 0.03264080902)
(0.184198783 0.8436397097 0.1095136011)
(0.1931940853 0.8370769818 0.04805029675)
(0.474712105 0.5160328141 0.1557381622)
(0.1734114093 0.7683006397 0.05254981664)
(0.1534988298 0.8477508538 0.02143856921)
(0.1116488295 0.7913561458 0.1002269378)
(0.1733304162 0.8542402079 0.04906869384)
(0.4675923814 0.5199542845 0.03158862431)
(0.08687293146 0.3983246665 0.1295720967)
(0.2093825059 0.8149604016 0.01844103875)
(0.4738923416 0.3689768317 0.09365206177)
(0.1703951285 0.847560783 0.03264353198)
(0.1774278439 0.8515653742 0.030795325)
(0.1795533133 0.8657393437 0.02786739594)
(0.06297707975 0.7988767986 0.09383515145)
(0.4456088642 0.5366602117 0.1489258519)
(0.4522900666 0.5410151834 0.1478984743)
(0.4528175636 0.4644353083 0.05138106448)
(0.4750288286 0.5192377828 0.02984821348)
(0.1324431056 0.8345858671 0.1267227568)
(0.455401851 0.4763404024 0.05012599734)
(0.4861689187 0.4985735501 0.1491955407)
(0.1567459352 0.7525974704 0.05409094314)
(0.1609136217 0.7475621857 0.0485054934)
(0.09857225372 0.8211852259 0.06417641751)
(0.4610143181 0.9193867333 0.03192017719)
(0.4579886165 0.4689242019 0.01577237414)
(0.1537726838 0.3936988541 0.0841514828)
(0.4847838166 0.5048560589 0.08191045973)
(0.1308941426 0.8408999472 0.05841469515)
(0.4445301876 0.5455699514 0.01567729809)
(0.1474537241 0.8522433095 0.1050906474)
(0.4331415625 0.5269677585 0.01575298099)
(0.4858662734 0.4823431232 0.1416558938)
(0.1855034361 0.7827748547 0.09463388646)
(0.1320699937 0.8350634213 0.05576624345)
(0.4631160487 0.4746541486 0.07503370734)
(0.1121924683 0.7745928156 0.1422941013)
(0.1404860117 0.268455211 0.1302504043)
(0.4866066005 0.3972928002 0.139996317)
(0.4730826307 0.4918956705 0.0933062576)
(0.4073460656 0.5200211273 0.09045772584)
(0.5660939504 0.6054555287 0.08529699763)
(0.4266451983 0.522454872 0.1378882155)
(0.1485324926 0.7089142093 0.08778138217)
(0.472099083 0.4898383329 0.1096565386)
(0.4313480252 0.5265572413 0.1237321515)
(0.4487579216 0.5302078082 0.0880512721)
(0.2763194318 0.5084535116 0.07982786443)
(0.1944167359 0.7846873287 0.02899173431)
(0.3060498702 0.3943490065 0.04149949648)
(0.1947978078 0.8141834153 0.1404484323)
(0.1719877965 0.7820685456 0.00495421557)
(0.1204982504 0.8371520149 0.01987200168)
(0.172330913 0.8504284287 0.154639362)
(0.4105235492 0.5060414963 0.0753751794)
(0.4698538745 0.5148199964 0.01073432327)
(0.4023451548 0.09825624383 0.1263757266)
(0.1566793733 0.7617231245 0.08460684843)
(0.4226064066 0.5320936972 0.1530827133)
(0.1473504742 0.840053561 0.1123943886)
(0.1826393083 0.8076769827 0.004906295255)
(0.180901165 0.8373865572 0.041848598)
(0.4327115211 0.5171840815 0.0719420685)
(0.1787483084 0.7650685893 0.11374947)
(0.4615163917 0.5274211754 0.05510159512)
(0.103360994 0.7812656443 0.08112115306)
(0.2096346837 0.7802278606 0.1482610285)
(0.4168970456 0.5130073413 0.09756594561)
(0.4513527469 0.4700504479 0.1120050306)
(0.4460184923 0.4670688975 0.1115545583)
(0.1420075956 0.7705781508 0.004541999188)
(0.4322779114 0.4632983069 0.1319601625)
(0.1890435247 0.7920872994 0.1371420267)
(0.5534210315 0.2884311761 0.1235817787)
(0.4627953397 0.5430521702 0.1424111747)
(0.4285165439 0.4702917547 0.1154036944)
(0.4239671598 0.4783795672 0.107436771)
(0.03486867761 0.1017433154 0.03729905649)
(0.1961877272 0.8045096432 0.1264542674)
(0.458582197 0.5408467684 0.06718011874)
(0.189076299 0.7757526147 0.1562578209)
(0.481470724 0.4918431048 0.1234883648)
(0.4850050895 0.4940041625 0.1182083323)
(0.4437048495 0.5484852724 0.08987760284)
(0.4267080079 0.4925743789 0.08947307453)
(0.1117330565 0.8104207109 0.1373986687)
(0.182090123 0.7657728146 0.01705502421)
(0.3058423384 0.965620696 0.08291776991)
(0.43806666 0.5218320425 0.09314718002)
(0.06655084155 0.8786153478 0.02976968967)
(0.4469749245 0.5318097733 0.05530792774)
(0.4434640742 0.4772545002 0.032831093)
(0.4692494271 0.4849833484 0.07312807496)
(0.1935826775 0.8140296455 0.01544798153)
(0.146438653 0.8489687439 0.04369780205)
(0.4604628659 0.4718552424 0.1096924412)
(0.1892990173 0.8028666591 0.1233628695)
(0.1694675621 0.7659212101 0.142238586)
(0.4547314858 0.4762656596 0.03381086503)
(0.4531216212 0.5317151528 0.1556099456)
(0.4482723695 0.5340991215 0.1549611203)
(0.4546135487 0.5306668307 0.04945619392)
(0.2538025895 0.7103511811 0.1225064105)
(0.1785648557 0.7732117829 0.09037629201)
(0.1054305687 0.7985658278 0.004371323619)
(0.1047761972 0.7930104777 0.004048328723)
(0.2247110669 0.03132569371 0.03329888439)
(0.4430121404 0.4715795972 0.1307409599)
(0.1690866461 0.7581742127 0.05111447108)
(0.1955162751 0.8068500352 0.1214279811)
(0.161506616 0.74378213 0.10955637)
(0.09750358835 0.8146990788 0.04137327849)
(0.1192344595 0.8084478023 0.005005617876)
(0.463997523 0.5279451411 0.1281140206)
(0.1844067284 0.8189447681 0.04655640771)
(0.4817175042 0.4920922355 0.01802059261)
(0.2099377462 0.7929155197 0.0764329773)
(0.1146308848 0.7821441898 0.02437858142)
(0.4256095731 0.5424545083 0.02584333912)
(0.3991143966 0.5128135135 0.03070351813)
(0.3828455584 0.5119005482 0.04506028873)
(0.1758399086 0.7508325307 0.1539682415)
(0.1770162388 0.833117647 0.06684693936)
(0.4266429597 0.4883415538 0.1553578025)
(0.3871426168 0.5114677676 0.07139627319)
(0.2336114187 0.2772391887 0.1216084822)
(0.466877795 0.4820466525 0.1222029677)
(0.1826731101 0.7608030036 0.1546474829)
(0.2529563476 0.5400591027 0.09573020645)
(0.4169721071 0.4963753782 0.02513047285)
(0.4319272545 0.497562324 0.005246670563)
(0.4799563841 0.4934941116 0.06202355955)
(0.1146715891 0.76241736 0.04826985458)
(0.3384578002 0.6658273648 0.1474973472)
(0.2036056562 0.8205004131 0.04799305125)
(0.1416119556 0.8452646913 0.1376657975)
(0.474638151 0.5025091316 0.1274444842)
(0.1190493662 0.7789634648 0.004607350459)
(0.1639233517 0.5745349405 0.08160431639)
(0.10786152 0.8279201233 0.138406318)
(0.1481592653 0.76066593 0.005617528551)
(0.1308768729 0.8350599885 0.01199058024)
(0.4084017626 0.50771932 0.01445516508)
(0.3909409676 0.4735338614 0.1511564518)
(0.1072464551 0.7759339536 0.08309401699)
(0.1078144952 0.771187331 0.07831090122)
(0.5448213565 0.5683756688 0.1362324638)
(0.5713942249 0.5653474586 0.1215147316)
(0.4011140349 0.5373514371 0.06528099111)
(0.1338903903 0.8360557113 0.08652078198)
(0.3846947329 0.5829170483 0.03318076522)
(0.1696368159 0.7733192314 0.005259387087)
(0.4283887156 0.5203671901 0.1136254587)
(0.4461141745 0.5239054069 0.05030611097)
(0.4722577909 0.5412091878 0.02936775317)
(0.03652042349 0.6844617629 0.1298275886)
(0.4319733081 0.5174534957 0.03079312413)
(0.1037245706 0.7933551521 0.1213378197)
(0.1007416631 0.7871010826 0.1218545025)
(0.470009675 0.4852223224 0.09981473472)
(0.1505012761 0.8552606417 0.1319547813)
(0.4428819644 0.5586027286 0.1496001367)
(0.4754078479 0.4620818046 0.1268034411)
(0.09231660252 0.7851751999 0.1272154449)
(0.1107958151 0.8041224227 0.1504386916)
(0.2234404663 0.7632068301 0.1512356004)
(0.1653675289 0.8366268605 0.01090712436)
(0.1899890216 0.8109465354 0.1286990164)
(0.3361508804 0.2424658107 0.03819774351)
(0.4123526111 0.4960978717 0.01276300728)
(0.2566888508 0.8662559557 0.1405920235)
(0.4800094407 0.5112767277 0.1362800174)
(0.2048429762 0.8997780119 0.04732899555)
(0.4364961273 0.5046811716 0.005052259948)
(0.3487512645 0.4869574602 0.1028098861)
(0.1045594363 0.8054078324 0.02471252751)
(0.4513639751 0.4988815229 0.005187922894)
(0.4484160711 0.4947958188 0.00498661348)
(0.4660178506 0.4817223865 0.06306101935)
(0.461463861 0.9175144414 0.1287678245)
(0.1278937809 0.7581629977 0.1557797547)
(0.3957625272 0.4995000297 0.1227202125)
(0.3795753832 0.4981619335 0.1246421725)
(0.3542203616 0.5205784839 0.1459853911)
(0.1838027283 0.802642846 0.004966009321)
(0.482532071 0.5270017389 0.1493793486)
(0.4263684674 0.4802064314 0.02530983909)
(0.4293079853 0.4765244861 0.02059896134)
(0.4213083426 0.4772576185 0.03030691511)
(0.4832999564 0.4830931697 0.1137681536)
(0.4931669791 0.477394614 0.1140531138)
(0.4619413712 0.5206282233 0.09365483472)
(0.2055580005 0.6854399821 0.14642508)
(0.3584323957 0.7385436315 0.1428044908)
(0.3196590791 0.8011291445 0.08327670911)
(0.1692827475 0.745074344 0.08695934877)
(0.4693054228 0.5139851311 0.04026451583)
(0.4731283429 0.5073146966 0.1149524709)
(0.1118277587 0.7880396006 0.04340822739)
(0.4422347889 0.5231796375 0.02677320018)
(0.5162381953 0.5328708222 0.09157742009)
(0.1004702801 0.8070165054 0.06028445139)
(0.1884070162 0.792922742 0.06784827346)
(0.1390445657 0.8629516098 0.01021050158)
(0.1872473445 0.8253830718 0.02371905628)
(0.1566062227 0.7527146074 0.1486359977)
(0.4365970452 0.5282991866 0.09810269136)
(0.2053011663 0.773510242 0.100698609)
(0.4629750974 0.4795899548 0.05439197294)
(0.4602248353 0.5284146711 0.004807839957)
(0.3205378549 0.5858808698 0.1116532449)
(0.115566539 0.8319199414 0.1185129936)
(0.1602466558 0.762001743 0.1072420345)
(0.13521121 0.8005501106 0.004993390579)
(0.4224821888 0.4769514564 0.09248933083)
(0.09246655546 0.7917935375 0.1426668343)
(0.1069769375 0.7786335618 0.1325329847)
(0.1777619727 0.7639925695 0.06486979052)
(0.4320918635 0.4744665111 0.06801906679)
(0.1627734449 0.7500534838 0.1391157391)
(0.4305346632 0.5566653165 0.1327831815)
(0.1398038177 0.8373218065 0.1004530067)
(0.1617955165 0.8045844335 0.004968630636)
(0.1023318262 0.4725556255 0.1327231859)
(0.2979178747 0.6759600443 0.03724743754)
(0.1935708756 0.825256035 0.1490093386)
(0.4854279154 0.5105770278 0.1145578915)
(0.06566509199 0.7384164435 0.1054964587)
(0.2226512422 0.6468650087 0.1444274575)
(0.1082164477 0.82816326 0.03694759778)
(0.1820167089 0.7577056787 0.08442679983)
(0.4816496233 0.756562762 0.0351406207)
(0.1887851289 0.7776228455 0.1291150342)
(0.1538509193 0.79888979 0.005017382386)
(0.1836176248 0.7804166028 0.01441295587)
(0.1273267687 0.7469264681 0.08348742295)
(0.1481364876 0.7514410684 0.08076262843)
(0.1814053731 0.8335753309 0.02498940281)
(0.4565245872 0.4761593009 0.1379828043)
(0.3638584372 0.8530825915 0.09064650918)
(0.4373690193 0.5406384429 0.1274601471)
(0.1316726589 0.7488496806 0.005479129228)
(0.1514752886 0.8534245236 0.05797056041)
(0.4458303178 0.5302504355 0.1449247772)
(0.162022014 0.7918596556 0.004841909892)
(0.4185015513 0.4946806521 0.1153739499)
(0.4508381808 0.5239857277 0.0646991643)
(0.1888401934 0.7845998444 0.1555823314)
(0.1484268656 0.8504871798 0.00551103472)
(0.1098490523 0.8212245373 0.1543339854)
(0.4167435523 0.513076997 0.005066638754)
(0.1732598367 0.8316995309 0.09224723432)
(0.461214332 0.4790225277 0.04716146611)
(0.1259069874 0.7789139219 0.004946410407)
(0.1242002971 0.7848841991 0.005003227239)
(0.1619120618 0.7623463131 0.03103933802)
(0.1308426636 0.743898111 0.09022428812)
(0.3829519984 0.4673213645 0.09622442892)
(0.4275358626 0.435542431 0.1242006002)
(0.08237493776 0.9115660456 0.04397631856)
(0.1523085352 0.8326576112 0.005079365823)
(0.1214351557 0.7632826755 0.1246323593)
(0.13045204 0.7651793394 0.1555166398)
(0.4413549004 0.4773835604 0.1480424141)
(0.5504764975 0.4753318146 0.1366777903)
(0.4823792577 0.4757793471 0.07518927362)
(0.4209054104 0.4998945481 0.1113114091)
(0.1287236769 0.7598434871 0.1064745373)
(0.1231397062 0.7728322642 0.004444312033)
(0.1104798201 0.8302093711 0.04257623224)
(0.4337713927 0.5492032943 0.05089925942)
(0.112901336 0.7902076464 0.004556072301)
(0.1868050814 0.8406047735 0.06396023207)
(0.1633179404 0.7426326753 0.0298738628)
(0.144352051 0.7956462135 0.004819978751)
(0.1436804834 0.760812013 0.06141154213)
(0.1106208452 0.8014653408 0.06689597538)
(0.1151088121 0.7829161762 0.07791035818)
(0.4714827908 0.4562866921 0.1500874894)
(0.1218311937 0.8356651781 0.0449040888)
(0.1115101867 0.7876192218 0.1554552865)
(0.1273932025 0.8173020004 0.004994310388)
(0.1034579379 0.8170320708 0.006146172452)
(0.09866809388 0.8220041884 0.007218548892)
(0.4734149056 0.5216798988 0.09702072362)
(0.1069412685 0.8185772506 0.03492130787)
(0.1013504107 0.824157002 0.03515342699)
(0.0921059386 0.8290013606 0.02802714673)
(0.1969799961 0.7817925283 0.1088606479)
(0.1002305936 0.8370214847 0.01175863321)
(0.1435721706 0.7560877727 0.1346116436)
(0.4427809139 0.5376134466 0.02867316139)
(0.438195277 0.5217992678 0.1475377225)
(0.2761191689 0.6565223003 0.1197748723)
(0.1099285602 0.7773955958 0.09776571508)
(0.1802979753 0.8323493083 0.004424178575)
(0.1024304508 0.8196768299 0.07804673025)
(0.1398252667 0.8440095188 0.08457860434)
(0.4113291963 0.5032572163 0.1484402802)
(0.1631843203 0.8453199729 0.01716212411)
(0.4195443651 0.5328967653 0.1236958931)
(0.195543183 0.7777475064 0.08895618302)
(0.4334459409 0.5343101723 0.0138968247)
(0.1192326011 0.8356235649 0.1032358661)
(0.2130851306 0.804068546 0.1241052844)
(0.1827001172 0.7679557632 0.03912811577)
(0.4493718593 0.4823991826 0.00511754309)
(0.459944565 0.4776024895 0.1110717055)
(0.1152506602 0.758401857 0.1541520531)
(0.2091830338 0.7769449478 0.05215229992)
(0.09764263771 0.7785936883 0.104364943)
(0.1331081261 0.7907567926 0.004775241838)
(0.4017845073 0.4886565227 0.1194084828)
(0.1246406961 0.8299344338 0.06738876291)
(0.1654861194 0.7639230445 0.1184198596)
(0.141020994 0.7468810543 0.01625387747)
(0.1141269094 0.7733917294 0.07419519189)
(0.133277532 0.8524159802 0.1140825529)
(0.4385263516 0.4942861248 0.005043944365)
(0.1901807703 0.7685201329 0.1253135754)
(0.1885454254 0.7896165428 0.1547784664)
(0.1517460668 0.8119438268 0.0050029918)
(0.4766094424 0.5174716029 0.0547917042)
(0.4815000781 0.5127767576 0.05660432099)
(0.4691124027 0.526171659 0.06879962294)
(0.4742257707 0.5326318153 0.071629783)
(0.1163965948 0.7965622534 0.004711868299)
(0.1697354873 0.8349693166 0.1547712539)
(0.4873579366 0.5876984522 0.1134988913)
(0.4665972122 0.4582533699 0.008278886814)
(0.1570761398 0.8384028346 0.1049672907)
(0.4305707157 0.4853818159 0.1282458563)
(0.159399665 0.7825353003 0.004763543182)
(0.1771137561 0.138225409 0.1302478976)
(0.4215869648 0.4905509153 0.0400157373)
(0.1780434893 0.7653642234 0.00421073757)
(0.1118089693 0.7948749651 0.07729594128)
(0.1035719013 0.79923749 0.1418477108)
(0.4897329796 0.5550594068 0.08762169643)
(0.3629996858 0.810489049 0.1345243662)
(0.4779906823 0.5120687359 0.1239714723)
(0.4280375727 0.5200732095 0.05206062455)
(0.3884528311 0.5248074021 0.02466362644)
(0.2308300678 0.7503790042 0.1287747442)
(0.1294816576 0.8455009002 0.07287094903)
(0.1813979867 0.7755065891 0.02365404937)
(0.1978765106 0.8158333547 0.0779139657)
(0.2010338969 0.8206393676 0.07240546936)
(0.133023613 0.8436294607 0.1268256399)
(0.1139700501 0.7573549095 0.06495702798)
(0.1699723848 0.7978842893 0.005035660359)
(0.1574743071 0.8444898439 0.09681845653)
(0.4303657885 0.5328860618 0.09565781573)
(0.4842009439 0.5177695928 0.05065223038)
(0.1320283086 0.7774634874 0.005027152167)
(0.08250199766 0.7652342555 0.1075450346)
(0.4863674228 0.4946937294 0.1550962515)
(0.4363323981 0.5266718125 0.06386691602)
(0.1420763428 0.7859907999 0.005012221651)
(0.3981038799 0.5518673772 0.1509546604)
(0.1579368732 0.835882283 0.004470734529)
(0.1516500325 0.7512374795 0.03244046263)
(0.2084420516 0.19405668 0.03618740611)
(0.4121300173 0.5106593103 0.1304554169)
(0.4674728754 0.4736653246 0.1544796672)
(0.4262583958 0.4992223443 0.1358281201)
(0.4457509564 0.5492931467 0.1383132408)
(0.1369787017 0.7741824718 0.004945252603)
(0.1859138047 0.7730404599 0.06240095585)
(0.493193918 0.5072347169 0.08040762809)
(0.4901148663 0.1778718418 0.04004765716)
(0.4488175186 0.4617822077 0.08110480526)
(0.1253585325 0.8298198643 0.1149964896)
(0.18346542 0.8336809107 0.1555645165)
(0.110640602 0.7741092169 0.03493293758)
(0.1318492266 0.8352927584 0.07521010451)
(0.4726080981 0.5190339846 0.09110740937)
(0.1525132963 0.8185664863 0.005280785934)
(0.1864186431 0.771496161 0.1192000137)
(0.4746933514 0.5021623345 0.1405506754)
(0.4553619924 0.5292808897 0.1341604327)
(0.4540920794 0.4757823974 0.06907714655)
(0.4116127126 0.4877771306 0.03731119452)
(0.1495387213 0.7795515832 0.004565629466)
(0.4739205696 0.4981560499 0.1178870153)
(0.1470899799 0.8396214546 0.1003544731)
(0.1441689555 0.8137588203 0.005025452236)
(0.3693107251 0.6362742604 0.09071390799)
(0.1742774093 0.7683252723 0.0123011465)
(0.4743585905 0.503000083 0.06245617008)
(0.2887804166 0.4163556387 0.139417121)
(0.1890607685 0.8252858678 0.1425812095)
(0.3129388108 0.3680285715 0.09171852399)
(0.4438173814 0.476126381 0.06642245494)
(0.3647087401 0.77615625 0.1076839651)
(0.3597252861 0.811337906 0.09096260807)
(0.3851425897 0.5384023899 0.128219626)
(0.1106151237 0.8215419925 0.1072682213)
(0.2653830522 0.3507307273 0.09063483836)
(0.183270654 0.6891334517 0.1471808074)
(0.4716635693 0.4776909796 0.09284801923)
(0.4820169318 0.5152471816 0.02980951181)
(0.4271464398 0.4909791111 0.1352849463)
(0.426028106 0.4777641907 0.005149209398)
(0.4900488978 0.5197725971 0.02655445689)
(0.4544116121 0.5234100834 0.02219643201)
(0.1370366385 0.8443010115 0.07808715221)
(0.1235590043 0.7626439218 0.06368048487)
(0.1924529096 0.8151624064 0.06282829356)
(0.1938010103 0.2057887448 0.1288916386)
(0.1363497111 0.7630630261 0.1324457113)
(0.1831987572 0.8212377076 0.06972216782)
(0.1717988719 0.7469267209 0.1436021974)
(0.1791233657 0.7397834563 0.1394037516)
(0.4651879112 0.5169731267 0.004876536593)
(0.4553559208 0.4700962238 0.0560269054)
(0.4593325633 0.4714806497 0.05321678495)
(0.151075922 0.8504707568 0.1552526711)
(0.4166441128 0.4934303522 0.1001256434)
(0.1476450429 0.7732490939 0.005400993161)
(0.1415550698 0.7553319273 0.07187148494)
(0.1941943943 0.7958594238 0.06505908185)
(0.4198842875 0.4902709043 0.1052153538)
(0.4540243886 0.5296797429 0.005279252866)
(0.4499391105 0.4693843916 0.1471150675)
(0.5672476542 0.527271211 0.06093775756)
(0.2036472451 0.7592673203 0.01235982174)
(0.4150215882 0.478372068 0.05402115942)
(0.380411716 0.461182006 0.1231138288)
(0.1131861595 0.7734131373 0.06676430853)
(0.1188800889 0.8379895332 0.1388081259)
(0.4476034614 0.4759789421 0.1288936648)
(0.1654606177 0.814852263 0.00492362022)
(0.117971872 0.7775909999 0.05840229999)
(0.1387152116 0.8134921518 0.005491248685)
(0.16220117 0.7626304387 0.08168727629)
(0.2064025313 0.8008050327 0.06465939594)
(0.1957904667 0.4630037708 0.03786885333)
(0.4636380634 0.5199920939 0.1040159548)
(0.4286199301 0.5169759693 0.09632292455)
(0.1145986565 0.7570030761 0.02068122408)
(0.1136756621 0.8029004297 0.004115315289)
(0.1107451083 0.8045400317 0.1561871109)
(0.1471127152 0.8392146607 0.02644763393)
(0.4676734766 0.4719989237 0.03258089297)
(0.4638341044 0.534220387 0.1470440159)
(0.1577357521 0.8457439461 0.07645119842)
(0.1454344904 0.8042057431 0.00527737779)
(0.1991101818 0.7996137592 0.03895719763)
(0.1892509211 0.7970398039 0.1078731803)
(0.4474907958 0.4759929945 0.0586044318)
(0.511652641 0.5804841447 0.05079529383)
(0.1400168654 0.7624702309 0.05106990882)
(0.1892136211 0.77318347 0.01020793275)
(0.1919389816 0.7744405089 0.004815694609)
(0.2029825627 0.3373746136 0.08064101458)
(0.1294189376 0.8342443988 0.1551492875)
(0.1107504786 0.8040096616 0.06044240943)
(0.4705774394 0.5305961858 0.06365338828)
(0.4347331653 0.4814206145 0.02129667853)
(0.4025565566 0.7030716642 0.07748629237)
(0.4099685257 0.693664001 0.03258243407)
(0.4370813518 0.7019404974 0.0979463128)
(0.4165799792 0.4940476372 0.08528650158)
(0.4143301921 0.4925952866 0.09001416782)
(0.4343906233 0.5278957225 0.03337432973)
(0.4019799966 0.3607220615 0.1376039657)
(0.4701718275 0.4874824373 0.1151338543)
(0.1257299238 0.7624686196 0.1296046446)
(0.4669502621 0.5357938274 0.1545035736)
(0.1551429771 0.788717618 0.004994699472)
(0.4259537336 0.4998128612 0.1483713989)
(0.1931246759 0.7699572181 0.1477942825)
(0.2950478039 0.7771104208 0.1440551842)
(0.4498173733 0.5249228474 0.03199165655)
(0.4772880734 0.4886695349 0.02771194191)
(0.1209544634 0.7742970047 0.1402156916)
(0.1719567968 0.8316058771 0.1172787465)
(0.1474351871 0.8535774768 0.03712169402)
(0.1531927297 0.7560993119 0.09432902135)
(0.4662659183 0.4723223327 0.1095422634)
(0.1749789791 0.8148601377 0.004667898231)
(0.1116433592 0.8091354804 0.06960667262)
(0.4264666279 0.509068608 0.1545552402)
(0.1594430253 0.8310888385 0.004752183975)
(0.1660106981 0.8356096177 0.03192582306)
(0.1789815283 0.7928736689 0.004936186208)
(0.278712478 0.6322641707 0.03421050517)
(0.4509274158 0.4699662466 0.01646562756)
(0.4928324276 0.4980660262 0.009008984065)
(0.1287410278 0.7670107054 0.07418394831)
(0.1270300143 0.8406654674 0.1096686771)
(0.1513166418 0.7532694783 0.1240233716)
(0.4733022979 0.5089160665 0.06782918506)
(0.126592712 0.755094302 0.03386058436)
(0.4013185673 0.5015456616 0.09061572045)
(0.46183746 0.536627729 0.008931748307)
(0.4416778157 0.4621570382 0.1408019426)
(0.1912264791 0.7827327867 0.1438166218)
(0.1890604402 0.7976562399 0.1248813288)
(0.4399586278 0.5285874013 0.09259497876)
(0.1108042927 0.7966330891 0.1483077082)
(0.09940333523 0.7805861838 0.1320799911)
(0.1893740886 0.8041955159 0.01240000029)
(0.4559998868 0.4940091205 0.004995687202)
(0.1134563799 0.7854208506 0.0996232126)
(0.2865206543 0.5181560824 0.1433296547)
(0.1511153326 0.7546421248 0.1067445617)
(0.3461438872 0.682319776 0.09059854823)
(0.3663614152 0.7037825289 0.06527829385)
(0.1476730659 0.7610632061 0.1133971117)
(0.514453648 0.7475167031 0.08398932208)
(0.4641244701 0.5274115171 0.02363319422)
(0.4738509914 0.4923300863 0.04695153615)
(0.1548500637 0.7378992093 0.08045675651)
(0.07511365675 0.7406100265 0.05339092096)
(0.1374872544 0.8256718911 0.004808588553)
(0.1422394533 0.8303241434 0.004644403421)
(0.3864991346 0.5022828674 0.1506917556)
(0.3705855209 0.4964216247 0.1482234567)
(0.193058642 0.7841471597 0.0396881412)
(0.155152542 0.8437699091 0.02584101581)
(0.1173480636 0.8318041914 0.1239276692)
(0.2127465181 0.798278101 0.1405526492)
(0.1531719795 0.8389717038 0.09613375283)
(0.1363333577 0.8422707613 0.1416003362)
(0.3966529694 0.484950451 0.05912691004)
(0.1483651831 0.8635550974 0.05652103228)
(0.1480370919 0.8678424545 0.06943745939)
(0.4455932815 0.475489095 0.1009583188)
(0.08173352975 0.7710430113 0.0309610902)
(0.2145239538 0.3272918033 0.03033310417)
(0.1812379718 0.8241216422 0.09786071403)
(0.1172703791 0.8221215274 0.0425009975)
(0.1770618836 0.8277888657 0.03737971149)
(0.1847554936 0.820263843 0.1277110553)
(0.1651870065 0.7475931171 0.1542569377)
(0.1227773914 0.7972077915 0.00525835279)
(0.06482580908 0.7998373128 0.1402706627)
(0.1194067475 0.7449812538 0.1305391181)
(0.09900319999 0.7997097873 0.08390783332)
(0.1507995313 0.8449767654 0.1454213116)
(0.1827482615 0.8216635456 0.01199272855)
(0.4249178637 0.5220842651 0.04592489397)
(0.4814719932 0.5096831667 0.04641384588)
(0.1105635248 0.8002120224 0.02214694555)
(0.4353441099 0.5313073888 0.1551324717)
(0.1753155068 0.7974691993 0.005229505135)
(0.1419803311 0.7639412991 0.004701237112)
(0.1395049526 0.8200969215 0.005006725502)
(0.1769861171 0.8078744023 0.005334002564)
(0.2507646548 0.03605684688 0.1244069715)
(0.1366099045 0.7497332181 0.01095081308)
(0.4565739076 0.4683648622 0.1556926148)
(0.1685454786 0.7872942715 0.005522108977)
(0.1044234119 0.8000894013 0.1325012702)
(0.183533765 0.7802080753 0.07917942776)
(0.3985759686 0.531302777 0.1511598792)
(0.4431108099 0.5229496737 0.05549955101)
(0.4234882426 0.5367916285 0.01022339931)
(0.1033537134 0.797888051 0.1482561064)
(0.1127138304 0.7861918446 0.07312901513)
(0.4267410466 0.4774097102 0.1553605034)
(0.4316085569 0.4736440371 0.1558362901)
(0.1873755168 0.8116832526 0.05532284993)
(0.4619429524 0.5212833015 0.03577394457)
(0.452444594 0.5241094152 0.09593815496)
(0.1874770176 0.772205902 0.1383294627)
(0.4666286428 0.5017971648 0.005326902304)
(0.1112796195 0.8041489479 0.13777725)
(0.1175221463 0.8212633837 0.1049842349)
(0.110215159 0.7766500021 0.1211469958)
(0.4286768717 0.511601807 0.02292564389)
(0.420408217 0.4925479244 0.07630269145)
(0.1536377276 0.8536927643 0.01715042428)
(0.1747463455 0.8300356495 0.0770771948)
(0.1057676981 0.8018128233 0.01562932283)
(0.4327067282 0.4727055188 0.07947815182)
(0.4308439291 0.515533527 0.1481470548)
(0.1752527582 0.7697717543 0.02972702723)
(0.1285862288 0.7579274628 0.04169693704)
(0.1793562461 0.7305076695 0.06547316693)
(0.4200776765 0.4944024849 0.06608151356)
(0.4130578966 0.4954784783 0.06816990459)
(0.1232415957 0.8268800992 0.004573134681)
(0.1335978696 0.7569252126 0.0555521601)
(0.171641199 0.8249307075 0.005155251823)
(0.20010787 0.6201500592 0.1438555258)
(0.4284436173 0.4686527763 0.1389870114)
(0.4699014195 0.4782081387 0.107573862)
(0.1568898654 0.8442148064 0.1306964015)
(0.4196192166 0.4971655505 0.1044807905)
(0.1946247514 0.7403043561 0.1528826707)
(0.4724616229 0.6566163952 0.1377805453)
(0.4140329894 0.5526687973 0.1503050736)
(0.1249300231 0.7599282526 0.04579496705)
(0.1282615542 0.8321565902 0.1048460557)
(0.1052591694 0.8097290457 0.06454105415)
(0.09132214281 0.816548267 0.04870143863)
(0.1494171381 0.8516809096 0.02440160417)
(0.4781148987 0.516975674 0.1194254046)
(0.4799344341 0.4795448957 0.1007956219)
(0.419496751 0.4881809502 0.08032635294)
(0.4495354695 0.4894856646 0.005218386203)
(0.4692703824 0.5072109316 0.004734138818)
(0.1372111362 0.7535799016 0.02746221801)
(0.2492946806 0.8113416866 0.1471934569)
(0.1248093618 0.8385401055 0.09235330871)
(0.1242517421 0.7703963019 0.03704474191)
(0.1195503054 0.6586204374 0.1413810416)
(0.2039521271 0.7415249751 0.01571178771)
(0.1891667536 0.7968111131 0.09455353595)
(0.2044820382 0.6771404572 0.07899368467)
(0.1959841114 0.8068692685 0.1553177191)
(0.1875761428 0.8370081126 0.02790956756)
(0.1659031224 0.7640774549 0.04215015433)
(0.1570724125 0.9604556342 0.08795003404)
(0.06195404098 0.7707010149 0.02510285311)
(0.4255711664 0.520321512 0.1009415485)
(0.1007491114 0.8227436923 0.1509185023)
(0.4438874214 0.5149299029 0.005039682422)
(0.4578133467 0.4679729389 0.009942985359)
(0.4620434249 0.5276891298 0.0853314752)
(0.4217373345 0.5024750268 0.07891640646)
(0.111016167 0.7972925372 0.1248057064)
(0.4898819964 0.4965093336 0.03120673095)
(0.4543287003 0.4547343965 0.07165554383)
(0.4322228858 0.4748801687 0.1296985729)
(0.1694922913 0.7595312897 0.1014593829)
(0.1661334643 0.8355751468 0.02219399255)
(0.2148450313 0.7842513509 0.09487027779)
(0.4140057335 0.5140014364 0.1539236214)
(0.4361915204 0.5327679057 0.1171740977)
(0.4351080097 0.5385133086 0.1209011868)
(0.1959091045 0.8001253208 0.05866881584)
(0.4433359884 0.5004424582 0.0050965897)
(0.472801789 0.5184591324 0.07324119048)
(0.1342694029 0.8104345693 0.004786191794)
(0.09695636418 0.8816820446 0.02879908149)
(0.1034753863 0.8348175388 0.1496119321)
(0.1008956437 0.7944893259 0.1435534722)
(0.4954865488 0.4829927258 0.09733183891)
(0.1038420085 0.8118511211 0.1313369851)
(0.101695346 0.816557791 0.1348419641)
(0.4598674934 0.477969739 0.01208928889)
(0.1831273753 0.7796374603 0.03749644789)
(0.4579003274 0.4834717921 0.004783690458)
(0.1356007433 0.8504282011 0.1055796438)
(0.1225772541 0.827987101 0.1514144504)
(0.08883823494 0.7899493088 0.01841391953)
(0.07399888845 0.8004248545 0.01693090681)
(0.179513451 0.7756698172 0.004662808641)
(0.1890241599 0.7984926162 0.07904056359)
(0.1322129493 0.8335902296 0.004749870428)
(0.4100137953 0.5143932625 0.1209170813)
(0.1403557482 0.8382022165 0.1499996458)
(0.1551073772 0.7589126766 0.01850275356)
(0.4142315273 0.5136687126 0.1033286191)
(0.1207126318 0.8141047742 0.004952591931)
(0.1644390525 0.7745009795 0.005086335771)
(0.1970514525 0.8150953401 0.06693247262)
(0.4729065597 0.5099195587 0.1406025084)
(0.4786361805 0.5121476136 0.1427048081)
(0.09245854543 0.8355039814 0.09809197738)
(0.1411648476 0.7593548196 0.1550992564)
(0.4326980632 0.220815085 0.03828700889)
(0.3281618006 0.5428441522 0.03342277202)
(0.2055749496 0.8332279734 0.09004243418)
(0.0991044362 0.826530515 0.1276135828)
(0.4554343156 0.5312760936 0.07284125977)
(0.1887802248 0.8355039561 0.1257738357)
(0.4934275061 0.5254935542 0.1497041531)
(0.1344038611 0.8360476216 0.0614090824)
(0.1247080679 0.8296732997 0.0345335834)
(0.1037279511 0.7907592996 0.07412697931)
(0.09952986457 0.8035668274 0.099013303)
(0.1819727795 0.834177092 0.08165616114)
(0.1505043359 0.7925145873 0.004995556173)
(0.4460528084 0.5081853778 0.005293538047)
(0.1583752069 0.7616851986 0.0466840511)
(0.1566844728 0.8081303868 0.004797176923)
(0.1945558637 0.7894504066 0.03994496063)
(0.1328096628 0.821795798 0.00559677198)
(0.04199455696 0.7688213984 0.1328360315)
(0.1411195852 0.761202073 0.06721265604)
(0.4710810465 0.4876247367 0.02033044466)
(0.1523102809 0.8389659678 0.03567105896)
(0.4196558815 0.5074737451 0.005137194919)
(0.1196992596 0.7503534744 0.08300721788)
(0.1400575681 0.8067811395 0.004858854094)
(0.1851465522 0.7724179621 0.08958432726)
(0.1685275468 0.9165325586 0.06177571986)
(0.304348031 0.07744856456 0.03212700442)
(0.4485070837 0.4761743352 0.1387141197)
(0.0974025485 0.8177980698 0.1541422164)
(0.3830435192 0.3449632475 0.03917340735)
(0.4437039794 0.5328085198 0.1190422185)
(0.1167786286 0.7788359247 0.1467711611)
(0.1607709535 0.8446179814 0.01110919102)
(0.2505808748 0.7858912498 0.1480148537)
(0.1567297792 0.8151343936 0.005026513638)
(0.08821337267 0.3602534046 0.08005662303)
(0.4841465148 0.4926309361 0.1375120381)
(0.1283493189 0.8123110294 0.004859676854)
(0.4459828365 0.5239887643 0.04419507487)
(0.2179324038 0.8393646226 0.01641051668)
(0.4793690281 0.4925564102 0.08459363998)
(0.1736302624 0.8311950733 0.02256594045)
(0.177424325 0.8282881059 0.01813367676)
(0.4299775309 0.4867133043 0.01944486114)
(0.1194911638 0.7910668309 0.004557987383)
(0.07670580006 0.7319277675 0.1368473286)
(0.09501828539 0.7635238678 0.01103920984)
(0.4814836089 0.5087525745 0.005147966833)
(0.425951525 0.4979327256 0.1011286096)
(0.1927130395 0.8198036318 0.1171992914)
(0.4805871838 0.49095582 0.04897487224)
(0.1373513391 0.7801160704 0.004808735197)
(0.4378682741 0.4709709013 0.1556077055)
(0.4504114736 0.53788787 0.03336361203)
(0.04810782276 0.0401234423 0.1057117751)
(0.4463370921 0.5238203982 0.1244888403)
(0.1311420352 0.834049856 0.02052471894)
(0.1957700643 0.8139110718 0.1000268772)
(0.4641167097 0.4794849914 0.02090973283)
(0.1251055463 0.8307741026 0.1335760559)
(0.09707331809 0.7984103691 0.02923089663)
(0.1622808466 0.7980019292 0.004847607507)
(0.3318522618 0.2868790496 0.06757328346)
(0.4917266905 0.6810912156 0.03816069494)
(0.1047000137 0.8079767344 0.01794590029)
(0.09847643211 0.8106375632 0.01604905101)
(0.4489040124 0.4757689617 0.01976345394)
(0.4291679981 0.4877895601 0.1483634643)
(0.4294000889 0.4856420613 0.1209779295)
(0.1409783394 0.838256394 0.1328416428)
(0.1260276195 0.7259458455 0.09412963357)
(0.457546978 0.4685467092 0.1129614695)
(0.5151233165 0.1965986185 0.1303748386)
(0.425973187 0.4988251321 0.04658423593)
(0.4890338268 0.5050036474 0.09614241853)
(0.1871405737 0.8123382389 0.01813367188)
(0.161948486 0.8191108318 0.005021050839)
(0.187084539 0.8130603266 0.02430304752)
(0.4743761182 0.4799225945 0.02659229785)
(0.1279639009 0.833179068 0.1241576757)
(0.1833440425 0.8339842738 0.09389823835)
(0.1889355898 0.7935178018 0.05690643034)
(0.1739480472 0.776933478 0.00460780431)
(0.1427397016 0.7762744324 0.005150674851)
(0.1155330741 0.7722762512 0.04938321213)
(0.470228134 0.4777523438 0.1183028908)
(0.1211616213 0.826310144 0.07038828827)
(0.1188255223 0.8316995774 0.03310521621)
(0.4491625136 0.4406879399 0.05208994455)
(0.1387744108 0.7936734586 0.00484014515)
(0.4252072864 0.525396297 0.03585444178)
(0.4674937172 0.523277363 0.1552718933)
(0.1780477129 0.8628447757 0.1298268245)
(0.4339364363 0.5174677157 0.05963145773)
(0.4539868716 0.508708162 0.004799176344)
(0.1259280268 0.8307572509 0.05552944261)
(0.1078490903 0.7841989437 0.1415786065)
(0.4693269226 0.5151606922 0.0219290794)
(0.1949560437 0.8066195535 0.01644534245)
(0.4725980805 0.5077053593 0.09064334477)
(0.4476531051 0.4765800534 0.07186524411)
(0.1163734071 0.7688412168 0.02316112931)
(0.1464654276 0.7671971724 0.004790587584)
(0.5260679219 0.5452883627 0.1400892377)
(0.1473962985 0.8184102773 0.005011625881)
(0.188901137 0.8051371361 0.03939611713)
(0.2423515646 0.8444727928 0.1245642991)
(0.4483656674 0.468347442 0.07186008693)
(0.4443616527 0.5225099571 0.00506405333)
(0.1166170007 0.8191151976 0.004687573571)
(0.1048038786 0.8131656149 0.1118535263)
(0.09972241692 0.7973346577 0.1165721984)
(0.5022328345 0.544420393 0.0750831839)
(0.1331650157 0.8355878462 0.1199252104)
(0.4593724053 0.5113382227 0.005279769847)
(0.1791634696 0.8266447499 0.04377010596)
(0.4483171856 0.4757132348 0.1230496061)
(0.47285574 0.5226946685 0.03505608538)
(0.4761242447 0.4846158599 0.06011087758)
(0.1688390569 0.7577099671 0.1478660209)
(0.09705546333 0.8072796266 0.006633040551)
(0.1781970522 0.8357884799 0.05805778232)
(0.1171906372 0.7776185097 0.1277299058)
(0.4484576925 0.5244776078 0.1088880082)
(0.3922274606 0.4550518695 0.1493365868)
(0.1246516448 0.7908508198 0.005312543533)
(0.1635626073 0.8428488716 0.07432987451)
(0.3110002168 0.6573638822 0.1488414744)
(0.1643918475 0.7575493442 0.0273572087)
(0.1895782202 0.7993993386 0.1494088349)
(0.1068012368 0.7720414216 0.1503353173)
(0.1000685528 0.7662030233 0.1494030031)
(0.1830671366 0.7965095698 0.004994427098)
(0.1449228714 0.8464018828 0.02617567447)
(0.473684856 0.5257757307 0.0525247328)
(0.1921415167 0.7611012254 0.03618295889)
(0.4723726823 0.4760109123 0.04736675534)
(0.1869636873 0.7848449073 0.01215138514)
(0.3419063117 0.5013309922 0.1467202266)
(0.4685994232 0.5164110203 0.156018812)
(0.1067049373 0.7795859868 0.1499358259)
(0.1058080341 0.7865130241 0.05842180757)
(0.4727774417 0.5090068498 0.06096452659)
(0.4623379419 0.4832638529 0.004406194781)
(0.2471613986 0.749904951 0.151017905)
(0.1158275304 0.7558970791 0.005171736052)
(0.4690757995 0.5147503648 0.1509705637)
(0.08350032002 0.323465255 0.03140460255)
(0.297307488 0.7044435729 0.1194334355)
(0.1508014995 0.8059667641 0.005016670981)
(0.1428199499 0.8476753914 0.1002761608)
(0.1654002339 0.6870921934 0.1461286742)
(0.1890255779 0.8264088233 0.0526733363)
(0.4430275038 0.4922459735 0.005286760229)
(0.4526873976 0.5241693991 0.03759867096)
(0.1357269421 0.7636773934 0.06592309367)
(0.193867978 0.7883840919 0.1078106185)
(0.4195926091 0.4962358867 0.1343055879)
(0.471882022 0.5102384677 0.017170845)
(0.4389114154 0.471855611 0.008688210163)
(0.1726430153 0.8045133327 0.004832485147)
(0.4355016641 0.5295155595 0.1279893707)
(0.1115698221 0.76642449 0.1393205456)
(0.1111751624 0.7993558572 0.114539371)
(0.4593968506 0.635503586 0.1423756586)
(0.3623848216 0.9694897817 0.1291780464)
(0.1911855134 0.8217538727 0.1263158039)
(0.1773431301 0.8374889313 0.02097941007)
(0.2200701904 0.8096161148 0.1354239735)
(0.417139946 0.5294539974 0.01774157308)
(0.4214501125 0.4892809687 0.04572414827)
(0.1800067808 0.844681262 0.1160860976)
(0.1756910286 0.8361264749 0.1106847824)
(0.5332182629 0.7746777722 0.03947213107)
(0.1683202202 0.7593995018 0.0338887189)
(0.3876621861 0.614470196 0.1116076103)
(0.4437326728 0.4647419579 0.1481640798)
(0.4450610979 0.4576862715 0.1470523791)
(0.1984749102 0.8093876049 0.06892926099)
(0.2057974531 0.8104691283 0.06573932772)
(0.2033379755 0.8048284129 0.07148753456)
(0.4653137029 0.5261861824 0.04477770438)
(0.4699411556 0.5311704918 0.04229807415)
(0.4808687305 0.4998703356 0.1181626862)
(0.1629157521 0.842562651 0.04084726413)
(0.1068478157 0.7767750963 0.07591028835)
(0.1370651459 0.7548991898 0.108548814)
(0.1866538521 0.7870186488 0.07664428054)
(0.1617754214 0.7561840978 0.1231151185)
(0.4330899619 0.481796794 0.1398492557)
(0.4131130097 0.8871600168 0.1299673098)
(0.1010985485 0.7837637292 0.03134612632)
(0.4198308074 0.5293709514 0.112095557)
(0.1662970477 0.7643784731 0.05968746741)
(0.1510103819 0.8550364185 0.0490879537)
(0.1500753176 0.8657840499 0.04263054368)
(0.1521049547 0.770889917 0.004916413742)
(0.154332519 0.7763724201 0.00541467322)
(0.2169694153 0.8502263136 0.1465631716)
(0.4239868776 0.4818929806 0.01887785987)
(0.3617988891 0.5336527952 0.05100088538)
(0.2353753039 0.6228876623 0.1078879258)
(0.1120460891 0.7916960345 0.1174549058)
(0.4483240552 0.5371405628 0.1352984003)
(0.1376802812 0.8371378808 0.02226664054)
(0.4166222325 0.4938351143 0.1286041138)
(0.1628474321 0.8258569703 0.005415090726)
(0.423162972 0.5512877609 0.03729871627)
(0.1325018466 0.8053419502 0.00516875416)
(0.4754216133 0.5023555989 0.03371974776)
(0.1788186667 0.7821189664 0.005030329184)
(0.1809327764 0.7878489158 0.004523199916)
(0.4273298887 0.5205627241 0.09094789839)
(0.1865090131 0.7749358366 0.05512733961)
(0.1973587048 0.8007637419 0.004840920065)
(0.2031090346 0.8187605721 0.06414554408)
(0.4175673504 0.4500551125 0.0584197787)
(0.4530858214 0.5296068225 0.1239235357)
(0.4717611929 0.4898927815 0.1365913547)
(0.4726003504 0.4904090444 0.142583883)
(0.1702932319 0.8166492372 0.004811619977)
(0.1327212778 0.7678739535 0.004739685048)
(0.1121270179 0.8108343573 0.1547237947)
(0.1786965723 0.7656564028 0.07741935193)
(0.4396196569 0.5417281462 0.08268046662)
(0.1464333473 0.7366364346 0.0299837892)
(0.1513210065 0.7225250285 0.0328371259)
(0.1130619865 0.7874342808 0.1418270744)
(0.1926517993 0.3417689926 0.1319759423)
(0.1698459448 0.8423111845 0.09851493101)
(0.3853561213 0.6592962041 0.1144844934)
(0.1183705312 0.8230302226 0.122520779)
(0.1253458135 0.8303274429 0.04757205694)
(0.4497207853 0.4675085573 0.1343301149)
(0.218966543 0.8210409047 0.009572204461)
(0.1482353451 0.7993961398 0.00502716625)
(0.4575640066 0.5469235654 0.1528026641)
(0.1726396858 0.8317605297 0.06941071557)
(0.1205030843 0.7750160427 0.01832644446)
(0.235190284 0.8065664107 0.1277377273)
(0.4251183413 0.5208219497 0.155461588)
(0.1027530202 0.803218729 0.1185733229)
(0.173921499 0.840852566 0.02573900947)
(0.1819576364 0.8333306914 0.03107281016)
(0.4307229431 0.4766198597 0.05775401681)
(0.4330686982 0.5166941213 0.1006854682)
(0.4549184242 0.4757588228 0.1011318932)
(0.1643166984 0.846345266 0.0655076551)
(0.3890849498 0.4365252426 0.1200960043)
(0.4097262208 0.8163483067 0.1362466512)
(0.1908766072 0.8157869124 0.07657282712)
(0.2470656364 0.6564391306 0.1099065617)
(0.4567738529 0.4626516997 0.04567676435)
(0.1750931623 0.752366123 0.01486000422)
(0.1000275005 0.835785369 0.059728421)
(0.4556730744 0.5225186653 0.004418018867)
(0.1743396048 0.7606124158 0.01277312619)
(0.1234914116 0.7706763683 0.1371342336)
(0.4820941084 0.5002379097 0.01424743588)
(0.1246337573 0.7700742965 0.1075315725)
(0.4880862257 0.8607089006 0.07899559089)
(0.1568971331 0.8383679882 0.1403630678)
(0.1811959647 0.82388605 0.1229849378)
(0.4271228857 0.4692537455 0.1326024059)
(0.1325026871 0.7964161438 0.004998910921)
(0.2001297321 0.8019263565 0.1459814005)
(0.4964516916 0.5171163086 0.08609709304)
(0.2023233734 0.8145630339 0.05659373838)
(0.1862624787 0.8156576261 0.1131600704)
(0.1274881126 0.8392353852 0.1276280649)
(0.2785124531 0.2377643111 0.033651644)
(0.1859643539 0.7846294116 0.03439023356)
(0.4253558274 0.5011767637 0.09478797343)
(0.3144719442 0.612144556 0.1480001)
(0.1189527007 0.8240174168 0.08120597476)
(0.4903473611 0.4665620739 0.01678824454)
(0.4367767423 0.4800403246 0.06939714852)
(0.1100442358 0.8248173551 0.01191522575)
(0.4203731512 0.4967875858 0.07281463062)
(0.1961456492 0.8201310394 0.104230986)
(0.1980260362 0.8250807895 0.1342450755)
(0.1288924139 0.8412834324 0.1552175647)
(0.4736531383 0.4947387226 0.005117918287)
(0.4162067832 0.2876865249 0.1305445585)
(0.4667515633 0.525833237 0.1351513342)
(0.47155623 0.5279180768 0.1399276579)
(0.131924976 0.2794487453 0.03191093964)
(0.1879301363 0.7891056453 0.1224434778)
(0.1858243013 0.81746688 0.1009136389)
(0.4822721248 0.5159000439 0.07652021802)
(0.4491551372 0.4692612922 0.02789776074)
(0.1408337121 0.800537986 0.005421240464)
(0.12472046 0.202135384 0.1283737913)
(0.4298020928 0.4867981674 0.1038005395)
(0.09404590196 0.8183273718 0.1465596451)
(0.4671505777 0.4821361636 0.08452042192)
(0.1544458209 0.8886187467 0.1117636729)
(0.4258894944 0.5035299403 0.0687458838)
(0.4229484349 0.5169763352 0.1060965987)
(0.1399729086 0.8444892714 0.06381192282)
(0.1091545948 0.9152828091 0.1073250486)
(0.1175750396 0.7778399241 0.02236409959)
(0.5151943261 0.7595776525 0.1317930255)
(0.4792274549 0.4997266425 0.09681464196)
(0.4598533053 0.4781470823 0.09450798528)
(0.4803107589 0.4681042429 0.0278397754)
(0.1890586542 0.8444491135 0.1017054019)
(0.1819565575 0.7600556555 0.1391076868)
(0.1863212907 0.7488617413 0.1383118293)
(0.4285317524 0.5220738505 0.1444105903)
(0.1436692793 0.8386272626 0.08325947978)
(0.1733036612 0.7678138533 0.03770961178)
(0.1310970932 0.8412410168 0.1051625922)
(0.1286273356 0.8437507789 0.1003688415)
(0.2408506182 0.9694255542 0.1308497748)
(0.156862916 0.7943254419 0.005491634252)
(0.4876968997 0.4523804371 0.08258899466)
(0.415884477 0.5211300069 0.09879916866)
(0.1669077619 0.8023856561 0.005492337722)
(0.4790190308 0.4787707799 0.00602893779)
(0.1834171133 0.8188934371 0.08467619946)
(0.3103943646 0.4782271563 0.1454112769)
(0.3576478671 0.165715412 0.1243280714)
(0.1315614601 0.7485045505 0.09762406141)
(0.2865750883 0.7751656368 0.1202094631)
(0.168882904 0.8428193046 0.1059322775)
(0.1270197387 0.8017531213 0.004736982891)
(0.2851870984 0.7120875141 0.1480043943)
(0.07951178754 0.8503158467 0.08298898463)
(0.4763260246 0.4687324384 0.04570276821)
(0.1039582338 0.8252260658 0.09045667248)
(0.1558822937 0.8453468731 0.1128124854)
(0.1576502619 0.8487079018 0.1078793253)
(0.4228910057 0.4906199391 0.08525889625)
(0.47004508 0.5713705021 0.09353861843)
(0.1180107107 0.7676476098 0.1255264067)
(0.03841088795 0.9206057704 0.1284141155)
(0.5094275805 0.447117472 0.1096869701)
(0.422595376 0.473802848 0.1037231044)
(0.1087042601 0.8193524797 0.0901149218)
(0.1804864634 0.8532559782 0.05576922731)
(0.1987606493 0.7264832126 0.08338045877)
(0.4741651812 0.5036012859 0.07719459784)
(0.1076292508 0.7851559705 0.004047636476)
(0.191266883 0.7607400017 0.02438012731)
(0.1121789166 0.7916304732 0.02805415719)
(0.4614158541 0.5210894326 0.1404968327)
(0.4784375543 0.5063896945 0.09140440399)
(0.1143859524 0.8147252638 0.1466747842)
(0.2010382078 0.7882731091 0.1062811603)
(0.1329593432 0.5556685661 0.03610964074)
(0.1941056885 0.8094211333 0.01104265534)
(0.4740151374 0.4828388436 0.07058698108)
(0.3598156259 0.4084179538 0.03873658824)
(0.4649813795 0.4715549113 0.06417981685)
(0.1668877205 0.7802022258 0.005382901553)
(0.4457127155 0.615454465 0.03254297733)
(0.4261406997 0.4940692799 0.06223453371)
(0.1234704811 0.7624017978 0.0566414092)
(0.209746215 0.7925689885 0.02007654365)
(0.1536875456 0.7519101131 0.01639082592)
(0.1597537047 0.7484417479 0.01892736383)
(0.4028024841 0.5989656021 0.1295094261)
(0.1376708468 0.8322290887 0.00478298147)
(0.1370805505 0.786483248 0.00493272964)
(0.1227403205 0.7604060488 0.1553825915)
(0.4265367299 0.5384155012 0.1437122711)
(0.4192891996 0.5463904229 0.1403191106)
(0.1242626822 0.7392813728 0.1215806766)
(0.1642480254 0.7518541644 0.06675661202)
(0.4520820527 0.5235568644 0.1405419485)
(0.1668391728 0.8478511289 0.03742566527)
(0.4443828477 0.4270282428 0.1221322392)
(0.1188283297 0.843072937 0.07829646205)
(0.2075092493 0.3866717872 0.08187303513)
(0.426920796 0.4923359104 0.01855742449)
(0.4489050089 0.4750243113 0.04736085076)
(0.1943053428 0.7732895067 0.04972129456)
(0.4802126209 0.485564878 0.1557945711)
(0.4319850758 0.4187052755 0.1443112107)
(0.1895250235 0.8042042655 0.09482984196)
(0.1256483409 0.7626031659 0.004087865519)
(0.156231633 0.8270443743 0.005281826611)
(0.04075166267 0.04341951959 0.03923180874)
(0.3575598273 0.4665178817 0.1117866804)
(0.1858541765 0.7735728099 0.07901335661)
(0.4402937741 0.4707948426 0.1257798402)
(0.1464671333 0.8347645349 0.004840673736)
(0.174385476 0.8831460772 0.01669996196)
(0.3753809685 0.3050863099 0.07737069813)
(0.4110109282 0.5233285533 0.02051132652)
(0.1906497044 0.7954171135 0.004984951901)
(0.4241598056 0.5175502824 0.08764007766)
(0.4269241294 0.5094302535 0.03003957153)
(0.1775601409 0.7725006645 0.04715240477)
(0.4359104014 0.4631766383 0.07284197001)
(0.1074426822 0.8363710078 0.06668938735)
(0.4732410605 0.4948362698 0.06083488508)
(0.4681705139 0.5402432058 0.04226814255)
(0.1906657344 0.7676662325 0.005908908561)
(0.2084562016 0.282291791 0.03418852529)
(0.4729767383 0.2700033641 0.03215910664)
(0.113010719 0.4550104148 0.08074209378)
(0.4295857776 0.4780883375 0.1101272542)
(0.2065124038 0.817526737 0.03786810166)
(0.4303984997 0.4856338538 0.05350673498)
(0.4640613969 0.4704902168 0.04285261799)
(0.4401640521 0.5318363792 0.004825893535)
(0.1982060325 0.7796251057 0.03957212469)
(0.1803567198 0.7571456062 0.03626362019)
(0.1814807965 0.7495013373 0.03893045499)
(0.1912096192 0.7418805241 0.04068770377)
(0.4409425292 0.4617169477 0.07788053286)
(0.4379155819 0.4564260724 0.07132103761)
(0.09888948909 0.8083175191 0.1118040294)
(0.4730551957 0.4808811313 0.03220053094)
(0.09015737982 0.8166981538 0.0874883721)
(0.08144408748 0.8134266166 0.07876325665)
(0.4875227457 0.5297848328 0.02981507626)
(0.1594770564 0.8726126021 0.05712125511)
(0.08407552002 0.3340676034 0.1286441695)
(0.1715714419 0.8383754649 0.03217755165)
(0.1880522847 0.8083917852 0.1379104824)
(0.41003873 0.4734710252 0.04623739845)
(0.3963614923 0.4658436443 0.04392091686)
(0.1857205128 0.784005617 0.02774499958)
(0.478039305 0.4861598081 0.09969281031)
(0.1833001763 0.7778789127 0.1082405222)
(0.1603460186 0.7621258035 0.09709138198)
(0.2294404116 0.5020753175 0.1427166645)
(0.1185965978 0.8229391852 0.13392098)
(0.1568260748 0.7674461534 0.005226568033)
(0.436924585 0.4728188809 0.1493803136)
(0.1592945244 0.7422155203 0.1198146834)
(0.1320961539 0.8430607331 0.01774054055)
(0.5135996468 0.3287000921 0.129510397)
(0.4169538143 0.4803849689 0.131224153)
(0.4458091776 0.5302324634 0.1378081966)
(0.1446992678 0.8382826917 0.1405368369)
(0.1604686303 0.7627374569 0.1362495939)
(0.1826436738 0.778485401 0.1253391738)
(0.2585845975 0.6395011474 0.1481372578)
(0.1703792615 0.7664142778 0.1554226399)
(0.1520232432 0.7600641886 0.01402689733)
(0.1182811254 0.8396783678 0.06374500572)
(0.1111051748 0.8408970587 0.1069271861)
(0.08637322269 0.7894600016 0.07968028273)
(0.4409500733 0.4711785577 0.06589816574)
(0.1759099612 0.7613719687 0.07424198495)
(0.4352105494 0.4808640271 0.08811346629)
(0.4806129191 0.4500718522 0.1487883902)
(0.1542168548 0.782905187 0.004688700248)
(0.4174579071 0.4776024978 0.0144261808)
(0.1372270488 0.7560416567 0.1138570046)
(0.1355061233 0.7495180492 0.1127619708)
(0.1332173045 0.7507425201 0.1054962643)
(0.1904268923 0.8191204496 0.003930564221)
(0.4786531467 0.4776853381 0.1256116164)
(0.1673176193 0.7642566482 0.07781072166)
(0.1624612374 0.7864092879 0.004784896262)
(0.4202279297 0.4949598109 0.004275326402)
(0.4129015933 0.4955475353 0.005713647785)
(0.2591746625 0.2875819811 0.07951018038)
(0.4364569593 0.5344235796 0.08393103688)
(0.4356093342 0.5321375821 0.0893363662)
(0.2011353764 0.7399501869 0.1347248657)
(0.4710666876 0.5224897494 0.1411054064)
(0.1249264577 0.7449994978 0.04291648184)
(0.2117981662 0.7901738844 0.1519705154)
(0.1490973721 0.7493647583 0.08974741189)
(0.1220073204 0.8435204088 0.1121712188)
(0.1750467523 0.839378296 0.1406263144)
(0.1707059925 0.846577334 0.1390235917)
(0.4447102878 0.535935288 0.06191341176)
(0.1309420827 0.8338878596 0.03117950436)
(0.1469052921 0.8444511385 0.03931911632)
(0.426568597 0.5037434157 0.04522798763)
(0.1693827308 0.7591805124 0.1408183191)
(0.1626824895 0.7549970843 0.05188265304)
(0.1467019686 0.8533879026 0.1180512907)
(0.4145932964 0.5066370104 0.1549722773)
(0.4728356943 0.5191270775 0.0640894456)
(0.1439967398 0.7544612198 0.01717689391)
(0.1556566746 0.7568211777 0.1282797853)
(0.1387234228 0.8449055495 0.01439601694)
(0.4685950996 0.5157241864 0.0806040066)
(0.1692862996 0.8398144891 0.1150372195)
(0.1717010527 0.8450741752 0.1170592684)
(0.4413523444 0.5285185964 0.01684860307)
(0.456330131 0.523246916 0.08013643355)
(0.1088980792 0.7815698254 0.1131702508)
(0.1727455174 0.7908629679 0.004866220792)
(0.1378717859 0.8368628137 0.1406686115)
(0.1009833712 0.826954596 0.05942461921)
(0.3726657293 0.5223595294 0.08874600515)
(0.1065981766 0.8535854329 0.1332853576)
(0.1884406371 0.7576588774 0.1083180418)
(0.4136960383 0.5295249566 0.08416705477)
(0.1121349863 0.7182870935 0.1440787334)
(0.1761277296 0.7706537945 0.08462400688)
(0.1875585179 0.8106346665 0.148380755)
(0.1905134244 0.7764044676 0.1461362404)
(0.1675623684 0.7649762876 0.01101683738)
(0.4525852869 0.4759239079 0.148222153)
(0.4203567699 0.5090283925 0.02129666354)
(0.1177612235 0.7588976918 0.09344953001)
(0.1184778622 0.8220707556 0.1417660438)
(0.1293970408 0.7566942276 0.04935977273)
(0.1146721092 0.8354197659 0.1132818721)
(0.1588888777 0.8478993404 0.1275640216)
(0.1567581965 0.8462715603 0.1226538836)
(0.208918484 0.7658441529 0.1050726437)
(0.03682812639 0.2170484131 0.0317316852)
(0.4729725747 0.5084835388 0.1042795733)
(0.4715688871 0.4887081016 0.1545669568)
(0.1588032837 0.7476685519 0.08391839375)
(0.3956445033 0.4214701663 0.02438115021)
(0.1160105774 0.8185733543 0.05814176785)
(0.1180367844 0.7853251876 0.004942620664)
(0.1977289305 0.8219336649 0.05300175858)
(0.1446849496 0.7552004315 0.1251464533)
(0.3836730748 0.9686229128 0.04044280988)
(0.4815015461 0.5039900002 0.1427571167)
(0.1556843287 0.8628563226 0.09820373287)
(0.1697058321 0.7603186389 0.09488662404)
(0.4077315542 0.7924098215 0.03326747461)
(0.4765465368 0.4863294324 0.1460562929)
(0.4100091788 0.6150361205 0.085942346)
(0.3438546397 0.6106866575 0.1493361761)
(0.4876964848 0.54539371 0.06122091764)
(0.4597876843 0.4598745857 0.135939057)
(0.1191984513 0.8333235999 0.06818048727)
(0.4621206358 0.5209646817 0.04171443175)
(0.4762824675 0.4771515602 0.1083303192)
(0.1012504128 0.7801263874 0.1549102247)
(0.1147493995 0.7818770262 0.09023747799)
(0.1250612455 0.8404005301 0.05471534651)
(0.4411378506 0.508308193 0.005518320982)
(0.1085813149 0.8752169272 0.05485737313)
(0.1108346333 0.7966059201 0.08904235638)
(0.3128009718 0.810638614 0.1170269876)
(0.4850963006 0.5079438494 0.1357941065)
(0.1847271038 0.8293128664 0.1241084038)
(0.4864455131 0.4864300109 0.04324883255)
(0.1849459369 0.7805241409 0.1012900974)
(0.1747228905 0.848333694 0.07872113742)
(0.4510074528 0.4578744549 0.1544039588)
(0.162457171 0.7682544035 0.004768078403)
(0.09832108885 0.7904806922 0.1550730621)
(0.3929236783 0.2604216543 0.1328590059)
(0.4082129554 0.4987731653 0.05294240717)
(0.1172902377 0.831993592 0.04977120095)
(0.4185523168 0.4492358079 0.1481568721)
(0.1562260315 0.8395923751 0.0306497375)
(0.1067185199 0.8239444978 0.004928965652)
(0.4947592885 0.5247919716 0.1139556449)
(0.4223482975 0.490325947 0.1268189894)
(0.1988437897 0.7842939498 0.1359844442)
(0.1097297763 0.8177395151 0.1134710551)
(0.1644532022 0.8412579484 0.1248004374)
(0.2029634525 0.7470089983 0.06389408732)
(0.4657389482 0.4691131569 0.08844410925)
(0.2021255166 0.7408462084 0.1011897739)
(0.4503885939 0.5039079495 0.005290552765)
(0.1590031216 0.7619043361 0.0212633402)
(0.1905137508 0.778433744 0.07187115213)
(0.4508001177 0.4754426155 0.02973007535)
(0.428008172 0.5326245202 0.05196195029)
(0.3616735613 0.5033702255 0.110135681)
(0.1272163906 0.6292985892 0.03510556835)
(0.204807317 0.8167261155 0.1420599596)
(0.4634438642 0.5363649934 0.09975692034)
(0.4203933758 0.5083138264 0.05931453335)
(0.3266936801 0.4411397249 0.146457632)
(0.3802787515 0.1453647149 0.03177332033)
(0.1696541309 0.8474385604 0.07360431423)
(0.1632814671 0.4078327815 0.134583427)
(0.46212425 0.4587048016 0.1160509258)
(0.210119096 0.1598924262 0.1306870109)
(0.1655506201 0.7542114401 0.02190105201)
(0.1020467944 0.7583880024 0.05550898163)
(0.1828119204 0.7521068132 0.1029625997)
(0.1857794558 0.8158990175 0.1419973686)
(0.191556017 0.8410626399 0.03783881579)
(0.1446926501 0.8387641872 0.1223553256)
(0.2005246155 0.5867330128 0.04007092076)
(0.1674927098 0.7934332061 0.005247943321)
(0.214973561 0.7923459547 0.116689062)
(0.1067652719 0.8067286009 0.1287004325)
(0.2782446686 0.5782985681 0.08136531648)
(0.1574919992 0.7475000727 0.005121649106)
(0.4709128053 0.4718162822 0.06810235955)
(0.179287942 0.7588403484 0.01606872371)
(0.1589435483 0.852047294 0.03299152)
(0.1154012141 0.769382174 0.06301794765)
(0.2978120567 0.6417398162 0.148920591)
(0.538638189 0.8040677354 0.1306410041)
(0.1958227196 0.7825403265 0.1499910757)
(0.1400697782 0.8374921761 0.0752452565)
(0.205877439 0.1747252467 0.08261886012)
(0.4324745211 0.5078404051 0.005091651624)
(0.5652438401 0.4037513489 0.03566425937)
(0.4439039678 0.476213227 0.04230367579)
(0.1467781912 0.8483717193 0.01986229546)
(0.1107375556 0.7971104759 0.1411458823)
(0.4830051981 0.4886097493 0.09447005564)
(0.1275966457 0.759227153 0.06026263456)
(0.1572447798 0.8212872401 0.004858422011)
(0.3724964597 0.4295187723 0.1444767568)
(0.4684978671 0.4966278209 0.004618921419)
(0.1341020394 0.8649610214 0.1486391168)
(0.4675454818 0.4912429397 0.005262136923)
(0.1619182525 0.8366542356 0.09411907851)
(0.1367844904 0.7633604824 0.1492109574)
(0.1153808689 0.7814327934 0.05120073466)
(0.1766180809 0.8288232128 0.09674688165)
(0.1054277443 0.8027959467 0.03696416031)
(0.1290649953 0.8409755242 0.08471029203)
(0.4564793799 0.501510181 0.004861331305)
(0.4418077393 0.4562473384 0.05206548752)
(0.1623385272 0.836643539 0.06010228954)
(0.4634029266 0.467276916 0.0178380689)
(0.123782031 0.8366658121 0.02656605724)
(0.1211879043 0.763996749 0.04633946412)
(0.4518152951 0.4761075587 0.1095774095)
(0.1318092054 0.7830347118 0.005137531731)
(0.4384980801 0.4789427561 0.1125217321)
(0.1117957713 0.8100494984 0.06043841468)
(0.1088582877 0.729540267 0.1044482707)
(0.422863701 0.4846832211 0.05405533895)
(0.1254404313 0.8881289913 0.03637919355)
(0.4625656229 0.4721218405 0.1196602988)
(0.4141494084 0.4733247745 0.1447476769)
(0.1569275418 0.8517470216 0.07480007812)
(0.1500353796 0.8394177712 0.01222326441)
(0.1177193742 0.7682330668 0.07532615456)
(0.1460489991 0.09737335164 0.1282149801)
(0.1400107362 0.8621489274 0.04957197901)
(0.4493147392 0.4754505465 0.0404409914)
(0.2652643597 0.3970654709 0.04398614583)
(0.1263859242 0.744376795 0.02126263993)
(0.153190725 0.858900211 0.08009947268)
(0.1865530932 0.7056094842 0.1016488015)
(0.4908084788 0.5130113526 0.09355463212)
(0.1553134403 0.7608510317 0.1343808152)
(0.09121687091 0.8160531685 0.06016484747)
(0.5198274898 0.4707682924 0.1125021137)
(0.116114121 0.7814566336 0.1355159515)
(0.1660007318 0.5814858024 0.1377109036)
(0.2947544083 0.4584414963 0.1074871248)
(0.1865717797 0.8147678714 0.03955580736)
(0.1020951408 0.8451449375 0.140168198)
(0.4425416096 0.4774323518 0.05919094418)
(0.141881238 0.8400037464 0.1554151456)
(0.4285278528 0.4791298749 0.06405245785)
(0.1828584509 0.8302519992 0.107296298)
(0.2201726121 0.2575200382 0.07768385567)
(0.1366981939 0.8481752684 0.02280075375)
(0.4677742231 0.4831389241 0.03514393301)
(0.4721072537 0.4922253079 0.06986943874)
(0.2018617101 0.8389995136 0.03887053761)
(0.1657264687 0.8487056135 0.1323770028)
(0.1097349933 0.786260617 0.1486332472)
(0.1251269262 0.8386390895 0.07518187335)
(0.4526114782 0.5238884838 0.1027175709)
(0.1753180557 0.7597152175 0.06824027599)
(0.174911222 0.7521354096 0.06717149706)
(0.1669467559 0.7463767901 0.1264413879)
(0.4176852537 0.4814265362 0.1242294417)
(0.4081194514 0.6393966174 0.1458134758)
(0.2652523578 0.473544179 0.05468458463)
(0.2582379395 0.7242545864 0.1496198738)
(0.4286933471 0.5323385719 0.1367930739)
(0.4085639044 0.5089061099 0.006678402999)
(0.1363607118 0.8792523125 0.09552955637)
(0.4790337072 0.5115735484 0.1165372438)
(0.4855540282 0.5174906188 0.1153319607)
(0.4916207765 0.5130722229 0.1197227332)
(0.1029986816 0.7950529401 0.08868853587)
(0.07919137602 0.3807569037 0.03329063982)
(0.1758835976 0.7566264935 0.1324186807)
(0.1764966358 0.7472896098 0.1329490266)
(0.1671329009 0.8286637421 0.004748482002)
(0.1649449372 0.8347167618 0.004666862844)
(0.4272096056 0.5067311083 0.09765339113)
(0.09830662007 0.7990742092 0.1228166156)
(0.2711716618 0.7429676417 0.02828699117)
(0.4476063926 0.5244044077 0.08539229214)
(0.4206641657 0.5391492368 0.07877799134)
(0.1074717201 0.7853423828 0.1081917422)
(0.3975547862 0.7021830097 0.1413089418)
(0.4193169944 0.5261804337 0.06765365164)
(0.4631453719 0.4731369977 0.08478871907)
(0.4349591799 0.5364095026 0.1387073738)
(0.1568256439 0.802942435 0.004977988542)
(0.167506501 0.768686031 0.004740354424)
(0.1874450172 0.8255541419 0.1302020972)
(0.4397904412 0.4715930358 0.004096667558)
(0.1788418629 0.8260732654 0.1152827532)
(0.1936483586 0.80947187 0.115234772)
(0.1374596062 0.8631565347 0.02496987089)
(0.1229002583 0.8340490793 0.1170035188)
(0.4505648826 0.5321612641 0.1187148731)
(0.4766651538 0.4860517111 0.08349743687)
(0.384403895 0.8471809731 0.1327762054)
(0.4716060085 0.5316439536 0.1058712897)
(0.1105900732 0.8017445624 0.04774311749)
(0.1437482642 0.8440531231 0.1258119952)
(0.1937902747 0.8143638895 0.1557439021)
(0.5619245401 0.6395219249 0.04677357461)
(0.4260504337 0.4949940454 0.1054755124)
(0.4621927328 0.4702709935 0.04817496902)
(0.1835845799 0.8223359775 0.1551884371)
(0.1665335405 0.8347823418 0.1026212945)
(0.3176387615 0.08631337903 0.1266859768)
(0.4737374332 0.4938661816 0.1482494681)
(0.1648001698 0.8423501654 0.137053166)
(0.1298680139 0.8470733132 0.1075843232)
(0.1248958035 0.8494147158 0.1104747037)
(0.3624300587 0.610747317 0.1472584998)
(0.4265820337 0.4936142896 0.0319335456)
(0.07579989007 0.4990889548 0.03016402889)
(0.4335220538 0.4923746818 0.004751711678)
(0.1261168108 0.7521356755 0.1324117084)
(0.1942983728 0.7907766945 0.04944415879)
(0.4150272065 0.487495951 0.02535675547)
(0.4394269949 0.4481352689 0.14972386)
(0.4220536726 0.4890158303 0.01691057973)
(0.4268719734 0.4944139594 0.1256514296)
(0.09518302184 0.8246445435 0.09351652183)
(0.4512692071 0.5322655405 0.0325654137)
(0.1761342051 0.7706715721 0.07454775245)
(0.189342841 0.796462321 0.1009170925)
(0.1216984551 0.8360624601 0.05721605085)
(0.4595999667 0.4705790209 0.1280162423)
(0.1618332381 0.8525152048 0.03863166506)
(0.4283626138 0.5782322452 0.02603312822)
(0.4748492432 0.5187423772 0.1353170328)
(0.1852482904 0.7835922534 0.05159235293)
(0.4118817509 0.5160278874 0.07640922899)
(0.1809374603 0.776731324 0.0183955115)
(0.1077449619 0.8319527207 0.006548075002)
(0.1158096772 0.8197648716 0.1547915478)
(0.4781277198 0.5089020056 0.1057306597)
(0.2239158089 0.730647446 0.1511180853)
(0.1935861683 0.8132516196 0.004519754199)
(0.4822336199 0.5029859413 0.06438091612)
(0.03340752248 0.5877967117 0.08901036128)
(0.1531038198 0.7550357456 0.08824708396)
(0.4437637294 0.5233584052 0.1304465236)
(0.4645326068 0.5191027368 0.1532951703)
(0.4742425278 0.4981024022 0.07970508676)
(0.4808272648 0.4921750771 0.1548247999)
(0.4812936582 0.5170133808 0.1378307133)
(0.1514470135 0.7659835894 0.004860619053)
(0.466002215 0.4733695936 0.02113648343)
(0.1557476137 0.761285622 0.1022048554)
(0.4057005406 0.4978046875 0.07854286661)
(0.1476217299 0.8385648516 0.02092010725)
(0.4476037304 0.5747096366 0.1479832953)
(0.1960000948 0.7964743827 0.04880299021)
(0.4485850993 0.5360075268 0.1135770097)
(0.1171718033 0.7783086172 0.1124606814)
(0.1136163658 0.7739027326 0.1114399948)
(0.2974894555 0.5975282979 0.02731294045)
(0.1600300355 0.9116874065 0.142391579)
(0.2916401256 0.7497224195 0.09454460636)
(0.1860820272 0.7724504411 0.04137519592)
(0.3513894831 0.563975113 0.1481120428)
(0.4364454141 0.4796422953 0.02654593345)
(0.4582407956 0.5350888816 0.132621667)
(0.1493189618 0.786270555 0.004961955442)
(0.1028329086 0.7689728988 0.1158342121)
(0.1052136076 0.7935760206 0.1399556822)
(0.1403932502 0.8503306286 0.06034658764)
(0.1386468406 0.8586253482 0.06322630814)
(0.1224352594 0.8202939567 0.004780083546)
(0.4622276549 0.5210617258 0.017633768)
(0.4583138571 0.5317300396 0.05701722058)
(0.4845329258 0.4909262677 0.06778147439)
(0.1600998218 0.8454262689 0.1358451723)
(0.494950484 0.4945683529 0.1187665534)
(0.1661293693 0.7643679023 0.08800594053)
(0.172428104 0.742734305 0.06543624391)
(0.1233925086 0.8369671775 0.126998334)
(0.1752430578 0.8472855887 0.1107428747)
(0.4342856855 0.6278888264 0.1217482801)
(0.4109077368 0.9037496258 0.04133143671)
(0.1202004818 0.7538463197 0.01457266546)
(0.4853572336 0.5353432657 0.04120932535)
(0.3221838582 0.4340101026 0.1023927097)
(0.1071898276 0.7793538774 0.0697961626)
(0.1856716791 0.7848258594 0.1094311102)
(0.1096900297 0.8320017516 0.01324599722)
(0.4222665842 0.4841077889 0.07120742993)
(0.2158872829 0.7588495056 0.07206869378)
(0.4146636121 0.5006249683 0.08816371046)
(0.2324726502 0.9021274524 0.1045398758)
(0.1294113904 0.8330920724 0.1496512569)
(0.1891474847 0.8225958133 0.1035050842)
(0.1124555473 0.8094132233 0.03974216598)
(0.4801932338 0.4973955684 0.0563402738)
(0.1205469807 0.8267333505 0.04187821923)
(0.1497860914 0.8458775734 0.0827426747)
(0.4283541939 0.5210133456 0.07315069368)
(0.1844551686 0.8426252371 0.04172329344)
(0.4838987905 0.4966908508 0.004512977852)
(0.5162782384 0.3099282739 0.03307893937)
(0.1853724271 0.82869549 0.04204381832)
(0.1410149735 0.762046859 0.0725713627)
(0.4136467184 0.5496833838 0.06797142799)
(0.464394234 0.5255136419 0.1117039912)
(0.4308287943 0.4852559044 0.03928569923)
(0.462454708 0.5264483843 0.09457102653)
(0.4586258833 0.4696715176 0.004507623483)
(0.458518204 0.5218061822 0.150083656)
(0.1266650807 0.7381588091 0.03388249453)
(0.1144331216 0.8149322394 0.09723462227)
(0.1772239682 0.8374363656 0.03248991643)
(0.2901975809 0.2488248034 0.1298217565)
(0.182278227 0.7781914818 0.09533639472)
(0.2140466403 0.7178411006 0.1510832066)
(0.4902554225 0.4964171202 0.04968962098)
(0.1248460502 0.8076093715 0.005282572752)
(0.1538416368 0.7604429039 0.1227849601)
(0.1943287999 0.4299038864 0.1356001782)
(0.09178210047 0.824896564 0.03968724863)
(0.1708667641 0.8325934263 0.1487224025)
(0.4253158321 0.5036584693 0.03098393653)
(0.2244643757 0.6915788592 0.1477917501)
(0.4366908265 0.4990434885 0.005287670587)
(0.1804917613 0.8234342015 0.1393835079)
(0.2057379817 0.7866008141 0.06028534965)
(0.4520707907 0.5239154117 0.07071544313)
(0.4503763587 0.4760035117 0.0966164373)
(0.4792424803 0.5039139946 0.08638023548)
(0.4741953918 0.4962395969 0.1403335573)
(0.1877154198 0.8219293687 0.05530833809)
(0.4219914738 0.5153971604 0.03588341672)
(0.4194236396 0.5200970839 0.03550771243)
(0.4370707441 0.5158737662 0.004432137097)
(0.4726403459 0.5208253803 0.1050535004)
(0.1311599703 0.7276471661 0.1244338373)
(0.1998616991 0.7958852457 0.1060647264)
(0.503844746 0.4900145136 0.04914023089)
(0.4086788248 0.507472871 0.02329304752)
(0.4244563339 0.4551938088 0.07936727235)
(0.4693723709 0.538109871 0.01861174369)
(0.1708579052 0.8638896175 0.0670070337)
(0.4278485087 0.5215307841 0.1065321144)
(0.1338335747 0.7542531487 0.005302660614)
(0.1848312495 0.8282142165 0.08285350408)
(0.452235289 0.4560664159 0.04615432016)
(0.1303004496 0.7729465365 0.00514369429)
(0.09017245849 0.1663207951 0.05297271508)
(0.4932398944 0.6151769288 0.101802847)
(0.123953881 0.8299978554 0.08013017004)
(0.4190913178 0.5184809671 0.05695690723)
(0.4131367303 0.5189779397 0.06177284182)
(0.4126011716 0.5203442579 0.05291536727)
(0.1196250082 0.8018973305 0.005451698581)
(0.1717110458 0.8396115049 0.1094750064)
(0.1317710806 0.7652784719 0.09648648071)
(0.08951455931 0.8193697772 0.02425262802)
(0.1474467054 0.753777828 0.1562068242)
(0.1367499965 0.7565983854 0.1241829598)
(0.4430280987 0.5395474175 0.1232183264)
(0.1165747285 0.7631016337 0.120685512)
(0.1601452575 0.7616972944 0.06759738442)
(0.4030476872 0.5354957059 0.1145687419)
(0.1244826984 0.7705539137 0.1155982708)
(0.09068311581 0.8870890014 0.1050297637)
(0.138311276 0.756933971 0.03736480864)
(0.4263050328 0.4944176204 0.1487475457)
(0.1918473581 0.7710050792 0.116696672)
(0.4908274421 0.5151048152 0.1418882648)
(0.4739720634 0.5030520754 0.07157505931)
(0.159006279 0.8389500692 0.1530286586)
(0.1780840371 0.7648173835 0.09657841161)
(0.1891093391 0.7960306596 0.02015194404)
(0.1263340509 0.8384320722 0.1354050733)
(0.574983371 0.6204480828 0.131937279)
(0.5019807549 0.5008595108 0.01395051891)
(0.1439666788 0.7470476827 0.08888606515)
(0.141645067 0.7397416556 0.09081472432)
(0.1219558076 0.7596863199 0.04069550583)
(0.1593492508 0.8434170353 0.1026591232)
(0.4202299711 0.5051742027 0.08877609612)
(0.1443481805 0.7814244849 0.005241796733)
(0.1735515086 0.8306726528 0.1100472898)
(0.2019665858 0.8043308009 0.1307780532)
(0.4342438353 0.1714741062 0.1322247675)
(0.1963482111 0.8472845041 0.008650241394)
(0.438645458 0.4594402916 0.08414273336)
(0.2073006635 0.8176338348 0.1122286379)
(0.1885619504 0.7896041289 0.01690664159)
(0.1465702255 0.8387675214 0.039796761)
(0.1658238318 0.8084325637 0.004725105)
(0.4267892339 0.5407224727 0.04679935252)
(0.1046759277 0.407194148 0.08754845069)
(0.08817663376 0.8038689932 0.1083987648)
(0.4141792215 0.7268151041 0.1384817503)
(0.1873109721 0.8094416086 0.03585515687)
(0.4667698512 0.4634410252 0.1361119685)
(0.1718881637 0.7606036707 0.02724318445)
(0.08003645974 0.8356821814 0.1459634834)
(0.4131302235 0.4188811056 0.1471854022)
(0.4328454994 0.5164748552 0.03755997105)
(0.1256469896 0.7627264419 0.1029256296)
(0.1124869863 0.7907374502 0.08736493691)
(0.1531140126 0.8592964323 0.1448692456)
(0.1160065522 0.8180046355 0.069720883)
(0.5090225539 0.4054396021 0.08371245646)
(0.1239242172 0.8293750496 0.1016386284)
(0.4199243125 0.5071238269 0.01369837636)
(0.08271985466 0.9619011526 0.03344561338)
(0.4174651795 0.5044296956 0.1113266536)
(0.1179729822 0.7782303437 0.1002448646)
(0.147255121 0.7612803681 0.1196268135)
(0.4289988663 0.4896752763 0.02307196311)
(0.1140579649 0.8143924466 0.07704977008)
(0.1014982173 0.7890186548 0.06820174893)
(0.02851197974 0.8816184635 0.1318975219)
(0.4523597271 0.5244352501 0.05358250996)
(0.101949413 0.7887419118 0.005297478767)
(0.4244324636 0.4830006947 0.06099921494)
(0.4187780271 0.4827724664 0.06502885814)
(0.4738867326 0.5213576922 0.06896974773)
(0.4470818534 0.5658311232 0.127365305)
(0.1888311613 0.7260220998 0.1344894957)
(0.4187325109 0.4876621463 0.07449923501)
(0.1264769991 0.8539200741 0.1247565849)
(0.1154397333 0.8643769844 0.129185708)
(0.4129930537 0.5042059841 0.09344774125)
(0.14742122 0.8389291346 0.08919763719)
(0.4705637268 0.5124666811 0.0959864072)
(0.1315588614 0.7660643632 0.06459586172)
(0.1449195513 0.8241783151 0.004967640914)
(0.1114196297 0.7115440015 0.09738375824)
(0.1403935068 0.7625146445 0.09899224357)
(0.1975219062 0.8011212342 0.01873648276)
(0.2047474254 0.7985273289 0.020646986)
(0.1055754432 0.8040221661 0.1383569846)
(0.1614253124 0.8375302706 0.04300039919)
(0.1255718612 0.180498771 0.03191193625)
(0.1278159496 0.7682603336 0.08514432415)
(0.4884042529 0.510404613 0.02972142709)
(0.4800303316 0.5402154138 0.1306833056)
(0.1176152896 0.7470785459 0.150754534)
(0.4003153 0.5179205241 0.1524937957)
(0.3050665465 0.358760647 0.1372290655)
(0.4904262855 0.4900921765 0.08057550808)
(0.4478490045 0.5241336923 0.1446979003)
(0.1822072133 0.7786982895 0.06482586961)
(0.1841721684 0.5365456493 0.1378970031)
(0.2623826672 0.4950306333 0.1074848785)
(0.1796814411 0.8165752241 0.004747193456)
(0.1256579518 0.7582056975 0.1150800737)
(0.1213159495 0.8482291845 0.05922966353)
(0.1691653282 0.833525981 0.06231874067)
(0.1939827492 0.7833220555 0.05541093898)
(0.1944480123 0.7956091741 0.1081522372)
(0.1946164886 0.8085363343 0.06402552479)
(0.1025286478 0.8106983741 0.02817106939)
(0.430601265 0.5361912926 0.03078465421)
(0.4410362931 0.4773834524 0.1216299528)
(0.4355765415 0.5189571615 0.06573383384)
(0.1117035624 0.7956522617 0.1028974795)
(0.4816469786 0.5093008444 0.130777803)
(0.03136787716 0.72062401 0.02934195427)
(0.1211884902 0.7660907172 0.004204822106)
(0.1940644437 0.7875735855 0.1204206668)
(0.4924450781 0.5055108364 0.1126661737)
(0.4749090249 0.4948016855 0.01230169806)
(0.5072559884 0.5161612817 0.03637746319)
(0.4138303719 0.4782453634 0.03706662264)
(0.4410671976 0.472172976 0.09325907051)
(0.4451788814 0.5394553862 0.02250854938)
(0.1313153894 0.8275145606 0.004748358638)
(0.456208595 0.5302891935 0.03005822825)
(0.4613423761 0.5339255164 0.03057461563)
(0.2828462862 0.4494206659 0.1416405252)
(0.1132760825 0.7860802725 0.1309024083)
(0.4489352854 0.5188305554 0.004918672025)
(0.4943657407 0.4811008543 0.05066496059)
(0.2157578695 0.6124441332 0.07677106762)
(0.4228806196 0.5115858151 0.003875432655)
(0.4180709345 0.5155799025 0.02276727143)
(0.4952966462 0.4982023727 0.07315613774)
(0.4745385685 0.5053187575 0.1552983038)
(0.3877042328 0.5602310893 0.1506051308)
(0.1078108321 0.8130960174 0.02809694752)
(0.07991522824 0.8463929093 0.1107996904)
(0.4631637287 0.5203440051 0.07483861872)
(0.133946277 0.8166048664 0.005088018902)
(0.1260436917 0.769095737 0.01431265089)
(0.1203366625 0.7748533996 0.1559469799)
(0.1268163282 0.759762588 0.09562116702)
(0.1954613327 0.8014736498 0.03392308358)
(0.418661817 0.5018562637 0.00496657337)
(0.4306323835 0.4859736925 0.03263202989)
(0.1692245038 0.8414798902 0.08871112325)
(0.4298643298 0.5025504018 0.004446794672)
(0.118855796 0.7772959667 0.1174514653)
(0.4701174271 0.4699783329 0.1475436041)
(0.4756816877 0.4664658851 0.1471364422)
(0.1238550639 0.7704474278 0.1000088452)
(0.4682507951 0.5445892876 0.102987014)
(0.03180529495 0.6317196752 0.09496119113)
(0.1991311596 0.7561707135 0.07800951616)
(0.1703601648 0.8343250311 0.005351446711)
(0.1646231913 0.8435028164 0.1177134099)
(0.4145248183 0.485363973 0.1060963461)
(0.4244572337 0.5208989541 0.1260956948)
(0.4719567126 0.4792094313 0.05199794071)
(0.1847911229 0.8270167375 0.09305651009)
(0.1120009788 0.810168427 0.01211519021)
(0.4902037049 0.4752438625 0.1014053711)
(0.4290586966 0.4901572742 0.07741452759)
(0.4441843481 0.4873468159 0.005173210113)
(0.08101220854 0.7662795008 0.01417109789)
(0.1761977738 0.1438791104 0.03503224208)
(0.1899631877 0.7802155839 0.03787057272)
(0.1015522285 0.8016625375 0.01966505774)
(0.2041014011 0.6061179663 0.1133657796)
(0.4420011179 0.477279745 0.02791656243)
(0.4278835854 0.5319977916 0.128175312)
(0.4274135442 0.5079159056 0.01134777428)
(0.2085765524 0.8045798047 0.1010251378)
(0.4205227051 0.4934127052 0.1559257274)
(0.4436775202 0.5280719749 0.09884531208)
(0.3677186014 0.5802148997 0.1249029107)
(0.1315718591 0.8337755261 0.04011368804)
(0.1214188691 0.8269995425 0.0233585112)
(0.4635158917 0.4741639615 0.05588238273)
(0.09502914126 0.6879778112 0.1034128019)
(0.4411957626 0.6173873163 0.07190184808)
(0.1749456265 0.7597220995 0.0970113633)
(0.4460516996 0.4690188478 0.0113274161)
(0.4582935746 0.477787354 0.01760807043)
(0.3695347237 0.5932587201 0.1010009872)
(0.473573316 0.4985761941 0.01760085219)
(0.1101667141 0.8029886509 0.1327020811)
(0.3700476889 0.5643628253 0.1496198709)
(0.4398008372 0.5218238913 0.1258542568)
(0.489540727 0.5086116986 0.1470497995)
(0.4913694319 0.499347272 0.08248707261)
(0.2260537405 0.5655405285 0.1077359889)
(0.02919479906 0.5472239221 0.08612707012)
(0.1186505289 0.8229654821 0.027216644)
(0.07308855698 0.9049608647 0.132546958)
(0.1453563122 0.8464303405 0.05584308003)
(0.4344177724 0.4812551631 0.03496993734)
(0.4786212444 0.5209400774 0.03277768237)
(0.470976041 0.5345714753 0.1170667435)
(0.1198590274 0.7701210885 0.1074781159)
(0.1091669889 0.782596507 0.1185054391)
(0.1915944494 0.7733366269 0.08011559456)
(0.117099773 0.8316522505 0.02209765744)
(0.1999051102 0.8073071539 0.01162140645)
(0.3966736068 0.4565519247 0.1310677342)
(0.1762675248 0.7716343574 0.03498122429)
(0.277878535 0.8510568869 0.1444859594)
(0.09356706004 0.7719381037 0.0693196335)
(0.3260228737 0.8637004404 0.1365938315)
(0.1039547439 0.8111344096 0.004140019541)
(0.4614287895 0.5337629241 0.09355910805)
(0.4665941454 0.5412956723 0.09220974591)
(0.1467896991 0.7555349751 0.09699592802)
(0.4259557621 0.5253667334 0.1492272575)
(0.4250251445 0.4763343652 0.03449468115)
(0.4841381145 0.3033955598 0.09320991063)
(0.4701738749 0.4762079102 0.004461749757)
(0.4948463942 0.4994283504 0.1276191998)
(0.5056587779 0.4977955223 0.1308122429)
(0.4088769903 0.4969271263 0.1525649773)
(0.1529406897 0.8386633927 0.07003132172)
(0.1122322031 0.79223675 0.1277957705)
(0.4497873513 0.03248615278 0.09784823948)
(0.1994502327 0.7660874212 0.1308152334)
(0.1759807412 0.7507647899 0.05919427341)
(0.4697677378 0.4860245099 0.06189906331)
(0.437861282 0.5276476122 0.1464805613)
(0.1505320711 0.7609477982 0.09014248528)
(0.4246603637 0.5259795917 0.08548980598)
(0.1119714104 0.8225608923 0.02901650475)
(0.4273499547 0.4949176081 0.005010499481)
(0.4301852798 0.4799538177 0.1254334288)
(0.1531469637 0.7487538645 0.1145636783)
(0.1385376817 0.837401542 0.06691193584)
(0.2115920169 0.5411659255 0.1126312901)
(0.1521537061 0.7613719931 0.1431399936)
(0.4339062445 0.4752657318 0.02260272543)
(0.4628731829 0.5272144306 0.1506753711)
(0.4185349572 0.49528927 0.05394180732)
(0.184065892 0.2815588833 0.08823887642)
(0.1902415174 0.7796173982 0.05129662138)
(0.1649800639 0.764140652 0.1051495775)
(0.1134689375 0.8136388035 0.1101859613)
(0.1882816151 0.7569798139 0.0498822595)
(0.2741469826 0.7027400291 0.1013495263)
(0.2649167957 0.6881907137 0.07190596853)
(0.1185000099 0.8229163801 0.03741147963)
(0.2086881265 0.7410649584 0.04116938293)
(0.4788278576 0.5212810205 0.005166666352)
(0.3028246814 0.6605150341 0.1109023941)
(0.4237608581 0.5158387313 0.04419912625)
(0.5668862154 0.7756757091 0.06845979485)
(0.03724580409 0.7889168958 0.05117683668)
(0.466520768 0.5170105373 0.04889340465)
(0.1250727156 0.752398103 0.008895946433)
(0.4794008725 0.5090533027 0.06257862315)
(0.1342650927 0.8414830983 0.08857719202)
(0.1818491216 0.7608789824 0.1246892475)
(0.4621174391 0.4618511579 0.1424866963)
(0.09248669333 0.7952835634 0.1262631755)
(0.1401380994 0.8456797818 0.1557657585)
(0.1894292976 0.8026455329 0.1419333405)
(0.480578638 0.5062011786 0.01771123887)
(0.4132414724 0.6611495374 0.1435523137)
(0.4362102071 0.4716883583 0.1419339128)
(0.4622346279 0.4799647694 0.0764360579)
(0.4335771464 0.4826716753 0.05732541538)
(0.4204947683 0.4824453958 0.1357802256)
(0.2398555684 0.7936936232 0.01809385072)
(0.4387471508 0.5985182757 0.1480035631)
(0.1173607589 0.8478630595 0.04426919699)
(0.5593152761 0.3852872396 0.124298077)
(0.4238571463 0.51034779 0.08191844904)
(0.1370196009 0.8484778712 0.01040243211)
(0.1849239284 0.8401545963 0.1377858255)
(0.4336114694 0.4729741159 0.1178697881)
(0.1122665237 0.7583606368 0.08014619131)
(0.1961816258 0.7825157868 0.1557638786)
(0.1932511368 0.7895223217 0.06637605696)
(0.4603652142 0.4787435089 0.1327448791)
(0.1553811826 0.7611537596 0.09483349717)
(0.09497842392 0.8169136837 0.01576694652)
(0.1959295892 0.8066725615 0.005693020625)
(0.1978718639 0.8274113444 0.01771088424)
(0.1964276809 0.8069529271 0.05779000075)
(0.1272465481 0.74046795 0.1341673923)
(0.108160121 0.8230607819 0.1486003927)
(0.1236505544 0.7632176488 0.1441536647)
(0.4398395593 0.5293242592 0.08498959703)
(0.1967226248 0.786144239 0.05162143004)
(0.1783169694 0.8021221321 0.005455202279)
(0.209045792 0.7986962653 0.02912472507)
(0.1810885256 0.7765309607 0.08646651837)
(0.1825834461 0.7524048019 0.1247597223)
(0.1140855444 0.8143534374 0.03575073048)
(0.1827717184 0.8205093313 0.1135339444)
(0.1200189258 0.8324651963 0.01283080797)
(0.4255058245 0.5248017044 0.0060025236)
(0.4237899068 0.5170365936 0.005206541369)
(0.2440717232 0.8283759023 0.1470715404)
(0.4734890513 0.4818219948 0.004355373719)
(0.1693723099 0.8335094863 0.01876457075)
(0.1857000808 0.8161992289 0.07421799576)
(0.4706978883 0.4604177512 0.08678155279)
(0.4805442141 0.5021511112 0.1497382531)
(0.3939804287 0.5084670454 0.01159356632)
(0.2091752923 0.8094030841 0.1430261993)
(0.4168162037 0.4869215954 0.09153761397)
(0.3077397649 0.5668113775 0.1455794805)
(0.1746261349 0.8369436399 0.1562546312)
(0.1998021104 0.8194118605 0.08397026299)
(0.4582923475 0.4777495559 0.08183331041)
(0.1040104458 0.8557763052 0.0719895077)
(0.1632948843 0.757443557 0.08043138283)
(0.1890381555 0.8012644498 0.1128208365)
(0.4921390814 0.5000513385 0.1440977147)
(0.116040071 0.758778746 0.03703960484)
(0.2429745914 0.6896594682 0.1494893443)
(0.4669483156 0.4739908965 0.09107728194)
(0.1070055706 0.8225346832 0.04515776762)
(0.4701743067 0.5137043011 0.1377351209)
(0.1763951095 0.6584553652 0.07938556285)
(0.1514732104 0.825061942 0.005078207997)
(0.4439109926 0.5238057232 0.03379564033)
(0.2097801227 0.786622865 0.04153867262)
(0.4517110454 0.4668165472 0.1556091238)
(0.4280990614 0.5175281321 0.1369305448)
(0.504185698 0.4936872799 0.07103542246)
(0.1699414968 0.7666541871 0.02740999646)
(0.4834011939 0.5086427706 0.1013433422)
(0.02917216328 0.3921003856 0.07779141157)
(0.1840424115 0.8182726941 0.1511435442)
(0.09963868682 0.8012056353 0.06415055364)
(0.429630792 0.5238015495 0.01379625066)
(0.1816105709 0.7669143818 0.1560578998)
(0.1371308155 0.8415344877 0.003471307662)
(0.1836896669 0.8186560347 0.064112728)
(0.1309826847 0.7415533848 0.1531958073)
(0.1465789931 0.7603317159 0.02010306994)
(0.1793189076 0.7664138138 0.02748930308)
(0.4686423683 0.5639012019 0.1489015063)
(0.1068468489 0.785637846 0.0480436666)
(0.1704939258 0.8379264375 0.1246065221)
(0.07482589345 0.8004945636 0.04191415644)
(0.4444099042 0.4565539185 0.1038444194)
(0.1522568416 0.617442736 0.1047145621)
(0.09012677717 0.8190216309 0.008494575906)
(0.1690583908 0.3433746158 0.03763047862)
(0.4252643863 0.4629414739 0.1267646982)
(0.1712202394 0.8100367182 0.005123162171)
(0.479122399 0.5212808395 0.08033573253)
(0.4167898463 0.5048125159 0.04612849995)
(0.4721735355 0.4714251754 0.1094688295)
(0.1552199146 0.731607018 0.1298547629)
(0.4751420459 0.5529034916 0.1135347884)
(0.4267021541 0.5047740163 0.1309432682)
(0.169026402 0.7666487284 0.1322249099)
(0.1331789463 0.8355178478 0.1019829294)
(0.186388983 0.7160508646 0.1507988065)
(0.4316563395 0.4840084981 0.08312908957)
(0.137411964 0.7630588287 0.1202460514)
(0.1243166004 0.8297755976 0.1560549521)
(0.4766884511 0.4857595318 0.03779362354)
(0.1082790048 0.7839982328 0.1353338365)
(0.1675107761 0.8423211491 0.1427822094)
(0.1689209712 0.8334908955 0.1375769393)
(0.2023125345 0.8368455611 0.06289217801)
(0.1308104132 0.7650588154 0.1350668891)
(0.1639123698 0.7555714526 0.08655559701)
(0.1943150983 0.8056797982 0.0683308714)
(0.1979097639 0.8000287583 0.06927809787)
(0.4829602385 0.4995070242 0.1066619396)
(0.4911985885 0.4993811209 0.106139248)
(0.1055137579 0.7704674208 0.08615473162)
(0.4401016769 0.5276060965 0.04335129851)
(0.4297233254 0.634264694 0.1448142088)
(0.208948212 0.840383501 0.102024785)
(0.185637341 0.8268858432 0.09938121146)
(0.1068593257 0.7891642431 0.05328259243)
(0.2027908091 0.8056799833 0.08893904133)
(0.1920845392 0.7950666794 0.1137026019)
(0.1407866957 0.7551043092 0.1294264105)
(0.4445383954 0.03492795256 0.03645920492)
(0.1641875202 0.8360643471 0.1228761196)
(0.2192180117 0.7386410943 0.1376136297)
(0.1695863567 0.8517084646 0.02843054325)
(0.4296039995 0.5220646404 0.127393561)
(0.4298339256 0.4875423258 0.1411524366)
(0.03931119033 0.1753531461 0.1224563924)
(0.45293322 0.5239108532 0.1135236001)
(0.1883808365 0.7790561654 0.1238486724)
(0.1696255813 0.7658643157 0.1092566725)
(0.4622814627 0.5214233744 0.06810300673)
(0.1975405053 0.7939651711 0.004361849328)
(0.4236731901 0.4879785177 0.1106853934)
(0.4277494857 0.5078025845 0.1104185473)
(0.4707661734 0.4885029028 0.03810242612)
(0.41652809 0.5032266647 0.02170248461)
(0.1801882235 0.8243884782 0.02756249016)
(0.105528069 0.8299932379 0.07191960992)
(0.1450232201 0.8466580196 0.01021872314)
(0.1425663433 0.7518405011 0.08068298582)
(0.1817883745 0.8225383116 0.1330002594)
(0.5653377994 0.4348596371 0.1306531245)
(0.124992526 0.8436745286 0.02280571768)
(0.1485793608 0.7552528328 0.03885933419)
(0.08184007121 0.7962726875 0.05633036908)
(0.1861981116 0.7855760939 0.145914911)
(0.4812085207 0.5306880576 0.05141386168)
(0.1113046829 0.7960700276 0.01999252528)
(0.5223272313 0.4597540286 0.14126428)
(0.1868559157 0.7880499817 0.1274247463)
(0.4521882669 0.469120352 0.004902679296)
(0.4722018317 0.5081033778 0.04383941685)
(0.4885410508 0.5646265814 0.1456586151)
(0.50108488 0.5475249008 0.1429450649)
(0.1938552455 0.7963921061 0.09692396754)
(0.471909231 0.5087769145 0.01115373141)
(0.1492940166 0.8394641971 0.1181660898)
(0.4728519176 0.5220649506 0.02519320803)
(0.1766690404 0.8513247501 0.08682977538)
(0.1611774514 0.8371853213 0.1091845257)
(0.1419303755 0.7622284495 0.09312023644)
(0.1112626804 0.242423811 0.1006893096)
(0.4425033972 0.5284918346 0.06425484498)
(0.1050968389 0.7872500601 0.1560148584)
(0.1524255339 0.8391946406 0.08570397854)
(0.1713758793 0.755088353 0.08298081229)
(0.1642142458 0.8411012343 0.09409935872)
(0.1459040396 0.8492946394 0.1407347399)
(0.4812140453 0.5048578454 0.155385837)
(0.1155533824 0.7822567207 0.06912282032)
(0.412575862 0.4923189437 0.0515150958)
(0.429194787 0.4579258217 0.03515177817)
(0.1087991795 0.8144695791 0.04862062324)
(0.4621482617 0.5295519425 0.1077913276)
(0.1918193783 0.8303471989 0.02390316033)
(0.1120909366 0.8233899385 0.03493191094)
(0.1326927974 0.7604197779 0.003921343696)
(0.1970779862 0.7818801006 0.08183349332)
(0.1452361209 0.7617712217 0.08223027649)
(0.2037360321 0.7907326062 0.1345645214)
(0.3391920105 0.412176096 0.1434563337)
(0.1809816599 0.8360374054 0.1097512625)
(0.4154048525 0.4971143082 0.07865027632)
(0.05865968307 0.8465303726 0.140837794)
(0.4857509336 0.5068339912 0.01185968452)
(0.1927331087 0.7872879032 0.1147235615)
(0.4725012894 0.5078177445 0.0986906264)
(0.1608592705 0.8373235314 0.07740424232)
(0.4148492705 0.5919564839 0.1493538367)
(0.1159184705 0.8189112671 0.07948816826)
(0.1779131736 0.8343207378 0.09150996226)
(0.4251349962 0.5424853113 0.1529263135)
(0.4243453409 0.5319627804 0.05725464211)
(0.4556861286 0.4768360552 0.0428122443)
(0.1206207216 0.7743958931 0.07048348438)
(0.1037092074 0.7981117111 0.1279824292)
(0.3416997588 0.6086757183 0.07306936476)
(0.4255897654 0.4981009547 0.0709375793)
(0.4373595421 0.9050894976 0.08455059164)
(0.4260562571 0.4804282408 0.08555830931)
(0.4216412672 0.4891528534 0.0957931801)
(0.4697523114 0.486648668 0.1317688689)
(0.1402212428 0.7520168841 0.03297592402)
(0.4645691681 0.5188118595 0.02718293289)
(0.1202724711 0.6962117405 0.02510299195)
(0.1183764364 0.7597960361 0.02635624842)
(0.06614224268 0.8885630101 0.07513227863)
(0.1564545757 0.750470424 0.1199848595)
(0.1441217679 0.7614611565 0.1046201471)
(0.1622608401 0.8443135174 0.1553159811)
(0.1339419833 0.835955657 0.08065377405)
(0.259542117 0.675984865 0.1024854295)
(0.1720700306 0.8436627465 0.005563980959)
(0.1445151844 0.3269880361 0.0841327616)
(0.3758428525 0.5192574962 0.124451549)
(0.2383944199 0.496112063 0.07132254283)
(0.4594305093 0.541136517 0.1221992068)
(0.4837634265 0.4833880848 0.08968554491)
(0.1682547365 0.7649278941 0.1475032531)
(0.1227706918 0.8292026706 0.1383315275)
(0.2135741642 0.8766832892 0.1443202732)
(0.1330167225 0.7574284498 0.1558418663)
(0.4734366912 0.4770543434 0.1556855833)
(0.08206468676 0.5315735881 0.1333996858)
(0.441089752 0.3673949658 0.1034517454)
(0.1038326738 0.8070612288 0.03361498589)
(0.3983438707 0.5296965377 0.08109853712)
(0.4469383364 0.5327708367 0.1032411195)
(0.4427637828 0.5364547418 0.1018477021)
(0.4626090773 0.5204375277 0.04806287919)
(0.1983109905 0.6596733277 0.1132793272)
(0.1442753184 0.845501597 0.1206280528)
(0.2538086962 0.2158527891 0.1308846221)
(0.1115377633 0.7917786216 0.01146496654)
(0.5218223545 0.2060054962 0.03592021273)
(0.4711133101 0.511498187 0.07814703454)
(0.402827331 0.473519186 0.05669664771)
(0.1586407457 0.7727337862 0.005090013597)
(0.1291856471 0.7678648543 0.1246864895)
(0.4518086529 0.5372217227 0.005484871847)
(0.111317827 0.8049081601 0.1116442149)
(0.3421701378 0.5773664639 0.1473022295)
(0.1565553545 0.8391958831 0.04663664513)
(0.03022084057 0.7787101535 0.1059860911)
(0.1112496289 0.7961664798 0.1093182219)
(0.485081544 0.5175113384 0.07030531721)
(0.1600810607 0.8681207422 0.111431992)
(0.1650702436 0.8722275208 0.09447435703)
(0.1262622458 0.5144984625 0.1352855568)
(0.4224764607 0.5095570156 0.150274568)
(0.1902229687 0.7794102547 0.02774766414)
(0.1670162672 0.8348146709 0.09324013492)
(0.4692988542 0.5229228418 0.1483706825)
(0.1115933338 0.8021202738 0.03808722227)
(0.1733639724 0.7693353321 0.1394144632)
(0.1274642725 0.5047859143 0.0844423411)
(0.1445376462 0.7904292276 0.005305597793)
(0.2016611649 0.7962527954 0.05218401178)
(0.2355235397 0.08237362115 0.1294914613)
(0.1462836974 0.8456508218 0.1559030071)
(0.3189334962 0.2995527011 0.0345155087)
(0.1741773424 0.7585724816 0.1495822761)
(0.16999791 0.8422372254 0.03652298187)
(0.1129800273 0.7624204635 0.112659646)
(0.5156202235 0.1387828525 0.1217615034)
(0.1361200841 0.8565768993 0.100161351)
(0.1746719968 0.8497004047 0.1323098527)
(0.1150676473 0.7607324806 0.0588758485)
(0.4123101137 0.4877536879 0.06740050683)
(0.3170347135 0.6770054225 0.09235249782)
(0.09893558904 0.8178244038 0.09977979818)
(0.1346817314 0.7644771481 0.08134214289)
(0.2366570363 0.03134713155 0.08153943736)
(0.0873793646 0.8068886473 0.05235691251)
(0.1534738272 0.8462893811 0.004060793634)
(0.1564564565 0.7619204492 0.03975328059)
(0.1286898001 0.7674341045 0.03762320174)
(0.5120207874 0.4155048625 0.1415169001)
(0.4642682983 0.473457632 0.003902675773)
(0.4368875571 0.5275412375 0.0272315002)
(0.1516947552 0.7498320169 0.02168593667)
(0.4489003396 0.2680592118 0.1337015463)
(0.1682548907 0.765687764 0.03504904782)
(0.1189022085 0.7760297346 0.01056667012)
(0.1322145958 0.7656021812 0.142366272)
(0.4780065742 0.539414749 0.04985982544)
(0.3983856212 0.1457901295 0.1271829894)
(0.400789682 0.5049302875 0.05139093508)
(0.363866441 0.1703965735 0.07285566165)
(0.4205161076 0.4915484788 0.09041378109)
(0.1911373572 0.7071297991 0.06472495223)
(0.1074277544 0.8135980436 0.1424020599)
(0.1761491282 0.7623083301 0.08785712942)
(0.1725754369 0.7574449637 0.08992846173)
(0.1367909725 0.7638213173 0.03984958179)
(0.4592664979 0.4778206468 0.03014044264)
(0.2350144882 0.7166107925 0.1065570423)
(0.573861614 0.5071602742 0.09423874203)
(0.1502374839 0.7557194728 0.004310088838)
(0.1887213716 0.7786826582 0.01334761003)
(0.1940234972 0.7768169049 0.01018005259)
(0.1330982736 0.843031577 0.06958161587)
(0.3334677253 0.7809780382 0.02939221435)
(0.1956087106 0.7749118085 0.07234208286)
(0.1438391503 0.7618186418 0.07785096516)
(0.3332099346 0.3416773691 0.07802716006)
(0.1032434874 0.8022770236 0.009950985536)
(0.4890299346 0.49107587 0.09658939945)
(0.2137849164 0.9504457229 0.1364180136)
(0.3849932294 0.5206623704 0.1504168705)
(0.1653278258 0.7583117996 0.06268729978)
(0.1011738277 0.764432982 0.138416498)
(0.317141227 0.589237404 0.1474743078)
(0.1595390093 0.8463199337 0.06911059441)
(0.1112309618 0.8036660863 0.08197020373)
(0.375166856 0.03083614347 0.08469972438)
(0.09134667449 0.8010125687 0.1353583912)
(0.4440581537 0.4693700458 0.04607893326)
(0.4514210099 0.4641800679 0.11200309)
(0.2329449782 0.8529297622 0.06454586138)
(0.1243203076 0.8366871758 0.06875329079)
(0.09890503168 0.7948170733 0.004272666714)
(0.1165472297 0.8294717011 0.003872791653)
(0.1247290256 0.7710556775 0.122093896)
(0.1804985144 0.7765081322 0.06935871622)
(0.4558552525 0.5227654923 0.04339677752)
(0.3738258103 0.5364182735 0.1490725266)
(0.1083502727 0.7822324703 0.02829812235)
(0.1987702567 0.7934183424 0.06863041196)
(0.4842013814 0.4939632771 0.1481478683)
(0.1028552762 0.7846071205 0.05432185742)
(0.1946618326 0.7965649656 0.0887085752)
(0.1614289513 0.8370544982 0.0320982554)
(0.1867546736 0.8125752929 0.0454828802)
(0.4776104714 0.5079325761 0.02474702141)
(0.1101579527 0.7693220999 0.1146457895)
(0.1556860731 0.7616216302 0.05755383369)
(0.4705225599 0.4876157689 0.09390623889)
(0.4678686473 0.4826429673 0.09575219873)
(0.4578096286 0.0768321648 0.1278677986)
(0.4261998457 0.4983074957 0.1117158781)
(0.4657265857 0.5182942832 0.0582451226)
(0.1632919846 0.6632088992 0.03523545271)
(0.1031053311 0.8002659886 0.06841949727)
(0.1849760364 0.7726227287 0.01706659281)
(0.1778250003 0.7730899578 0.1329188235)
(0.3003327683 0.7385726307 0.1445232195)
(0.148274169 0.7474243036 0.1395938061)
(0.1065931355 0.8521962678 0.01000228552)
(0.5164150446 0.2509505814 0.08730399855)
(0.462202917 0.495554696 0.00523633639)
(0.4239178738 0.4857342741 0.04076259064)
(0.1610919513 0.850450257 0.1195457884)
(0.1568505531 0.837760991 0.05174465542)
(0.1564442775 0.8432350314 0.1506106725)
(0.1199496981 0.824341087 0.09155758365)
(0.1167889901 0.8269287858 0.01514468805)
(0.4202394232 0.5240585726 0.137111877)
(0.1547656107 0.749370053 0.1431620315)
(0.1668264194 0.7549966358 0.05602499305)
(0.4310266483 0.5265709887 0.09855394488)
(0.4272445157 0.5250551768 0.1020988288)
(0.4771207154 0.4919103265 0.06850901259)
(0.4546282275 0.488163589 0.00550742771)
(0.2308568248 0.8723797833 0.1153318465)
(0.2954775599 0.526042207 0.09251707648)
(0.4871928711 0.520782408 0.1357782222)
(0.4363157878 0.4698758964 0.1305560798)
(0.1503451105 0.7543487207 0.1285925394)
(0.1046373033 0.7792517068 0.05347335651)
(0.4206795676 0.4789497046 0.06988669631)
(0.4259922485 0.4770535093 0.06999266973)
(0.4819111275 0.5186146303 0.05846016803)
(0.1791718123 0.8469208702 0.008063700767)
(0.4638139874 0.5197623136 0.01107553542)
(0.1100816675 0.7759417829 0.1152855159)
(0.4688143042 0.4775286408 0.03027919426)
(0.4663932482 0.4601612735 0.1218599972)
(0.4667788384 0.4545038976 0.1301174746)
(0.4646932683 0.438470342 0.1299177382)
(0.5715816255 0.7973704086 0.1160198305)
(0.3913319847 0.626771356 0.1490664817)
(0.198626214 0.7998439551 0.07596869999)
(0.1960009857 0.7960377023 0.07347139063)
(0.4401152236 0.3131681949 0.03742656912)
(0.118146308 0.8392104248 0.04921013991)
(0.1677868674 0.4460754306 0.07481523228)
(0.2427260045 0.6764294666 0.1222560107)
(0.3797382682 0.02961306832 0.1310836134)
(0.4158622758 0.5208392701 0.1065377993)
(0.4088439277 0.5257457352 0.1019817761)
(0.2343760323 0.4831139261 0.02866933305)
(0.1860777047 0.76282877 0.0303790596)
(0.1125493541 0.7714229149 0.02777506729)
(0.1534055665 0.7609626431 0.07806160654)
(0.1846204165 0.8338144014 0.06225189173)
(0.182285721 0.8310845183 0.05754310546)
(0.4332723857 0.516865282 0.05000554457)
(0.1382128793 0.7574316879 0.004794366144)
(0.148966332 0.7610011195 0.03724802639)
(0.2344458636 0.7746483123 0.1509267145)
(0.2000097023 0.809429081 0.07618928653)
(0.2079614192 0.8093267891 0.07634027524)
(0.4743473372 0.5071199765 0.08577786108)
(0.2131200461 0.7675671163 0.1397495689)
(0.483182296 0.4392667404 0.03437448805)
(0.4811463546 0.4886696463 0.08857511314)
(0.1811857301 0.7690358241 0.08182373216)
(0.3153172768 0.7626857636 0.1433507276)
(0.4453407759 0.465503047 0.06805421104)
(0.4419178204 0.4608309007 0.06520746227)
(0.1053421217 0.8037102583 0.06403737384)
(0.4295612329 0.4693843197 0.04988415027)
(0.4247259589 0.4634578183 0.05328487781)
(0.4791779832 0.4958754668 0.04405342065)
(0.4512556337 0.4699718056 0.03994146791)
(0.4307899196 0.4777197912 0.0956320487)
(0.1029249535 0.8169367709 0.0242329337)
(0.4091318801 0.4825873322 0.1441195849)
(0.1244462323 0.8403406909 0.08103593999)
(0.1545943731 0.2217760103 0.03489274326)
(0.4160675809 0.4678689599 0.1532749908)
(0.3860313357 0.9329010073 0.1320086887)
(0.169357496 0.7664410275 0.1176585213)
(0.5560887116 0.7174978587 0.1307582769)
(0.448006654 0.4699767526 0.09948475558)
(0.4529611772 0.46433298 0.100542768)
(0.454092001 0.4608431459 0.0942076586)
(0.188446741 0.7927283397 0.1269227223)
(0.4465287212 0.523440572 0.1390394358)
(0.4351617211 0.4723811864 0.06206754702)
(0.4299612775 0.5303645064 0.004601314736)
(0.1915959634 0.7453964474 0.05346847874)
(0.151233382 0.844714068 0.04309484793)
(0.4661270398 0.5246064453 0.1214547061)
(0.4746769664 0.4842968577 0.009909546755)
(0.4204863983 0.4928808895 0.1498141162)
(0.41607883 0.4894009924 0.1494795083)
(0.1824887017 0.8304541994 0.1348649776)
(0.438487776 0.4716444396 0.07623033046)
(0.1925621236 0.8135988091 0.04158073027)
(0.4433702601 0.5280547061 0.04745675278)
(0.4418595454 0.533277343 0.04542104672)
(0.4480056885 0.537525785 0.04521738611)
(0.4456154462 0.5286344329 0.02017351765)
(0.4815215728 0.4987318273 0.1553735463)
(0.1566556909 0.7488923447 0.03488277986)
(0.1054876295 0.7773046858 0.1386340442)
(0.4409886415 0.4781185643 0.08155989451)
(0.1128903596 0.8120036742 0.0521827953)
(0.1088915028 0.8217045644 0.08266880264)
(0.2077184638 0.8587623596 0.07292423164)
(0.1817369763 0.8308440528 0.1121169876)
(0.459000426 0.5295703882 0.08908236625)
(0.4300597402 0.5261163077 0.03313653921)
(0.4651103211 0.5647317304 0.01237294546)
(0.4661202431 0.5249718312 0.02005142501)
(0.4626842907 0.5284596297 0.01680996716)
(0.4679979854 0.5274384934 0.01479131315)
(0.4696927541 0.4760264788 0.1492189634)
(0.3328684132 0.7982378219 0.1417756298)
(0.1754606403 0.8205702993 0.005281663449)
(0.11364049 0.826555765 0.08308078835)
(0.456958042 0.4613508251 0.06719442362)
(0.4575718615 0.4632093506 0.0727103209)
(0.4354776363 0.4640308544 0.06069224006)
(0.441836889 0.4613462702 0.05862572878)
(0.4145788613 0.4860876478 0.01390997896)
(0.1426952061 0.7546406253 0.049415288)
(0.1115570407 0.7920665424 0.0722629476)
(0.1881487985 0.8225966492 0.08498213782)
(0.1889550951 0.7975508665 0.134834379)
(0.4783417982 0.5336606556 0.1041854048)
(0.4792553289 0.5455056497 0.1010533211)
(0.1798532651 0.8338683325 0.03665916906)
(0.4693975406 0.4759377311 0.1238879816)
(0.4606154549 0.5429260873 0.02061526553)
(0.4712505503 0.5109555854 0.03190300248)
(0.4307317874 0.20897715 0.1296606848)
(0.1868559057 0.7708974388 0.1546935087)
(0.4426874929 0.5233269236 0.01968320981)
(0.1616356063 0.8372287851 0.1000040897)
(0.1945088318 0.7972680688 0.01706127173)
(0.1084723225 0.7792652892 0.04549165153)
(0.449125773 0.5365403149 0.02741847562)
(0.1006083951 0.787283191 0.1058289246)
(0.5704386865 0.3106672838 0.09221473035)
(0.3369694989 0.5888948904 0.03089017872)
(0.4862849493 0.502715381 0.07128964782)
(0.1138826503 0.8138457101 0.06509064727)
(0.2047921498 0.8372615812 0.07717659205)
(0.2135770172 0.8321443218 0.1242175937)
(0.1877780504 0.8282716002 0.01819815475)
(0.1279610935 0.8451619961 0.05102678495)
(0.3648657283 0.5510808998 0.07632711722)
(0.1182905052 0.8318629815 0.1424911087)
(0.3692372057 0.5364807275 0.1128783571)
(0.1094446393 0.7837233533 0.1252207893)
(0.1019295245 0.7833355916 0.1264618616)
(0.1055861262 0.747964838 0.02802966568)
(0.5236924115 0.6427007885 0.0855825064)
(0.4725632581 0.4673525927 0.009600334319)
(0.1661430697 0.9649829162 0.1298822476)
(0.140876673 0.846974754 0.01963577692)
(0.4332905116 0.45675595 0.1004043824)
(0.445110045 0.4768143875 0.05237604043)
(0.4884646552 0.4423568776 0.0572661849)
(0.1887374685 0.8074115485 0.07914330296)
(0.07661178712 0.5489812174 0.03453282536)
(0.4762091507 0.5134808039 0.07519068037)
(0.4780387014 0.4915182745 0.0971311076)
(0.199035287 0.8244031355 0.1541293813)
(0.4515962071 0.4653214315 0.05840538027)
(0.4142034414 0.3319183052 0.08104913952)
(0.4543368727 0.4791648874 0.004403819611)
(0.1852770692 0.7833161065 0.05957757599)
(0.4765613712 0.5129514521 0.003953982309)
(0.1692858151 0.8334057075 0.02523018776)
(0.1703287871 0.7668430101 0.04203464694)
(0.1336597776 0.845062129 0.1039270317)
(0.3394944081 0.5340767023 0.148281859)
(0.467084656 0.5243723305 0.004384369526)
(0.1590510784 0.7617387798 0.07508650654)
(0.1949606678 0.8022001428 0.06371747398)
(0.1788799036 0.8341727946 0.142874407)
(0.2092250055 0.7880297544 0.1078653641)
(0.1165318601 0.8298336622 0.1097653026)
(0.4683455116 0.4636591088 0.105178935)
(0.4358960697 0.5317511572 0.1490935631)
(0.56596606 0.5552702413 0.03094345981)
(0.1891786047 0.8206835469 0.06162844822)
(0.1861816897 0.8160811796 0.06107612025)
(0.1482131847 0.8447020146 0.129645533)
(0.4205784198 0.4752483458 0.1211274586)
(0.4120777992 0.5040421136 0.1300809299)
(0.152096855 0.7548971046 0.04885086035)
(0.4510776273 0.3993287106 0.1015643123)
(0.3383892586 0.3755445767 0.1363103611)
(0.3024246215 0.2325358726 0.0803264371)
(0.4635434067 0.4790962978 0.1497245614)
(0.1437331386 0.761650785 0.030537417)
(0.4166731365 0.6750435697 0.1129503011)
(0.5252098983 0.5919218262 0.1408819145)
(0.1752799553 0.7703166289 0.0253320142)
(0.1068850442 0.7953221356 0.1015332066)
(0.1468746563 0.7536078905 0.02832351956)
(0.1886488744 0.7911713751 0.1167255474)
(0.4234946022 0.4670011799 0.1110459802)
(0.4281895058 0.4613137335 0.1159722477)
(0.4636021385 0.4799899423 0.02710999664)
(0.1518784348 0.7610069275 0.04744748988)
(0.1047714382 0.7554214628 0.1126637468)
(0.1732665223 0.768312716 0.06061952552)
(0.2391995392 0.7348093601 0.135374394)
(0.147444363 0.7419434051 0.06310773729)
(0.1569003074 0.7411955434 0.06729870377)
(0.4492059132 0.5365187491 0.01190660037)
(0.1985274231 0.8125123068 0.02477903456)
(0.3528467351 0.6269463098 0.148969486)
(0.1775665272 0.8360060628 0.1268640098)
(0.4747164226 0.5179214638 0.1503279482)
(0.3980726375 0.5940135411 0.09864229815)
(0.1611257168 0.8370949628 0.1396161041)
(0.282854007 0.8014959811 0.1462921301)
(0.1970786329 0.7949069162 0.1423749425)
(0.4094506069 0.5684278374 0.1513209344)
(0.1879416508 0.8056255187 0.05924421456)
(0.1256422153 0.7629056594 0.01005595511)
(0.1872131146 0.8118104291 0.07711545164)
(0.1965200319 0.8708631866 0.05500048134)
(0.4847487952 0.51129286 0.05165331369)
(0.1078019982 0.7814403247 0.01596381029)
(0.4777861005 0.4905105882 0.0564726786)
(0.1198191816 0.7477471711 0.03518269091)
(0.2702704408 0.8125937265 0.06881313641)
(0.4467225917 0.08423841342 0.03282903156)
(0.1989208698 0.768170605 0.140710608)
(0.1249758328 0.7697585895 0.06287534678)
(0.4650792698 0.4753203175 0.04556162038)
(0.1205289957 0.7737510154 0.1483790039)
(0.1046971042 0.798610273 0.04538890781)
(0.1676147093 0.8215719118 0.004585650121)
(0.3910977453 0.6248648751 0.02901598541)
(0.1566208667 0.7615530358 0.1164307738)
(0.1946536812 0.8027143085 0.02780009915)
(0.4687743336 0.4640289793 0.01521875176)
(0.0659148242 0.7780376066 0.07316741235)
(0.1496406833 0.8393053391 0.08023701965)
(0.1010777936 0.7939382357 0.1260344833)
(0.3641162875 0.2703045471 0.09411176586)
(0.4582437684 0.5219497913 0.02694383471)
(0.1112984872 0.8232586047 0.04960927844)
(0.4671172037 0.3073589844 0.1381677964)
(0.0978230065 0.7734837564 0.03138808365)
(0.4073409151 0.7781212499 0.1413366622)
(0.4697566345 0.5251603776 0.02910989216)
(0.1195232307 0.7673974153 0.05216961327)
(0.1802213464 0.8120705183 0.005103634568)
(0.4144642546 0.4814182804 0.1554820112)
(0.11377995 0.7725753034 0.09190445068)
(0.4741276645 0.4992365129 0.09975141971)
(0.426626282 0.4944756822 0.08447704443)
(0.1392385574 0.7138830847 0.02073089779)
(0.1938045914 0.7898098198 0.05563240675)
(0.4660719578 0.5171824547 0.04331582347)
(0.4372145028 0.4684720025 0.04324700008)
(0.1588208462 0.8511301385 0.004866706622)
(0.1186861708 0.8351075461 0.15573165)
(0.1629189765 0.8423827302 0.06218012735)
(0.4341860933 0.4745872237 0.042069355)
(0.1576228801 0.8380970874 0.02562421161)
(0.4168789009 0.5501959456 0.09704791588)
(0.1775985722 0.7593426564 0.117709724)
(0.1144338177 0.7731716706 0.1243380612)
(0.434320289 0.4715657273 0.04666877737)
(0.128434252 0.8464394663 0.08244367664)
(0.1325877788 0.853235589 0.08365472925)
(0.4793377866 0.4032977699 0.1067423653)
(0.1466021392 0.7614410431 0.1328214026)
(0.2968694775 0.5459970447 0.1467516362)
(0.1522693894 0.8458115798 0.1563098861)
(0.1361585761 0.7627806849 0.07186424106)
(0.4706625174 0.5273807631 0.02366124914)
(0.4722155508 0.5340269592 0.02380888127)
(0.4085500626 0.5131043784 0.05424953585)
(0.1298427066 0.7569960972 0.1383411222)
(0.342978931 0.6976720258 0.03117456935)
(0.135768884 0.7628303848 0.08590709989)
(0.1846581902 0.7828232822 0.1171408286)
(0.1723181303 0.8636562255 0.1162283976)
(0.4674714444 0.4831630777 0.1064400719)
(0.1159867545 0.768263229 0.038221869)
(0.1045744425 0.8025721047 0.1123337368)
(0.4076412635 0.4950980217 0.04440901788)
(0.1316303992 0.7653442518 0.1490689839)
(0.1744780267 0.8363905505 0.1166347867)
(0.172356107 0.7302533121 0.1367867858)
(0.1802435861 0.7565416984 0.02139382692)
(0.1848717111 0.7517317807 0.01665549636)
(0.4863293557 0.4839532977 0.09742658972)
(0.1764678696 0.8355907617 0.04544144149)
(0.1201746499 0.7750144188 0.04767649389)
(0.119510196 0.8310909308 0.02721175097)
(0.4868622028 0.4838939585 0.03404761582)
(0.4741666182 0.4964222873 0.07222077647)
(0.3061506339 0.7833814174 0.1052499669)
(0.09440913617 0.8024764789 0.03691072896)
(0.4743324807 0.4553834856 0.06141958961)
(0.3490650667 0.2177140799 0.07983290525)
(0.1866968217 0.7616622598 0.08897152495)
(0.4862121138 0.4865079633 0.07294713098)
(0.4288393712 0.4895931236 0.07284647826)
(0.4202381683 0.4697309571 0.06789428971)
(0.4105784496 0.471014786 0.07094436021)
(0.411487987 0.5239469563 0.1378049509)
(0.1565163996 0.8461007883 0.04961858512)
(0.4546524649 0.470086753 0.1327714)
(0.4660947914 0.6102476605 0.1454702841)
(0.1248779019 0.8503627415 0.07715757521)
(0.1149910707 0.78198244 0.1411827138)
(0.4397493533 0.4648960761 0.0982101966)
(0.1331270942 0.7547784298 0.03879817748)
(0.4512804958 0.4625090061 0.07278797892)
(0.4632337827 0.5333822584 0.02360568914)
(0.3199565788 0.1843073802 0.1313390738)
(0.1206798496 0.7676990956 0.03461963757)
(0.1848443612 0.8166819621 0.05554738972)
(0.4763516201 0.4555853905 0.101336104)
(0.1774879259 0.7716012787 0.1156422361)
(0.4844680879 0.4793485592 0.01748408138)
(0.1382157737 0.7314874022 0.1056481128)
(0.345861311 0.4482005361 0.09471912853)
(0.312515129 0.5055782944 0.02308123386)
(0.1606745449 0.7623182563 0.1410452831)
(0.1330929902 0.7575839246 0.1041746303)
(0.14384796 0.8396253119 0.06656429133)
(0.1377744351 0.7683535861 0.00500904412)
(0.1986287731 0.7745015528 0.005800869163)
(0.4659975931 0.5176691632 0.09126317961)
(0.1636981212 0.7629813403 0.1489917512)
(0.3649547542 0.6110014697 0.1187874413)
(0.4206291853 0.5180952468 0.1287931792)
(0.2385103735 0.3845516043 0.1389825778)
(0.4779718921 0.4891437456 0.03292635315)
(0.4205883981 0.494750729 0.08189980662)
(0.4780350778 0.5083239305 0.03998577005)
(0.04009335062 0.7280058331 0.1306357259)
(0.2176791913 0.8539348784 0.1280421402)
(0.1243942941 0.8289024637 0.01705462521)
(0.1420695932 0.7457420152 0.1157594973)
(0.4425709228 0.4718355312 0.1449672321)
(0.171729017 0.7647077726 0.06838853589)
(0.4516160848 0.4688437762 0.04616869307)
(0.4224638095 0.5124474039 0.1189027539)
(0.1114199295 0.7920634435 0.123053767)
(0.1156080117 0.8174285749 0.04515239769)
(0.1871499008 0.8124266096 0.06583761511)
(0.3509636422 0.6855344663 0.1174494234)
(0.3456079393 0.3179962741 0.1337815722)
(0.4438639533 0.465495909 0.0517672283)
(0.4394706309 0.5208732406 0.1408122231)
(0.4497397564 0.1656909407 0.03517162651)
(0.5193886436 0.2407840186 0.1301130213)
(0.4788010416 0.5064304115 0.1257599043)
(0.1495004977 0.8444743249 0.08842571538)
(0.1580758729 0.8528786708 0.06902815953)
(0.187296739 0.8279531715 0.1101688211)
(0.4528030254 0.4604029241 0.1454186436)
(0.1085661496 0.7800730378 0.104791689)
(0.1318483668 0.7658052851 0.05641313157)
(0.09181873699 0.7893690623 0.05436747943)
(0.450925165 0.5242912357 0.1199780295)
(0.1652320778 0.8416786172 0.1103262283)
(0.115888725 0.8193435052 0.03221433006)
(0.1315530611 0.03053224275 0.08412184326)
(0.4357963236 0.4752738867 0.03641717523)
(0.1844173733 0.8174004385 0.1229815253)
(0.4977597829 0.4824385849 0.08632156689)
(0.5086613187 0.4882254815 0.09689182576)
(0.1469308995 0.850418266 0.06902842058)
(0.1547138915 0.761386138 0.06779747185)
(0.479759556 0.4770511731 0.08693420642)
(0.1788875362 0.8261138534 0.05558569264)
(0.1503192026 0.7412850496 0.09239330959)
(0.175172864 0.7522739706 0.0869245521)
(0.1761201736 0.8389121754 0.004410864402)
(0.4317987775 0.5233731695 0.08944091058)
(0.07252128991 0.7216375193 0.07289067842)
(0.09890758031 0.8303671048 0.1177370435)
(0.09136600715 0.8221877725 0.1214270476)
(0.4662510933 0.517438338 0.06369631956)
(0.4576754582 0.5220916923 0.1255948218)
(0.1560028808 0.7551989767 0.03197783371)
(0.395004062 0.4757227843 0.1073977221)
(0.1278836339 0.7597153904 0.08402323618)
(0.4297887939 0.52123523 0.0676246223)
(0.1508103874 0.839076083 0.133255001)
(0.4600065133 0.5281361554 0.1560618978)
(0.1248836836 0.7566711833 0.06464834266)
(0.3451971378 0.730786609 0.1188668991)
(0.4259475663 0.5035295558 0.05199234376)
(0.4733546895 0.5425850211 0.08196572037)
(0.1951071113 0.8171970217 0.04605250064)
(0.4292705095 0.1573571779 0.08615457803)
(0.1777517099 0.772854214 0.1425540245)
(0.3859794297 0.5608199437 0.1304649494)
(0.112513193 0.8087061193 0.07962650934)
(0.4749664683 0.7070994621 0.1371247376)
(0.1688578042 0.8414478397 0.05381564997)
(0.5101707055 0.5638139466 0.1054201632)
(0.1569973861 0.83863494 0.040028473)
(0.448774883 0.4763171866 0.07913129448)
(0.1091156841 0.7732424083 0.00489182623)
(0.5728002545 0.4747642455 0.06397127337)
(0.1514678006 0.7487098637 0.1291900849)
(0.1883776139 0.797236515 0.02992065604)
(0.4126666218 0.4999161076 0.1249371633)
(0.4284103108 0.5104793603 0.07949201979)
(0.1152864417 0.8286658164 0.04444745135)
(0.4267650567 0.495858382 0.1438292343)
(0.4264577977 0.5043346896 0.08872855285)
(0.2312554793 0.7073680144 0.1303005195)
(0.1376431102 0.8431177229 0.06848675641)
(0.1632886157 0.8706831899 0.01820731714)
(0.4346023673 0.4642831616 0.155660946)
(0.4658847834 0.482462368 0.1407810935)
(0.1657721044 0.8353659084 0.04561195486)
(0.4141319777 0.5018575678 0.0998014033)
(0.4354321715 0.4663037695 0.1248980874)
(0.4235883156 0.5148683709 0.01928405996)
(0.2005866398 0.7503830168 0.1530006965)
(0.417900445 0.5162033026 0.07435121564)
(0.03314211253 0.6504142318 0.1317235225)
(0.1139639087 0.7663486677 0.1553402839)
(0.1107893919 0.799202972 0.003774909658)
(0.4202114424 0.4986634061 0.02089311268)
(0.4171244941 0.4950758667 0.01826199351)
(0.1919377002 0.7885776289 0.02547818981)
(0.43789929 0.5212066678 0.04398141363)
(0.1076231091 0.8064636025 0.01021696506)
(0.1523170576 0.8387119794 0.1245048002)
(0.4661944105 0.4670522475 0.06922592349)
(0.4218451595 0.5243055492 0.09852966935)
(0.4833688517 0.4978804629 0.06126651997)
(0.1135988313 0.761534412 0.03206028147)
(0.1460149312 0.8089555212 0.00470499662)
(0.09095595257 0.8007020134 0.006241242379)
(0.1287648239 0.7879343014 0.005026681879)
(0.02885761876 0.8710870031 0.03588086253)
(0.1498193169 0.3405740984 0.1325038856)
(0.2327147314 0.4436801069 0.1422495293)
(0.4280808682 0.4748262107 0.02572816806)
(0.4368438378 0.4803028449 0.05154656191)
(0.1423898291 0.7555019898 0.1069799503)
(0.1880501187 0.7727870478 0.1443065221)
(0.4265680128 0.4999128776 0.0595648804)
(0.1822761825 0.856544606 0.1392445565)
(0.1142008507 0.7759993215 0.08674823145)
(0.298177435 0.28003852 0.0954861148)
(0.4374406345 0.4722895807 0.06995016204)
(0.45204893 0.4760201502 0.06240004577)
(0.1949444097 0.7933603553 0.1275294899)
(0.1888751443 0.820081806 0.09202467103)
(0.1329562138 0.7647262187 0.01784038734)
(0.4212160853 0.5158882262 0.0836741159)
(0.156711178 0.8621618654 0.1246315397)
(0.5210365568 0.0852609974 0.1289008355)
(0.1118817073 0.7892176032 0.04945662455)
(0.1693612193 0.7487296159 0.03143296029)
(0.4233243599 0.5110839924 0.1249945513)
(0.1052852664 0.8049431543 0.1465171269)
(0.09963038337 0.7915845011 0.01434970716)
(0.1891341944 0.8322567034 0.1204957437)
(0.09914382084 0.8099060677 0.09549779342)
(0.09985614738 0.829246959 0.02039926727)
(0.2073665642 0.8197535702 0.006952570222)
(0.4744097121 0.5002670834 0.05760110398)
(0.4788573655 0.4965531157 0.01715607298)
(0.1903920866 0.7645332184 0.01362028801)
(0.466704585 0.5181296471 0.01492400162)
(0.1750943851 0.7863092988 0.005285529041)
(0.1540615551 0.8520349745 0.09509808162)
(0.4024362273 0.5372599716 0.1372869653)
(0.4173204666 0.4889551137 0.01922325666)
(0.1154352438 0.7829918797 0.1120956388)
(0.1213139666 0.8260659128 0.1119663045)
(0.5145349526 0.5214177817 0.05103790812)
(0.3985317166 0.548277684 0.1202912653)
(0.4704382543 0.524222844 0.01143824337)
(0.5734995342 0.5422491135 0.09139937586)
(0.218927891 0.8767588572 0.02295181321)
(0.04315850783 0.8170573981 0.1423404454)
(0.3729634061 0.7176659524 0.02702078198)
(0.09412688351 0.5953576452 0.0910379129)
(0.1790274304 0.8265310245 0.1457979315)
(0.4269365132 0.4815785395 0.1194648905)
(0.1933498241 0.8103476086 0.08089722395)
(0.1317336589 0.8369510158 0.1312387132)
(0.2257560776 0.6490881465 0.1223268973)
(0.4411153276 0.5389346865 0.1548490772)
(0.4486950179 0.5421836033 0.1550074682)
(0.1556670013 0.761656186 0.128919659)
(0.1035295888 0.7775454505 0.09572622384)
(0.2464220993 0.3197930008 0.09344231923)
(0.1094647994 0.8134178759 0.1485314053)
(0.190356947 0.7833965062 0.0323935248)
(0.4336079233 0.5533102431 0.01740439196)
(0.111233944 0.80214073 0.01726108901)
(0.1733517039 0.7687205879 0.09510117419)
(0.4186786316 0.5005825861 0.07588190667)
(0.03556537466 0.9302254787 0.08109794905)
(0.1601825742 0.7628281714 0.09019803349)
(0.3924940817 0.9171580252 0.08528561858)
(0.3200120791 0.5862229084 0.0852946551)
(0.3526174789 0.9723472364 0.08882161018)
(0.200384645 0.767021859 0.1546232684)
(0.4216850422 0.5143256029 0.1556911112)
(0.4789131034 0.5551901424 0.07262445983)
(0.3600662448 0.6730014641 0.1459577007)
(0.2222937751 0.7780463122 0.01490044483)
(0.1126616108 0.7889149205 0.06308541618)
(0.1755579392 0.8614916056 0.09318681986)
(0.0284703037 0.2473216809 0.08819022572)
(0.421391916 0.5086395036 0.02667715218)
(0.1065511953 0.8119481279 0.03294886047)
(0.2826272643 0.07525992008 0.06523715812)
(0.2812981089 0.6573240314 0.1460199786)
(0.4301807025 0.4693440365 0.09152847249)
(0.1800038861 0.7602489679 0.004443851569)
(0.4061543296 0.5025625153 0.03382779215)
(0.4597213287 0.5284263331 0.06989921301)
(0.118509441 0.8408527596 0.0846226861)
(0.1724558878 0.7202490933 0.1249085296)
(0.5335329281 0.4169393169 0.03262073578)
(0.4915998794 0.4974018533 0.04007993713)
(0.5701317576 0.8616988163 0.07846375223)
(0.1311457007 0.7597847962 0.1272215338)
(0.4489508074 0.5239100468 0.01779146651)
(0.4263863898 0.5042479497 0.08121970849)
(0.4327769085 0.5137275966 0.004135444134)
(0.1536429915 0.7528980114 0.07000711598)
(0.4817902327 0.5339637191 0.06239869309)
(0.4435136198 0.4765570558 0.1151805953)
(0.170412556 0.7534179229 0.1370458625)
(0.1580873972 0.8411095251 0.003367021587)
(0.4984809744 0.4706136914 0.06767571859)
(0.2250500635 0.8964209435 0.1394673366)
(0.1129407798 0.8153082084 0.1381445052)
(0.457303828 0.464291085 0.129296344)
(0.4319077745 0.4742138353 0.01641668728)
(0.1158940462 0.8183074882 0.1427703223)
(0.1147271222 0.7741390342 0.003873130456)
(0.5324001564 0.42972742 0.08866965365)
(0.3052129205 0.6962651754 0.1469683536)
(0.4113393524 0.4862217332 0.1549721178)
(0.1871334235 0.8104674668 0.1325414624)
(0.1863961619 0.8143661978 0.1301711238)
(0.2011010655 0.7976415768 0.05814013523)
(0.2012633447 0.7919530609 0.03707552635)
(0.199996078 0.7884704411 0.0317577878)
(0.4586569944 0.5305184508 0.1497664585)
(0.457307383 0.5325631676 0.1553086511)
(0.1105799213 0.8352009235 0.1355149112)
(0.1650925309 0.7524436134 0.1335292108)
(0.161067129 0.748453657 0.1320968378)
(0.4681439168 0.4839624932 0.1558671966)
(0.1328983949 0.8345744238 0.1425113166)
(0.1271090565 0.8315093049 0.1403164933)
(0.1388958843 0.7625875742 0.05727104424)
(0.4582101125 0.4761589751 0.1553730413)
(0.3057088778 0.7391377008 0.06198263432)
(0.1137513613 0.7863682649 0.02139826919)
(0.4648328395 0.5190563433 0.0975806622)
(0.220384777 0.7922481839 0.04309369505)
(0.1709115385 0.7317415529 0.1529698194)
(0.1004144077 0.8008383404 0.03394811764)
(0.4465772157 0.4768114968 0.1062122123)
(0.1382309437 0.843194257 0.1271117533)
(0.152782154 0.844019201 0.1260035678)
(0.1252501668 0.8298928281 0.1209261775)
(0.3082217096 0.4084767308 0.1081157244)
(0.1116563455 0.8277506731 0.1557510227)
(0.1360355177 0.8414996639 0.04702026723)
(0.1365741511 0.9323766096 0.1350583301)
(0.07356032351 0.9681483103 0.09527961931)
(0.3556745053 0.4725301379 0.1478922364)
(0.1460460472 0.4068376361 0.04317181859)
(0.1489136128 0.7538108929 0.06631309439)
(0.189950779 0.8176898013 0.1225652925)
(0.5714036905 0.07191468437 0.07124998709)
(0.1065336841 0.8047849405 0.08341480483)
(0.2164083945 0.7799838734 0.134724602)
(0.1732944509 0.8303961473 0.08252614476)
(0.1154386748 0.7719499479 0.05689066763)
(0.1179291607 0.7668997975 0.1357597977)
(0.5360698116 0.5128048431 0.05971454082)
(0.1254118701 0.8300197775 0.02793942039)
(0.4385208677 0.5211624276 0.02988029446)
(0.4578691688 0.4719192164 0.07362288759)
(0.1694313323 0.7530474314 0.009064670652)
(0.4183949885 0.5139762459 0.06320371585)
(0.194219212 0.8299520595 0.06661691616)
(0.04114063968 0.3166973875 0.1234704859)
(0.2045559844 0.7938518307 0.06369974412)
(0.1107168458 0.7997525482 0.07435212719)
(0.4145608532 0.5087983924 0.05527972457)
(0.1280726269 0.8323013351 0.0745439637)
(0.4503576106 0.5423326511 0.1240012644)
(0.4274934338 0.4946026951 0.04243613801)
(0.4534397959 0.4461069753 0.1247812732)
(0.562909297 0.9173456997 0.1276392317)
(0.4407812894 0.5281260251 0.1329988037)
(0.4691868213 0.477358302 0.02450931534)
(0.1189545738 0.8254718123 0.1560821362)
(0.4590919404 0.4784236587 0.08922689744)
(0.1807343006 0.7681759222 0.1327656272)
(0.435652185 0.519020618 0.1521293417)
(0.4519236257 0.4756380305 0.08378667821)
(0.4285088239 0.5104321956 0.0920175381)
(0.4676532628 0.4837355179 0.0175902445)
(0.1331589508 0.7295255647 0.05699472518)
(0.1538913532 0.7475090685 0.01207354835)
(0.2646041248 0.4732279531 0.1432142082)
(0.1454971439 0.8572121385 0.08660737847)
(0.4613715378 0.4787215567 0.1225741166)
(0.1943041577 0.8018970263 0.05329624818)
(0.1135600269 0.8146326003 0.1277231584)
(0.1890327896 0.7773911816 0.08871944142)
(0.2371652256 0.8467871872 0.1460044538)
(0.1889643665 0.7976030001 0.08703906479)
(0.1890954003 0.7982971405 0.06641472126)
(0.4285305225 0.4896220411 0.08294169677)
(0.2010801704 0.8112499209 0.1447924265)
(0.1399913092 0.7618337623 0.009786797318)
(0.4326990174 0.5175202071 0.1165810661)
(0.1390881043 0.8518161117 0.09499480437)
(0.1344192184 0.7486515571 0.033938185)
(0.1852891563 0.7714188908 0.08432047642)
(0.4223760772 0.4775295329 0.1324071467)
(0.4226408647 0.5134064692 0.05872299826)
(0.470669017 0.4873434387 0.08233029672)
(0.47725424 0.494910735 0.05122186178)
(0.184000971 0.8821774915 0.1452923643)
(0.02971877558 0.670533205 0.09131975315)
(0.34502823 0.6646453931 0.1294208302)
(0.139421057 0.7626248327 0.01880063303)
(0.1113429614 0.7990262881 0.05480610655)
(0.1757757868 0.8366628405 0.06384490489)
(0.4693227452 0.4532470709 0.03919748729)
(0.4280864537 0.509108943 0.1333127188)
(0.383961979 0.4897871338 0.07398427149)
(0.1053783379 0.7997947221 0.0234754223)
(0.08938943575 0.751451277 0.1364926624)
(0.08603668761 0.2414450524 0.03144737192)
(0.06570848732 0.6936643491 0.0976939237)
(0.4279008504 0.4913980702 0.1006262494)
(0.09684872139 0.8148226606 0.02854126547)
(0.4736721211 0.4931281978 0.08846089464)
(0.1740478184 0.842094075 0.1550675109)
(0.1603350823 0.7424193411 0.09012270169)
(0.1624204213 0.7302389474 0.08876617201)
(0.2742135658 0.4421549301 0.02984128093)
(0.1255848883 0.8906730541 0.06509951759)
(0.1465645518 0.7347744468 0.009481551199)
(0.1272728069 0.8226911379 0.004947799919)
(0.1718032627 0.7426056122 0.1534993842)
(0.2338882013 0.7857279603 0.1169902338)
(0.1806454178 0.7760308707 0.05584803167)
(0.08191701215 0.2118786301 0.07631458078)
(0.190198049 0.7989387242 0.1557493447)
(0.4346379745 0.5180222198 0.07795018253)
(0.4800733045 0.5128061212 0.09257070254)
(0.1253884738 0.7609799991 0.0752172758)
(0.1592031519 0.838687153 0.01037150722)
(0.3150173033 0.516347188 0.1476774157)
(0.2147028265 0.6688300745 0.03200592101)
(0.4778785467 0.4594221784 0.1382724501)
(0.1559185911 0.7610945216 0.1563997438)
(0.113183501 0.8262327146 0.1387790139)
(0.1372262536 0.8370967055 0.01056499674)
(0.1486336675 0.887842941 0.1430887984)
(0.4647971985 0.5328206621 0.1335268774)
(0.5222736452 0.5194902565 0.107210596)
(0.1445394287 0.8479478706 0.08585857848)
(0.4345303626 0.5334850305 0.05090395645)
(0.111444183 0.7785120503 0.126694775)
(0.1786241801 0.911620958 0.09291544377)
(0.1344175346 0.7647184162 0.09025376657)
(0.1047420994 0.7663510659 0.02932332227)
(0.09954858361 0.7596041132 0.06520379854)
(0.5529666522 0.9629136007 0.07967216198)
(0.156413069 0.7551983091 0.1153714467)
(0.4392770803 0.4787214049 0.04307118605)
(0.1867455363 0.7876786674 0.1348092693)
(0.1116427489 0.8050353428 0.02420296326)
(0.2074732034 0.2380015313 0.03570241252)
(0.1655408195 0.7638693611 0.1558148114)
(0.4875854614 0.4829452741 0.1549355816)
(0.195244419 0.7852167768 0.0345021645)
(0.2406502397 0.3827813983 0.1079767891)
(0.1295660567 0.7673842724 0.03090429098)
(0.1810733851 0.8424358207 0.1429062988)
(0.1251352879 0.7705844966 0.0755456109)
(0.1732521064 0.7689027679 0.105662984)
(0.2405762499 0.3677266439 0.07273821456)
(0.4006549377 0.09398074971 0.08282431638)
(0.4003130102 0.5977746111 0.1491474669)
(0.4163316454 0.4889281704 0.1234087315)
(0.4197774387 0.499809326 0.08643068415)
(0.1087560687 0.8530784287 0.1152510393)
(0.1880519044 0.806775005 0.1280996868)
(0.1511297644 0.8671614138 0.1340555092)
(0.1905992658 0.7739659236 0.04002619518)
(0.4493361829 0.5238464805 0.1499677299)
(0.196910932 0.7804403332 0.07032156928)
(0.4701927782 0.4785715471 0.0808756564)
(0.1075009358 0.8180165573 0.05653776919)
(0.4414718701 0.5468858654 0.1065191461)
(0.1909650676 0.7488776692 0.007299882632)
(0.4742079575 0.613006022 0.07014531806)
(0.4261634696 0.498797816 0.0768180128)
(0.4223520365 0.4714729438 0.1280478179)
(0.1792513197 0.7745017764 0.07637430644)
(0.1699363521 0.8551989436 0.1221801751)
(0.4053393166 0.5050325646 0.1547403802)
(0.4892571433 0.5128140401 0.06739012237)
(0.4273016372 0.5073017727 0.02160282374)
(0.1966383205 0.7835540033 0.1413079133)
(0.4787193481 0.504959415 0.09876191458)
(0.143041703 0.7222986509 0.1324564095)
(0.3635317194 0.5575999944 0.1300846786)
(0.2643351606 0.1807463518 0.03126409135)
(0.4625276382 0.480161228 0.1165939102)
(0.4320093998 0.4847410508 0.09058751902)
(0.2719278887 0.4743376593 0.1173153729)
(0.0281631799 0.4850014087 0.08982447544)
(0.1247442011 0.8391089106 0.149004366)
(0.1238471916 0.8456608676 0.1497033832)
(0.4518718614 0.5292962949 0.1128089728)
(0.4734131692 0.5012077416 0.05198657)
(0.134129599 0.8354049761 0.1494897753)
(0.459541555 0.4422510581 0.1091159117)
(0.4143634199 0.5100763304 0.04715452724)
(0.4382743239 0.526352904 0.1030635187)
(0.4345743983 0.579996637 0.09630346264)
(0.1123020126 0.8091748167 0.1297571267)
(0.1286434223 0.8552741611 0.06198213749)
(0.4729537523 0.4975250742 0.1305630098)
(0.3271853982 0.6843488244 0.1471298549)
(0.03695842262 0.8311373081 0.09047517083)
(0.06427853036 0.6374609298 0.1358982698)
(0.02887473228 0.6055728861 0.1280702991)
(0.4254987698 0.481069534 0.1023410869)
(0.1806713273 0.7678254455 0.0618127851)
(0.1542191005 0.8434011858 0.1088042095)
(0.2758073146 0.3853873749 0.1410002199)
(0.153446149 0.8393149357 0.1496688574)
(0.1866221517 0.8245933385 0.07704209154)
(0.1080047859 0.8150758696 0.00392807349)
(0.150617727 0.7553596025 0.149015891)
(0.1483639509 0.8451907345 0.004164498518)
(0.4498043605 0.471230245 0.1287486162)
(0.1216085951 0.82707904 0.1243810836)
(0.4801324504 0.5280058769 0.09690699324)
(0.1212892528 0.7603612287 0.07270650528)
(0.1168611779 0.7552745474 0.07226375595)
(0.182745897 0.8205232477 0.07724838687)
(0.1486184122 0.4701626437 0.1378136208)
(0.4199446853 0.4891440143 0.003154951583)
(0.4533730843 0.5331535124 0.1501749805)
(0.4743096884 0.5006648962 0.04267165591)
(0.4701500768 0.4711868387 0.02653981116)
(0.1431533899 0.8378492656 0.02991864849)
(0.4532330979 0.463162865 0.1249001353)
(0.335847547 0.5265089075 0.0742209777)
(0.3756457884 0.4561331527 0.1471067906)
(0.4275878687 0.5087708622 0.1422121863)
(0.4319686367 0.5152511651 0.02441772382)
(0.4271978871 0.4930488671 0.1109285444)
(0.4644843924 0.4680222187 0.1156099978)
(0.3025501947 0.7744241111 0.06528420155)
(0.1049778651 0.7939421327 0.06655883926)
(0.1606123947 0.7776675849 0.005081663323)
(0.4386058325 0.4791860724 0.09308783129)
(0.1686045182 0.842114481 0.02921579848)
(0.2010133344 0.8173596802 0.01363089458)
(0.4627230556 0.4649127866 0.1552445162)
(0.4834580959 0.5059736634 0.07696620409)
(0.2142009648 0.7517645512 0.100565787)
(0.4290078829 0.4881626855 0.060565671)
(0.1692116508 0.8426480427 0.04229811379)
(0.1775696041 0.7241025771 0.09595804575)
(0.1355695507 0.7531344096 0.1557325938)
(0.1825276827 0.7692150093 0.1143040284)
(0.2013860635 0.7814595546 0.1469766779)
(0.1369120614 0.7238634555 0.07385408006)
(0.1407258675 0.6697867004 0.1224737154)
(0.1227658992 0.8470121725 0.1552014561)
(0.09699576968 0.7631253303 0.07612009059)
(0.19809379 0.8195294256 0.1456377126)
(0.1892666459 0.8200831282 0.02386721908)
(0.4586133122 0.4739503095 0.04730135368)
(0.1121671153 0.7906025273 0.03537279832)
(0.1385340096 0.7559881382 0.05999314684)
(0.4673320858 0.4764587419 0.05943947266)
(0.1159254065 0.7817599333 0.1071867398)
(0.1111864354 0.823515006 0.09314810307)
(0.4399767737 0.5270977324 0.1560272402)
(0.4405620984 0.5222895438 0.1555948756)
(0.1751999258 0.8533707444 0.02269674362)
(0.1279830604 0.7944631566 0.005199792065)
(0.1111968918 0.8046603332 0.105848829)
(0.4316963366 0.5382998515 0.0190808531)
(0.4069529955 0.5516105107 0.1403808516)
(0.4523040474 0.4526699704 0.08263541571)
(0.4517930746 0.465274147 0.08897389048)
(0.1231704694 0.7653089089 0.1085845983)
(0.4734586511 0.5813183287 0.1485567856)
(0.4808332017 0.4941507044 0.1413310748)
(0.1485637108 0.7532865801 0.1437110861)
(0.442324606 0.4608283021 0.1544527144)
(0.0285873718 0.3156285172 0.08340894132)
(0.488446471 0.5023060308 0.1260096931)
(0.1249106213 0.7705095027 0.03028414564)
(0.1116167598 0.8083977348 0.0195641398)
(0.1982458364 0.7825703892 0.09268461232)
(0.1951468862 0.7934797572 0.06028983695)
(0.157771666 0.8400303314 0.1154213105)
(0.4295236627 0.5124228626 0.06469781416)
(0.4496908858 0.5293326641 0.09785443727)
(0.1787292025 0.832520326 0.0207093151)
(0.4306129268 0.5143267282 0.110230341)
(0.2658228944 0.7256618203 0.06938669376)
(0.5697945051 0.2666976089 0.08468169915)
(0.4750513851 0.5175739537 0.1406815715)
(0.1638999985 0.8367445669 0.02662133474)
(0.1150823546 0.7826672222 0.1263657835)
(0.1553367477 0.8503870762 0.02721899458)
(0.4439753104 0.5279562725 0.07271875778)
(0.4120222504 0.4510713378 0.1269968277)
(0.1723853334 0.5894663196 0.1102835627)
(0.4335301113 0.4751584556 0.1133885091)
(0.4667079204 0.4732075792 0.07968490853)
(0.4388495892 0.4794034663 0.1071080064)
(0.1247799547 0.7489211375 0.05063878692)
(0.1802171298 0.8242604701 0.09283339552)
(0.1608373697 0.8117637808 0.005469571442)
(0.1221386619 0.8268412784 0.05893367462)
(0.3139706695 0.8650123186 0.03659016669)
(0.4756325923 0.4976784279 0.1227153699)
(0.1106240684 0.8179187606 0.145269283)
(0.2023854679 0.8766987321 0.07375118027)
(0.1377893519 0.7554361536 0.01017146016)
(0.4234186482 0.5661136228 0.149180542)
(0.1247012906 0.7325624789 0.06911358226)
(0.1139778757 0.81007276 0.004354865205)
(0.4476674539 0.5237277568 0.09154574545)
(0.1279288891 0.7678521288 0.1016638529)
(0.1434441467 0.7348571009 0.1527027882)
(0.177363388 0.7725167502 0.1223970632)
(0.4656459758 0.5287471213 0.156230252)
(0.1340643161 0.7481471161 0.08042121992)
(0.4306643394 0.5138845529 0.1409065206)
(0.4585338771 0.5329969716 0.08413860556)
(0.4543229862 0.5297729139 0.08740268231)
(0.4690921528 0.5225114958 0.07282634149)
(0.1035904862 0.8062669769 0.1022322983)
(0.4175963247 0.5190606205 0.06835763021)
(0.4100420103 0.5253117957 0.06865945341)
(0.432813417 0.5248061443 0.1041779004)
(0.4538703029 0.5373560866 0.1552466484)
(0.4235302521 0.4831889174 0.09729746704)
(0.4723166713 0.5075484316 0.02533985686)
(0.1535862731 0.8502459557 0.08495986125)
(0.4731945696 0.5204262859 0.1560747138)
(0.474351065 0.5043682407 0.01010049866)
(0.441373168 0.5219816046 0.05117051716)
(0.1958299295 0.7761904193 0.06354761915)
(0.1759366667 0.7454094811 0.1238689879)
(0.5415375713 0.5783342644 0.06477611757)
(0.1424904713 0.7555923307 0.02410466431)
(0.1459187344 0.8538879525 0.1116019372)
(0.4283375299 0.3176017735 0.1393497557)
(0.1721697514 0.8300253886 0.00391048904)
(0.4298617345 0.5204408504 0.05859561126)
(0.4982692519 0.5444371193 0.1031677074)
(0.4541344226 0.5397401933 0.1172618524)
(0.119233337 0.5798328133 0.1329134314)
(0.4449201531 0.5288212481 0.0787254891)
(0.1048581389 0.7705288318 0.1556041098)
(0.1999250916 0.557386206 0.142151843)
(0.5766941937 0.8403426126 0.02179999917)
(0.01862574922 0.1518856645 0.1417233083)
(0.01882451878 0.3892427301 0.01853203645)
(0.4385621457 0.9724977455 0.02662228682)
(0.4354429661 0.4828223316 0.1569816741)
(0.3656475847 0.0245530961 0.02036649)
(0.5819686386 0.1895740587 0.1404194647)
(0.5754712174 0.3239146631 0.02611119523)
(0.5734069733 0.7959440661 0.028566407)
(0.5796862776 0.4334162699 0.02500106936)
(0.2703517995 0.9829412909 0.1410456507)
(0.02243602577 0.7443873886 0.0175619778)
(0.5794946844 0.7110523254 0.02014131232)
(0.1479984969 0.01980979962 0.1403564475)
(0.1455124832 0.8371572068 0.1571700942)
(0.4590995669 0.4797571977 0.1577383074)
(0.01908807935 0.467707694 0.1420870045)
(0.306281593 0.01777555358 0.02059456066)
(0.5087577895 0.9811674804 0.01971398692)
(0.0174710507 0.8450156994 0.01838378291)
(0.1122437495 0.9788869221 0.02046630694)
(0.537491546 0.9816972453 0.1429115249)
(0.163506112 0.8347793724 0.1576779436)
(0.230793782 0.01824184569 0.142003996)
(0.02410973846 0.9163461147 0.0248338526)
(0.01854076464 0.3296266542 0.1422277718)
(0.02345155178 0.975544386 0.06835123343)
(0.5759901717 0.9184776736 0.02339269322)
(0.4296019628 0.5105687042 0.1573391793)
(0.4325576215 0.02205784131 0.1430786641)
(0.5808491196 0.7309612683 0.1437390688)
(0.5805576029 0.2709599792 0.1421472412)
(0.090984937 0.9775484752 0.1354901209)
(0.01722051359 0.5883946047 0.01674202082)
(0.1811436579 0.7790901283 0.1571052365)
(0.5801260655 0.631850619 0.01983300296)
(0.3308903902 0.9803562482 0.1428841958)
(0.4287972225 0.4932850313 0.1575595009)
(0.58047512 0.2609314158 0.02026000203)
(0.5059582212 0.01960397577 0.0189468608)
(0.02052294694 0.06254550225 0.1397407151)
(0.5804992105 0.4686821894 0.138106177)
(0.1716104592 0.8304254663 0.1576485355)
(0.1132423804 0.7933052656 0.1577173851)
(0.4681466129 0.9777413944 0.143643208)
(0.4512089744 0.5224100464 0.1575504718)
(0.06224739842 0.02346580989 0.02075262393)
(0.5752891059 0.02036851745 0.06714993717)
(0.1150584206 0.8154941633 0.1567059972)
(0.01740942539 0.7456951004 0.1437775878)
(0.4461459985 0.4775463942 0.1569115819)
(0.1282453901 0.7697763594 0.1571143402)
(0.1346870815 0.7654036553 0.1572409575)
(0.1164753487 0.7842086951 0.1570539568)
(0.01914265828 0.2901639994 0.01926103519)
(0.5148781437 0.02432909849 0.1380233497)
(0.4717043537 0.5066051709 0.1577054492)
(0.2838954623 0.02266718621 0.1359993708)
(0.02401593557 0.7849580125 0.01993952377)
(0.02228953081 0.250453885 0.1344161309)
(0.4276663685 0.5051370818 0.1571665566)
(0.0180119984 0.5408624343 0.1424856999)
(0.2032030229 0.9794522291 0.1378632328)
(0.1801185941 0.8221806504 0.1579519408)
(0.0159802928 0.8193922275 0.13984295)
(0.01817549777 0.6890394472 0.01964563767)
(0.1882001382 0.971550967 0.02197963237)
(0.5814555557 0.1950686374 0.02562813274)
(0.1184786384 0.8211298966 0.157568304)
(0.4620972128 0.5200159095 0.1574977598)
(0.4712320549 0.493212725 0.1579862214)
(0.5754813801 0.8362950698 0.1347167255)
(0.5806059922 0.8777351679 0.1396560882)
(0.5760313616 0.3553251559 0.1381994875)
(0.575062488 0.65887111 0.1451301002)
(0.5773065684 0.4867911361 0.02238512459)
(0.06199447584 0.01775005669 0.138530302)
(0.4368781078 0.5191414821 0.1570207368)
(0.05191300712 0.9804611743 0.01876330177)
(0.5823084028 0.4076387255 0.1366910266)
(0.2551259991 0.9761218834 0.01916362282)
(0.01866825097 0.950005621 0.1427051678)
(0.1600594629 0.7636539074 0.157124422)
(0.3923889004 0.978343904 0.1372800791)
(0.5812486208 0.9498025966 0.1427879273)
(0.4554353471 0.4782366295 0.1577971289)
(0.5806211534 0.9801791802 0.06220898265)
(0.01788634038 0.01703557089 0.09927350033)
(0.01688592298 0.6736714753 0.1460787227)
(0.01903792139 0.2194026356 0.1406729364)
(0.01684760358 0.5718374953 0.1426297904)
(0.4720396546 0.4972438534 0.1577784243)
(0.187092919 0.7983936221 0.1579235192)
(0.1869658492 0.8021572341 0.1572552217)
(0.1851621067 0.7878753219 0.1580139866)
(0.3349388946 0.01732164252 0.01697811506)
(0.4770904681 0.01855436331 0.1333737806)
(0.021751119 0.02038312462 0.137601283)
(0.01775787268 0.9493147743 0.01710012017)
(0.01905463993 0.01790200092 0.0539952135)
(0.4510318228 0.4777734014 0.1573051569)
(0.1404689358 0.8365130348 0.1572804038)
(0.1681583481 0.8322386976 0.1574735416)
(0.1843018883 0.7832708239 0.1571639982)
(0.02092101587 0.624981745 0.02032483736)
(0.01603850327 0.18339502 0.1439384776)
(0.5757781209 0.4636923898 0.02452284513)
(0.5792733425 0.2319931452 0.13931471)
(0.01986698105 0.5119171072 0.02288874095)
(0.01703025018 0.05141685583 0.01682679943)
(0.5734599233 0.7560259272 0.03095857971)
(0.5818124926 0.1500760922 0.1407002212)
(0.02039704889 0.8099304214 0.02143502839)
(0.4409179703 0.4794279271 0.157445445)
(0.5798628668 0.3659802407 0.0211878659)
(0.01816599762 0.4208642266 0.01830947742)
(0.01777265063 0.1700956011 0.01780547779)
(0.4717536557 0.981184725 0.01865615058)
(0.1925563327 0.0239766072 0.1400320353)
(0.5811422217 0.1538637524 0.02366324555)
(0.114587038 0.7885578713 0.1578881086)
(0.1121238091 0.7986586194 0.156831289)
(0.5828089475 0.949602247 0.01690589437)
(0.01716928322 0.983158864 0.1101952186)
(0.148575998 0.9815644665 0.01976654573)
(0.582447663 0.3842017705 0.1438755379)
(0.1430067309 0.7629606797 0.1575686268)
(0.1519422737 0.837417795 0.1576914156)
(0.2995465064 0.9806302911 0.1407436091)
(0.01960929755 0.1109452612 0.1395235609)
(0.5822122551 0.2910876973 0.0182951864)
(0.09240784045 0.02064919784 0.02859614405)
(0.01963924106 0.2896249192 0.1416765537)
(0.1763423108 0.826598184 0.1573436367)
(0.2585689629 0.01583000469 0.146150938)
(0.1314074881 0.7677405796 0.1581430375)
(0.1175184219 0.8178050379 0.1578708263)
(0.1832197523 0.8182311459 0.1571960932)
(0.01568450152 0.7042189006 0.1432801506)
(0.4564161529 0.5215245367 0.1576279242)
(0.4308287356 0.4884293418 0.157783178)
(0.4463311035 0.5219298974 0.1576999144)
(0.5834944958 0.5869621107 0.1427372569)
(0.1136470686 0.807665134 0.1577862084)
(0.4722662251 0.5017988311 0.1576850421)
(0.01993312144 0.9800074652 0.1403475721)
(0.4638289699 0.5170006227 0.1572297627)
(0.02297133272 0.6569803021 0.02077884425)
(0.1289478681 0.9825751857 0.1407996707)
(0.549344096 0.01708821512 0.1426138061)
(0.4738359574 0.02076572607 0.01828576549)
(0.4632256732 0.4822188136 0.1577736635)
(0.5472543047 0.9810980788 0.01816577806)
(0.4073978643 0.02032306146 0.0193971216)
(0.5805991084 0.05237286938 0.1420525888)
(0.1246849855 0.7725836403 0.1579405371)
(0.5783958578 0.6935443348 0.1441951072)
(0.05811295643 0.9793826929 0.1379916135)
(0.01995024406 0.5035430539 0.1415097169)
(0.5820325033 0.9827799291 0.108041162)
(0.187146798 0.7933367137 0.1568931433)
(0.580334006 0.05120830225 0.01660572638)
(0.1807399658 0.0208386699 0.0219049808)
(0.186412035 0.8066420194 0.1574479764)
(0.4692422667 0.5110244054 0.1575753858)
(0.01933956534 0.3380967521 0.01912063799)
(0.2701533987 0.01873162795 0.01869576037)
(0.5795587179 0.9803165767 0.1402299451)
(0.02023091668 0.9794721155 0.02080036834)
(0.5801448473 0.01913220328 0.02061904926)
(0.579256089 0.6705318529 0.01965894983)
(0.2896498558 0.981762355 0.01845033741)
(0.5807759867 0.7660988613 0.1410728384)
(0.5766339524 0.3163903175 0.1378325226)
(0.4979979175 0.9837577617 0.1429410454)
(0.1048154737 0.01910373306 0.1432427254)
(0.4319540214 0.9767734112 0.1377142437)
(0.4269035205 0.4991226743 0.1571921568)
(0.01778226281 0.3690356543 0.1407154487)
(0.01974704916 0.1402265135 0.01596727054)
(0.0190153588 0.5532968362 0.02440399921)
(0.1574740635 0.8366561336 0.1577891098)
(0.5709614283 0.4941853342 0.1370353478)
(0.3294448528 0.01904806239 0.1432224921)
(0.580349649 0.9793765705 0.02020070443)
(0.02050895683 0.02054592563 0.01990055026)
(0.01475846957 0.7840453686 0.1438586667)
(0.5829842582 0.01811454853 0.1092571236)
(0.5800589573 0.0200962431 0.1402145083)
(0.01662558921 0.2578681793 0.01815536702)
(0.5826483931 0.2293447092 0.01802620768)
(0.2233117641 0.980542528 0.02130667142)
(0.1388110677 0.7633247976 0.1576575587)
)


// ************************************************************************* //
