/*--------------------------------*- C++ -*----------------------------------*\
| =========                 |                                                 |
| \\      /  F ield         | OpenFOAM: The Open Source CFD Toolbox           |
|  \\    /   O peration     | Version:  2412                                  |
|   \\  /    A nd           | Website:  www.openfoam.com                      |
|    \\/     M anipulation  |                                                 |
\*---------------------------------------------------------------------------*/
FoamFile
{
    version     2.0;
    format      ascii;
    arch        "LSB;label=32;scalar=64";
    class       cellSet;
    location    "constant/polyMesh/sets";
    object      surfaceVolumeZone6_2;
}
// * * * * * * * * * * * * * * * * * * * * * * * * * * * * * * * * * * * * * //


27838
(
6
7
8
9
10
11
18
19
20
21
22
23
30
31
32
33
34
35
42
43
44
45
46
47
54
55
56
57
58
59
66
67
68
69
70
71
78
79
80
81
82
83
65667
65668
65669
65670
65671
65672
65673
65674
65675
65676
65677
65678
65679
65680
65681
65682
65683
65684
65685
65686
65687
65688
65689
65690
65691
65692
270
271
272
273
274
275
282
283
284
285
286
287
294
295
296
297
298
299
306
307
308
309
310
311
318
319
320
321
322
323
330
331
332
333
334
335
342
343
344
345
346
347
522
523
524
525
526
527
534
535
536
537
538
539
546
547
548
549
550
551
558
559
560
561
562
563
570
571
572
573
574
575
582
583
584
585
586
587
594
595
596
597
598
599
197346
197347
197348
197349
197350
197351
197352
197353
197354
197355
197356
197357
197358
197359
197360
197361
197362
197363
197364
197365
197366
197367
197368
197369
197388
197389
197390
197391
197392
197393
197394
197395
197396
197397
197398
197399
197400
792
197401
793
197402
794
197403
795
197404
796
197405
797
197406
798
197407
799
197408
800
197409
801
197410
802
197411
803
806
807
810
811
814
815
818
819
822
823
826
827
197436
197437
197438
830
197439
197440
197441
197442
197443
197444
197445
197446
197447
197448
197449
197450
197451
197452
197453
197454
197455
197456
197457
197458
197459
197484
197485
197486
197487
197488
197489
197490
197491
197492
197493
197494
197495
197496
197497
197498
197499
197500
197501
197502
197503
197504
197505
197506
197507
914
915
197529
197530
197531
197532
197533
197534
197535
197536
197537
197538
197539
197540
197541
197542
197543
197544
197545
197546
197547
197548
197549
197550
197551
197552
197553
197554
197555
197556
197557
197558
197559
197560
197561
197562
197563
197564
197565
197566
197567
197568
197569
197570
197571
197572
197573
197574
197575
197576
197601
197602
197603
197604
197605
197606
197607
197608
197609
197610
197611
197612
197613
197614
197615
197616
197617
197618
1139
1140
1164
1165
1166
1167
1168
1169
1170
1171
1172
1173
1174
1175
1188
1201
1227
1230
1233
1236
1409
1410
1411
1412
1413
1414
1415
1416
1417
1418
1419
1420
67017
67018
67019
67020
67028
67029
67030
67031
67032
67033
67034
67035
67036
67037
67038
67039
67040
67041
67042
67043
67044
67045
67046
67047
67048
67049
67050
67051
67052
67053
67054
67055
67056
67057
67058
67059
67060
67061
67062
67063
67064
67065
67066
67067
67068
67069
67070
67071
67072
67073
67074
67075
67076
67077
67078
67079
67080
67081
67082
67083
67084
67085
67086
67087
67088
67089
67090
67091
67092
67093
67094
67095
67096
67097
67098
67099
67100
67101
67102
67103
67104
67105
67106
67107
67108
67109
67110
67111
67112
67113
67114
67115
67116
67117
67118
67119
67120
67121
67122
67123
67124
67125
67126
67127
67128
67129
67130
67131
67132
67133
67134
67135
67136
67137
198210
67138
198211
67139
198212
67140
198213
67141
198214
67142
198215
67143
198216
67144
198217
67145
198218
67146
198219
67147
198220
67148
198221
67149
198222
67150
198223
67151
198224
67152
198225
67153
198226
67154
198227
67155
198228
67156
198229
67157
198230
67158
198231
67159
198232
67160
198233
67161
198234
67162
198235
67163
198236
67164
198237
67165
198238
67166
198239
67167
198240
67168
198241
67169
198242
198243
198244
198245
198246
198247
198248
198249
198250
198251
198252
198253
198254
198255
198256
198257
198258
198259
198260
198261
198262
198263
198264
198265
198266
198267
198268
198269
198270
198271
67199
198272
67200
198273
67201
198274
67202
198275
67203
198276
67204
198277
67205
198278
67206
198279
67207
198280
67208
198281
67209
198282
67210
198283
67211
198284
67212
198285
67213
198286
67214
198287
67215
198288
67216
198289
67217
198290
67218
198291
67219
198292
67220
198293
67221
198294
67222
198295
67223
198296
67224
198297
198298
198299
198300
198301
198302
198303
198304
198305
198306
198307
198308
198309
198310
198311
198312
198313
198314
198315
198316
198317
198318
198319
67247
198320
67248
198321
67249
198322
67250
198323
67251
198324
67252
198325
67253
198326
67254
198327
67255
198328
67256
198329
67257
198330
67258
198331
67259
198332
67260
198333
67261
198334
67262
198335
67263
198336
67264
198337
67265
198338
67266
198339
67267
198340
67268
198341
198342
198343
198344
198345
198346
198347
198348
198349
198350
198351
198352
198353
198354
198355
198356
198357
198358
198359
198360
198361
198362
198363
67291
198364
67292
198365
67293
198366
67294
198367
67295
198368
67296
198369
67297
198370
67298
198371
67299
198372
67300
198373
67301
198374
67302
198375
67303
198376
67304
198377
67305
198378
67306
198379
67307
198380
67308
198381
67309
198382
67310
198383
67311
198384
67312
198385
198386
198387
198388
198389
198390
198391
198392
198393
198394
198395
198396
198397
198398
198399
198400
198401
67335
67336
67337
67338
67339
67340
67341
67342
67343
67344
67345
67346
67347
67348
67349
67350
67351
67352
67353
67354
67355
67356
198429
198430
198431
198432
198433
198434
198435
198436
198437
198438
198439
198440
198441
198442
198443
198444
198445
198446
198447
198448
198449
198450
198451
67379
198452
67380
67381
67382
67383
67384
67385
67386
67387
67388
67389
67390
67391
67392
67393
67394
67395
67396
67397
67398
67399
67400
198477
198478
198479
198480
198481
198482
198483
198484
198485
198486
198487
198488
198489
198490
198491
198492
198493
198494
198495
67423
198496
67424
198497
67425
198498
67426
198499
67427
198500
67428
67429
67430
67431
67432
67433
67434
67435
67436
67437
67438
67439
67440
67441
67442
67443
67444
198525
198526
198527
198528
198529
198530
198531
198532
198533
198534
198535
198536
198537
198538
198539
67467
198540
67468
198541
67469
198542
67470
198543
67471
198544
67472
198545
67473
198546
67474
198547
67475
198548
67476
67477
67478
67480
67481
67483
67486
67487
198573
198574
198575
198576
198577
198578
198579
198580
198581
198582
198583
198584
198585
198586
198587
198588
198589
198590
198591
198592
198593
198594
198595
198596
2005
2006
2007
2008
2009
2010
2011
2012
198621
2013
198622
2014
198623
2015
198624
2016
198625
2017
198626
2018
198627
2019
198628
2020
198629
2021
198630
198631
198632
2024
2025
2026
2027
2030
2031
2032
2033
2036
2037
2038
2039
2042
2043
2044
2045
2048
2049
2050
2051
2054
2055
2056
2057
2060
2061
2062
2206
2207
2208
2209
2692
2693
2694
2695
2774
2775
2776
2777
2778
2779
2780
2781
2782
2783
2784
2785
2786
2787
2788
2789
2790
2791
2792
2793
2794
2795
2796
2797
2798
2799
2800
2801
2802
2831
2832
2833
2834
2871
2872
2873
2874
2922
2923
2924
2925
2930
2931
2932
2933
2938
2939
2940
2941
2946
2947
2948
2949
2954
2955
2956
68587
68588
68589
68590
68591
68592
68593
68594
68595
68596
68597
68598
68599
68600
68601
68602
68603
68604
68605
68606
68607
68608
68609
68610
68611
68612
68613
68614
68615
68616
68617
68618
68619
68620
68621
68622
68623
68624
68625
68626
68627
68628
68629
68630
68631
68632
68633
68634
68635
68636
68637
68638
68639
68640
68641
68642
68643
68644
68645
68646
68647
68648
68649
68650
68651
68652
68653
68654
68655
68656
68657
68658
68659
68660
68661
68662
68663
68664
68665
68666
68667
68668
68669
68670
68671
68672
68673
68674
68675
68676
68677
3412
3414
3415
3416
3417
3418
3419
3420
3421
3422
3423
3424
3425
3426
3427
3428
3429
3430
3431
3432
3433
3434
3435
3436
3437
3438
3443
3444
3445
3446
3447
3448
3449
3450
3455
3456
3457
3458
3459
3460
3461
3462
3467
3468
3469
3470
3471
3472
3473
3474
3479
3480
3481
3482
3483
3484
3485
3486
3491
3492
3493
3494
3495
3496
3497
3498
3503
3504
3507
3508
3509
3510
200124
200125
200126
200130
200131
200132
200133
200134
200135
200136
200137
200138
200139
200140
200141
200142
200143
200144
200145
200146
200147
200148
200149
200150
200151
200152
200153
200154
200155
200156
200157
200158
200159
200160
200161
200162
200163
200164
200165
200166
200167
200168
200169
200170
200171
200172
200173
200174
200175
200176
200177
200178
200179
200180
200181
200182
200183
200184
200185
200186
200187
200188
200189
200190
200191
200192
200196
200197
200198
200202
200203
200204
200208
200209
200210
200214
200215
200216
3831
3832
3833
4104
4106
4107
4108
4109
4110
4111
4112
4113
4114
4115
4116
4117
4118
4119
4120
4121
4122
4123
4124
4125
4126
4127
4128
4129
4130
4149
4150
4151
4170
4171
4172
200781
200782
200783
200784
200785
200786
200787
200788
200789
200790
200791
200792
200793
200794
200795
200796
200797
200798
200799
200800
200801
200802
200803
200804
200805
200806
200807
200808
200809
200810
200811
200812
200813
200814
200815
200816
200817
200818
200819
200820
4212
200821
4213
200822
4214
200823
200824
200825
200826
200827
4219
200828
4220
200829
4221
200830
200831
200832
200833
200834
4226
200835
4227
200836
4228
200837
200838
200839
200840
200841
4233
200842
4234
200843
4235
200844
200845
200846
200847
200848
200849
4241
200850
200851
200852
200853
200854
200855
200856
200857
200858
200859
200860
200861
200862
200863
200864
200865
200866
200867
200868
200869
200870
200871
200872
200873
200874
200875
200876
200877
200878
200879
200880
200881
200882
200883
200884
200885
200886
200887
200888
200889
200890
200891
200892
200893
200894
200895
200896
200897
200898
200899
200900
200901
200902
200903
200904
200905
200906
200907
200908
200909
200910
200911
200912
69893
69894
69895
69896
69897
69898
69899
69900
69901
69902
69903
69904
69905
69906
69907
69908
69909
69910
69911
69912
69913
69914
69915
69916
69917
69918
69919
69920
69921
69922
69923
69924
69925
69926
69927
69928
69929
69930
69931
69932
69933
69934
69935
69936
69937
69938
69939
69940
69941
69942
69943
69944
69945
69946
69947
69948
69949
69950
69951
69952
69953
69954
69955
69956
69957
69958
69959
69960
69961
69962
69963
69964
69965
69966
69967
69968
69969
69970
69971
69972
69973
69974
69975
69976
4440
69977
4441
69978
4442
69979
4443
69980
4444
69981
4445
69982
4446
69983
4447
69984
4448
69985
4449
69986
4450
69987
4451
69988
4452
69989
4453
69990
4454
69991
4455
69992
4456
69993
4457
69994
4458
69995
4459
69996
4460
69997
4461
69998
4462
69999
4463
70000
70001
70002
70003
70004
70005
70006
70007
70008
70009
70010
70011
4475
70012
70013
4477
70014
4478
70015
4479
70016
4480
70017
4481
70018
4482
70019
4483
70020
4484
70021
4485
70022
4486
70023
4487
70024
4488
70025
4489
70026
4490
70027
4491
70028
4492
70029
70030
70031
70032
70033
70034
70035
70036
70037
70038
70039
70040
4504
70041
70042
4506
70043
70044
70045
70046
70047
70048
70049
70050
70051
70052
70053
70054
70055
70056
70057
70058
70059
70060
70061
70062
70063
70064
70065
70066
70067
70068
70069
70070
70071
70072
70073
70074
70075
70076
70077
70078
70079
70080
70081
70082
4546
70083
70084
4548
70085
70086
70087
70088
70089
70090
70091
70092
70093
70094
70095
70096
70097
70098
70099
70100
70101
70102
70103
70104
70105
70106
70107
70108
70109
70110
70111
70112
70113
70114
70115
70116
70117
70118
70155
70156
70157
70158
70159
70160
70161
70162
70163
70164
70165
70166
70167
70168
70169
70170
70171
70172
70209
70210
70211
70212
70213
70214
70215
70216
70217
70218
70219
70220
70221
70222
70223
70224
70225
70226
70263
70264
70265
70266
70267
70268
70269
70270
70271
70272
70273
70274
70275
70276
70277
70278
70279
70280
70317
70318
70319
70320
70321
70322
70323
70324
70325
70326
70327
70328
70329
70330
70331
70332
70333
70334
70371
70372
70373
70374
70375
70376
70377
70378
70379
70380
70381
70382
70383
70384
70385
70386
70387
70388
70425
70426
70427
70428
70429
70430
70431
4895
70432
4896
70433
4897
70434
4898
70435
4899
70436
4900
70437
4901
70438
4902
70439
4903
70440
4904
70441
4905
70442
4906
4907
4908
4909
4910
4911
4912
4913
4914
4915
4916
4917
4918
4919
4920
4921
4922
4923
4924
4925
4926
4927
4928
4929
4930
4931
4932
4933
4934
4935
4936
4937
4938
4939
4940
4941
4942
70479
70480
70481
70482
70483
70484
70485
4951
4952
4953
4954
70495
70496
4963
4964
4965
4966
4975
4976
4977
4978
4987
4988
4989
4990
4999
5000
5001
5002
5011
5012
5013
5014
5023
5025
5155
5156
5157
5158
5159
5160
5161
5162
201828
201829
201830
201831
201832
201833
201834
201835
201836
201837
201838
201839
201840
201841
201842
201843
201844
201845
201846
201847
201848
201849
201850
201851
201852
201853
201854
201855
201856
201857
201858
201859
201860
201861
201862
201863
201864
201865
201866
201867
201868
201869
201870
201871
201872
201873
201874
201875
201876
201877
201878
201879
201880
201881
201882
201883
201884
201885
201886
201887
201888
201889
201890
201891
201892
201893
201894
201895
201896
201897
201898
201899
201900
201901
201902
201903
201904
201905
201906
201907
201908
201909
201910
201911
201912
201913
201914
201915
201916
201917
201918
201919
201920
201921
201922
201923
201924
201925
201926
201927
201928
201929
201930
201931
201932
201933
201934
201935
201936
201937
201938
201939
201940
201941
201942
201943
201944
201945
201946
201947
201948
201949
201950
201951
201952
201953
201954
201955
201956
201957
201958
201959
201960
201961
201962
201963
201964
201965
201966
201967
201968
201969
201970
201971
201972
201973
201974
201975
201976
201977
201978
201979
201980
201981
201982
201983
201984
201985
201986
201987
201988
201989
201990
201991
201992
201993
201994
201995
201996
201997
201998
201999
202000
202001
202002
202003
202004
202005
202006
202007
202008
202009
202010
202011
202012
202013
202014
202015
202016
202017
202018
202019
202020
202021
202022
202023
202024
202025
202026
202027
202028
202029
202030
202031
202032
202033
202034
202035
202036
202037
202038
202039
202040
202041
202042
202043
202044
202045
202046
202047
202048
202049
202050
202051
202052
202053
202054
202055
202056
202057
202058
202059
202060
202061
202062
202063
202064
202065
202066
202067
202068
202069
202070
202071
202072
202073
202074
202075
202076
202077
202078
202079
202080
202081
202082
202083
202084
202085
202086
202087
202088
202089
202090
202091
202092
202093
202094
202095
202096
202097
202098
202099
202100
202101
202102
202103
202104
202105
202106
202107
202108
202109
202110
202111
202112
202113
202114
202115
202116
202117
202118
202119
202120
202121
202122
202123
202124
202125
202126
202127
71062
71063
71064
71065
71066
71067
71068
71069
71070
71071
71072
71073
71074
71075
71076
71077
71078
71079
71080
71081
71082
71083
71084
71085
71086
71087
71088
71089
5830
5831
5832
5833
5834
5835
5836
5837
5952
5953
5954
5955
5960
5961
5962
5963
5964
5965
5966
5967
5968
5969
5970
5971
5972
5973
5974
5975
5976
5977
5978
5979
5980
5981
5982
5983
5984
5985
5986
5987
5988
5989
5990
5991
5992
5993
5994
5995
5996
5997
5998
5999
6000
6001
6002
6003
6004
6005
6006
6007
6008
6009
6010
6011
6012
6013
6014
6015
6016
6017
6018
6019
6020
6021
6022
6023
6024
6025
6026
6027
6028
6029
6030
6031
6073
6074
6075
6076
6077
6078
6079
6080
6114
6115
6116
6117
6118
6119
6120
6121
6201
6202
6203
6204
6205
6206
6207
6208
6213
6214
6215
6216
6217
6218
6219
6220
6225
6226
6227
6228
6229
6230
6231
6232
6245
6246
6247
6248
6249
6250
6251
6252
6257
6258
6259
6260
6261
6263
137695
137696
137697
137698
137699
137700
137701
137702
137703
137704
137705
137706
137707
137708
137709
137710
137711
137712
137713
137714
203395
203396
203397
203398
203399
203400
203401
203402
203403
203404
203405
203406
203407
203408
203409
203410
203411
203412
203413
203414
203415
203416
203417
203418
203419
203420
203421
203422
203423
203424
203425
203426
203427
203428
203429
203430
203443
203444
203445
203446
203447
203448
203449
203450
203451
203452
203453
203454
203455
203456
203457
203458
203459
203460
203461
203462
203463
203464
203465
203466
203479
203480
203481
203482
203483
203484
203647
203648
203649
203650
203651
203652
203653
203654
203655
203656
203657
203658
203659
203660
203661
203662
203663
203664
203665
203666
203667
203668
203669
203670
203671
203672
203673
203674
203675
203676
203677
203678
203679
203680
203681
203682
203683
203684
203685
203686
203687
203688
203689
203690
203691
203692
203693
203694
203707
203708
203709
203710
203711
203712
203713
203714
203715
203716
203717
203718
203719
203720
203721
203722
203723
203724
203725
203726
203727
203728
203729
203730
203755
203756
203757
203758
203759
203760
203761
203762
203763
203764
203765
203766
203767
203768
203769
203770
203771
203772
203773
203774
203775
203776
203777
203778
203803
203804
203805
203806
203807
203808
203809
203810
203811
203812
203813
203814
203815
203816
203817
203818
203819
203820
203821
203822
203823
203824
203825
203826
203827
203828
203829
203830
203831
203832
203833
203834
203835
203836
203837
203838
203839
203840
203841
203842
203843
203844
203845
203846
203847
203848
203849
203850
7248
7249
7250
7251
7252
7253
7254
7255
7256
7257
7258
7259
7260
7261
7262
7263
7264
7265
7266
203875
7267
203876
7268
203877
7269
203878
7270
203879
7271
203880
7272
203881
7273
203882
7274
203883
7275
203884
7276
203885
7277
203886
7278
203887
7279
203888
7280
203889
7281
203890
7282
203891
7283
203892
7284
203893
7285
203894
7286
203895
7287
203896
7288
203897
7289
203898
7290
7291
7292
7293
7294
7295
7697
7698
7699
7700
7701
7702
7703
7704
7705
7706
7707
7708
7709
7710
7711
7712
7713
7714
7715
7716
7717
7718
7719
7720
7721
7722
7723
7724
7725
7726
7727
7728
7729
7730
7731
7732
7733
7734
7735
7736
7737
7738
7739
7740
7741
7742
7743
7744
7745
7746
7747
7748
7749
7750
7751
7752
7753
7754
7755
7756
7765
7766
7767
7768
7769
7770
7771
7772
7773
7774
7775
7776
7777
7778
7779
7780
7789
7790
7791
7792
7793
7794
7795
7796
7797
7798
7799
7800
7801
7802
7803
7804
7813
7814
7815
7816
7817
7818
7819
7820
7821
7822
7823
7824
7825
7826
7827
7828
7837
7838
7839
7840
7841
7842
7843
7844
7845
7846
7847
7848
7849
7850
7851
7852
7861
7862
7863
7864
7865
7866
7867
7868
7869
7870
7871
7872
7873
7874
7875
7876
7885
7886
7887
7888
7889
7890
7891
7892
7893
7894
7895
7896
7897
7898
7899
7900
7909
7910
7911
7912
7913
7914
7915
7916
7921
7922
7923
7924
204724
204725
204726
204727
204728
204729
204730
204731
204732
204733
204734
204735
204736
204737
204738
204739
204740
204741
204742
204743
204744
204745
204746
204747
204796
204797
204798
204799
204800
204801
204802
204803
204804
204805
204806
204807
204808
204809
204810
204811
204812
204813
204814
204815
204816
204817
204818
204819
204820
204821
204822
204823
204824
204825
204826
204827
204828
204829
204830
204831
204832
204833
204834
204835
204836
204837
204838
204839
204840
204841
204842
204843
204922
204923
204924
204925
204926
204927
204928
204929
204930
204931
204932
204933
204934
204935
204936
204937
204938
204939
204940
204941
204942
204943
204944
204945
204946
204947
204948
204949
204950
204951
204952
204953
204954
204955
204956
204957
204958
204959
204960
204961
204962
204963
204964
204965
204966
204967
204968
204969
205048
205049
205050
205051
205052
205053
205054
205055
205056
205057
205058
205059
205060
205061
205062
205063
205064
205065
205066
205067
205068
205069
205070
205071
205072
205073
205074
205075
205076
205077
205078
205079
205080
205081
205082
205083
205084
205085
205086
205087
205088
205089
205090
205091
205092
205093
205094
205095
205144
205145
205146
205147
205148
205149
205150
205151
205152
205153
205154
205155
205156
205157
205158
205159
205160
205161
205162
205163
205164
205165
205166
205167
205168
205169
205170
205171
205172
205173
205174
205175
205176
205177
205178
205179
205180
205181
205182
205183
205184
205185
205186
205187
205188
205189
205190
205191
205240
205241
205242
205243
205244
205245
205246
205247
205248
205249
205250
205251
205252
205253
205254
205255
205256
205257
205258
205259
205260
205261
205262
205263
205264
205265
205266
205267
205268
205269
205270
205271
205272
205273
205274
205275
205276
205277
205278
205279
205280
205281
205282
205283
205284
205285
205286
205287
205288
205289
205290
205291
205292
205293
205294
205295
205296
205297
205298
205299
205300
205301
205302
205303
205304
205305
205306
205307
205308
205309
205310
205311
205312
205313
205314
205315
205316
205317
205318
205319
205320
205321
205322
205323
205324
205325
205326
205327
205328
205329
205330
205331
205332
205333
205334
205335
205384
205385
205386
205387
205388
205389
205390
205391
205392
205393
205394
205395
205396
205397
205398
205399
205400
205401
205402
205403
205404
205405
205406
205407
205408
205409
205410
205411
205412
205413
205414
205415
205416
205417
205418
205419
139950
139951
139952
139953
139954
139955
139956
74555
74556
74557
74558
74559
74560
74561
74562
74563
74564
74565
74566
74567
74568
74569
74570
74571
74572
74573
74574
74575
74576
74577
74578
74579
74580
74581
74582
9087
9088
9089
9090
9091
9092
9093
9094
9095
9096
9097
9098
9099
9100
140223
140224
140225
140226
140227
140228
140229
140230
140231
140232
140233
140234
140235
140236
140237
140238
140239
140240
140241
140242
140243
140244
140245
140246
140247
140248
140249
140250
140251
140252
140253
140254
140255
140256
140257
140258
140259
140260
140261
140262
140263
140264
140265
140266
140267
140268
140269
140270
140271
140272
140273
140274
140275
140276
140277
140278
140279
140280
140281
140282
140283
140284
140285
140286
140287
140288
140289
140290
140291
140292
140293
140294
140295
140296
140297
140298
140299
140300
140301
140302
140303
140304
140305
140306
140307
140308
140309
140310
140311
140312
140313
140314
140315
140316
140317
140318
140319
140320
140321
140322
140323
140324
140325
140326
140327
140328
140329
140330
140331
140332
140333
140334
140335
140336
140337
140338
140339
140340
140341
140342
140343
140344
140345
140346
140347
140348
140349
140350
140351
140352
140353
140354
140355
140356
140357
140358
140359
140360
140361
140362
140363
140364
140365
140366
140367
140368
140369
140370
140371
140372
9300
140373
9301
140374
9302
140375
9303
140376
9304
140377
9305
140378
9306
140379
9307
140380
9308
140381
9309
140382
9310
140383
9311
140384
9312
140385
9313
140386
9314
140387
9315
140388
9316
140389
9317
140390
9318
140391
9319
140392
9320
140393
9321
140394
9322
140395
9323
140396
9324
140397
9325
9326
9327
9328
9329
9330
9331
9332
9333
9334
9335
9336
9337
9338
9339
9340
9341
9342
9343
9344
9345
9346
9347
9348
9349
9350
9351
9352
9353
9354
9355
9356
9357
9358
9359
9360
9361
9362
9363
9364
9365
9366
9367
9368
9369
9370
9371
9372
9373
9374
140496
140497
140498
140499
140500
140501
140502
140503
140504
140505
140506
140507
140508
140509
140510
140511
140512
140513
140514
140515
140516
140517
140518
140519
140520
140521
140522
140523
75038
75039
75040
75041
75042
75043
75044
75045
75046
75047
75048
75049
75050
140587
75051
140588
140589
140590
140591
140592
140593
140594
140595
140596
140597
140598
75062
140599
75063
140600
75064
140601
75065
140602
75066
140603
75067
140604
75068
140605
75069
140606
75070
140607
75071
140608
75072
140609
75073
140610
75074
140611
75075
140612
75076
140613
75077
140614
75078
75079
75080
75081
75082
75083
75084
75085
75086
75087
75088
75089
75090
75091
75092
75093
75094
75095
75096
75097
75098
75099
75100
75101
75102
75103
75104
75105
75106
75107
75108
75109
75110
75111
75112
75113
75114
75115
75116
75117
75118
75119
75120
75121
75122
75123
75124
75125
75126
75127
75128
75129
75130
75131
75132
75133
75134
75135
75136
75137
75138
75139
75140
75141
75142
75143
75144
75145
75146
75147
75148
75149
75150
75151
75152
75153
75154
75155
75156
75157
75158
75159
75160
75161
75162
75163
75164
75165
75166
75167
75168
75169
75170
75171
75172
75173
75174
75175
75176
75177
75178
75179
75180
75181
75182
75183
75184
75185
75186
75187
75188
75189
75190
140727
75191
140728
75192
140729
75193
140730
75194
140731
75195
140732
75196
140733
75197
140734
75198
140735
75199
140736
75200
140737
75201
140738
75202
140739
75203
140740
75204
140741
75205
140742
75206
140743
75207
140744
75208
140745
75209
140746
75210
140747
75211
140748
75212
140749
75213
140750
75214
140751
75215
140752
75216
140753
75217
140754
75218
75219
75220
75221
75222
75223
75224
75225
75226
75227
75228
75229
75230
75231
75232
75233
75234
75235
75236
75237
75238
75239
75240
75241
75242
75243
75244
75245
75246
140783
75247
140784
75248
140785
75249
140786
75250
140787
75251
140788
75252
140789
75253
140790
75254
140791
75255
140792
75256
140793
75257
140794
75258
140795
75259
140796
75260
140797
75261
140798
75262
140799
75263
140800
75264
140801
75265
140802
75266
140803
75267
140804
75268
140805
75269
140806
75270
140807
75271
140808
75272
140809
75273
140810
75274
75275
75276
140832
140833
140834
140835
140836
140837
140838
140839
140840
140841
140842
140843
140844
140845
140846
140847
140848
140849
140850
140851
140852
140853
140854
140855
140856
140857
140858
140859
140874
140875
140876
140877
140878
140879
140880
140881
140882
140883
140884
140885
140886
140887
140888
140889
140890
140891
140892
140893
140894
140895
140896
140897
140898
140899
140900
140901
140923
140924
140925
140926
140927
140928
140929
140930
140931
140932
140933
140934
140935
140936
140937
140938
140939
140940
140941
140942
140943
75415
75416
75417
75418
75419
75420
75421
75422
75423
75424
75425
75426
75427
75428
75429
75430
75431
75432
75433
75434
75435
75436
75437
75438
75439
75440
75441
75442
75533
75534
75535
75536
75537
75538
75539
75540
75541
75542
75543
75544
75545
75546
75547
75548
75549
75550
75551
75552
75553
75554
75555
75556
75557
75558
75559
75560
75826
75827
75828
75829
75830
75831
75832
75833
75834
75835
75836
75837
75838
75839
75840
75841
75842
75843
75844
75845
75846
75847
75848
75849
75850
75851
75852
75853
75868
75869
75870
75871
75872
75873
75874
75875
75876
75877
75878
75879
75880
75881
75882
75883
75884
75885
75886
75887
75888
75889
75890
75891
75892
75893
75894
75895
10361
10363
10364
10365
10366
10367
10368
10369
10370
10371
10372
10373
75910
10374
75911
10375
75912
10376
75913
10377
75914
10378
75915
10379
75916
10380
75917
10381
75918
10382
75919
10383
75920
10384
75921
10385
75922
10386
75923
10387
75924
75925
75926
75927
75928
10392
75929
10393
75930
10394
75931
75932
75933
75934
75935
10399
75936
10400
75937
10401
10406
10407
10408
10413
10414
10415
10420
10421
10422
10428
75972
75973
75974
75975
75976
75977
75978
75979
75980
75981
75982
75983
75984
75985
75986
75987
75988
75989
75990
75991
75992
75993
75994
75995
75996
75997
75998
75999
76014
76015
76016
76017
76018
76019
76020
76021
76022
76023
76024
76025
76026
76027
76028
76029
76030
76031
76032
76033
76034
10673
10674
10675
10676
10677
10678
10679
10680
10681
10685
10686
10687
10688
10689
10690
10694
207332
207333
207334
207335
207336
207337
207338
207339
207340
207341
207342
207343
207344
207345
207346
207347
207348
207349
207350
207351
207352
207353
207354
207355
207356
207357
207358
207359
207360
207361
207362
207363
207364
207365
207366
207367
207368
207369
207370
207371
207372
207373
207374
207375
207376
207377
207378
207379
207380
207381
207382
207383
207384
207385
207386
207387
207388
207389
207390
207391
207392
207393
207394
207395
207396
207397
207398
207399
207400
207401
207402
207403
207404
207405
207406
207407
207408
207409
207410
207411
207412
207413
207414
207415
207416
207417
207418
207419
207420
207421
207422
207423
207424
207425
207426
207427
207428
207429
207430
207431
207432
207433
207434
207435
207436
207437
207438
207439
207440
207441
207442
207443
207444
207445
207446
207447
207448
207449
207450
207451
207452
207453
10845
207454
10846
207455
10847
207456
10848
207457
10849
207458
10850
207459
10851
207460
10852
207461
10853
207462
10854
207463
10855
207464
10856
207465
10857
207466
10858
207467
10859
207468
10860
207469
10861
207470
10862
207471
10863
207472
10864
207473
10865
207474
10866
207475
10867
207476
10868
207477
10869
207478
10870
207479
10871
207480
10872
207481
10873
207482
10874
207483
10875
207484
10876
207485
10877
207486
10878
207487
10879
207488
10880
207489
10881
207490
10882
207491
10883
207492
10884
207493
10885
207494
10886
207495
10887
207496
10888
207497
10889
207498
10890
207499
10891
207500
10892
207501
10893
207502
10894
207503
10895
207504
10896
207505
207506
207507
207508
207509
207510
207511
207512
207513
207514
207515
207516
207517
207518
207519
207520
207521
10913
207522
10914
207523
10915
207524
10916
207525
10917
207526
10918
207527
10919
207528
10920
207529
207530
207531
207532
207533
207534
207535
207536
207537
10929
207538
10930
207539
10931
207540
10932
207541
10933
207542
10934
207543
10935
207544
10936
207545
207546
207547
207548
207549
207550
207551
207552
207553
10945
10946
10947
10948
10949
10950
10951
10952
10961
10962
10963
10964
10965
10966
10967
10968
10977
10978
10979
10980
10981
10982
10983
10984
10993
10994
10995
10996
10997
11000
142271
142272
142273
142274
142275
142276
142277
142278
142279
142280
142281
11333
11334
11335
11336
142576
142577
142578
142579
142580
142581
142582
142583
142584
142585
142586
142587
142588
142589
142590
142591
142592
142593
142594
142595
142596
142597
142598
142599
142600
142601
142602
11540
11541
11542
11543
142656
142657
142658
142659
142660
142661
142662
142663
142664
142665
142666
11628
11629
11630
11631
11632
11633
11634
11635
142713
142714
142715
142716
142717
142718
142719
142720
11651
11652
11653
11654
11655
11656
11657
11658
11674
11675
11676
11677
11678
11679
11680
11681
11690
11691
11692
11693
11694
11695
11696
11697
11706
11707
11708
11709
11710
11711
11712
11713
11714
11715
142788
11716
142789
11717
142790
11718
142791
11719
142792
11720
142793
11721
142794
142795
142800
142801
142802
11730
142803
11731
142804
11732
142805
11733
142806
11734
142807
11736
142812
142813
142814
142815
142816
142817
142818
142819
142824
142825
142826
142827
142828
142829
142830
142831
142836
142837
142838
142839
142840
142842
208407
208408
208409
208410
208411
208412
208413
208414
208415
208416
208417
208418
208419
208420
208421
208422
208423
208424
208425
208426
208427
208428
208429
208430
208630
208631
208632
208633
208634
208635
208636
208637
208638
208639
208640
208641
208642
208643
208644
208645
208646
208647
208648
208649
208650
208651
208652
208653
208702
208703
208704
208705
208706
208707
208708
208709
208710
208711
208712
208713
208714
208715
208716
208717
208718
208719
208720
208721
208722
208723
208724
208725
208726
208727
208728
208729
208730
208731
208732
208733
208734
208735
208736
208737
208738
208739
208740
208741
208742
208743
208744
208745
208746
208747
208748
208749
208780
208781
208782
208783
208784
208785
208786
208787
208788
208789
12181
208790
12182
208791
12183
208792
12184
208793
12185
208794
12186
208795
12187
208796
12188
208797
12189
208798
12190
208799
12191
208800
12192
208801
12193
208802
12194
208803
12195
208804
12196
208805
12197
208806
12198
208807
12199
208808
12200
208809
12201
208810
12202
208811
12203
208812
12204
208813
12205
208814
12206
208815
12207
208816
12208
208817
12209
208818
12210
208819
12211
208820
12212
208821
12213
208822
12214
208823
12215
208824
12216
208825
12217
208826
12218
208827
12219
12220
12221
12222
12223
12224
12225
12226
12227
12228
12229
12230
12231
12232
12233
12234
12235
12236
12237
12238
12239
12240
12241
12242
12243
12244
12245
12246
12247
12248
12249
12250
12251
12252
12253
12254
12255
12256
12257
12258
12259
12260
12261
12262
12263
12264
208878
208879
208880
208881
208882
208883
208884
208885
208886
208887
208888
208889
208890
208891
208892
208893
208894
208895
208896
208897
208898
208899
208900
208901
208902
208903
208904
208905
208906
208907
208908
208909
208910
208911
208912
208913
208914
208915
208916
208917
208918
208919
208920
208921
208922
208923
208924
208925
208962
208963
208964
208965
208966
208967
208968
208969
208970
208971
208972
208973
208974
208975
208976
208977
208978
208979
208980
208981
208982
208983
208984
208985
208986
208987
208988
208989
208990
208991
208992
208993
208994
208995
208996
208997
208998
208999
209000
209001
209002
209003
209004
209005
209006
209007
209008
209009
209040
209041
209042
209043
209044
209045
209046
209047
209048
209049
209050
209051
209052
209053
209054
209055
209056
209057
209058
209059
209060
209061
209062
209063
209064
209065
209066
209067
209068
209069
209070
209071
209072
209073
209074
209075
209076
209077
209078
209079
209080
209081
209082
209083
209084
209085
209086
209087
209088
209089
209090
209091
209092
209093
209094
209095
209096
209097
209098
209099
209100
209101
209102
209103
209104
209105
209106
209107
209108
209109
209110
209111
209112
209113
209114
209115
209116
209117
209118
209119
209120
209121
209122
209123
209124
209125
209126
209127
209128
209129
209130
209131
209132
209133
209134
209135
209172
209173
209174
209175
209176
209177
209178
209179
209180
209181
209182
209183
209184
209185
209186
209187
209188
209189
209190
209191
209192
209193
209194
209195
209196
209197
209198
209199
209200
209201
209202
209203
209204
209205
209206
209207
12862
12863
12864
12865
12866
12867
12868
12869
12870
12871
12872
12873
12874
12875
12876
12877
12878
12879
12880
12881
12882
12883
12884
12885
12886
12887
12888
12889
12890
12891
12892
12893
12894
12895
12896
12897
12898
12899
12900
12901
12902
12903
12904
12905
12906
12907
12908
12909
12910
12911
12912
12913
12914
12915
12916
12917
12918
12919
12920
12921
12922
12923
12924
12925
12926
12927
12928
12929
12930
12931
12932
12933
12934
12935
12936
12937
12938
12939
12940
12941
12942
12943
12944
12945
12946
12947
12948
12949
12950
12951
12952
12981
12982
12983
12984
12985
12986
12987
12988
12989
12990
12991
12992
12993
12994
13009
13010
13011
13012
13013
13014
13015
13016
13017
13018
13019
13020
13021
13022
13023
13024
13025
13026
13027
13028
13029
13030
13031
13032
13033
13034
13035
13036
13051
13052
13053
13054
13055
13056
13057
13058
13059
13060
13061
13062
13063
13064
13065
13066
13067
13068
13069
13070
13071
13072
13073
13074
13075
13076
13077
13078
13093
13094
13095
13096
13097
13098
13099
13100
13101
13102
13103
13104
13105
13106
13107
13108
13109
13110
13111
13112
13113
13114
13115
13116
13117
13118
13119
13120
13135
13136
13137
13138
13139
13140
13141
13142
13143
13144
13145
13146
13147
13148
13149
13150
13151
13152
13153
13154
13155
13156
13157
13158
13159
13160
13161
13162
13177
13178
13179
13180
13181
13182
13183
13184
13185
13186
13187
13188
13189
13190
13191
13192
13193
13194
13195
13196
13197
210127
210128
210129
210130
210131
210132
210133
210134
210135
210136
210137
210138
210139
210140
210141
210142
210143
210144
210248
210249
210250
210251
210252
210253
210254
210255
210256
210257
210258
210259
210260
210261
210262
210263
210264
210265
210266
210267
210268
210269
210270
210271
210272
210273
210274
210275
210276
210277
210278
210279
210280
210281
210282
210283
210284
210285
210286
210287
210288
210289
210290
210291
210292
210293
210294
210295
210296
210297
210298
210299
210300
210301
210302
210303
210304
210305
210306
210307
210308
210309
210310
210311
210312
210313
210314
210315
210316
210317
210318
210319
210320
210321
210322
210323
210324
210325
210326
210327
210328
210329
210330
210331
210332
210333
210334
210335
210336
210337
210338
210339
210340
210341
210342
210343
210347
210348
210349
210353
210354
210355
210356
210357
210358
210359
210360
210361
210362
210363
210364
210365
13757
210366
13758
210367
13759
210368
13760
210369
13761
210370
13762
210371
13763
210372
13764
210373
13765
210374
13766
210375
13767
210376
13768
210377
13769
210378
13770
210379
210380
210381
210382
210383
210384
210385
210386
210387
210388
210389
210390
210391
210392
210393
210394
210395
210396
210397
210398
210399
210400
210401
210402
210403
210455
210456
210457
210461
210462
210463
210464
210465
210466
210467
210468
210469
210470
210471
210472
210473
210474
210475
210476
210477
210478
210479
210480
210481
210482
210483
210484
210485
210486
210487
210488
210489
210490
210491
210492
210493
210494
210495
210496
210497
210498
210499
210500
210501
210502
210503
210504
210505
210506
210507
210508
210509
210510
210511
210563
210564
210565
210569
210570
210571
210572
210573
210574
210575
210576
210577
210578
210579
210580
210581
210582
210583
210584
210585
210586
210587
210588
210589
210590
210591
210592
210593
210594
210595
210596
210597
210598
210599
210600
210601
210602
210603
210604
210605
210606
210607
210608
210609
210610
210611
210612
210613
210614
210615
210616
210617
210618
210619
210671
210672
210673
79602
79603
79604
79605
79606
79607
210680
79608
210681
79609
210682
79610
210683
79611
210684
79612
210685
79613
79614
79615
79616
79617
79618
79619
210692
79620
210693
79621
210694
79622
210695
79623
210696
79624
210697
79625
79626
79627
79628
79629
79630
79631
210704
79632
210705
79633
210706
79634
210707
79635
210708
79636
210709
79637
79638
79639
79640
79641
79642
79643
210716
79644
210717
79645
210718
79646
210719
79647
210720
79648
210721
79649
79650
79651
79652
79653
79654
79655
79656
79657
79658
79659
79660
79661
79662
79663
79664
79665
79666
79667
79668
79669
79670
79671
79672
79673
79674
79675
79676
14782
14783
14784
14785
14786
14787
14788
14924
14925
14926
14927
14928
14929
14930
14931
14932
14933
14934
14935
14936
146048
146049
146050
146051
146052
146053
146054
15005
15006
15007
15008
15009
15010
15011
15012
15013
15014
15015
15016
80569
80570
80571
80572
80573
80574
80575
80576
80577
80578
80579
80580
80581
80582
80583
80584
80585
80586
80587
80588
80589
80590
80591
80592
80593
80594
80595
80596
80597
80598
80599
80600
80601
80602
80603
80604
80605
80606
80607
80608
80609
80610
80611
80612
80613
80614
80615
80616
80617
80618
80619
80620
80621
80622
15086
80623
15087
80624
15088
80625
15089
80626
15090
80627
15091
80628
15092
80629
15093
80630
15094
80631
15095
80632
15096
80633
15097
80634
80635
80636
80637
80638
80639
80640
80641
80642
80643
80644
80645
80646
80647
80648
80649
80650
80651
80652
80653
80654
80655
80668
80669
80670
80671
80672
80673
80674
80675
80676
146213
80677
146214
80678
146215
80679
146216
80680
146217
80681
146218
80682
146219
80683
146220
80684
146221
80685
146222
80686
146223
80687
146224
80688
146225
80689
146226
80690
146227
80691
146228
146229
146230
146231
146232
146233
146234
146235
146236
146237
146238
146239
146240
80704
146241
80705
146242
80706
146243
80707
146244
80708
146245
80709
146246
80710
146247
80711
146248
80712
146249
80713
146250
80714
15178
146251
80715
15179
146252
80716
15180
146253
80717
15181
146254
80718
15182
146255
80719
15183
146256
80720
15184
146257
80721
15185
146258
80722
15186
146259
80723
15187
146260
80724
15188
146261
80725
15189
146262
80726
146263
80727
146264
146265
146266
146267
146268
146269
146270
146271
146272
146273
146274
15202
146275
15203
146276
80740
15204
146277
80741
15205
146278
80742
15206
146279
80743
15207
146280
80744
15208
146281
80745
15209
146282
80746
15210
146283
80747
15211
146284
80748
15212
146285
80749
15213
146286
80750
146287
80751
146288
80752
146289
80753
146290
80754
146291
80755
146292
80756
146293
80757
146294
80758
146295
80759
146296
80760
146297
80761
146298
80762
15226
146299
80763
15227
146300
15228
146301
15229
146302
15230
146303
15231
146304
15232
146305
15233
146306
15234
146307
15235
146308
15236
146309
15237
146310
15238
146311
15239
146312
80776
15240
146313
80777
15241
146314
80778
15242
146315
80779
15243
146316
80780
15244
146317
80781
15245
146318
80782
15246
146319
80783
15247
146320
80784
15248
146321
80785
15249
146322
80786
146323
80787
146324
80788
146325
80789
146326
80790
146327
80791
146328
80792
146329
80793
146330
80794
146331
80795
146332
80796
146333
80797
146334
80798
15262
146335
80799
15263
146336
15264
146337
15265
146338
15266
146339
15267
146340
15268
146341
15269
146342
15270
146343
146344
146345
146346
146347
146348
80812
146349
80813
146350
80814
146351
80815
146352
80816
80817
80818
80819
80820
80821
80822
80823
80824
80825
80826
80827
80828
80829
80830
80831
80832
80833
80834
80835
80848
80849
80850
80851
80852
80853
80854
80855
80856
80857
80858
80859
80860
80861
80862
80863
80864
80865
80866
80867
80868
80869
80870
80871
80884
80885
80886
80887
80888
80889
80890
80891
80892
80893
80894
80895
80902
80903
80904
80905
80906
80907
212588
212589
212590
212591
212592
212593
212600
212601
212602
212603
212604
212605
212606
212607
212608
212609
212610
212611
212612
212613
212614
212615
212616
212617
212618
212619
212620
212621
212622
212623
212624
212625
212626
212627
212628
212629
212630
212631
212632
212633
212634
212635
212636
212637
212638
212639
212640
212641
212642
212643
212644
212645
212646
212647
212648
212649
212650
212651
212652
212653
212654
212655
212656
212657
212658
212659
212660
212661
212662
212663
212664
212665
212666
212667
212668
212669
212670
212671
212672
212673
212674
212675
212676
212677
212678
212679
212680
212681
212682
212683
212684
212685
212686
212687
212688
212689
212690
212691
212692
212693
212694
212695
212696
212697
212698
212699
212700
212701
212702
212703
212704
212705
212706
212707
212708
212709
212710
212711
212712
212713
212714
212715
212716
212717
212718
212719
212720
212721
212722
212723
212724
212725
212732
212733
212734
212735
212736
212737
212744
212745
212746
212747
212748
212749
212756
212757
212758
212759
212760
212761
212768
212769
212770
212771
212772
212773
147515
147516
147517
147518
147519
147520
147521
147522
147523
147524
147525
147526
147527
147528
147529
147530
147531
147532
147533
147534
147535
147536
147537
147538
147539
147540
147541
147542
147543
147544
147545
147546
147547
147548
147549
147550
147551
147552
147553
147554
147555
147556
147557
147558
147559
147560
147561
147570
147571
147572
147573
147574
147575
147576
147577
147586
147587
147588
147589
147590
147591
147592
147593
147602
147603
147604
147605
147606
147607
147608
147609
147618
147619
147620
147621
147622
147623
147624
147625
147634
147635
147636
147637
147638
147639
147640
147641
147650
147651
147652
147653
147655
147656
213862
213863
213864
213865
213866
213867
213868
213869
213870
213871
213872
213873
213874
213875
213876
213877
213878
213879
213880
213881
213882
213883
213884
213885
213886
213887
213888
213889
213890
213891
213892
213893
213894
213895
213896
213897
213898
213899
213900
213901
213902
213903
213904
213905
213906
213907
213908
213909
213910
213911
213912
213913
213914
213915
213916
213917
213918
213919
213920
213921
213922
213923
213924
213925
213926
213927
213928
213929
213930
213931
213932
213933
213958
213959
213960
213961
213962
213963
213964
213965
213966
213967
213968
213969
213970
213971
213972
213973
213974
213975
213976
213977
213978
213979
213980
213981
213982
213983
213984
213985
213986
213987
213988
213989
213990
213991
213992
213993
213994
213995
213996
213997
213998
213999
214000
214001
214002
214003
214004
214005
214030
214031
214032
214033
214034
214035
214036
214037
214038
214039
214040
214041
214042
214043
214044
214048
214049
214050
17939
17940
17941
17942
17943
17944
17945
17946
17947
17948
17949
17950
17951
17952
17953
17954
17955
17956
17957
17958
17959
17960
17961
17962
17963
17964
17965
17966
17967
17968
17969
17970
17971
17972
17973
17974
17975
17976
17977
17978
17979
17980
17981
17982
17983
17984
17985
17986
17987
17988
17989
17990
17991
17992
17993
17994
17995
17996
17997
17998
17999
18000
18001
18002
18003
18004
214804
214805
214806
214807
214808
214809
214810
214811
214812
214813
214814
214815
214816
214817
214818
214819
214820
214821
214822
214823
214824
214825
214826
214827
214828
214829
214830
214831
214832
214833
214834
214835
214836
214837
214838
214839
214840
214841
214842
214843
214844
214845
214846
214847
214848
214849
214850
214851
214852
214853
214854
214855
214856
214857
214858
214859
214860
214861
214862
214863
214864
214865
214866
214867
214868
214869
214870
214871
214872
214873
214874
214875
214876
214877
214878
214879
214880
214881
214882
214883
214884
214885
214886
214887
214888
214889
214890
214891
214892
214893
214894
214895
214896
214897
214898
214899
214900
214901
214902
214903
214904
214905
214906
214907
214908
214909
214910
214911
214912
214913
214914
214915
214916
214917
214918
214919
214920
214921
214922
214923
214924
214925
214926
214927
214928
214929
214930
214931
214932
214933
214934
214935
214936
214937
214938
214939
214940
214941
214942
214943
214944
214945
214946
214947
214948
214949
214950
214951
214952
214953
214954
214955
214956
214957
214958
214959
214960
214961
214962
214963
214964
214965
214966
214967
214968
18360
214969
18361
214970
18362
214971
18363
214972
18364
214973
18365
214974
18366
214975
18367
214976
18368
214977
18369
214978
18370
214979
18371
214980
18372
214981
18373
214982
18374
214983
18375
214984
18376
214985
18377
214986
18378
214987
18379
214988
18380
214989
18381
214990
18382
214991
18383
214992
18384
214993
18385
214994
18386
214995
18387
18388
18389
18390
18391
18392
18393
215002
18394
215003
18395
215004
18396
215005
18397
215006
18398
215007
18399
18400
18401
18402
18403
18404
18405
215014
18406
215015
18407
215016
18408
215017
18409
215018
18410
215019
18411
215020
18412
215021
18413
215022
18414
215023
18415
215024
18416
215025
18417
215026
18418
215027
18419
215028
18420
215029
18421
215030
18422
215031
18423
215032
18424
215033
18425
215034
18426
215035
18427
215036
18428
215037
18429
215038
18430
215039
18431
215040
18432
215041
18433
215042
18434
215043
18435
215044
18436
215045
18437
215046
215047
215048
215049
215050
215051
215052
215053
215054
215055
215056
215057
215058
215059
215060
215061
215062
215063
215064
215065
149529
215066
149530
215067
149531
215068
149532
215069
149533
215070
149534
18462
215071
149535
18463
215072
149536
18464
215073
149537
18465
215074
149538
18466
215075
149539
18467
215076
149540
18468
215077
149541
18469
215078
149542
18470
215079
18471
215080
18472
215081
18473
215082
215083
215084
215085
215086
215087
215088
215089
215090
215091
215092
215093
215094
18486
215095
18487
215096
18488
215097
18489
215098
18490
215099
18491
215100
18492
215101
18493
215102
18494
215103
18495
215104
18496
215105
18497
215106
18498
215107
18499
215108
18500
215109
18501
215110
18502
215111
18503
215112
18504
215113
18505
215114
18506
215115
18507
18508
18509
18522
18523
18524
18525
18526
18527
18528
18529
18530
18531
18532
18533
18534
18535
18536
18537
18538
18539
18540
18541
18542
18543
18544
18545
18558
18559
18560
18561
18562
18563
18564
18565
18566
18567
18568
18569
18570
18571
18572
18573
18574
18575
18576
18577
18578
18579
18580
18581
18594
18595
18596
18597
18598
18599
18600
18601
18602
18603
18604
18605
18606
18607
18608
18609
215218
18610
215219
18611
215220
18612
215221
18613
215222
18614
215223
18615
18616
18617
215230
215231
215232
215233
215234
215235
215236
215237
215238
18630
215239
18631
215240
18632
215241
18633
215242
18634
215243
18635
215244
18636
215245
18637
215246
18638
215247
215248
215249
215250
215251
215252
215253
18645
215254
18646
215255
18647
215256
18648
215257
18649
215258
18650
215259
215260
215261
215262
215263
215264
215265
215266
215267
215268
215269
215270
215271
215272
215273
215274
215275
215276
215277
215278
215279
215280
215281
215282
215283
215284
215285
215286
215287
215288
215289
215290
215291
215292
215293
215294
215295
215296
215297
215298
215299
215300
215301
215302
215303
215304
215305
215306
215307
215308
215309
215310
215311
215312
215313
215314
215315
215316
215317
215318
215319
215320
215321
215322
215323
215324
215325
215326
215327
215328
215329
215330
215331
215434
215435
215436
215437
215438
215439
215446
215447
215448
215449
215450
215451
215452
215453
215454
215455
215456
215457
215458
215459
215460
215461
215462
215463
215464
215465
215466
215467
215468
215469
215470
215471
215472
215473
215474
215475
215476
215477
215478
215479
215480
215481
215482
215483
215484
215485
215486
215487
215488
215489
215490
215491
215492
215493
215494
215495
215496
215497
215498
215499
215500
215501
215502
215503
215504
215505
215506
215507
215508
215509
215510
215511
215512
215513
215514
215515
215516
215517
215518
215519
215520
215521
215522
215523
215524
215525
215526
215527
215528
215529
215530
215531
215532
215533
215534
215535
215536
215537
215538
215539
215540
215541
215542
215543
215544
215545
215546
215547
215650
215651
215652
215653
215654
84582
215655
84583
84584
84585
84586
84587
84588
84589
215662
84590
215663
84591
215664
84592
84593
84594
84595
215668
84596
215669
84597
215670
84598
215671
84599
215672
84600
215673
84601
215674
84602
215675
84603
215676
84604
215677
84605
215678
84606
215679
84607
215680
84608
215681
84609
215682
84610
84611
84612
84613
215686
84614
215687
84615
215688
84616
84617
84618
84619
215692
84620
215693
84621
215694
84622
215695
84623
215696
84624
215697
84625
215698
84626
215699
84627
215700
84628
215701
84629
215702
84630
215703
84631
215704
84632
215705
84633
215706
84634
84635
84636
84637
215710
84638
215711
84639
215712
84640
84641
84642
84643
215716
84644
215717
215718
215719
215720
215721
215722
215723
215724
215725
215726
215727
215728
215729
215730
215734
215735
215736
215740
215741
215742
215743
215744
215745
215746
215747
215748
215749
215750
215751
215752
215753
215754
215758
215759
215760
150581
150582
150583
150584
150585
150586
150587
150588
150589
150590
150591
150592
150593
150594
150707
150708
150709
150710
150711
150712
150713
150714
150715
150716
150717
150718
150719
150720
150721
150722
150723
150724
150725
150726
150727
150728
150729
150730
150731
150732
150733
150734
150919
150920
150921
150922
150923
150924
150925
150926
150927
150928
150929
150930
150931
150932
150933
150934
150935
150936
150937
150938
150939
150940
150941
150942
150943
150944
150945
150946
151056
151057
151058
151059
151060
151061
151062
151063
151064
151065
151066
151067
151068
151069
151070
151071
151072
151073
151074
151075
151076
151077
151078
151079
151080
151081
151082
151083
151112
151113
151114
151115
151116
151117
151118
151119
151120
151121
151122
151123
151124
151125
151126
151127
151128
151129
151130
151131
151132
151133
151134
151135
151136
85600
151137
85601
151138
85602
151139
85603
85604
85605
85606
85607
85608
85609
85610
85611
85612
85613
85614
85615
85616
85617
85618
85619
85620
85621
85622
85623
85624
85625
85626
85627
85628
85629
85630
85631
85632
151169
85633
151170
85634
151171
85635
151172
85636
151173
85637
151174
85638
151175
85639
151176
85640
151177
85641
151178
85642
151179
85643
151180
85644
151181
85645
151182
85646
151183
85647
151184
85648
151185
85649
151186
85650
151187
85651
151188
85652
151189
85653
151190
85654
151191
85655
151192
85656
151193
85657
151194
85658
151195
85659
151196
85660
151197
85661
151198
85662
151199
85663
151200
85664
151201
85665
151202
85666
151203
85667
151204
85668
151205
85669
151206
85670
151207
85671
151208
85672
151209
85673
151210
85674
151211
85675
151212
85676
151213
85677
151214
85678
151215
85679
151216
85680
151217
85681
151218
85682
151219
85683
151220
85684
151221
85685
151222
85686
151223
85687
151224
85688
85689
85690
85691
85692
85693
85694
85695
85696
85697
85698
85699
85700
85701
85702
151239
85703
151240
85704
151241
85705
151242
85706
151243
85707
151244
85708
151245
85709
151246
85710
151247
85711
151248
85712
151249
85713
151250
85714
151251
85715
151252
85716
151253
85717
151254
85718
151255
85719
151256
85720
151257
85721
151258
85722
151259
85723
85724
85725
85726
85727
85728
85729
85730
85731
85732
85733
85734
85735
85736
85737
85738
85739
85740
85741
85742
85743
85744
85745
85746
85747
85748
85749
85750
85751
85752
85753
85754
85755
85756
85757
85758
85759
85760
85761
85762
85763
85764
85765
85766
85767
85768
85769
85770
85771
85772
85773
85774
85775
85776
85777
85778
85779
85780
85781
85782
85783
85784
85785
85786
85787
85788
85789
85790
85791
85792
85793
85794
85795
85796
85797
85798
85799
85800
85801
85802
85803
85804
85805
85806
85807
85808
85809
85810
85811
85812
85813
85814
85815
85816
85817
85818
85819
85820
85821
85822
85823
85824
85825
85826
85827
85828
85829
85830
85831
85832
85833
85834
85835
85836
85837
85838
85839
85840
85841
85842
85843
85844
85845
85846
85847
85848
85849
85850
85851
85852
85853
85854
85855
85856
85857
85858
85859
85860
85861
85862
85863
85864
85865
85866
85867
85868
85869
85870
85871
85872
85873
85874
85875
85876
85877
85878
85879
85880
85881
85882
85883
85884
85885
85886
85887
85888
85889
85890
85891
85892
85893
85894
85895
85896
85897
85898
85899
85900
85901
85902
85903
85904
85905
85906
85907
85908
85909
85910
85911
85912
85913
85914
85915
85916
85917
85918
85919
85920
85921
85922
85923
85924
85925
85926
85927
85928
85929
85930
85931
85932
85933
85934
85935
85936
85937
85938
85939
85940
85941
85942
85943
85944
85945
85946
85947
85948
85949
85950
85951
85952
85953
85954
85955
85956
85957
85958
85959
85960
85961
85962
85963
85964
85965
85966
85967
85968
85969
85970
85971
85972
85973
85974
85975
85976
85977
85978
85979
85980
85981
85982
85983
85984
85985
85986
85987
85988
85989
85990
85991
85992
85993
85994
85995
85996
85997
85998
85999
86000
86001
86002
86003
86004
86005
86006
86007
86008
86009
86010
86011
86012
86013
86014
86015
86016
86017
86018
86019
86020
86021
86022
86023
86024
86025
86026
86027
86028
86029
86030
86031
86032
86033
86034
86035
86036
86037
86038
86039
86040
86041
86042
86043
86044
86045
86046
86047
86048
86049
86050
86051
86052
86053
86054
86055
86056
86057
86058
86059
86060
86061
86062
86063
86064
86065
86066
86067
86068
86069
86070
86071
86072
86073
86074
86075
86076
86077
86078
86079
86080
86081
86082
86083
86084
86085
86086
86087
86088
86089
86090
86091
86092
86093
86094
86095
86096
86097
86098
86099
86100
86101
86102
86103
86104
86105
86106
86107
86108
86109
86110
86111
86112
86113
86114
86115
86116
86117
86118
86119
86120
86121
86122
86123
86124
86125
86126
86127
86128
86129
86130
86131
86132
86133
86134
86135
86136
86137
86138
86139
86140
86141
86142
86143
86144
86145
86146
86147
86148
86149
86150
86151
86152
86153
86154
86155
86156
86157
86158
86159
86160
86161
20625
86162
20626
86163
20627
86164
20628
86165
20629
86166
20630
86167
20631
86168
20632
86169
20633
86170
20634
86171
20635
86172
20636
86173
20637
20638
20639
20640
20641
20642
20643
20644
20645
20646
20647
20648
20649
20650
20651
20652
20653
20654
20655
20656
20657
20658
20659
20660
20661
20662
20663
20664
20665
20666
20667
20668
20669
20670
20671
20672
20673
20674
20675
20676
20677
20678
20679
20680
20681
20682
20683
20684
20685
20686
20687
20688
20689
20690
20691
20692
20693
20694
20695
20696
20697
20698
20699
20700
20701
20702
20703
20704
20705
20706
20707
20708
20709
20710
20711
20712
20713
20714
20715
20716
20717
20718
20719
20720
20721
20722
20723
20724
20725
20726
20727
20728
20729
20730
20731
20732
20733
20734
20735
20736
20737
20738
20739
20740
20741
20742
20743
20744
20745
20746
20747
20748
20749
20750
20751
20752
20753
20754
20755
20756
20757
20758
20759
20760
20761
20762
20763
20764
20765
20766
20767
20768
20769
20770
20771
20772
217762
217763
217764
217765
217766
217767
217768
217769
217770
217771
217772
217773
217774
217775
217776
217777
217778
217779
217780
217781
217782
217783
217784
217785
217786
217787
217788
217789
217790
217791
217792
217793
217794
217795
217796
217797
217798
217799
217800
217801
217802
217803
217804
217805
217806
217807
217808
217809
217810
217811
217812
217813
217814
217815
217816
217817
217818
217819
217820
217821
217822
217823
217824
217825
217826
217827
217828
217829
217830
217831
217832
217833
217834
217835
217836
217837
217838
217839
217840
217841
217842
217843
217844
217845
217846
217847
217848
217849
217850
217851
217852
217853
217854
217855
217856
217857
217858
217859
217860
217861
217862
217863
217864
217865
217866
217867
217868
217869
217870
217871
217872
217873
217874
217875
217876
217877
217878
217879
217880
217881
217882
217883
217884
217885
217886
217887
217888
217889
217890
217891
217892
217893
217894
217895
217896
217897
217898
217899
217900
217901
217902
217903
217904
217905
217906
217907
217908
217909
217910
217911
217912
217913
217914
217915
217916
217917
217918
217919
217920
217921
217922
217923
217924
217925
217926
22463
22464
22465
22466
22467
22468
22469
22470
22676
22677
22678
22679
22680
22681
22682
22683
22684
22685
22686
22687
22688
22689
22690
22691
22692
22693
22694
22695
22696
22697
22698
22699
22700
22701
22702
22703
22704
22705
22706
22707
22708
22709
22710
22711
22712
22713
22714
22715
22716
22717
22718
22719
22720
22721
22722
22723
22724
22725
22726
22727
22728
22729
22730
22731
22732
22733
22734
22735
22736
22737
22738
22739
22740
22741
22742
22743
22744
22745
22746
22747
22748
22749
22750
22751
22752
22753
22754
22755
22756
22757
22758
22759
22776
22777
22778
22779
22780
22781
22782
22797
22798
22799
22800
22801
22802
22803
23010
23011
23012
23013
23014
23015
23016
23017
23018
23019
23020
23021
23022
23023
23024
23025
23026
23027
23028
23029
23030
23031
23032
23033
23034
23035
23036
23037
23038
23039
23040
23041
23042
23043
23044
23045
23046
23047
23048
23049
23050
23051
23052
23053
23054
23055
23056
23057
23058
23059
23060
23061
23062
23063
23064
23065
23066
23067
23068
23069
23070
23071
23072
23073
23074
23075
23076
23077
23078
23079
23080
23081
23183
23184
23185
23186
23187
23188
23189
23190
23191
23192
23193
23194
23195
23196
23197
23198
23199
23200
23201
23202
23203
23204
23205
219819
219820
219821
219822
219823
219824
219825
219826
219827
219828
219829
219830
219831
219832
219833
219834
219835
219836
219837
219838
219839
219840
219841
219842
219843
219844
219845
219846
219847
219848
219849
219850
219851
219852
219853
219854
219855
219856
219857
219858
219859
219860
219861
219862
219863
219864
219865
219866
219867
219868
219869
219870
219871
219872
219873
219874
219875
219876
219877
219878
219879
219880
219881
219882
219883
219884
219885
219886
219887
219888
219889
219890
219891
219892
219893
219894
219895
219896
219897
219898
219899
219900
219901
219902
219903
219904
219905
219906
219907
219908
219909
219910
219911
219912
219913
219914
219915
219916
219917
219918
219919
219920
219921
219922
219923
219924
219925
219926
219927
219928
219929
219930
219931
219932
219933
219934
219935
219936
219937
219938
219939
219940
219941
219942
219943
219944
219945
219946
219947
219948
219949
219950
219951
219952
219953
219954
219955
219956
219957
219958
219959
219960
219961
219962
219963
219964
219965
219966
219967
219968
219969
219970
219971
219972
219973
219974
219975
219976
219977
219978
219979
219980
219981
219982
219983
219984
219985
219986
219987
219988
219989
219990
219991
219992
219993
219994
219995
219996
219997
219998
219999
220000
220001
220002
220003
220004
220005
220006
220007
220008
220009
220010
220011
220012
220013
220014
220015
220016
220017
220018
220019
220020
220021
220022
220023
220024
220025
220026
220027
220028
220029
220030
220031
220032
220033
220034
220035
220036
220037
220038
220039
220040
220041
220042
220043
220044
220045
220046
220047
220048
220049
220050
220051
220052
220053
220054
220055
220056
220057
220058
220059
220060
220061
220062
220063
220064
220065
220066
220067
220068
220069
220070
220071
220072
220073
220074
220075
220076
220077
220078
220079
220080
220081
220082
220083
220084
220085
220086
220087
220088
220089
220090
220091
220092
220093
220094
220095
220096
220097
220098
220099
220100
220101
220102
220103
220104
220105
220106
220107
220108
220109
220110
220111
220112
220113
220114
220115
220116
220117
220118
220119
220120
220121
220122
220123
220124
220125
220126
220127
220128
220129
220130
220131
220132
220133
220134
220135
220136
220137
220138
220139
220140
220141
220142
220143
220144
220145
220146
220147
220148
220149
220150
220151
220152
220153
220154
23717
23718
23719
23720
23721
23722
23723
23724
23725
23726
23727
23728
23729
23730
23731
23732
23733
23734
23735
23736
23737
23738
23739
23740
23741
23742
23743
23744
23801
23802
23803
23804
23805
23806
23807
23808
23809
23810
23811
23812
23813
23814
23849
23850
23851
23852
23853
23854
23855
23856
23857
23858
23859
23860
23861
23862
23863
23864
23865
23866
23867
23868
23869
23870
23871
23872
23873
23874
23875
23876
23877
23878
23967
23968
23969
23970
23971
23972
23973
23974
23975
23976
23977
23978
23979
23980
23981
23982
23983
23984
23985
23986
23987
23988
23989
23990
23991
23992
23993
23994
23995
23996
23997
23998
24067
24068
24069
24070
24071
24072
24073
24074
24075
24076
24077
24078
24079
24080
24081
24082
24083
24084
24085
24086
24087
24088
24089
24090
24091
24092
24093
24094
24095
24096
24097
24098
24209
24210
24211
24212
24213
24214
24215
24216
24217
24218
24219
24220
24221
24222
24223
24224
24225
24226
24227
24228
24229
24230
24231
24232
24233
24234
24235
24236
24237
24238
24239
24240
24265
24266
24267
24268
24269
24270
24271
24272
24273
24274
24275
24276
24277
24278
24279
24280
24281
24282
24283
24284
24285
24286
24287
24288
24289
24290
24291
24292
24293
24294
24295
24296
24317
24318
24319
24320
24321
24322
24323
24324
24325
24326
24327
24328
24329
24330
24331
24332
24333
24334
24335
24336
24337
24338
24339
24340
24341
24342
24343
24344
24345
24346
24347
24348
24349
24350
24351
24352
24353
24354
24355
24356
24357
24358
24359
24360
24361
24362
24363
24364
24365
24366
24367
24368
24369
24370
24371
24372
24373
24374
24375
24376
24377
24378
24379
24380
24405
24406
24407
24408
24409
24410
24411
24412
24413
24414
24415
24416
24417
24418
24419
24420
24421
24422
24423
24424
24425
24426
24427
24428
221672
221673
221674
221675
221676
221677
221678
221679
221680
221681
221682
221683
221684
221685
221686
221687
221688
221689
221690
221691
221692
221693
221694
221695
221696
221697
221698
221699
221700
221701
221729
221730
221731
221732
221733
221734
221735
221736
221737
221738
221739
221740
221741
221742
221743
221744
221745
221746
221747
221748
221749
221750
221751
221752
221753
221754
221755
221756
221757
221758
221759
221760
221761
221795
221796
221797
221798
221799
221800
221801
221802
221803
221804
221805
221806
221807
221808
221809
221810
221811
221812
221813
221814
221815
221816
221817
221818
221819
221820
221821
221822
221823
221824
221825
221826
221827
221861
221862
221863
221864
221865
221866
221867
221868
221869
221870
221871
221872
221873
221874
221875
221876
221877
221878
221879
25271
221880
25272
221881
25273
221882
25274
221883
25275
221884
25276
221885
221886
221887
221888
221889
25281
221890
25282
221891
25283
221892
25284
221893
25285
25286
25287
25288
25289
25290
25291
25292
221927
221928
221929
221930
221931
221932
221933
221934
221935
221936
221937
221938
221939
221940
221941
221942
221943
221944
221945
221946
221947
221948
221949
221950
221951
221952
221953
221954
221955
221956
221957
221958
221959
221960
221961
221962
221963
221964
221965
221966
221967
221968
221969
221970
221971
221972
221973
221974
221975
221976
221977
221978
221979
221980
221981
221982
221983
221984
221985
221986
221987
221988
221989
221990
221991
221992
222026
222027
222028
222029
222030
222031
222032
222033
222034
222035
222036
222037
222038
222039
222040
222041
222042
222043
222044
222045
222046
25556
25557
25558
25559
25560
25561
25562
25563
25564
25565
25566
25567
25568
25569
25570
25571
25572
25573
25574
25575
25597
25599
25600
25601
25602
25603
25604
25605
25606
25607
25608
25609
25610
25611
25612
25613
25614
25615
25616
25617
25618
25619
25641
25643
25644
25645
25646
25647
25648
25649
25650
25651
25652
25653
25654
25655
25656
25657
25658
25659
25660
25661
25662
25663
25685
25687
25688
25689
25690
25691
25692
25693
25694
25695
25696
25697
25698
25699
25700
25701
25702
25703
25704
25705
25706
25707
25729
25731
25732
25733
25734
25735
25736
25737
25738
25739
25740
25741
25742
25743
25744
25745
25746
25747
25748
25749
25750
25751
25773
25775
25776
25777
25778
25779
25780
25781
25782
25783
25784
25785
25786
25787
25788
25789
25790
25791
25792
25793
25794
25795
25817
25820
25821
25824
25825
25828
25829
25832
25833
25836
25837
25838
25839
157225
91689
157226
91690
157227
91691
157228
91692
157229
157230
157231
157232
157233
157234
157235
157236
91700
157237
91701
157238
91702
157239
91703
157240
91704
157241
91705
157242
91706
157243
91707
157244
91708
157245
91709
157246
91710
157247
91711
157248
91712
157249
91713
157250
91714
157251
91715
157252
91716
157253
91717
157254
91718
157255
91719
157256
91720
157257
91721
157258
91722
157259
91723
157260
91724
157261
91725
157262
91726
157263
91727
157264
91728
157265
91729
157266
91730
157267
91731
157268
91732
157269
91733
157270
91734
157271
91735
157272
91736
157273
91737
157274
91738
157275
91739
157276
91740
157277
91741
157278
91742
157279
91743
157280
91744
157281
91745
157282
91746
157283
91747
157284
91748
157285
91749
157286
91750
157287
91751
157288
91752
157289
91753
157290
91754
157291
91755
157292
91756
157293
91757
157294
91758
91759
91760
91761
91762
91763
91764
91765
91766
91767
91768
91769
91770
91771
91772
91773
91774
91775
91776
91777
91778
91779
91780
91781
91782
91783
91784
91785
91786
157323
91787
157324
91788
157325
91789
157326
91790
157327
91791
157328
91792
157329
91793
157330
91794
157331
91795
157332
91796
157333
91797
157334
91798
157335
91799
157336
91800
157337
91801
157338
91802
157339
91803
157340
91804
157341
91805
157342
91806
157343
91807
157344
91808
157345
91809
157346
91810
157347
91811
157348
91812
157349
91813
157350
91814
91815
91816
91817
91818
91819
91820
91821
91840
91841
91842
91843
91844
91845
91846
91847
91848
91849
91850
91851
91852
91853
91854
91873
91874
91875
91876
91877
91878
91879
91880
222953
91881
222954
91882
222955
91883
222956
91884
222957
91885
222958
91886
222959
91887
222960
222961
222962
222963
222964
222965
222966
222967
222968
222969
222970
222971
222972
222973
222974
222975
222976
91906
91907
91908
91909
91910
91911
91912
91913
91914
91915
91916
91917
91918
91919
91920
91939
91940
91941
91942
91943
91944
91945
91946
91947
91948
91949
91950
91951
91952
223025
91953
223026
223027
223028
223029
223030
223031
223032
223033
223034
223035
223036
223037
223038
223039
223040
223041
223042
223043
223044
91972
223045
91973
223046
91974
223047
91975
223048
91976
223049
91977
223050
91978
223051
91979
223052
91980
223053
91981
223054
91982
223055
91983
223056
91984
223057
91985
223058
91986
223059
223060
223061
223062
223063
223064
223065
223066
223067
223068
223069
223070
223071
223072
92005
92006
26470
92007
92008
26472
92009
26474
92011
92012
26476
26477
92014
26478
26479
26480
92017
26481
92018
26482
26483
26484
26485
26486
26487
26488
26489
26490
26491
26492
26493
26494
26495
26496
26497
26498
26499
26500
26501
26502
26503
26504
26505
26506
26507
26508
26509
26510
26511
26512
26514
26516
26518
26519
26520
26521
26522
26523
26524
26525
26526
26528
26530
26532
26533
26534
26535
26536
26537
26538
26539
223171
223172
223173
223174
223175
223176
223177
223178
223179
223180
223181
223182
223183
26575
223184
26576
223185
26577
223186
26578
223187
26579
223188
26580
223189
26581
223190
223191
223192
223193
223194
223195
223196
223197
26589
223198
26590
223199
26591
223200
26592
223201
26593
223202
26594
223203
26595
223204
223205
223206
223207
223208
223209
223210
223211
26603
223212
26604
223213
26605
223214
26606
223215
26607
223216
26608
223217
26609
223218
26617
26620
26621
223309
223310
223311
223312
223313
223314
223315
223316
223317
223318
223319
223320
223321
223322
223323
223324
223325
223326
223327
223328
223329
223330
223331
223332
223333
223334
223335
223336
223337
223338
223339
223340
223341
223342
223343
223344
223345
223346
223347
223348
223349
223350
223351
223352
223353
223354
223355
223356
223417
223418
223419
223420
223421
223422
223423
223424
223425
223426
223427
223428
223429
223430
223431
223432
223433
223434
223435
223436
223437
223438
223439
223440
223441
223442
223443
223444
223445
223446
223447
223448
223449
223450
223451
223452
223453
223454
223455
223456
223457
223458
223459
223460
223461
223462
223463
223464
223519
223520
223521
223522
223523
223524
223525
223526
223527
223528
223529
223530
223531
223532
223533
223534
223535
223536
223537
223538
223539
223540
223541
223542
223543
223544
223545
223546
223547
223548
223549
223550
223551
223552
223553
223554
223555
223556
223557
223558
223559
223560
223561
223562
223563
223564
223565
223566
223567
223568
223569
223570
223571
223572
223573
223574
223575
223576
223577
223578
223579
223580
223581
223582
223583
223584
223585
223586
223587
223588
223589
223590
223591
223592
223593
223594
223595
223596
223597
223598
223599
223600
223601
223602
223603
223604
223605
223606
223607
223608
223609
223610
223611
223612
223613
223614
223675
223676
223677
223678
223679
223680
223681
223682
223683
223684
223685
223686
223687
223688
223689
223690
223691
223692
223693
223694
223695
223696
223697
223698
223699
223700
223701
223702
223703
223704
223705
223706
223707
223708
223709
223710
27171
27172
27173
27174
27175
27176
27177
27178
27179
27180
27181
27182
27183
27184
27185
27186
27187
27188
27189
27190
27191
27192
27193
27194
27195
27196
27197
27198
27199
27200
27201
27202
27203
27204
27205
27213
27214
27215
27216
27217
27218
27219
27220
27221
27222
27223
27224
27225
27226
27227
27228
27229
27230
27231
27239
27240
27241
27242
27243
27244
27245
27246
27247
27248
27249
27250
27251
27252
27253
27254
27255
27256
27257
27293
27295
27296
27297
27298
27299
27300
27301
27302
27303
27304
27305
27306
27307
27308
27309
27310
27311
27312
27313
27314
27334
27336
27337
27338
27339
27340
27341
27342
27343
27344
27345
27346
27347
27348
27349
27350
27351
27352
27353
27354
27355
27375
27377
27378
27379
27380
27381
27382
27383
27384
27385
27386
27387
27388
27389
27390
27391
27392
27393
27394
27395
27396
27416
27419
27422
27425
27428
27431
27432
27433
27434
27435
27436
27437
93451
93452
93453
93454
93455
93456
93457
93458
93459
93460
93461
93462
93463
93464
93465
93466
93467
93468
93469
93470
93471
93472
93473
93474
93475
93476
93477
93478
93479
93480
93481
93482
93483
93484
93485
93486
93487
93488
93489
93490
93491
93492
93493
93494
93495
93496
93497
93498
93499
93500
93501
93502
93503
93504
93505
93506
93507
93508
93509
93510
93511
93512
93513
93514
93515
93516
93517
93518
93519
93520
93521
93522
93523
93524
93525
93526
93527
93528
93529
93530
93531
93532
93533
93534
93535
93536
93537
93538
93539
93540
93541
93542
93543
93544
93545
93546
93547
93548
93549
93550
93551
93552
93553
93554
93555
93556
93557
93558
93559
93560
93561
93562
93563
93564
93565
93566
93567
93568
93569
93570
93571
93572
93573
93574
93575
93576
93577
93578
93579
93580
93581
93582
93583
93584
93585
93586
93587
93588
93589
93590
93591
93592
93593
93594
93595
93596
93597
93598
93599
93600
93601
93602
93603
93604
93605
93606
93607
93608
93609
93610
93611
93612
93613
93614
93615
93616
93617
93618
93619
93620
93621
93622
93623
93624
93625
93626
93627
93628
93629
93630
93631
93632
93633
93634
93635
93636
93637
93638
93639
93640
93641
93642
93643
93644
93645
93646
93703
93704
93705
93706
93707
93708
93709
93710
93711
93712
93713
93714
93715
93716
93717
93718
93719
93720
93721
93722
93723
93724
93725
93726
93727
93728
93729
93730
93759
93760
93761
93762
93763
93764
93765
93766
93767
93768
93769
93770
93771
93772
93773
93774
93775
93776
93777
93778
93779
93780
93781
93782
93783
93784
93785
93786
93815
93816
93817
93818
93819
93820
93821
93822
93823
93824
93825
93826
93827
93828
93829
93830
93831
93832
93833
93834
93835
93836
93837
93838
93839
93840
93841
93842
93871
93872
93873
93874
93875
93876
93877
93878
93879
93880
93881
93882
93883
93884
93885
93886
93887
93888
93889
93890
93891
93892
93893
93894
93895
93896
93897
93898
93927
93928
93929
93930
93931
93932
93933
93934
93935
93936
93937
93938
93939
93940
93941
93942
93943
93944
93945
93946
93947
93948
93949
93950
93951
93952
93953
93954
93983
93984
93985
93986
93987
93988
93989
93990
93991
93992
93993
93994
93995
93996
93997
93998
93999
94000
94001
94002
94003
94843
94844
94845
94846
94847
94848
94849
94850
94851
94852
94853
94854
94855
94856
95431
95432
95433
95434
95435
95436
95437
95438
95439
95440
95441
95442
95443
95444
95647
95648
95649
95650
95651
95652
95653
95654
95655
95656
95657
95658
95659
95660
95661
95662
95663
95664
95665
95666
95710
95711
95712
95713
95714
95715
95716
95717
95718
95719
95720
95721
95722
95723
95724
95725
95726
95727
95728
95729
95764
95765
95766
95767
95768
95769
95770
95771
95772
95773
95774
95775
95776
95777
95778
95779
95780
95781
95782
95783
95804
95805
95806
95807
95808
95809
95810
95811
95812
95813
95814
95815
95816
95817
95818
95819
95820
95821
95822
95823
95844
95845
95846
95847
95848
95849
95850
95851
95852
95853
95854
95855
95856
95857
95858
95859
95860
95861
95862
95863
95864
95865
95866
95867
95868
95869
95870
95871
95872
95873
95874
95875
95876
95877
95878
95879
95880
95881
95882
95883
95904
95905
95906
95907
95908
95909
95910
95911
95912
95913
95914
95915
95916
95917
95918
30853
30854
30855
30856
30861
30862
30863
30864
30865
30866
30867
30868
30869
30870
30871
30872
30873
30874
30875
30876
30877
30878
30879
30880
30881
30882
30883
30884
30885
30886
30887
30888
30889
30890
30891
30892
30893
30894
30895
30896
30897
30898
30899
30900
30901
30902
30903
30904
30905
30906
30907
30908
30909
30910
30911
30912
30913
30914
30915
30916
30917
30918
30919
30920
30921
30922
30923
30924
30937
30938
30939
30940
30941
30942
30943
30944
30945
30946
30947
30948
30961
30962
30963
30964
30965
30966
30967
30968
30969
30970
30971
30972
30985
30986
30987
30988
30989
30990
30991
30992
30993
30994
30995
30996
31009
31010
31011
31012
31013
31014
31015
31016
31017
31018
31019
31020
31033
31034
31035
31036
31037
31038
31039
31040
31041
31042
31043
31044
31057
31058
31059
31060
31061
31063
31066
31067
227819
227820
227821
227822
227823
227824
227825
227826
227827
227828
227829
227830
227831
227832
227833
227834
227835
227836
227837
227838
227839
227840
227841
227842
227843
227844
227845
227846
227847
227848
227849
227850
227851
227852
227853
227854
227855
227856
227857
227858
227859
227860
227861
227862
227863
227864
227865
227866
227867
227868
227869
227870
227871
227872
227873
227874
227875
227876
227877
227878
227879
227880
227881
227882
227883
227884
227885
227886
227887
227888
227889
227890
227891
227892
227893
227894
227895
227896
227897
227898
227899
227900
227901
227902
227903
227904
227905
227906
227907
227908
227909
227910
227911
227912
227913
227914
227915
227916
227917
227918
227919
227920
227921
227922
227923
227924
227925
227926
227927
227928
227929
227930
227931
227932
227933
227934
227935
227936
227937
227938
227939
227940
227941
227942
227943
227944
227945
227946
227947
227948
227949
227950
227951
227952
227953
227954
227955
227956
227957
227958
227959
227960
227961
227962
227963
227964
227965
227966
227967
227968
227969
227970
227971
227972
227973
227974
227975
227976
227977
227978
227979
227980
227981
227982
227983
227984
227985
227986
227987
227988
227989
227990
227991
227992
227993
227994
227995
227996
227997
227998
227999
228000
228001
228002
228003
228004
228005
228006
228007
228008
228009
228010
228011
228012
228013
228014
228015
228016
228017
228018
228019
228020
228021
228022
228023
228024
228025
228026
228027
228028
228029
228030
228031
228032
228033
228034
228035
228036
228037
228038
228039
228040
228041
228042
228043
228044
228045
228046
228047
228048
228049
228050
228051
228052
228053
228054
228055
228056
228057
228058
228059
228060
228061
228062
228063
228064
228065
228066
228067
228068
228069
228070
228071
228072
228073
228074
228075
228076
228077
228078
228079
228080
228081
228082
228083
228084
228085
228086
228087
228088
228089
228090
228091
228092
228093
228094
228095
228096
228097
228098
228099
228100
228101
228102
228103
228104
228105
228106
228107
228108
228109
228110
228111
228112
228113
228114
228115
228116
228117
228118
228119
228120
228121
228122
228123
228124
32103
32104
32105
32106
32107
32108
32109
97646
97647
97648
97649
97650
97651
97652
97653
32117
97654
32118
97655
32119
97656
32120
97657
32121
97658
32122
97659
32123
97660
97661
97662
97663
97664
32128
97665
32129
97666
32130
97667
32131
97668
97669
97670
97671
97672
32136
97673
32137
97674
32138
97675
32139
97676
32140
97677
32141
97678
32142
97679
32143
97680
32144
97681
32145
97682
32146
97683
32147
97684
32148
97685
32149
97686
32150
97687
32151
97688
32152
97689
32153
97690
32154
97691
32155
97692
32156
97693
32157
97694
32158
97695
32159
97696
32160
97697
32161
97698
32162
97699
32163
97700
32164
97701
32165
97702
32166
97703
32167
97704
32168
97705
32169
97706
32170
97707
32171
97708
32172
97709
32173
97710
32174
97711
32175
97712
32176
97713
32177
97714
32178
97715
32179
97716
32180
97717
32181
97718
32182
97719
32183
97720
32184
97721
32185
97722
32186
97723
32187
97724
32188
97725
32189
97726
32190
97727
32191
97728
32192
97729
32193
97730
32194
97731
32195
97732
32196
97733
32197
97734
32198
97735
32199
97736
32200
97737
32201
97738
32202
97739
32203
97740
32204
97741
32205
97742
32206
97743
32207
97744
32208
97745
32209
97746
32210
97747
32211
97748
32212
97749
32213
97750
32214
97751
32215
97752
32216
97753
32217
97754
32218
97755
32219
97756
32220
97757
32221
97758
32222
97759
32223
97760
32224
97761
32225
97762
32226
97763
32227
97764
32228
97765
32229
97766
32230
97767
32231
97768
32232
97769
32233
97770
32234
97771
32235
97772
32236
97773
32237
97774
32238
97775
32239
97776
32240
97777
32241
97778
32242
97779
32243
97780
32244
97781
32245
97782
32246
97783
32247
97784
32248
97785
32249
97786
32250
97787
32251
97788
32252
97789
32253
97790
32254
97791
32255
97792
32256
97793
32257
97794
32258
97795
32259
97796
32260
97797
32261
97798
32262
97799
32263
97800
32264
97801
32265
97802
32266
97803
32267
97804
32268
97805
32269
97806
32270
97807
32271
97808
32272
97809
32273
97810
32274
97811
32275
97812
32276
97813
32277
97814
32278
97815
32279
97816
32280
97817
32281
97818
32282
97819
32283
97820
32284
97821
32285
97822
32286
97823
32287
97824
32288
97825
32289
97826
32290
97827
32291
97828
32292
97829
32293
97830
32294
97831
32295
97832
32296
97833
32297
97834
32298
97835
32299
97836
32300
97837
32301
97838
32302
97839
32303
97840
32304
97841
32305
97842
32306
97843
32307
97844
32308
97845
32309
97846
32310
97847
32311
97848
32312
97849
32313
97850
32314
97851
32315
97852
32316
97853
32317
97854
32318
97855
32319
97856
32320
97857
32321
97858
32322
97859
32323
97860
32324
97861
32325
97862
32326
97863
32327
97864
32328
97865
32329
97866
32330
97867
32331
97868
97869
97870
97871
97872
97873
97874
97875
32339
97876
32340
97877
32341
97878
32342
97879
32343
97880
32344
97881
32345
97882
97883
97884
97885
97886
32350
97887
32351
97888
32352
97889
32353
97890
97891
97892
97893
97894
32358
97895
32359
97896
32360
97897
32361
97898
32362
97899
32363
97900
32364
97901
32365
97902
32366
97903
32367
97904
32368
97905
97906
97907
97908
97909
97910
97911
97912
32376
97913
32377
97914
32378
97915
32379
97916
32380
97917
32381
97918
32382
97919
97920
97921
97922
97923
32387
97924
32388
97925
32389
97926
32390
97927
97928
97929
97930
97931
32395
97932
32396
97933
32397
97934
32398
97935
97936
97937
97938
97939
97940
97941
97942
97943
97944
97945
97946
97947
97948
97949
97950
97951
97952
97953
97954
97955
97956
97957
97958
97959
97960
97961
97962
97963
97964
97965
97966
97967
97968
97969
97970
97971
97972
97973
97974
97975
97976
97977
97978
97979
97980
97981
230497
230498
230499
230500
230501
230502
230503
230504
230505
230506
230507
230508
230509
230510
230511
230512
230513
230514
230515
230516
230517
230518
230519
230520
230521
230522
230523
230524
230525
230526
230527
230528
230529
230530
230531
230532
230533
230534
230535
230536
230537
230538
230539
230540
230541
230542
230543
230544
230581
230582
230583
230584
230585
230586
230587
230588
230589
230590
230591
230592
230593
230594
230595
230596
230597
230598
230599
230600
230601
230602
230603
230604
230605
230606
230607
230608
230609
230610
230611
230612
230613
230614
230615
230616
230617
230618
230619
230620
230621
230622
230623
230624
230625
230626
230627
230628
230677
230678
230679
230680
230681
230682
230683
230684
230685
230686
230687
230688
230689
230690
230691
230692
230693
230694
230695
230696
230697
230698
230699
230700
230701
230702
230703
230704
230705
230706
230707
230708
230709
230710
230711
230712
230713
230714
230715
230716
230717
230718
230719
230720
230721
230722
230723
230724
230773
230774
230775
230776
230777
230778
230779
230780
230781
230782
230783
230784
230785
230786
230787
230788
230789
230790
230791
230792
230793
230794
230795
230796
230797
230798
230799
230800
230801
230802
230803
230804
230805
230806
230807
230808
230809
230810
230811
230812
230813
230814
230815
230816
230817
230818
230819
230820
230863
230864
230865
230866
230867
230868
230869
230870
230871
230872
230873
230874
230875
230876
230877
230878
230879
230880
230881
230882
230883
230884
230885
230886
230887
230888
230889
230890
230891
230892
230893
230894
230895
230896
230897
230898
230899
230900
230901
230902
230903
230904
230905
230906
230907
230908
230909
230910
230911
230912
230913
230914
230915
230916
230917
230918
230919
230920
230921
230922
230923
230924
230925
230926
230927
230928
230929
230930
230931
230932
230933
230934
230935
230936
230937
230938
230939
230940
230941
230942
230943
230944
230945
230946
230947
230948
230949
230950
230951
230952
230953
230954
230955
230956
230957
230958
231007
231008
231009
231010
231011
231012
231013
231014
231015
231016
231017
231018
231019
231020
231021
231022
231023
231024
231025
231026
231027
231028
231029
231030
231031
231032
231033
231034
231035
231036
231037
231038
231039
231040
231041
231042
100009
100010
100011
100012
100013
100014
100015
100016
100017
100018
100019
100020
100021
100022
100023
100024
100025
100026
100027
100028
100029
100030
100031
100032
100033
100034
100035
100036
100037
100038
100039
100040
100041
100042
100043
100044
100045
100046
100047
100048
100049
100050
100051
100052
100053
100054
100055
100056
100057
100058
100059
100060
100061
100062
100063
100064
100065
100066
100067
100068
100069
100070
100071
100072
100073
100074
100075
100076
100077
100078
100079
100080
100081
100082
100083
100084
100085
100086
100087
100088
100089
100090
100091
100092
100093
100094
100095
100096
100097
100098
100099
100100
100101
100102
100103
100104
100105
100106
100107
100108
100109
100110
100111
100112
100113
100114
100115
100116
100117
100118
100119
100120
100121
100122
100123
100124
100125
100126
100127
100128
100129
100130
100131
100132
100133
100134
100135
100136
100137
100138
100139
100140
100141
100142
100143
100144
100145
100146
100147
100148
100149
100150
100151
100152
100153
100154
100155
100156
100157
100158
100159
100160
100161
100162
100163
100164
100165
100166
100167
100168
100169
100170
100171
100172
100173
100174
100175
100176
100177
100178
100179
100180
100181
100182
100183
100184
100185
100186
100187
100188
100189
100190
100191
100192
100193
100194
100195
100196
100197
100198
100199
100200
100201
100202
100203
100204
100205
100206
100207
100208
100209
100210
100211
100212
100213
100214
100215
100216
100217
100218
100219
100220
100221
100222
100223
100224
100225
100226
100227
100228
100229
100230
100231
100232
100233
100234
100235
100236
100237
100238
100239
100240
100241
100242
100243
100244
100245
100246
100247
100248
100249
100250
100251
100252
100253
100254
100255
100256
100257
100258
100259
100260
100261
100262
100263
100264
100265
100266
100267
100268
100269
100270
100271
100272
100273
100274
100275
100276
100277
100278
100279
100280
100281
100282
100283
100284
100285
100286
100287
100288
100289
100290
100291
100292
100293
100294
100295
100296
100297
100298
100299
100300
100301
100302
100303
100304
100305
100306
100307
100308
100309
100310
100311
100312
100313
100314
100315
100316
100317
100318
100319
100320
100321
100322
100323
100324
100325
100326
100327
100328
100329
100330
100331
100332
100333
100334
100335
100336
100337
100338
100339
100340
100341
100342
100343
100344
100345
100346
100347
100348
100349
100350
100351
100352
100353
100354
100355
100356
100357
100358
100359
100360
100361
100362
100363
100364
100365
100366
100367
100368
100369
100370
100371
100372
100485
100486
100487
100488
100489
100490
100491
100492
100493
100494
100495
100496
100497
100498
100499
100500
100501
100502
100503
100504
100505
100506
100507
100508
100509
100510
100511
100512
100513
100514
100515
100516
100517
100518
100519
100520
100521
100522
100523
100524
100525
100526
100527
100528
100529
100530
100531
100532
100533
100534
100535
100536
100537
100538
100539
100540
100597
100598
100599
100600
100601
100602
100603
100604
100605
100606
100607
100608
100609
100610
100611
100612
100613
100614
100615
100616
100617
100618
100619
100620
100621
100622
100623
100624
100625
100626
100627
100628
100629
100630
100631
100632
100633
100634
100635
100636
100637
100638
100639
100640
100641
100642
100643
100644
100645
100646
100647
100648
100649
100650
100651
100652
100653
100654
100655
100656
100657
100658
100659
100660
100661
100662
100663
100664
100665
100666
100667
100668
100669
100670
100671
100672
100673
100674
100675
100676
100677
100678
100679
100680
100681
100682
100683
100684
100685
100686
100687
100688
100689
100690
100691
100692
100693
100694
100695
100696
100697
100698
100699
100700
100701
100702
100703
100704
100705
100706
100707
100708
100765
100766
100767
100768
100769
100770
100771
100772
100773
100774
100775
100776
100777
100778
100779
100780
100781
100782
100783
100784
100785
100786
100787
100788
100789
100790
100791
100792
100793
100794
100795
100796
100797
100798
100799
100800
100801
100802
100803
100804
100805
100806
100807
100808
100809
100810
100811
100812
100813
100814
100815
100816
100817
100818
100819
100820
100821
100822
100823
100824
100825
100826
100827
100828
100829
100830
100831
100832
100833
100834
100835
100836
100837
100838
100839
100840
100841
100842
100843
100844
100845
100846
100847
100848
100849
100850
100851
100852
100853
100854
100855
100856
100857
100858
100859
100860
100861
100862
100863
100864
100865
100866
100867
100868
100869
100870
100871
100872
100873
100874
100875
100876
100933
100934
100935
100936
100937
100938
100939
100940
100941
100942
100943
100944
166481
100945
166482
100946
166483
100947
166484
100948
166485
100949
166486
100950
166487
100951
166488
100952
166489
100953
166490
100954
166491
100955
166492
100956
166493
100957
166494
100958
166495
100959
166496
100960
166497
100961
166498
100962
166499
100963
166500
100964
166501
100965
166502
100966
166503
100967
166504
100968
166505
100969
166506
100970
166507
100971
166508
100972
166509
100973
166510
100974
166511
100975
166512
100976
166513
100977
166514
100978
166515
100979
100980
100981
100982
100983
100984
100985
100986
100987
100988
100989
100990
100991
100992
100993
100994
100995
100996
100997
100998
100999
101000
101001
101002
101003
101004
101005
101006
101007
101008
101009
101010
101011
101012
101013
101014
101015
101016
101017
101018
101019
101020
101021
101022
101023
101024
101025
101026
101027
101028
101029
101030
101031
101032
101033
101034
101035
166572
101036
166573
101037
166574
101038
166575
101039
166576
101040
166577
101041
166578
101042
166579
101043
166580
101044
166581
166582
166583
166584
166585
166586
166587
166588
166589
166590
166591
166592
166593
166594
166595
166596
166597
166598
166599
101101
101102
101103
101104
101105
101106
101107
101108
101109
101110
101111
101112
101113
101114
101115
101116
101117
101118
101119
101120
101121
101122
101123
101124
101125
101126
101127
101128
101129
101130
101131
101132
101133
101134
101135
101136
101137
101138
101139
101140
101141
101142
101143
101144
101145
101146
101147
101148
101149
101150
101151
101152
101153
101154
101155
101156
101157
101158
101159
101160
101161
101162
101163
101164
101165
101166
101167
101168
101169
101170
101171
101172
101173
101174
101175
101176
101177
101178
101179
101180
101181
101182
101183
101184
101185
101186
101187
101188
101189
101190
101191
101192
101193
101194
101195
101196
101197
101198
101199
101200
101201
101202
101203
101204
101205
101206
101207
101208
101209
101210
101211
101212
101269
101270
101271
101272
101273
101274
101275
101276
101277
101278
101279
101280
101281
101282
101283
101284
101285
101286
101287
101288
101289
101290
101291
101292
101293
101294
101295
101296
101297
101298
101299
101300
101301
101302
101303
101304
232377
101305
232378
101306
232379
101307
232380
101308
232381
101309
232382
101310
232383
101311
232384
101312
232385
101313
232386
101314
232387
101315
232388
101316
232389
101317
232390
101318
232391
101319
232392
101320
232393
101321
232394
101322
232395
101323
232396
101324
232397
101325
232398
101326
232399
101327
232400
101328
232401
101329
232402
101330
232403
101331
232404
101332
232405
101333
232406
101334
232407
101335
232408
101336
232409
101337
232410
101338
232411
101339
232412
101340
232413
101341
232414
101342
232415
101343
232416
101344
232417
101345
232418
101346
101347
101348
101349
101350
101351
101352
232575
232576
232577
232578
232579
232580
232581
232582
232583
232584
232585
232586
232587
232588
232589
232590
232591
232592
232593
232594
232595
232596
232597
232598
232599
232600
232601
232602
232603
232604
232605
232606
232607
232608
232609
232610
232611
232612
232613
232614
232615
232616
232617
232618
232619
232620
232621
232622
232623
232624
232625
232626
232627
232628
232629
232630
232631
232632
232633
232634
232635
232636
232637
232638
232639
232640
232641
232642
232643
232656
232657
232658
232659
232660
232661
232674
232675
232676
232677
232678
232679
232692
232693
232694
232695
232696
232697
232710
232711
232712
232713
232714
232715
232728
232729
232730
232731
232732
232733
232746
232747
232748
232749
232750
232751
232767
232768
232769
167304
167305
167306
167307
167308
167309
167310
167311
167312
167313
167314
167315
167316
167317
167318
167319
167320
167321
167322
167323
167324
167325
167326
167327
167328
167329
167330
167331
167388
167389
167390
167391
167392
167393
167394
167395
167396
167397
167398
167399
167400
167401
233046
233047
233048
233049
233050
233051
233052
233053
233054
233055
233056
233057
233058
233059
233060
233061
233062
233063
233064
233065
233066
233067
233068
233069
233070
233071
233072
233073
233074
233075
233076
233077
233078
233079
233080
233081
233082
233083
233084
233085
233086
233087
233088
233089
233090
233091
233092
233093
233094
233095
233096
233097
233098
233099
233100
233101
233102
233103
233104
233105
233106
233107
233108
233109
233110
233111
233112
233113
233114
233115
233116
233117
233118
233119
233120
233121
233122
233123
233124
233125
233126
233127
233128
233129
233130
233131
233132
233133
233134
233135
233136
233137
233138
233139
233140
233141
233142
233143
233144
233145
233146
233147
233148
233149
233150
233151
233152
233153
233154
233155
233156
233157
233158
233159
233160
233161
233162
233163
233164
233165
233166
233167
233168
233169
233170
233171
233172
233173
233174
233175
233176
233177
233178
233179
233180
233181
233182
233183
233184
233185
233186
233187
233188
233189
36586
36587
36588
36589
36590
36591
36592
36593
36594
36595
36596
36597
36598
36599
36600
36601
36602
36603
36604
36605
36606
36607
36608
36609
36610
36611
36612
36613
36614
36615
36616
36617
36618
36619
36620
36621
36622
36623
36624
36625
36626
36627
36628
36629
36630
36631
36632
36633
36634
36635
36636
36637
36638
36639
36640
36641
36642
36643
36644
36645
36646
36647
36648
36649
36650
36651
36652
36653
36654
36655
36656
36657
36658
36659
36660
36661
36662
36663
36664
36665
36666
36667
36668
36669
36670
36671
36672
36673
36674
36675
36676
36677
36678
36679
36680
36681
36682
36683
36684
36685
36686
36687
36688
36689
36690
36691
36692
36693
36694
36695
36696
36734
36735
36736
36737
36738
36739
36740
36741
36742
36743
36744
36745
36746
36747
36748
36749
36750
36751
36752
36753
36754
36755
36756
36757
36758
36759
36760
36761
36762
36763
36764
36765
36766
36767
36768
36769
36770
36771
36772
36773
36774
36775
36776
36777
36778
36779
36780
36781
36782
36783
36784
36785
36786
36787
36788
36789
36790
36791
36792
36793
36794
36795
36796
36797
36798
36799
36800
36801
36802
36803
36804
36805
36806
36807
36845
36846
36847
36848
36849
36850
36851
36852
36853
36856
36857
36859
36861
36862
36864
36866
36867
36868
36869
36870
36871
36872
36873
36874
36876
36879
36880
233694
233695
233696
233697
233698
233699
233700
233701
233702
233703
233704
233705
233706
233707
233708
233709
233710
233711
233712
233713
233714
233715
233716
233717
233718
233719
233720
233721
233722
233723
233724
233725
233726
233727
233728
233729
233730
233731
233732
233733
233734
233735
233736
233737
233738
233739
233740
233741
233742
233743
233744
233745
233746
233747
233748
233749
233750
233751
233752
233753
233754
233755
233756
233757
233758
233759
233760
233761
233762
233763
233764
233765
233766
233767
233768
233769
233770
233771
233772
233773
233774
233775
233776
233777
233778
233779
233780
233781
233782
233783
233784
233785
233786
233787
233788
233789
233790
233791
233792
233793
233794
233795
233796
233797
233798
233799
233800
233801
233802
233803
233804
233805
233806
233807
233808
233809
233810
233811
233812
233813
233814
233815
233816
233817
233818
233819
233820
233821
233822
233823
233824
233825
233826
233827
233828
233829
233830
233831
233832
233833
233834
233835
233836
233837
233838
233839
233840
233841
233842
233843
233844
233845
233846
233847
233848
233849
233850
233851
233852
233853
233854
233855
233856
233857
233858
233859
233860
233861
233862
233863
233864
233865
233866
233867
233868
233869
233870
233871
233872
233873
233898
233899
233900
233901
233902
233903
233904
233905
233906
233907
233908
233909
233910
233911
233912
233913
233914
233915
233916
233917
233918
233919
233920
233921
233922
233923
233924
233925
233926
233927
233928
233929
233930
233931
233932
233933
233934
233935
233936
233937
233938
233939
233940
233941
233942
233943
233944
233945
233970
233971
233972
233973
233974
233975
233976
233977
233978
233979
233980
233981
233982
233983
233984
233985
233986
233987
233988
233989
233990
233991
233992
233993
233994
233995
233996
233997
233998
233999
234000
234001
234002
234003
234004
234005
234006
234007
234008
234009
234010
234011
234012
234013
234014
234015
234016
234017
234042
234043
234044
234045
234046
234047
234048
234049
234050
234051
234052
234053
234054
234055
234056
234057
234058
234059
234060
234061
234062
234063
234064
234065
234066
234067
234068
234069
234070
234071
234072
234073
234074
234075
234076
234077
234078
234079
234080
234081
234082
234083
234084
234085
234086
234087
234088
234089
234114
234115
234116
234117
234118
234119
234120
234121
234122
234123
234124
234125
234126
234127
234128
234129
234130
234131
234132
234133
234134
234135
234136
234137
234138
234139
234140
234141
234142
234143
234144
234145
234146
234147
234148
234149
234150
234151
234152
234153
234154
234155
234156
234157
234158
234159
234160
234161
234186
234187
234188
234189
234190
234191
234192
234193
234194
234195
234196
234197
234198
234199
234200
234201
234202
234203
234204
234205
234206
234207
234208
234209
234210
234211
234212
234213
234214
234215
234216
234217
234218
234219
234220
234221
234222
234223
234224
234225
234226
234227
234228
234229
234230
234231
234232
234233
234258
234259
234260
234261
234262
234263
234264
234265
234266
234267
234268
234269
234270
234271
234272
234273
234274
234275
234276
234277
234278
234279
234280
234281
234282
234283
234284
234285
234286
234287
234288
234289
234290
234291
234292
234293
234294
234295
234296
234297
234298
234299
234300
234301
234302
234303
234304
234305
234330
234331
234332
234333
234334
234335
234336
234337
234338
234339
234340
234341
234342
234343
234344
234345
234346
234347
234348
234349
234350
234351
234352
234353
234366
234367
234368
234369
234370
234371
234372
234373
234374
234375
234376
234377
103382
103383
103384
103385
103386
103387
103388
103389
103390
103391
103392
103393
103394
103395
103396
103397
103398
103399
103400
103401
103402
103403
103404
103405
103406
103407
103408
103409
103410
103411
103412
103413
103414
103415
103416
103417
103418
103419
103420
103421
103422
103423
103424
103425
103426
103427
103428
103429
103430
103431
103432
103433
103434
103435
103436
103437
103438
103439
103440
103441
103442
103443
103444
103445
103446
103447
103448
103449
103450
103451
235686
235687
235688
235689
235690
235691
235692
235693
235694
235695
235696
235697
235698
235699
235700
235701
235702
235703
235704
235705
235706
235707
235708
235709
235710
235711
235712
235713
235714
235715
235716
235717
235718
235719
235720
235721
235722
235723
235724
235725
235726
235727
235728
235729
235730
235731
235732
235733
235734
235735
235736
235737
235738
235739
235740
235741
235742
235743
235744
235745
235746
235747
235748
235749
235750
235751
235752
235753
235754
235755
235756
235757
235758
235759
235760
235761
235762
235763
235764
235765
235766
235767
235768
235769
235770
235771
235772
235773
235774
235775
235776
235777
235778
235779
235780
235781
235782
235783
235784
235785
235786
235787
235788
235789
235790
235791
235792
235793
235794
235795
235796
235797
235798
235799
235800
235801
235802
235803
235804
235805
235806
235807
235808
235809
235810
235811
235812
235813
235814
235815
235816
235817
236310
236311
236312
236313
236314
236315
236316
236317
236318
236319
236320
236321
236322
236323
236324
236325
236326
236327
236328
236329
236330
236331
236332
236333
236334
236335
236336
236337
236338
236339
236340
236341
236342
236343
236344
236345
236346
236347
236348
236349
236350
236351
236352
236353
236354
236355
236356
236357
236358
236359
236360
236361
236362
236363
236364
236365
236366
236367
236368
236369
236370
236371
236372
236373
236374
236375
236376
236377
236378
236379
236380
236381
236382
236383
236384
236385
236386
236387
236388
236389
236390
236391
236392
236393
236394
236395
236396
236397
236398
236399
236400
236401
236402
236403
236404
236405
236406
236407
236408
236409
236410
236411
236412
236413
236414
236415
236416
236417
236418
236419
236420
236421
236422
236423
236424
236425
236426
236427
236428
236429
236430
236431
236432
236433
236434
236435
236436
236437
236438
236439
236440
236441
236442
236443
236444
236445
236446
236447
236448
236449
236450
236451
236452
236453
236454
236455
236456
236457
236458
236459
236460
236461
236462
236463
236464
236465
236514
236515
236516
236517
236518
236519
236520
236521
236522
236523
236524
236525
236526
236527
236528
236529
236530
236531
236532
236533
236534
236535
236536
236537
236562
236563
236564
236565
236566
171030
236567
171031
236568
171032
236569
171033
236570
171034
236571
171035
236572
171036
236573
171037
236574
171038
236575
171039
236576
171040
236577
171041
236578
171042
236579
171043
236580
171044
236581
171045
236582
171046
236583
171047
236584
171048
236585
171049
236586
171050
236587
171051
236588
171052
236589
171053
236590
171054
236591
171055
236592
171056
236593
171057
236594
171058
236595
171059
236596
171060
236597
171061
236598
171062
236599
171063
236600
171064
236601
171065
236602
171066
236603
171067
236604
171068
236605
171069
236606
171070
236607
171071
236608
171072
236609
171073
171074
171075
171076
171077
171078
171079
171080
171081
171082
171083
171084
171085
171086
171087
171088
171089
171090
105554
171091
105555
171092
105556
171093
105557
171094
105558
171095
105559
171096
105560
171097
105561
236634
171098
105562
236635
171099
105563
236636
171100
105564
236637
171101
105565
236638
171102
105566
236639
171103
105567
236640
171104
105568
236641
171105
105569
236642
171106
105570
236643
171107
105571
236644
171108
105572
236645
171109
105573
236646
171110
105574
236647
171111
105575
236648
171112
105576
236649
171113
105577
236650
105578
236651
105579
236652
105580
236653
105581
236654
105582
236655
105583
236656
105584
236657
105585
236658
105586
236659
105587
236660
105588
236661
236662
236663
236664
236665
236666
236667
236668
236669
236670
236671
236672
236673
236674
236675
236676
236677
236678
236679
236680
236681
236706
236707
236708
236709
236710
236711
236712
236713
236714
236715
236716
236717
236718
236719
236720
236721
236722
236723
236724
236725
236726
236727
236728
236729
236730
236731
236732
236733
236734
236735
236736
236737
236738
236739
236740
236741
236742
236743
236744
236745
236746
236747
236748
236749
236750
236751
236752
236753
236778
236779
236780
236781
236782
236783
236784
236785
236786
236787
236788
236789
236790
236791
236792
236793
236794
236795
236796
236797
236798
236799
236800
236801
236802
236803
236804
236805
236806
236807
236808
236809
236810
236811
236812
236813
236814
236815
236816
236817
236818
236819
236820
236821
236822
236823
236824
236825
236850
236851
236852
236853
236854
236855
236856
236857
236858
236859
236860
236861
236862
236863
236864
236865
236866
236867
236880
236881
236882
236883
236884
236885
236886
236887
236888
236889
236890
236891
106114
106115
106116
106117
106118
106119
106120
106121
106122
106123
106124
106125
106126
106127
106128
106129
106130
106131
106132
106133
106134
106135
106136
106137
106138
106139
106140
106141
106142
106143
106144
106145
106146
106147
106148
106149
106150
106151
106152
106153
106154
106155
106156
106157
106158
106159
106160
106161
106162
106163
106164
106165
106166
106167
106168
106169
106170
106171
106172
106173
106174
106175
106176
106177
106178
106179
106180
106181
106182
106183
106184
106185
171855
171856
171857
171858
171859
171860
171861
171862
171863
171864
171865
171866
171867
171868
171869
171870
171871
171872
171873
171874
171875
171876
171877
171878
171879
171880
171881
171882
171883
171884
171885
171886
171887
171888
171889
171890
171891
171892
171893
171894
171895
171896
171897
171898
171899
171900
171901
171902
171903
171904
171905
171906
171907
171908
171909
171910
171911
171912
171913
171914
171915
171916
171917
171918
171919
171920
171921
171922
171923
171924
171925
171926
171927
171928
171929
171930
171931
171932
171933
171934
171935
171936
171937
171938
171939
171940
171941
171942
171943
171944
171945
171946
171947
171948
171949
171950
171951
171952
171953
171954
171955
171956
171957
171958
171959
171960
171961
171962
171963
171964
171965
171966
171967
171968
171969
171970
171971
171972
171973
171974
171975
171976
171977
171978
106442
171979
106443
171980
106444
171981
106445
171982
106446
171983
106447
171984
106448
171985
106449
171986
106450
171987
106451
171988
106452
171989
106453
171990
106454
171991
106455
171992
106456
171993
106457
171994
106458
171995
106459
171996
106460
171997
106461
171998
106462
171999
106463
172000
106464
172001
106465
172002
106466
172003
106467
172004
106468
172005
106469
172006
106470
172007
106471
106472
106473
106474
106475
106476
106477
106478
106479
106480
106481
106482
106483
106484
106485
106486
106487
106488
106489
106490
106491
106492
106493
106494
106495
172032
106496
172033
106497
172034
106498
172035
106499
172036
106500
172037
106501
172038
106502
172039
106503
172040
106504
172041
106505
172042
106506
172043
106507
106508
106509
106510
106511
106512
106513
106514
106515
106516
106517
106518
106519
106520
106521
106522
106523
106524
106525
106526
106527
106528
106529
172068
172069
172070
172071
172072
172073
172074
172075
172076
172077
172078
172079
172104
172105
172106
172107
172108
172109
172110
172111
172112
172113
172114
172115
237660
237661
237662
237663
237664
237665
237666
237667
237668
237669
237670
237671
237672
237673
237674
237675
237676
172140
237677
172141
237678
172142
237679
172143
237680
172144
237681
172145
237682
172146
237683
172147
237684
172148
237685
172149
237686
172150
237687
172151
237688
237689
237690
237691
237692
237693
237694
237695
237696
237697
237698
237699
237700
237701
237702
237703
237704
237705
237706
237707
237708
237709
237710
237711
237712
172176
237713
172177
237714
172178
237715
172179
237716
172180
237717
172181
237718
172182
237719
172183
237720
172184
237721
172185
237722
172186
237723
172187
237724
237725
237726
237727
237728
237729
237730
237731
237732
237733
237734
237735
237736
237737
237738
237739
237740
237741
237742
237743
237744
237745
237746
237747
237748
172212
237749
172213
237750
172214
237751
172215
237752
172216
237753
172217
237754
172218
237755
172219
237756
172220
237757
172221
237758
172222
237759
172223
237760
237761
172254
172255
172256
172257
172258
172259
237816
237817
237818
237819
237820
237821
237822
237823
237824
237825
237826
237827
237870
237871
237872
237873
237874
237875
237876
237877
106805
237878
106806
237879
106807
237880
106808
237881
106809
237882
106810
237883
106811
237884
106812
106813
106814
106815
237888
106816
237889
106817
237890
106818
106819
106820
106821
237894
106822
237895
106823
237896
106824
106825
106826
106827
237900
106828
237901
106829
237902
106830
106831
106832
106833
237906
106834
237907
106835
237908
106836
106837
106838
106839
237912
106840
237913
106841
237914
106842
106843
106844
106845
237918
106846
237919
106847
237920
106848
106849
106850
106851
106852
106853
106854
106855
106856
106857
106858
106859
106860
106861
106862
106863
106864
106865
106866
106867
106868
106869
106870
106871
106872
106873
106874
106875
106876
106877
106878
106879
106880
106881
106882
106883
106884
106885
106886
106887
106888
106889
106890
106891
106892
238212
238213
238214
238218
238219
238220
238221
238222
238223
238224
238225
238226
238227
238228
238229
238230
238231
238232
238233
238234
238235
238236
238237
238238
238239
238240
238241
238242
238243
238244
238245
238246
238247
238248
238249
238250
238251
238252
238253
238254
238255
238256
238257
238258
238259
238260
238261
238262
238263
238264
238265
238275
238276
238277
238278
238279
238280
238281
238282
238283
238293
238294
238295
238296
238297
238298
238299
238300
238301
238311
238312
238313
238314
238315
238316
238317
238318
238319
238329
238330
238331
238332
238333
238334
238335
238336
238337
238347
238348
238349
238350
238351
238352
238353
238354
238355
107283
107284
107285
107286
107287
107288
107289
107290
107291
107292
238365
107293
238366
107294
238367
107295
238368
107296
238369
107297
238370
107298
238371
107299
238372
107300
238373
107301
107302
107303
107304
107305
107306
107307
107308
107309
107310
107311
107312
107313
107314
107315
107316
107317
107318
107319
107320
107321
107322
107323
107324
107325
107326
107327
107328
107329
107330
107331
107332
107333
107334
107335
107336
107337
107338
107339
107340
107341
107342
107343
107344
107345
107346
107347
107348
107349
107350
107351
107352
107353
107354
107355
107356
107357
107358
107359
107360
107361
107362
107363
107364
107365
107366
107367
107368
107369
107370
107467
107468
107469
107470
107471
107472
107473
107474
107475
107476
107477
107478
107479
107480
107481
107482
107483
107484
107485
107486
107487
107488
107489
107490
107491
107492
107493
107494
107495
107496
107497
107498
107499
107500
107501
107502
107503
107504
107505
107506
107507
107508
107509
107510
107511
107512
107513
107514
107515
107516
107517
107518
107519
107520
107521
107522
107523
107524
107525
107526
107527
107528
107529
107530
107531
107532
107533
107534
107535
107536
107537
107538
107539
107540
107541
107542
107543
107544
107545
107546
107547
107548
107549
107550
107551
107552
107553
107554
173138
173139
173140
173141
173142
173143
173144
173145
173146
173147
173148
173149
173150
173151
173152
173153
173154
173155
173156
173157
173158
173159
173160
173161
173162
173163
173164
173165
173166
173167
173168
173169
173170
173171
173172
173173
173174
173175
173176
107640
173177
107641
173178
107642
173179
107643
173180
107644
173181
107645
173182
107646
173183
107647
173184
107648
173185
107649
173186
107650
173187
107651
173188
107652
173189
107653
173190
107654
173191
107655
173192
107656
173193
107657
173194
107658
173195
107659
173196
107660
173197
107661
173198
107662
173199
107663
173200
107664
173201
107665
173202
107666
173203
107667
173204
107668
173205
107669
173206
107670
173207
107671
173208
107672
173209
107673
173210
107674
173211
107675
173212
107676
173213
107677
173214
107678
173215
107679
173216
107680
173217
107681
173218
107682
173219
107683
173220
107684
173221
107685
173222
107686
173223
107687
173224
107688
173225
107689
173226
107690
173227
107691
173228
107692
173229
107693
173230
107694
173231
107695
173232
107696
173233
107697
173234
107698
173235
107699
173236
107700
173237
107701
173238
107702
173239
107703
173240
107704
173241
107705
173242
107706
173243
107707
173244
107708
173245
107709
173246
107710
173247
107711
173248
107712
173249
107713
173250
107714
173251
107715
173252
107716
173253
107717
173254
107718
173255
107719
173256
107720
173257
107721
173258
107722
173259
107723
173260
107724
173261
107725
173262
107726
173263
107727
173264
107728
173265
107729
173266
107730
173267
107731
173268
107732
173269
107733
173270
107734
173271
107735
173272
107736
173273
107737
173274
107738
173275
107739
173276
107740
173277
107741
173278
107742
173279
107743
173280
107744
173281
107745
173282
107746
173283
107747
173284
107748
173285
107749
173286
107750
173287
107751
173288
107752
173289
107753
173290
107754
173291
107755
173292
107756
173293
107757
173294
107758
173295
107759
173296
107760
173297
107761
173298
107762
173299
107763
173300
107764
173301
107765
173302
107766
173303
107767
173304
107768
173305
107769
173306
107770
173307
107771
173308
107772
173309
107773
173310
107774
173311
107775
173312
107776
173313
107777
173314
107778
173315
107779
173316
107780
173317
107781
173318
107782
173319
107783
173320
107784
173321
107785
173322
107786
173323
107787
173324
107788
173325
107789
173326
107790
173327
107791
173328
107792
173329
107793
173330
107794
173331
107795
173332
107796
173333
107797
173334
107798
173335
107799
173336
107800
173337
107801
173338
107802
173339
107803
173340
107804
173341
107805
107806
107807
107808
107809
107810
107811
107812
107813
107814
107815
107912
107913
107914
107915
107916
107917
107918
107919
107920
107921
107922
107923
107924
107925
107926
107927
107928
107929
107930
107931
107932
107933
107934
107935
107936
107937
107938
107939
107940
107941
107942
107943
107944
107945
107946
107947
107948
107949
107950
107951
107952
107953
107954
107955
107956
107957
107958
107959
107960
107961
107962
107963
107964
107965
107966
107967
107968
107969
107970
107971
107972
107973
107974
107975
107976
107977
239127
239128
239129
239130
239131
239132
239133
239134
239135
239136
239137
239138
239154
239155
239156
239157
239158
239159
239160
239161
239162
239163
239164
239165
239181
239182
239183
239184
239185
239186
239187
239188
239189
239190
239191
239192
239208
239209
239210
239211
239212
239213
239214
239215
239216
239217
239218
239219
239235
239236
239237
239238
239239
239240
239241
239242
239243
239244
239245
239246
239262
239263
239264
239265
239266
239267
239268
239269
239270
239271
239272
239273
239526
239527
42919
239528
42920
42921
42922
42923
239532
42924
239533
42925
239534
42926
239535
42927
239536
42928
239537
42929
239538
42930
239539
42931
239540
42932
239541
42933
239542
42934
239543
239544
239545
239546
239547
239548
239549
239550
239551
239552
239553
239554
239555
239556
239557
239558
239559
239560
239561
239562
239563
42955
239564
42956
239565
42957
239566
42958
239567
42959
239568
42960
239569
42961
239570
42962
42963
42964
42965
42966
42967
42968
42969
42970
42991
42992
42993
42994
42995
42996
42997
42998
239607
42999
239608
43000
239609
43001
43002
43003
43004
239613
43005
239614
43006
239615
239616
239617
239618
239619
239620
239621
239622
239623
239624
239625
239626
239627
239628
239629
239630
239631
239632
239633
239634
239635
43027
239636
43028
239637
43029
239638
43030
239639
43031
239640
43032
239641
43033
239642
43034
239643
43035
239644
43036
239645
43037
239646
43038
239647
43039
239648
43040
239649
43041
239650
43042
239651
43063
43064
43065
43066
43067
43068
43069
43070
43071
43072
43073
43074
43075
43076
43077
43078
239688
239689
239690
239694
239695
239696
239697
239698
239699
239700
239701
239702
239703
239704
239705
239706
239707
43099
239708
43100
239709
43101
239710
43102
239711
43103
239712
43104
239713
43105
239714
43106
239715
43107
239716
43108
239717
43109
239718
43110
239719
43111
239720
43112
239721
43113
239722
43114
239723
239724
239725
239726
239727
239728
239729
239730
239731
239732
239769
239770
239771
239775
239776
239777
239778
239779
239780
239781
239782
239783
239784
239785
239786
239787
239788
239789
239790
239791
239792
239793
239794
239795
239796
239797
239798
239799
239800
239801
239802
239803
239804
239805
239806
239807
239808
239809
239810
239811
239812
239813
239850
239851
239852
239856
239857
239858
239859
239860
239861
239862
239863
239864
239865
239866
239867
239868
239869
239870
239871
239872
239873
239874
239875
239876
239877
239878
239879
239880
239881
239882
239883
239884
239885
239886
239887
239888
239889
239890
239891
239892
239893
239894
239931
239932
239933
239937
239938
239939
239940
239941
239942
239943
239944
239945
239946
239947
239948
239949
239950
239951
239952
239953
239954
239955
239956
239957
239958
239959
239960
239961
239962
239963
239964
239965
239966
239967
239968
239969
239970
239971
239972
239973
239974
239975
43403
43404
43405
43406
43407
43408
43409
43410
43411
43412
43413
43414
43415
43416
43417
43418
43419
43420
43421
43422
43423
43424
43425
43426
43427
43428
43429
43430
43431
43432
43433
43434
43435
43436
43437
43438
43439
43440
43441
43442
43443
43444
43445
43446
43447
43448
43449
43450
43451
43452
43453
43454
43455
43456
43457
43458
43459
43461
43463
43465
43466
43467
43468
43469
43470
43471
43472
43473
43474
43475
43476
43477
43478
43479
43480
43481
43482
43483
43484
43485
43486
43487
43488
43489
43490
43491
43492
43493
43522
43524
43526
43528
43529
43530
43531
43532
43533
43534
43535
43536
43537
43538
43539
43540
43541
43542
43543
43544
43545
43546
43547
43548
43549
43550
43551
43552
43553
43554
43555
43556
43585
43587
43589
43591
43592
43593
43594
43595
43596
43597
43598
43599
43600
43601
43602
43603
43604
43605
43606
43607
43608
43609
43610
43611
43612
43613
43614
43615
43616
43617
43618
43619
43648
43652
43655
43658
43659
43662
43665
43666
43669
43672
43673
43676
43679
43680
240624
240625
240626
44018
240627
44019
240628
44020
240629
44021
240630
44022
240631
44023
240632
44024
240633
44025
240634
44026
240635
44027
240636
44028
240637
44029
240638
44030
240639
44031
240640
44032
240641
44033
240642
44034
240643
44035
240644
44036
240645
44037
240646
44038
240647
44039
240648
44040
240649
44041
240650
44042
240651
44043
240652
44044
240653
44045
240654
44046
240655
44047
240656
44048
240657
44049
240658
44050
240659
44051
240660
44052
240661
44053
240662
44054
240663
44055
240664
44056
240665
44057
240666
44058
240667
44059
240668
44060
240669
44061
240670
44062
240671
44063
240672
44064
240673
44065
240674
44066
240675
44067
240676
44068
240677
44069
240678
44070
240679
44071
240680
44072
240681
44073
240682
240683
240684
240685
240686
240687
240688
240689
44081
240690
44082
240691
44083
240692
44084
240693
44085
240694
44086
240695
44087
240696
44088
240697
44089
240698
44090
240699
44091
240700
44092
240701
44093
240702
44094
240703
44095
240704
44096
240705
44097
240706
44098
240707
44099
240708
44100
240709
44101
240710
44102
240711
44103
240712
44104
240713
44105
240714
44106
240715
44107
240716
44108
240717
240718
240719
240720
240721
240722
240723
240724
240725
240726
240727
240728
240729
240730
240731
240732
240733
240734
240735
240736
240737
240738
240739
240740
240741
240742
240743
240744
240745
240746
240747
240748
240749
44144
44145
44146
44147
44148
44149
44150
44151
44152
44153
44154
44155
44156
44157
44158
44159
44160
44161
44162
44163
44164
44165
44166
44167
44168
44169
44170
44171
44207
44208
44209
44210
44211
44212
44213
44214
44215
44216
44217
44218
44219
44220
44221
44222
44223
44224
44225
44226
44227
44228
44229
44230
44231
44232
44233
44234
44270
44271
44272
44273
44274
44275
44276
44277
44278
44279
44280
44281
44282
44283
44284
44285
44286
44287
44288
44289
44290
44291
44292
44293
44294
44295
44296
44297
241242
241243
241244
241245
241246
241247
241248
241249
241250
241251
241252
241253
241254
241255
241256
241257
241258
241259
241260
241261
241262
241263
241264
241265
241266
241267
241268
241269
241270
241271
241272
241273
241274
241275
241276
241277
241278
241279
241280
241281
241282
241283
241284
241285
241286
241287
241288
241289
241290
241291
241292
241293
241294
241295
241296
241297
241298
241299
241300
241301
241302
241303
241304
241305
241306
241307
241308
241309
241310
241311
241312
241313
241314
241315
241316
241317
241318
241319
241320
241321
241322
241323
241324
241325
241326
241327
241328
241329
241330
241331
241332
241333
241334
241335
241336
241337
241338
241339
241340
241341
241342
241343
241344
241345
241346
241347
241348
241349
241350
241351
241352
241353
241354
241355
241356
241357
241358
241359
241360
241361
241362
241363
241364
241365
241366
241367
241368
241369
241370
241371
241372
241373
241374
241375
241376
241377
241378
241379
241380
241381
241382
241383
241384
241385
241386
241387
241388
241389
241390
241391
241392
241393
241394
241395
241396
241397
241398
241399
241400
241401
241402
241403
241404
241405
241406
241407
241408
241409
241410
241411
241412
241413
241414
241415
241416
241417
241418
241419
241420
241421
241422
241423
241424
241425
241426
241427
241428
241429
241430
241431
241432
241433
241434
241435
241436
241437
241438
241439
241440
241441
241442
241443
241444
241445
241446
241447
241448
241449
241450
241451
241452
241453
241454
241455
241456
241457
241458
241459
241460
241461
241462
241463
241500
241501
241502
241503
241504
241505
241506
241507
241508
241509
241510
241511
241512
241513
241514
241515
241516
241517
44919
44920
44921
44922
44927
44928
44929
44930
44931
44932
44933
44934
44935
44936
44937
44938
44939
44940
44941
44942
44943
44944
44945
241554
44946
241555
44947
241556
44948
241557
44949
241558
44950
241559
44951
241560
44952
241561
44953
241562
44954
241563
44955
241564
44956
241565
44957
241566
44958
241567
44959
241568
44960
241569
44961
241570
44962
241571
44963
44964
44965
44966
44967
44968
44969
44970
44971
44972
44973
44974
44975
44976
44977
44978
241608
241609
241610
241611
241612
241613
241614
241615
241616
241617
241618
241619
241620
241621
241622
241623
241624
241625
45027
45028
45029
45030
45035
45036
45037
45038
45039
45040
45041
45042
45043
45044
45045
45046
45047
45048
45049
45050
45051
45052
45053
241662
45054
241663
45055
241664
45056
241665
45057
241666
45058
241667
45059
241668
45060
241669
45061
241670
45062
241671
45063
241672
45064
241673
45065
241674
45066
241675
45067
241676
45068
241677
45069
241678
45070
241679
45071
45072
45073
45074
45075
45076
45077
45078
45079
45080
45081
45082
45083
45084
45085
45086
241716
241717
241718
241719
241720
241721
241722
241723
241724
241725
241726
241727
241728
241729
241730
241731
241732
241733
45135
45136
45137
45138
45143
45144
45145
45146
45147
45148
45149
45150
45151
45152
45153
45154
45155
45156
45157
45158
45159
45160
45161
241770
45162
241771
45163
241772
45164
241773
45165
241774
45166
241775
45167
241776
45168
241777
45169
241778
45170
241779
45171
241780
45172
241781
45173
241782
45174
241783
45175
241784
45176
241785
45177
241786
45178
241787
45179
45180
45181
45182
45183
45184
45185
45186
45187
45188
45189
45190
45191
45192
45193
45194
241824
241825
241826
241827
241828
241829
241836
241837
241838
241839
241840
241841
45243
45244
45245
45246
45251
45252
45253
45254
45255
45256
45257
45258
45259
45260
45261
45262
45263
45264
45265
45266
45267
45268
45269
45270
45271
45272
45273
45274
45275
45276
45277
45278
45279
45280
45281
45282
45283
45284
45285
45286
45287
45288
45289
45290
45291
45292
45293
45294
45295
45296
45297
45298
45299
45300
45301
45302
45351
45352
45353
45354
45359
45360
45361
45362
45363
45364
45365
45366
45367
45368
45369
45370
45371
45372
45373
45374
45375
45376
45377
45378
45379
45380
45381
45382
45383
45384
45385
45386
45387
45388
45389
45390
45391
45392
45393
45394
45395
45396
45397
45398
45399
45400
45401
45402
45403
45404
45405
45406
45407
45408
45409
45410
45459
45460
45461
45462
45467
45469
45471
45472
45473
45474
45475
45477
45479
45481
45483
45484
45485
45486
45487
45489
45491
45493
45495
45496
45497
45498
45499
45501
45503
45505
45507
45508
45509
45510
45511
45513
45516
45517
242424
242425
242426
242427
242428
242429
242430
242431
242432
242433
242434
242435
242436
242437
242438
242439
242440
242441
242442
242443
242444
242445
242446
242447
242448
242449
242450
242451
242452
242453
242454
242455
242456
242457
242458
242459
242460
242461
242462
242463
242464
242465
242466
242467
242468
242469
242470
242471
242472
242473
242474
242475
242476
242477
242478
242479
242480
242481
242482
242483
242484
242485
242486
242487
242488
242489
242490
242491
242492
242493
242494
242495
242496
242497
242498
242499
242500
242501
242502
242503
242504
242505
242506
242507
242508
242509
242510
242511
242512
242513
242514
242515
242516
242517
242518
242519
242520
242521
242522
242523
242524
242525
242526
242527
242528
242529
242530
242531
242532
242533
242534
242535
242536
242537
242538
242539
242540
242541
242542
242543
242544
242545
242546
242547
242548
242549
242550
242551
242552
242553
242554
242555
242556
242557
242558
242559
242560
242561
242562
242563
242564
242565
242566
242567
242568
242569
242570
242571
242572
242573
177048
177049
177050
177051
177052
177053
177054
177055
177056
177057
177058
177059
177060
177061
177062
177063
177064
177065
177066
177067
177068
177069
177070
177071
177072
177073
177074
177075
177076
177077
177078
177079
177104
177105
177106
177107
177108
177109
177110
177111
177112
177113
177114
177115
177116
177117
177118
177119
177120
177121
177122
177123
177124
177125
177126
177127
177128
177129
177130
177131
177132
177133
177134
177135
177168
177169
177170
177171
177172
177173
177174
177175
177176
177177
177178
177179
177180
177181
177182
177183
177184
177185
177186
177187
177188
177189
177190
177191
177192
177193
177194
177195
177196
177197
177198
177199
177232
177233
177234
177235
177236
177237
177238
177239
177240
177241
177242
177243
177244
177245
177246
177247
177248
177249
177250
177251
177252
177253
177254
177255
177256
177257
177258
177259
177260
177261
177262
177263
177292
177293
177294
177295
177296
177297
177298
177299
177300
177301
177302
177303
177304
177305
177306
177307
177308
177309
177310
177311
177312
177313
177314
177315
177316
177317
177318
177319
177320
177321
177322
177323
177324
177325
177326
177327
177328
177329
177330
177331
177332
177333
177334
177335
177336
177337
177338
177339
177340
177341
177342
177343
177344
177345
177346
177347
177348
177349
177350
177351
177352
177353
177354
177355
177388
177389
177390
177391
177392
177393
177394
177395
177396
177397
177398
177399
177400
177401
177402
177403
177404
177405
177406
177407
177408
177409
177410
177411
243090
243091
243092
46484
243093
46485
243094
46486
243095
46487
243096
46488
243097
46489
243098
46490
243099
46491
243100
46492
243101
46493
243102
46494
243103
46495
243104
46496
243105
46497
243106
46498
243107
46499
243108
46500
243109
46501
243110
46502
243111
46503
243112
46504
243113
46505
243114
46506
243115
46507
243116
46508
243117
46509
243118
46510
243119
46511
243120
46512
243121
46513
243122
46514
243123
46515
243124
46516
243125
46517
243126
46518
243127
46519
243128
46520
243129
46521
243130
46522
243131
46523
243132
46524
243133
46525
243134
46526
243135
46527
243136
46528
243137
46529
243138
46530
243139
46531
243140
46532
243141
46533
243142
46534
243143
46535
243144
46536
243145
46537
243146
46538
243147
46539
243148
46540
243149
46541
243150
46542
243151
46543
243152
46544
243153
46545
243154
46546
243155
46547
243156
46548
243157
46549
243158
46550
243159
46551
243160
46552
243161
46553
243162
46554
243163
46555
243164
46556
243165
46557
243166
46558
243167
46559
243168
46560
243169
46561
243170
46562
243171
46563
243172
46564
243173
46565
243174
46566
243175
46567
243176
46568
243177
46569
243178
46570
243179
46571
243180
46572
243181
46573
243182
46574
243183
46575
243184
46576
243185
46577
243186
46578
243187
46579
243188
46580
243189
46581
243190
46582
243191
46583
243192
46584
243193
46585
243194
46586
243195
46587
243196
46588
243197
46589
243198
46590
243199
46591
243200
46592
243201
46593
243202
46594
243203
46595
243204
46596
243205
46597
243206
46598
243207
46599
243208
46600
243209
46601
243210
46602
243211
46603
243212
46604
243213
46605
243214
46606
243215
46607
243216
46608
243217
46609
243218
46610
243219
46611
243220
46612
243221
46613
243222
46614
243223
46615
243224
46616
243225
46617
243226
46618
243227
46619
243228
46620
243229
46621
243230
46622
243231
46623
243232
46624
243233
46625
243234
46626
243235
46627
243236
46628
243237
46629
243238
46630
243239
46631
243240
46632
243241
46633
243242
46634
243243
46635
243244
46636
243245
46637
243246
46638
243247
46639
243248
46640
243249
46641
243250
46642
243251
46643
243252
46644
243253
46645
243254
46646
243255
46647
243256
46648
243257
46649
243258
46650
243259
46651
243260
46652
243261
46653
243262
46654
243263
46655
46656
46657
46658
46659
46660
46661
46662
46663
46664
46665
46666
46667
46668
46669
46670
46671
46672
46673
46674
46675
46676
46677
46678
46679
243288
46680
243289
46681
243290
46682
243291
46683
243292
46684
243293
46685
243294
46686
243295
46687
243296
46688
243297
46689
243298
46690
243299
46691
243300
46692
243301
46693
243302
46694
243303
46695
243304
46696
243305
46697
243306
46698
243307
46699
243308
46700
243309
46701
243310
46702
243311
46703
243312
46704
243313
46705
243314
46706
243315
46707
243316
46708
243317
46709
243318
46710
243319
46711
243320
46712
243321
46713
243322
46714
243323
46715
243324
46716
243325
46717
243326
46718
243327
46719
243328
46720
243329
46721
243330
46722
243331
46723
243332
46724
243333
46725
243334
46726
243335
46727
46728
46729
46730
46731
46732
46733
46734
46735
46736
46737
46738
46739
46740
46741
46742
46743
46744
46745
46746
46747
46748
46749
46750
46751
243360
46752
243361
46753
243362
46754
243363
46755
243364
46756
243365
46757
243366
46758
243367
46759
243368
46760
243369
46761
243370
46762
243371
46763
243372
46764
243373
46765
243374
46766
243375
46767
243376
46768
243377
46769
243378
46770
243379
46771
243380
46772
243381
46773
243382
46774
243383
46775
243384
46776
243385
46777
243386
46778
243387
46779
243388
46780
243389
46781
243390
46782
243391
46783
243392
46784
243393
46785
243394
46786
243395
243396
243397
243398
243399
243400
243401
243402
46794
243403
46795
243404
46796
243405
46797
243406
46798
243407
46799
46800
46805
46806
46807
46808
46813
46814
46815
46816
46817
46818
46819
46820
46821
46822
46823
243432
46824
243433
46825
243434
46826
243435
46827
243436
46828
243437
46829
243438
46830
243439
46831
243440
46832
243441
46833
243442
46834
243443
46835
243444
46836
243445
46837
243446
46838
243447
46839
243448
46840
243449
46841
243450
46842
243451
46843
243452
46844
243453
46845
243454
46846
243455
46847
243456
46848
243457
46849
243458
46850
243459
46851
243460
46852
243461
46853
243462
46854
243463
46855
243464
46856
243465
46857
243466
46858
243467
46859
243468
46860
243469
46861
243470
46862
243471
46863
243472
46864
243473
46865
243474
46866
243475
46867
243476
46868
243477
46869
243478
46870
243479
46871
46872
46873
46874
46875
46876
46877
46878
46879
46880
46881
46882
46883
46884
46885
46886
46887
46888
46889
46890
46891
46892
46893
46894
46895
243504
46896
243505
46897
243506
46898
243507
46899
243508
46900
243509
46901
243510
46902
243511
46903
243512
46904
243513
46905
243514
46906
243515
46907
243516
46908
243517
46909
243518
46910
243519
46911
243520
46912
243521
46913
243522
46914
243523
46915
243524
46916
243525
46917
243526
46918
243527
46919
243528
46920
243529
46921
243530
46922
243531
46923
243532
46924
243533
46925
243534
46926
243535
46927
243536
46928
243537
46929
243538
46930
243539
46931
243540
46932
243541
46933
243542
46934
243543
46935
243544
46936
243545
46937
243546
46938
243547
46939
243548
46940
243549
46941
243550
46942
243551
46943
46944
46945
46946
46947
46948
46949
46950
46951
46952
46953
46954
46955
46956
46957
46958
46959
46960
46961
46962
46963
46964
243576
243577
243578
243579
243580
243581
243582
243583
243584
243585
243586
243587
243588
243589
243590
243591
243592
243593
243594
243595
243596
243597
243598
243599
243600
243601
243602
243603
243604
243605
243606
243607
243608
243609
243610
243611
243612
243613
243614
243615
243616
243617
243618
243619
243620
243621
243622
243623
243648
243649
243650
243651
243652
243653
243654
243655
243656
243657
243658
243659
243660
243661
243662
243663
243664
243665
243666
243667
243668
243669
243670
243671
243672
243673
243674
243675
243676
243677
243678
243679
243680
243681
243682
243683
243684
243685
243686
243687
243688
243689
243690
243691
243692
243693
243694
243695
243720
243721
47113
243722
47114
243723
47115
243724
47116
243725
47117
243726
47118
243727
47119
243728
243729
243730
243731
243732
243733
243734
243735
47127
243736
47128
243737
47129
243738
47130
243739
47131
243740
47132
243741
47133
243742
243743
47138
47139
47140
47141
47146
47147
243756
47148
243757
47149
243758
47150
243759
47151
243760
47152
243761
47153
243762
47154
243763
47155
243764
47156
243765
47157
243766
47158
243767
47159
47160
47161
47162
47163
47164
47165
47166
47167
47168
47169
47170
47171
47172
47173
47174
47175
47176
47177
47178
47179
47180
47181
47182
47183
47184
47185
47186
47187
47188
47189
47190
47191
47192
47193
47194
47195
47196
47197
47198
47199
47200
47201
47202
47203
47204
47205
47206
47207
47208
47209
47210
47211
47212
47213
47214
47215
47216
47217
47218
47219
47220
47221
47222
47223
47224
47225
47226
47227
47228
47229
47230
47231
47232
47233
47234
47235
47236
47237
47238
47239
47240
47241
47242
47243
47244
47245
47246
47247
47248
47249
47250
47251
47252
47253
47254
47255
47256
47257
47258
47259
47260
47261
47262
47263
47264
47265
47266
47267
47268
47269
47270
47271
47272
47273
47274
47275
47276
47277
47278
47279
47280
47281
47282
47283
47284
47285
47286
47287
47288
47289
47290
47291
47292
47293
47294
47295
47296
47297
47446
47447
47448
47449
47450
47451
47452
47460
47461
47462
47463
47464
47465
47466
47471
47472
47473
47474
47479
47480
47481
47482
47483
47484
47485
47486
47487
47488
47489
47490
47491
47492
47493
47494
47495
47496
47497
47498
47499
47500
47501
47502
47503
47504
47505
47506
47507
47508
47509
47510
47511
47512
47513
47514
47515
47516
47517
47518
47519
47520
47521
47522
47523
47524
47525
47526
47527
47528
47529
47530
47531
47532
47533
47534
47535
47536
47537
47538
47539
47540
47541
47542
47543
47544
47545
47546
47547
47548
47549
47550
47551
47552
47553
47554
47555
47556
47557
47558
47559
47560
47561
47562
47563
47564
47565
47566
47567
47568
47569
47570
47571
47572
47573
47574
47575
47576
47577
47578
47579
47580
47581
47582
47583
47584
47585
47586
47587
47588
47589
47590
47591
47592
47593
47594
47595
47596
47597
47598
47599
47600
47601
47602
47603
47604
47605
47606
47607
47608
47609
47610
47611
47612
47613
47614
47615
47616
47617
47618
47619
47620
47621
47622
47623
47624
47625
47626
47627
47628
47629
47630
47779
47780
47781
47782
47783
47784
47785
47793
47794
47797
47798
47804
47805
47806
47807
47812
47814
47816
47817
47818
47819
47820
47821
47822
47823
47824
47827
47828
47830
47831
47834
47835
47837
47838
47839
47840
47841
47842
47843
47844
47845
47847
47849
47851
47853
47854
47855
47856
47857
47858
47859
47860
47861
47864
47865
47867
47868
47871
47872
47874
47875
47876
47877
47878
47879
47880
47881
47882
47884
47886
47888
47890
47891
47892
47893
47894
47895
47896
47897
47898
47901
47902
47904
47905
47908
47909
47911
47912
47913
47914
47915
47916
47917
47918
47919
47921
47923
47925
47927
47928
47929
47930
47931
47932
47933
47934
47935
47938
47939
47941
47943
47944
47946
47948
47949
47950
47951
47952
47953
47954
47955
47956
47958
47961
47962
180032
180033
180034
180035
180036
180037
180038
180039
180040
180041
180042
180043
180044
180045
180046
180047
180048
180049
180050
180051
180052
245631
245632
245633
245634
245635
245636
245637
245638
245639
245640
245641
245642
245643
245644
245645
245646
245647
245648
245649
245650
245651
245652
245653
245654
245655
245656
245657
245658
245659
245660
245661
245662
245663
245664
245665
245666
245667
245668
245669
245670
245671
245672
245673
245674
245675
245676
245677
245678
245679
245680
245681
245682
245683
245684
245685
245686
245687
245688
245689
245690
245691
245692
245693
245694
245695
245696
245697
245698
245699
245700
245701
245702
245703
245704
245705
245706
245707
245708
245709
245710
245711
245712
245713
245714
245715
245716
245717
245718
245719
245720
245721
245722
245723
245724
245725
245726
245727
245728
245729
180193
245730
180194
245731
180195
245732
180196
245733
180197
245734
180198
245735
180199
245736
245737
245738
245739
245740
245741
245742
245743
245744
245745
245746
245747
245748
245749
245750
245751
245752
245753
245754
245755
245756
245757
245758
245759
245760
245761
245762
180592
180593
180594
180595
180596
180597
180598
180599
180600
180601
180602
180603
180604
180605
180606
180607
180608
180609
180610
180611
180612
180613
180614
180615
180616
180617
180618
180619
180620
180621
180622
180623
180624
180625
180626
180627
180628
180629
180630
180631
180632
180633
180634
180635
180636
180637
180638
180639
180640
180641
180642
180643
180644
180645
180646
180647
180648
180649
180650
180651
180652
180653
180654
180655
180656
180657
180658
180659
180660
180661
180662
180663
180664
180665
180666
180667
180668
180669
180670
180671
180672
180673
180674
180675
180676
180677
180678
180679
180680
180681
180682
180683
180684
180685
180686
180687
180688
180689
180690
180691
180692
180693
180694
180695
180696
180697
180698
180699
180700
180701
180702
180703
180704
180705
180706
180707
180708
180709
180710
180711
180712
180713
180714
180715
180716
180717
180718
180719
180720
180721
180722
180723
180724
180725
180726
180727
180728
180729
180730
180731
180732
180733
180734
180735
180736
246273
180737
246274
180738
246275
180739
246276
180740
246277
180741
246278
180742
246279
180743
246280
180744
246281
180745
246282
180746
246283
180747
246284
180748
246285
180749
246286
180750
246287
180751
246288
180752
246289
246290
246291
246292
246293
246294
246295
246296
246297
246298
246299
246300
246301
246302
246303
246304
246305
246306
246307
246308
246309
246310
246311
246312
246313
246314
246315
246316
246317
246318
246319
246320
246321
246322
246323
246324
246325
246326
246327
246328
246329
246330
246331
246332
246333
246334
246335
246336
246337
246338
246339
246340
246341
246342
246343
246344
246345
246346
246347
246348
246349
246350
246351
246352
246353
246354
246355
246356
246357
246358
246359
246360
246361
246362
246363
246364
246365
246366
246367
246368
246369
246370
246371
246372
246373
246374
246375
246376
246377
246378
246379
246380
246381
246382
246383
246384
246385
246386
246387
246388
246389
246390
246391
246392
246393
246394
246395
246396
246397
246398
246399
246400
246401
246402
246403
246404
246405
246406
246407
246408
246409
246410
246411
246412
246413
246414
246415
246416
246417
246418
246419
246420
246421
246422
246423
246424
246425
246426
246427
246428
246429
246430
246431
246432
246433
246434
246435
246436
246437
246438
246439
246440
246441
246442
246443
246444
246445
246446
246447
246448
246449
246450
246451
246452
246453
246454
246455
246456
246457
246458
246459
246460
246461
246462
246463
246464
246465
246466
246467
246468
246469
246470
246471
246472
246473
246474
246475
246476
246477
246478
246479
246480
246481
246482
246483
246484
246485
246486
246487
246488
246489
246490
246491
246492
246493
246494
246528
246529
246530
246531
246532
246533
246534
246535
246536
246537
246538
246539
246540
246541
246542
246543
246544
246545
246579
246580
246581
246582
246583
246584
246585
246586
246587
246588
246589
246590
246591
246592
246593
246594
246595
246596
246633
246634
246635
246636
246637
246638
246639
246640
246641
246642
246643
246644
246645
246646
246647
246684
246685
246686
246687
246688
246689
246690
246691
246692
246693
246694
246695
246696
246697
246698
246699
246700
246701
246735
246736
246737
246738
246739
246740
246741
246742
246743
246744
246745
246746
246747
246748
246749
246750
246751
246752
246786
246787
246788
246789
246790
246791
246792
246793
246794
246795
246796
246797
246798
246799
246800
246801
246802
246803
246849
246850
246851
246852
246853
246854
247395
247396
247397
247398
247399
247400
247401
247402
247403
247404
247405
247406
247407
247408
247409
247428
247429
247430
181894
247431
181895
247432
181896
247433
181897
247434
181898
247435
181899
247436
181900
247437
181901
247438
181902
247439
181903
247440
181904
247441
181905
247442
181906
181907
181908
181909
181910
181911
181912
181913
181914
181915
181916
181917
181918
181919
181920
181921
181922
181923
181924
247461
181925
247462
181926
247463
181927
247464
181928
247465
181929
247466
181930
247467
181931
247468
181932
247469
181933
247470
181934
247471
181935
247472
181936
247473
181937
247474
181938
247475
181939
181940
181941
181942
181943
181944
181945
181946
181947
181948
181949
247494
247495
247496
247497
247498
247499
247500
181964
247501
181965
247502
181966
247503
181967
247504
181968
247505
181969
247506
181970
247507
181971
247508
181972
181973
181974
181975
181976
181977
181978
181979
181980
181981
181982
181983
181984
181985
181986
181987
181988
181989
181990
247527
181991
247528
247529
247530
247531
247532
247533
247534
247535
247536
247537
247538
247539
247540
247541
182020
182021
182022
182023
247560
182024
247561
182025
247562
182026
247563
182027
247564
182028
247565
182029
247566
182030
247567
182031
247568
182032
247569
182033
247570
182034
247571
182035
247572
182036
247573
182037
247574
182038
182039
182040
182041
182042
182043
182044
182045
182046
182047
247593
247594
247595
247596
247597
247598
247599
247600
247601
247602
247603
247604
247605
247606
247607
182076
182077
182078
182079
182080
182081
182082
182083
182084
182085
182086
182087
182088
182089
182090
182091
182092
182093
182094
182095
182096
182097
182098
182099
182100
182101
182102
182103
182104
182105
182106
182107
182108
182109
182110
182111
182112
182113
182114
182115
182116
182117
182118
182119
182120
182121
182122
182123
182124
182125
182126
182127
182128
182129
182130
182131
182160
182161
182162
182163
182164
182165
182166
182167
182168
182169
182170
182171
182172
182173
182181
182182
182183
182184
182185
182186
182187
248205
248206
248207
248211
248212
248213
248214
248215
248216
248217
248218
248219
248220
248221
248222
248223
248224
248225
248226
248227
248228
248229
248230
248231
248232
248233
248234
248235
248236
248237
248238
248239
248240
248241
248242
248243
248244
248245
248246
248247
248248
248249
248250
248251
248252
248253
248254
248255
248256
248257
248258
248268
248269
248270
248271
248272
248273
248274
248275
248276
248286
248287
248288
248289
248290
248291
248292
248293
248294
248304
248305
248306
248307
248308
248309
248310
248311
248312
248322
248323
248324
248325
248326
248327
248328
248329
248330
248340
248341
248342
248343
248344
248345
248346
248347
248348
248358
248359
248360
182909
182910
182911
182912
182913
182914
182915
183434
183435
183436
183437
183438
183439
183440
183441
183442
183443
183444
183445
183446
183447
183448
183449
183450
183451
183452
183453
183454
183455
183456
183457
183458
183459
183460
183461
183462
183463
183464
183465
183466
183467
183468
183469
183470
183471
183472
183473
183474
183475
183476
183477
183478
183479
183480
183481
183482
52413
52414
52415
52416
52417
52418
52419
52420
52421
52422
52423
52424
52425
52426
52427
52428
52429
52430
52431
52432
183539
183540
183541
183542
183543
183544
52472
183545
52474
52476
52478
52479
52480
52481
52482
52483
52484
52485
52486
52487
52488
52489
52490
52491
52492
52493
52494
52495
52496
52497
52498
52499
52500
52501
52502
52503
52504
52505
52506
52507
52508
52509
52510
52511
52512
52513
52514
52515
52516
52517
52518
52519
52520
52560
52562
52564
52566
52567
52568
52569
52570
52571
52572
52573
52574
52575
52576
52577
52578
52579
52580
52581
52582
52583
52584
52585
52586
52587
52588
52589
52590
52591
52592
52593
52594
52595
52596
52597
52598
52599
52600
52601
52602
52603
52604
52605
52606
52607
52608
52648
52650
52652
52654
52655
52656
52657
52658
52659
52660
52661
52662
52663
52664
52665
52666
52667
52668
52669
52670
52671
52672
52673
52674
52675
52676
52677
52678
52679
52680
52681
52682
52683
52684
52685
52686
52687
52688
52689
52690
52691
52692
52693
52694
52695
52696
52736
52738
52740
52742
52743
52744
52745
52746
52747
52748
52749
52750
52751
52752
52753
52754
52755
52756
52757
52758
52759
52760
52761
52762
52763
52764
52765
52766
52767
52768
52769
52770
52771
52772
52773
52774
52775
52776
52777
52778
52779
52780
52781
52782
52783
52784
52824
52826
52828
52830
52831
52832
52833
52834
52835
52836
52837
52838
52839
52840
52841
52842
52843
52844
52845
52846
52847
52848
52849
52850
52851
52852
52853
52854
52855
52856
52857
52858
52859
52860
52861
52862
52863
52864
52865
52866
52867
52868
52869
52870
52871
52872
52912
52914
52916
52918
52919
52920
52921
52922
52923
52924
52925
52926
52927
52928
52929
52930
52931
52932
52933
52934
52935
52936
52937
52938
52939
52940
52941
52942
52943
52944
52945
52946
52947
52948
52949
52950
52951
52952
52953
52954
52955
52956
52957
52958
52959
52960
53000
53004
53007
53010
53011
53014
53017
53018
53021
53024
53025
53028
53031
53032
53035
53038
53039
53042
53043
53044
53045
53046
53047
53048
250020
250021
250022
250023
250024
250025
250026
250027
250028
250029
250030
250031
250032
250033
250034
250035
250036
250037
250038
250039
250040
250041
250042
250043
250044
250045
250046
250047
250048
250049
250050
250051
250052
250053
250054
250055
250056
250057
250058
250059
250060
250061
250062
250063
250064
250065
250066
250067
250068
250069
250070
250071
250072
250073
250074
250075
250076
250077
250078
250079
250080
250081
250082
250083
250084
250085
119089
119090
119091
119092
119093
119094
119095
119096
119097
119098
119099
119100
119101
119102
119103
119104
119105
119106
119107
119108
119109
119110
119111
119112
119113
119114
119115
119116
250332
250333
250334
250335
250336
250337
250338
250339
250340
250341
250342
250343
250344
250345
250346
250347
250348
250349
250350
250351
250352
250353
250354
250355
250356
250357
250358
250359
250360
250361
250362
250363
250364
250365
250366
250367
250368
250369
250370
250371
250372
250373
250374
250375
250376
250377
250378
250379
250380
250381
250382
250383
250384
250385
250386
250387
250388
250389
250390
250391
250392
250393
250394
250395
250396
250397
250398
250399
250400
250401
250402
250403
250404
250405
250406
250407
250408
250409
250434
250435
250436
250437
250438
250439
250440
250441
250442
250443
250444
250445
250458
250459
250460
250461
250462
250463
250464
250465
250466
250467
250468
250469
250470
250471
250472
250473
250474
250475
250476
250477
250478
250479
250480
250481
250494
250495
250496
250497
250498
250499
250500
250501
250502
250503
250504
250505
250506
250507
250508
250509
250510
250511
250512
250513
250514
250515
250516
250517
119446
119447
119448
119449
119450
119451
119452
119453
119454
119455
119456
119457
250530
119458
250531
119459
250532
119460
250533
119461
250534
119462
250535
119463
250536
119464
250537
119465
250538
119466
250539
119467
250540
119468
250541
119469
250542
119470
250543
119471
250544
119472
250545
119473
250546
119474
250547
119475
250548
119476
250549
119477
250550
119478
250551
119479
250552
119480
250553
119481
119482
119483
119484
119485
119486
119487
119488
119489
119490
119491
119492
119493
250566
119494
250567
119495
250568
119496
250569
119497
250570
119498
250571
119499
250572
119500
250573
119501
250574
119502
250575
119503
250576
119504
250577
119505
250578
119506
250579
119507
250580
119508
250581
119509
250582
119510
250583
119511
250584
119512
250585
119513
250586
119514
250587
119515
250588
119516
250589
119517
119518
119519
119520
119521
119522
119523
119524
119525
119526
119527
119528
119529
250602
119530
250603
119531
250604
119532
250605
119533
250606
119534
250607
119535
250608
119536
250609
119537
250610
119538
119539
119540
119541
119542
119543
119544
250617
119545
250618
119546
250619
119547
250620
119548
250621
119549
250622
119550
119551
119552
119553
119554
119555
119556
119557
119558
119559
119560
119561
119562
119563
119564
119565
119566
119567
119568
119569
119570
119571
119572
119573
119574
119575
119576
119577
119578
119579
119580
119581
119582
119583
119584
119585
119586
119587
119588
119589
119590
119591
119592
119593
119594
119595
119596
119597
119598
119599
119600
119601
119602
119603
119604
119605
119606
119607
119608
119609
119610
119611
119612
119613
119614
119615
119616
119617
119618
119619
119620
119621
119622
119623
119624
119625
119626
119627
119628
119629
54093
119630
54094
119631
54095
119632
54096
119633
54097
119634
54098
119635
54099
119636
119637
119638
119639
119640
119641
119642
119643
119644
119645
119646
119647
119648
119649
119650
119651
119652
119653
119654
119655
119656
119657
119658
119659
119660
119661
119662
119663
119664
119665
119666
119667
119668
119669
119670
119671
119672
119673
119674
119675
119676
119677
119678
119679
119680
119681
119682
119683
119684
119685
119686
119687
119688
119689
119690
119691
119692
119693
119694
119695
119696
119697
119742
119743
119744
119745
119746
119747
119748
119749
119750
119751
119752
119753
119754
119755
119756
119757
119758
119759
119760
119761
119762
119763
119764
119765
119766
119767
119768
119769
185324
185325
185326
185327
185328
185329
185330
185331
185332
185333
185334
185335
185336
185337
185338
185339
185340
185341
185342
185343
185344
185345
185346
185347
185348
185349
185350
185351
185352
185353
185354
185355
185356
185357
185358
185359
185360
185361
185362
185363
185364
185365
185366
185367
54295
185368
54296
185369
54297
185370
54298
185371
54299
185372
54300
185373
54301
185374
54302
185375
54303
185376
54304
185377
54305
185378
54306
185379
54307
185380
54308
185381
54309
185382
54310
185383
54311
185384
54312
185385
54313
185386
54314
185387
54315
185388
54316
185389
54317
185390
54318
185391
54319
185392
54320
185393
54321
185394
54322
185395
54323
185396
54324
185397
54325
185398
54326
185399
54327
185400
54328
185401
54329
185402
54330
185403
54331
185404
54332
185405
54333
185406
54334
185407
54335
185408
54336
185409
54337
185410
54338
185411
54339
185412
54340
185413
54341
185414
54342
185415
54343
185416
185417
185418
185419
185420
185421
251007
251008
251009
251010
251011
251012
251013
251014
251015
251016
251017
251018
251019
251020
251021
251022
251023
251024
251025
251026
251027
251028
251029
251030
251031
251032
251033
251034
251035
251036
251037
251038
251039
251040
251041
251042
251043
251044
251045
251046
251047
251048
251049
251050
251051
251052
251053
251054
251055
251056
251057
251094
251095
251096
251097
251098
251099
251148
251149
251150
251151
251152
251153
251154
251155
251156
251157
251158
251159
251160
251161
251162
251163
251164
251165
251166
251167
251168
251169
251170
251171
251172
251173
251174
251175
251176
251177
251220
251221
251222
251226
251227
251228
251229
251230
251231
251232
251233
251234
251235
251236
251237
251238
251239
251240
251241
251242
251243
251244
251245
251246
251247
251248
251249
251250
251251
251252
251253
251254
251255
251256
251257
251258
251259
251260
251261
251262
251263
251264
251265
251266
251267
251268
120196
251269
120197
251270
120198
120199
120200
120201
120202
120210
120211
120212
120213
120214
120215
120216
120217
120218
120219
120220
120221
120222
120223
120224
120225
120226
120227
120228
120229
120230
120231
120232
120233
120234
120235
120236
120237
120238
120239
120240
251313
120241
251314
120242
251315
120243
120244
120245
120246
251319
120247
251320
120248
251321
120249
251322
120250
251323
120251
251324
120252
251325
120253
251326
120254
251327
120255
251328
120256
251329
120257
251330
120258
251331
120259
251332
120260
251333
120261
251334
120262
251335
120263
251336
120264
251337
120265
251338
120266
251339
120267
251340
120268
251341
120269
251342
120270
251343
120271
54735
251344
120272
54736
251345
120273
54737
251346
120274
54738
251347
120275
54739
251348
120276
54740
251349
120277
54741
251350
120278
54742
251351
120279
54743
251352
120280
54744
251353
120281
54745
251354
120282
54746
251355
120283
54747
251356
120284
54748
251357
120285
54749
251358
120286
54750
251359
120287
54751
251360
120288
54752
251361
120289
54753
251362
120290
54754
251363
120291
54755
120292
54756
120293
54757
120294
54758
120295
54759
120296
54760
120297
54761
120298
54762
120299
54763
120300
54764
120301
54765
120302
54766
120303
54767
120304
54768
120305
54769
120306
54770
120307
54771
120308
54772
120309
54773
120310
54774
120311
54775
120312
54776
120313
54777
120314
54778
120315
54779
120316
54780
120317
54781
120318
54782
120319
54783
120320
54784
120321
54785
120322
54786
120323
54787
120324
54788
120325
54789
120326
54790
120327
54791
120328
54792
54793
54794
54795
54796
54797
251406
185870
54798
251407
185871
54799
251408
185872
54800
185873
54801
185874
54802
185875
54803
251412
185876
54804
251413
185877
54805
251414
185878
54806
251415
185879
54807
251416
185880
54808
251417
185881
54809
251418
185882
54810
251419
185883
54811
251420
185884
54812
251421
185885
54813
251422
185886
54814
251423
185887
54815
251424
185888
54816
251425
185889
54817
251426
185890
54818
251427
185891
251428
185892
251429
185893
251430
185894
251431
185895
251432
185896
251433
185897
251434
185898
251435
185899
251436
185900
251437
185901
251438
185902
251439
185903
251440
185904
251441
185905
54833
251442
185906
54834
251443
185907
54835
251444
185908
54836
251445
185909
54837
251446
185910
54838
251447
185911
54839
251448
185912
54840
251449
185913
54841
251450
185914
54842
251451
185915
54843
251452
185916
54844
251453
185917
54845
251454
185918
54846
251455
185919
251456
185920
185921
185922
185923
185924
185925
185926
185927
185928
185929
185930
185931
185932
185933
54861
185934
54862
185935
54863
185936
54864
185937
54865
185938
54866
185939
54867
185940
54868
185941
54869
185942
54870
185943
54871
185944
54872
185945
54873
185946
54874
185947
185948
185949
185950
185951
185952
185953
185954
185955
185956
185957
185958
185959
185960
185961
54889
185962
54890
251499
185963
54891
251500
185964
54892
251501
185965
54893
185966
54894
185967
54895
185968
54896
251505
185969
54897
251506
185970
54898
251507
185971
54899
251508
185972
54900
251509
185973
54901
251510
185974
54902
251511
185975
251512
185976
251513
185977
251514
185978
251515
185979
251516
185980
251517
185981
251518
185982
251519
185983
251520
185984
120448
251521
185985
120449
251522
185986
120450
251523
185987
120451
251524
185988
120452
251525
185989
120453
54917
251526
185990
120454
54918
251527
185991
54919
251528
185992
54920
251529
185993
54921
251530
185994
54922
251531
185995
54923
251532
185996
54924
251533
185997
54925
251534
185998
120462
54926
251535
185999
120463
54927
251536
186000
120464
54928
251537
186001
120465
54929
251538
186002
120466
54930
251539
186003
120467
251540
186004
120468
251541
186005
120469
251542
186006
120470
251543
186007
120471
251544
186008
120472
251545
186009
120473
251546
186010
120474
251547
186011
120475
251548
186012
120476
251549
186013
120477
186014
120478
186015
120479
186016
120480
186017
120481
54945
186018
120482
54946
186019
120483
54947
186020
120484
54948
186021
120485
54949
186022
120486
54950
186023
120487
54951
186024
120488
54952
186025
120489
54953
186026
120490
54954
186027
120491
54955
186028
120492
54956
186029
120493
54957
186030
120494
54958
186031
120495
186032
120496
186033
120497
186034
120498
186035
120499
186036
120500
186037
120501
120502
120503
120504
120505
120506
120507
120508
120509
54973
120510
54974
120511
54975
120512
54976
120513
54977
120514
54978
120515
54979
120516
54980
120517
54981
120518
54982
120519
54983
251592
120520
54984
251593
120521
54985
251594
120522
54986
120523
120524
120525
251598
120526
251599
120527
251600
120528
251601
120529
251602
186066
120530
251603
186067
120531
251604
186068
120532
251605
186069
120533
251606
186070
120534
251607
186071
120535
251608
186072
120536
251609
186073
120537
55001
251610
186074
120538
55002
251611
186075
120539
55003
251612
186076
120540
55004
251613
186077
120541
55005
251614
186078
120542
55006
251615
186079
120543
55007
251616
120544
55008
251617
120545
251618
120546
55010
251619
120547
251620
120548
55012
251621
120549
251622
120550
55014
251623
120551
251624
120552
251625
120553
251626
120554
251627
120555
251628
120556
251629
120557
251630
120558
251631
120559
251632
120560
251633
120561
251634
120562
251635
120563
251636
120564
251637
120565
251638
120566
251639
120567
251640
120568
251641
120569
251642
120570
120571
186108
120572
186109
120573
186110
120574
186111
120575
186112
120576
186113
120577
186114
120578
186115
120579
186116
120580
186117
186118
186119
186120
186121
251685
251686
251687
251694
251695
251696
186164
186165
186166
251703
186167
251704
186168
251705
186169
186170
186171
186172
186173
186174
186175
251712
186176
251713
186177
251714
251721
251722
251723
251730
251731
251732
251733
251734
251735
186206
186207
186208
186209
186210
186211
186212
186213
186214
186215
186216
186217
186218
186219
120700
120701
120702
120703
120704
186241
120705
186242
120706
186243
186244
186245
186246
186247
186248
186249
186250
120714
186251
120715
186252
120716
186253
120717
186254
120718
120719
120720
120721
120722
120723
120724
120725
120726
120727
120728
120729
120730
120731
120732
186269
120733
186270
120734
186271
120735
186272
120736
186273
120737
186274
120738
186275
120739
186276
120740
186277
120741
186278
120742
186279
120743
186280
120744
186281
120745
186282
120746
120747
120748
120749
120750
120751
120752
120753
120754
120755
120756
120757
120758
120759
120760
120761
120762
120763
120764
120765
120766
120767
186304
120768
186305
120769
186306
120770
186307
120771
186308
120772
186309
120773
186310
120774
120775
120776
120777
120778
120779
120780
120781
120782
120783
120784
120785
120786
120787
120788
120789
120790
120791
120792
120793
120794
120795
120796
120797
120798
120799
120800
120801
120802
120803
120804
120805
120806
120807
120808
120809
120810
120811
120812
120813
120814
120815
120816
120817
120818
120819
120820
120821
120822
120823
120824
120825
120826
120827
120828
120829
120830
120831
120832
120952
120953
120954
120955
120956
120957
120958
120966
120967
120968
120969
120970
120971
120972
120973
120974
120975
120976
120977
120978
120979
120980
120981
120982
120983
120984
120985
120986
120987
120988
120989
120990
120991
120992
120993
120994
120995
120996
120997
120998
120999
121000
121001
121002
121003
121004
121005
121006
121007
121008
121009
121010
121011
121012
121013
121014
121015
121016
121017
121018
121019
121020
121021
121022
121023
121024
121025
121026
121027
121028
121029
121030
121031
121032
121033
121034
121035
121036
121037
121038
121039
121040
121041
121042
121043
121044
121045
121046
121047
121048
121049
121050
121051
121052
121053
121054
121055
121056
121057
121058
121059
121060
121061
121062
121063
121064
121065
121066
121067
121068
121069
121070
121071
121072
121073
121074
121075
121076
121077
121078
121079
121080
121081
121082
121083
121084
55589
55590
55591
55592
55593
55594
55595
55596
55597
55598
55599
55600
55601
55602
121204
121205
121206
121207
121208
121209
121210
121218
121219
121220
121221
121222
121223
121224
121225
121226
121227
121228
121229
121230
121231
121232
121233
121234
121235
121236
121237
121238
121239
121240
121241
121242
121243
121244
121245
121246
121247
121248
121249
121250
121251
121252
121253
121254
121255
121256
121257
121258
121259
121260
121261
121262
121263
121264
121265
121266
121267
121268
121269
121270
121271
121272
121273
121274
121275
121276
121277
121278
121279
121280
121281
121282
121283
121284
121285
121286
121287
121288
121289
121290
121291
121292
121293
121294
121295
121296
121297
121298
121299
121300
121301
121302
121303
121304
121305
121306
121307
121308
121309
121310
121311
121312
121313
121314
121315
121316
121317
121318
121319
121320
121321
121322
121323
121324
121325
121326
121327
121328
121329
121330
121331
121332
121333
121334
121335
121336
121456
121457
121458
121459
121460
121461
121462
121470
121472
121474
121476
121477
121478
121479
121480
121481
121482
121483
121484
121485
121486
121487
121488
121489
121490
121491
121493
121495
121497
121498
121500
121502
121504
121505
121506
121507
121508
121509
121510
121511
121512
121513
121514
121515
121516
121517
121518
121519
121521
121523
121525
121526
121528
121530
121532
121533
121534
121535
121536
121537
121538
121539
121540
121541
121542
121543
121544
121545
121546
121547
121549
121551
121553
121554
121556
121558
121560
121561
121562
121563
121564
121565
121566
121567
121568
121569
121570
121571
121572
121573
121574
121575
121577
121579
121581
121583
121584
121585
121588
187221
187222
187223
187224
187225
187226
187227
187228
187229
187230
187231
187232
187233
187234
187235
187236
187237
187238
187239
187240
187241
187396
187397
187398
187399
187400
187401
187402
187403
187404
187405
187406
187407
187408
187409
187410
187411
187412
187413
187414
187415
187416
187417
187418
187419
187420
187421
187422
187423
187424
187425
187426
187427
187428
187429
252966
187430
252967
187431
252968
187432
252969
187433
252970
187434
252971
187435
187436
187437
187438
187439
187440
187441
252978
187442
252979
187443
252980
187444
252981
252982
252983
252984
252985
252986
252987
252988
252989
252990
252991
252992
252993
252994
252995
187459
252996
187460
252997
187461
252998
187462
252999
187463
253000
187464
253001
187465
253002
187466
253003
187467
253004
187468
253005
187469
253006
187470
253007
187471
253008
187472
253009
253010
253011
253012
253013
253014
253015
253016
253017
253018
253019
253020
253021
253022
253023
253024
253025
253026
253027
253028
253029
253030
253031
253032
253033
253034
253035
253036
253037
253038
253039
253040
253041
253042
253043
253044
253045
253046
253047
253048
253049
253050
253051
253052
253053
253054
253055
56447
253056
56448
253057
56449
253058
56450
253059
56451
253060
56452
253061
56453
253062
56454
253063
56455
253064
56456
253065
56457
253066
56458
253067
56459
253068
56460
253069
253070
253071
253072
253073
253092
253093
253094
253095
253096
253097
253098
253099
253100
253101
253102
253103
253104
253105
253106
253107
253108
253109
56510
56511
56512
56513
56514
56515
56516
56517
56518
56519
253128
187592
56520
253129
187593
56521
253130
187594
56522
253131
187595
56523
253132
187596
56524
253133
187597
56525
253134
187598
56526
253135
187599
56527
253136
187600
56528
253137
187601
56529
253138
187602
56530
253139
187603
56531
253140
187604
56532
253141
187605
56533
253142
187606
56534
253143
187607
56535
253144
187608
56536
253145
187609
56537
187610
56538
187611
56539
187612
56540
187613
56541
187614
56542
187615
56543
187616
56544
187617
56545
187618
56546
187619
56547
187620
56548
187621
56549
187622
56550
187623
56551
187624
56552
187625
56553
187626
56554
187627
56555
253164
187628
56556
253165
187629
56557
253166
187630
56558
253167
187631
56559
253168
187632
56560
253169
187633
56561
253170
187634
56562
253171
187635
56563
253172
187636
56564
253173
187637
56565
253174
187638
56566
253175
187639
56567
253176
187640
56568
253177
187641
56569
253178
187642
56570
253179
187643
56571
253180
187644
56572
253181
187645
56573
187646
56574
187647
56575
187648
56576
187649
56577
187650
56578
187651
56579
187652
56580
187653
56581
187654
56582
187655
56583
187656
56584
187657
56585
187658
56586
187659
56587
187660
56588
187661
56589
187662
56590
187663
56591
253200
187664
56592
253201
187665
56593
253202
187666
253203
187667
253204
187668
253205
187669
253206
187670
253207
187671
253208
187672
253209
187673
253210
187674
253211
187675
253212
187676
253213
187677
253214
187678
253215
187679
253216
187680
253217
187681
187682
187683
187684
187685
187686
187687
187688
187689
187690
187691
187692
187693
187694
187695
187696
187697
187698
187699
253236
187700
253237
187701
253238
187702
253239
253240
253241
253242
253243
253244
56636
253245
56637
253246
56638
253247
56639
253248
56640
253249
56641
253250
56642
253251
253252
253253
253272
253273
253274
253275
253276
253277
253278
253279
253280
253284
253285
253286
56685
56686
56687
56688
56689
56690
56691
56776
56777
56778
56779
56780
56781
56782
56797
56798
56799
56800
56801
56802
56803
56818
56819
56820
56821
56822
56823
56824
56839
56840
56841
56842
56843
56844
56845
56860
56861
56864
56865
188156
188157
188158
188159
188160
188161
188162
188163
188164
188165
188166
188167
188268
188269
188270
188271
188272
188273
188274
188275
188276
188277
188278
188279
188304
188305
188306
188307
188308
188309
188310
188311
188312
188313
188314
188315
188316
188317
188318
188319
188320
188321
188322
188323
188324
188325
188326
188327
188346
188347
188348
188349
188350
188351
188352
188353
188354
188355
188356
188357
188358
188359
188360
188361
188362
188363
188364
188365
188366
188367
188368
188369
188396
188397
188398
188399
188400
188401
188402
188403
188404
188405
188406
188407
188408
188409
188410
188411
188412
188413
188414
188415
188416
188417
188418
188419
188438
188439
188440
188441
188442
188443
188444
188445
188446
188447
188448
188449
188450
188451
188452
188453
188454
188455
188456
188457
188458
188459
188460
188461
188477
188478
188479
188480
188481
188482
188483
188484
188485
188486
188487
188488
188489
188490
188491
188492
188493
188494
188495
188496
188497
188498
188499
188500
188501
188502
188503
188504
188505
188506
188507
188508
188509
188510
188511
188512
188513
188514
188515
188516
188517
188518
188519
188520
188521
188522
188523
188524
188543
188544
188545
188546
188547
188548
188549
188550
188551
188552
188553
188554
188555
188556
188557
188558
188559
188560
189025
189026
189027
189028
189029
189030
189031
189032
189033
254796
254797
254798
254799
254800
254801
254802
254803
254804
254805
254806
254807
254808
254809
254810
254811
254812
254813
254814
254815
254816
254817
254818
254819
189308
189309
189310
254850
189314
254851
189315
254852
189316
254853
189317
254854
189318
254855
189319
254856
189320
254857
189321
254858
189322
254859
189323
254860
189324
254861
189325
254862
189326
254863
189327
254864
189328
254865
189329
254866
189330
254867
189331
254868
189332
254869
189333
254870
189334
254871
189335
254872
189336
254873
189337
189338
189339
189340
189341
189342
189343
189344
189345
189346
189347
189348
189349
189350
189351
189352
189353
189354
189355
189356
189357
189358
189359
189360
189361
189362
189363
189364
189365
189366
189367
254904
189368
254905
189369
254906
189370
254907
189371
254908
189372
254909
189373
254910
189374
254911
189375
254912
189376
254913
254914
254915
254916
189380
254917
189381
254918
189382
254919
254920
254921
254922
189386
254923
189387
254924
189388
254925
254926
254927
189392
189393
189394
189398
189399
189400
254958
254959
254960
254961
254962
254963
254964
254965
254966
254967
254968
254969
254970
254971
254972
254973
254974
254975
254976
254977
254978
254979
254980
254981
255012
255013
255014
255015
255016
255017
255018
255019
255020
255021
255022
255023
255024
255025
255026
255027
255028
255029
255030
255031
255032
255033
255034
255035
255066
255067
255068
255069
255070
255071
255072
255073
255074
255075
255076
255077
255078
255079
255080
255081
255082
255083
255084
255085
255086
255087
255088
255089
189855
189856
189857
189858
189859
189860
189861
189862
189863
189864
189865
189866
189867
189868
189869
189870
189871
189872
189873
189874
189875
189876
189877
189878
189879
189880
189881
189882
189883
189884
189885
189886
189887
189888
189889
189890
189903
189904
189905
189906
189907
189908
189909
189910
189911
189912
189913
189914
189915
189916
189917
189918
189919
189920
189921
189922
189923
189924
189925
189926
189939
189940
189941
189942
189943
189944
189945
189946
189947
189948
189949
189950
255594
255595
255596
255597
255598
255599
255606
255607
255608
255609
255610
255611
255612
255613
255614
255615
255616
255617
255618
255619
255620
255621
255622
255623
255624
255625
255626
255627
255628
255629
255630
255631
255632
255633
255634
255635
255636
255637
255638
255639
255640
255641
255642
255643
255644
255645
255646
255647
255648
255649
255650
255651
255652
255653
255654
255655
255656
255657
255658
255659
255660
255661
255662
255663
255664
255665
255666
255667
255668
255669
255670
255671
255672
255673
255674
255675
255676
255677
255678
255679
255680
255681
255682
255683
255756
255757
255758
255759
255760
255761
255768
255769
255770
255771
255772
255773
255774
255775
255776
255777
255778
255779
255780
255781
255782
255783
255784
255785
255786
255787
255788
255789
255790
255791
255792
255793
255794
255795
255796
255797
255798
190262
255799
190263
255800
190264
255801
190265
255802
190266
255803
190267
255804
190268
255805
190269
255806
190270
255807
190271
255808
190272
255809
190273
255810
190274
255811
190275
255812
190276
255813
190277
255814
190278
255815
190279
255816
190280
255817
190281
255818
190282
255819
190283
255820
190284
255821
190285
255822
190286
255823
190287
255824
190288
255825
190289
255826
190290
255827
190291
255828
190292
255829
190293
255830
190294
255831
190295
255832
190296
255833
190297
255834
190298
255835
190299
255836
190300
255837
190301
255838
190302
255839
190303
255840
190304
255841
190305
255842
190306
255843
190307
255844
190308
255845
190309
190310
190311
190312
190313
190314
190315
190316
190317
190318
190319
190320
190321
190322
190323
190324
190325
190326
190327
190328
190329
190330
190331
190332
190333
190334
190335
190336
190337
190338
190339
190340
190341
190342
190343
190344
190345
190346
190347
190348
190349
190350
190351
190352
190353
190354
190355
190356
190357
190361
190362
190363
190367
190368
190369
190370
190371
190372
190373
190374
190375
190376
190377
190378
190379
190380
190381
255918
190382
255919
190383
255920
190384
255921
190385
255922
190386
255923
190387
190388
190389
190390
190391
190392
190393
255930
190394
255931
190395
255932
190396
255933
190397
255934
190398
255935
190399
255936
190400
255937
190401
255938
190402
255939
190403
255940
190404
255941
190405
255942
190406
255943
190407
255944
190408
255945
190409
255946
190410
255947
190411
255948
190412
255949
190413
255950
190414
255951
190415
255952
190416
255953
190417
255954
255955
255956
255957
255958
255959
255960
255961
255962
255963
255964
255965
255966
255967
255968
255969
255970
255971
255972
255973
255974
255975
255976
255977
255978
255979
255980
255981
255982
255983
255984
255985
255986
255987
255988
255989
255990
255991
255992
255993
255994
255995
255996
255997
255998
255999
256000
256001
256002
256003
256004
256005
190469
256006
190470
256007
190471
190475
190476
190477
190478
190479
190480
190481
190482
190483
190484
190485
190486
190487
190488
190489
190490
190491
190492
190493
190494
190495
190496
190497
190498
190499
190500
190501
190502
190503
190504
190505
190506
190507
190508
190509
190510
190511
190512
190513
190514
190515
190516
190517
190518
190519
190520
190521
190522
190523
190524
190525
256080
256081
256082
256083
256084
256085
256092
256093
256094
256095
256096
256097
256098
256099
256100
256101
256102
256103
256104
256105
256106
256107
256108
256109
256110
256111
256112
256113
190577
256114
190578
256115
190579
256116
256117
256118
256119
190583
256120
190584
256121
190585
256122
190586
256123
190587
256124
190588
256125
190589
256126
190590
256127
190591
256128
190592
256129
190593
256130
190594
256131
190595
256132
190596
256133
190597
256134
190598
256135
190599
256136
190600
256137
190601
256138
190602
256139
190603
256140
190604
256141
190605
256142
190606
256143
190607
256144
190608
256145
190609
256146
190610
256147
190611
256148
190612
256149
190613
256150
190614
256151
190615
256152
190616
256153
190617
256154
190618
256155
190619
256156
190620
256157
190621
256158
190622
256159
190623
256160
190624
256161
190625
256162
190626
256163
190627
256164
190628
256165
190629
256166
190630
256167
190631
256168
190632
256169
190633
190685
190686
190687
59616
59617
59618
190691
59619
190692
59620
190693
59621
190694
59622
190695
59623
190696
59624
190697
59625
190698
59626
190699
59627
190700
59628
190701
59629
190702
190703
190704
190705
256242
190706
256243
190707
256244
190708
256245
190709
256246
190710
256247
190711
190712
190713
190714
190715
190716
190717
256254
190718
256255
190719
256256
190720
256257
190721
256258
190722
256259
190723
256260
190724
256261
190725
256262
190726
256263
190727
256264
190728
256265
190729
256266
190730
256267
190731
256268
190732
256269
190733
256270
190734
256271
190735
256272
190736
256273
190737
256274
190738
256275
190739
256276
190740
256277
190741
256278
256279
256280
256281
256282
256283
256284
256285
256286
256287
256288
256289
256290
256291
256292
256293
256294
256295
256296
256297
256298
256299
256300
256301
256302
256303
256304
256305
256306
256307
256308
256309
256310
256311
256312
256313
256314
256315
256316
256317
256318
256319
256320
256321
256322
256323
256324
256325
256326
256327
256328
256329
256330
256331
256404
256405
256406
256407
256408
256409
256416
256417
256418
256422
256423
256424
256425
256426
256427
256428
256429
256430
256434
256435
256436
256440
256441
256442
256443
256444
256445
256446
256447
256448
256452
256453
256454
256458
256459
256460
256461
256462
256463
256464
256465
256466
256470
256471
256472
256476
256477
256478
256479
256480
256481
256482
256483
256484
256488
256489
256490
191474
191475
191476
191477
191478
191479
191480
191481
191482
191483
191484
191485
191486
191487
191488
191489
191490
191491
191492
191493
191494
191495
191496
191497
191498
191499
191500
191501
191502
191503
191504
191505
191506
191507
191508
191509
191510
191511
191512
191513
191514
191515
191516
191517
191518
191519
191520
191521
191522
191523
191524
191525
191526
191527
191528
191529
191530
191531
191532
191533
191534
191535
191536
191537
191538
191539
191540
191541
191542
191543
191544
191545
191546
191547
191548
191549
191550
191551
191552
191553
191554
191555
191556
191557
191558
191559
191560
191561
191562
191563
191564
191565
191566
191567
191568
191569
191570
191571
191572
191573
191574
191575
191576
191577
191578
191579
191580
191581
191582
191583
191584
191585
191586
191587
191588
191589
191590
191591
191592
191593
191594
191595
191596
191597
191598
191599
191600
191601
191602
191603
191604
191605
191606
191607
191608
257790
257791
257792
257793
257794
257795
257796
257797
257798
257799
257800
257801
257802
257803
257804
257805
257806
257807
257808
257809
257810
257811
257812
257813
257814
257815
257816
257817
257818
257819
257820
257821
257822
257823
257824
257825
257826
257827
257828
257829
257830
257831
257832
257833
257834
257835
257836
257837
257838
257839
257840
257841
257842
257843
257844
257845
257846
257847
257848
257849
257850
257851
257852
257853
257854
257855
257856
61248
257857
61249
257858
61250
257859
61251
257860
61252
257861
61253
257862
61254
257863
61255
257864
61256
257865
61257
257866
61258
257867
61259
257868
61260
257869
61261
257870
257871
257872
257873
257874
257875
257876
257877
257878
257879
257880
257881
257882
257883
257884
257885
257886
257887
257888
257889
257890
257891
257892
257893
257894
257895
257896
257897
257898
257899
257900
257901
257902
257903
257904
257905
257906
257907
257908
257909
61348
61349
61350
61351
61352
61353
61354
61355
61356
61357
61358
61359
61360
61361
61362
61363
61364
61365
61366
61367
61368
192481
192482
192483
192484
192485
192486
192487
192488
192489
192490
192491
192492
192493
192494
192495
192496
192497
192498
192499
192500
192501
192502
192503
192504
192505
192506
192507
192508
192509
192510
192511
192512
192513
192514
192515
192516
192517
192518
192519
192520
192521
192522
192523
192524
192525
192526
192527
192528
192529
192530
192531
192532
192533
192534
192535
192536
192537
192538
192539
192540
192541
192542
192543
192544
192545
192546
192547
192548
192549
192550
192551
192552
192553
192554
192555
192556
192557
192558
192559
192560
192561
192562
192563
192564
192565
192566
192567
192568
192569
192570
192571
192572
192573
192574
192575
192576
192577
192578
192579
192580
192581
192582
192583
192584
192585
192586
192587
192588
192589
192590
192591
192592
192593
192594
192595
192596
192597
192598
192599
192600
192601
192602
192603
192604
192605
192606
192607
192608
192609
192610
192611
192612
192613
192614
192615
192616
192617
192618
192619
192620
192621
192622
192623
192624
192625
192626
192627
192628
192629
192630
192631
192632
192633
192634
192635
192636
192637
192638
192639
192640
192641
192642
192643
192644
192645
192646
192647
192648
258405
258406
258407
258408
258409
258410
258411
258412
258413
258414
258415
258416
258417
258418
258419
258420
258421
258422
258423
258424
258425
258426
258427
258428
258429
258430
258431
258432
258433
258434
258435
258436
258437
258438
258439
258440
258441
258442
258443
258444
258445
258446
258447
258448
258449
258450
258451
258452
258453
258454
258455
258456
258457
258458
258459
258460
258461
258462
258463
258464
258465
258466
258467
258468
258469
258470
258471
258472
258473
258474
258475
258476
258477
258478
258479
258480
258481
258482
258483
258484
258485
258486
258487
258488
258489
258490
258491
258492
258493
258494
258495
258496
258497
258498
258499
258500
258501
258502
258503
258504
258505
258506
258507
258508
258509
258510
258511
258512
258513
258514
258515
258516
258517
258518
258519
258520
258521
258522
258523
258524
258525
258526
258527
258528
258529
258530
258531
258532
258533
258534
258535
258536
258537
258538
258539
258540
258541
258542
258543
258544
258545
258546
258547
258548
258549
258550
258551
258552
258553
258554
258555
258556
258557
258558
258559
258560
258561
258562
258563
258564
258565
258566
258567
258568
258569
258570
258571
258572
258573
258574
258575
258576
258577
258578
258579
258580
258581
258582
258583
258584
258585
258586
258587
258588
258589
258590
258591
258592
258593
258594
258595
258596
258597
258598
258599
258600
258601
258602
258603
258604
258605
258606
258607
258608
258609
258610
258611
258612
258613
258614
258615
258616
258617
258657
258658
258659
258660
258661
258662
258663
258664
258665
258666
258667
258668
258669
258670
258671
258711
258712
258713
258714
258715
258716
258717
258718
258719
258720
258721
258722
258723
258724
258725
258726
258727
258728
258762
258763
258764
258765
258766
258767
258768
258769
258770
258771
258772
258773
258774
258775
258776
258777
258778
258779
258780
258781
258782
258816
258817
258818
258819
258820
258821
258822
258823
258824
258825
258826
258827
258828
258829
258830
258831
258832
258833
258873
258874
258875
258876
258877
258878
258879
258880
258881
258882
258883
258884
258885
258886
258887
193362
193363
193364
193365
193366
193367
193368
193369
193370
193371
193372
193373
193374
193375
193376
193377
193378
193379
258927
258928
258929
258930
258931
258932
258933
258934
258935
258936
258937
193401
258938
193402
258939
193403
258940
193404
258941
193405
258942
193406
258943
193407
258944
193408
193409
193410
193411
193412
193413
193414
193415
193431
193432
193433
193434
193435
193436
193437
193438
193439
193440
193441
193442
193443
193444
193445
258987
258988
258989
258990
258991
258992
258993
258994
258995
258996
258997
193461
258998
193462
193463
193464
193465
193466
193467
193468
193469
193470
193471
193472
193473
193474
193475
193491
193492
193493
193494
193495
193496
193497
193498
193499
193500
193501
193502
193503
193504
193505
193506
193507
193508
193509
193510
193511
193512
193513
193514
193515
193516
193517
193518
193519
193520
193536
193537
193538
193539
193540
193541
193542
193543
193544
193545
193546
193547
193548
193549
193550
259512
259513
259514
259515
259516
259517
259518
259519
259520
259521
259522
259523
259524
259525
259526
259527
259528
259529
259530
259531
259532
259533
259534
259535
259536
259537
259538
259539
259540
259541
259542
194006
259543
194007
259544
194008
259545
194009
259546
194010
259547
194011
259548
194012
259549
194013
259550
194014
259551
194015
259552
194016
259553
194017
62945
259554
62946
259555
62947
259556
62948
259557
62949
259558
62950
259559
62951
259560
259561
259562
259563
259564
259565
259566
259567
62959
259568
62960
259569
62961
259570
62962
259571
62963
259572
62964
259573
62965
259574
62966
259575
62967
259576
62968
259577
62969
259578
194042
62970
259579
194043
62971
259580
194044
62972
259581
194045
62973
259582
194046
62974
259583
194047
62975
259584
194048
62976
259585
194049
62977
259586
194050
62978
194051
62979
194052
62980
194053
62981
194054
62982
194055
62983
194056
62984
194057
62985
194058
62986
194059
62987
194060
62988
194061
62989
194062
62990
194063
62991
194064
62992
194065
62993
62994
62995
62996
62997
62998
62999
63000
63001
63002
63003
63004
63005
63006
63007
63008
63009
63010
63011
63012
63013
63014
63015
63016
63017
63018
63019
63020
63021
63022
63023
63024
63025
63026
63027
63028
63029
63030
63031
63032
63033
63034
63035
63036
63037
194110
63038
194111
63039
194112
63040
194113
63041
194114
63042
194115
63043
194116
63044
194117
63045
194118
63046
194119
63047
194120
63048
194121
63049
194122
63050
194123
63051
194124
63052
194125
63053
194126
63054
194127
63055
194128
63056
194129
63057
194130
63058
194131
63059
194132
63060
194133
63061
63062
63063
63064
63065
63066
63067
63068
63069
63070
63071
63072
63073
63074
63075
63076
63077
63078
63079
63080
63081
63082
63083
63084
63085
63086
63087
63088
63089
63090
63091
63092
63093
63094
63095
63096
63097
63098
63099
63100
63101
63102
194175
63103
194176
63104
194177
63105
194178
63106
194179
63107
194180
63108
194181
63109
194182
63110
194183
63111
194184
63112
194185
63113
194186
63114
194187
63115
194188
63116
194189
63117
194190
63118
194191
63119
194192
63120
194193
63121
194194
63122
194195
63123
194196
194197
194198
63152
63153
63154
63155
63156
194229
63157
194230
63158
194231
63159
194232
63160
194233
63161
194234
63162
194235
63163
194236
63164
194237
63165
194238
63166
194239
63167
194240
63168
194241
63169
194242
63170
194243
63171
194244
63172
194245
63173
194246
63174
194247
63175
194248
63176
194249
63177
194250
63178
194251
63179
194252
63180
63181
63182
63183
63184
63185
63186
63187
63188
63189
63190
63191
63192
63193
63194
63195
63196
63197
194280
194281
194282
194283
194284
194285
194286
194287
194288
194289
194290
194291
194292
194293
194294
194295
194296
194297
194298
63226
194299
63227
194300
63228
194301
63229
194302
63230
194303
63231
194304
63232
194305
63233
194306
63234
194307
63235
194308
63236
259845
194309
63237
259846
194310
63238
259847
194311
63239
259848
194312
63240
259849
194313
63241
259850
194314
63242
259851
194315
63243
259852
194316
63244
259853
194317
63245
259854
194318
63246
259855
194319
63247
259856
194320
63248
259857
194321
63249
259858
194322
63250
259859
194323
63251
259860
194324
63252
259861
194325
63253
259862
194326
63254
259863
194327
63255
259864
63256
259865
63257
259866
63258
259867
63259
259868
63260
259869
63261
259870
63262
259871
63263
259872
63264
259873
63265
259874
63266
259875
63267
259876
63268
259877
63269
259878
63270
259879
63271
259880
259881
259882
259883
259884
259885
259886
259887
259888
259889
259890
259891
259892
259893
259894
194358
259895
194359
259896
194360
259897
194361
259898
194362
259899
194363
259900
194364
259901
194365
259902
194366
259903
194367
259904
194368
259905
194369
259906
194370
259907
194371
259908
194372
63300
259909
194373
63301
259910
194374
63302
259911
194375
63303
259912
63304
259913
63305
259914
63306
259915
63307
259916
63308
259917
63309
259918
63310
259919
63311
259920
63312
259921
63313
259922
63314
259923
63315
259924
63316
259925
63317
259926
63318
259927
63319
259928
63320
259929
63321
259930
63322
259931
63323
63324
63325
63326
63327
63328
63329
63330
63331
63332
63333
63334
63335
259944
63336
259945
63337
259946
63338
259947
63339
259948
63340
259949
63341
259950
63342
259951
63343
259952
63344
259953
63345
259954
259955
259956
259957
259958
259959
259960
259961
259962
259963
259964
259965
259966
259967
259980
259981
259982
63374
259983
63375
259984
63376
259985
63377
259986
63378
259987
63379
259988
63380
259989
63381
259990
63382
259991
63383
259992
63384
259993
63385
259994
63386
259995
63387
259996
63388
259997
63389
259998
63390
259999
63391
260000
63392
260001
63393
260002
63394
260003
63395
63396
63397
63398
63399
63400
63401
63402
63403
63404
63405
63406
63407
260016
63408
260017
63409
260018
63410
260019
63411
260020
63412
260021
63413
260022
63414
260023
63415
260024
63416
260025
63417
260026
63418
260027
63419
260028
260029
260030
260031
260032
260033
260034
260035
260036
260037
260038
260039
260052
260053
260054
260055
260056
63448
260057
63449
260058
63450
260059
63451
260060
63452
260061
63453
260062
63454
260063
63455
260064
63456
260065
63457
260066
63458
260067
63459
260068
63460
260069
63461
260070
63462
260071
63463
260072
63464
260073
63465
260074
63466
260075
63467
63468
63469
63470
63471
63472
63473
63474
63475
63476
63477
63478
63479
260088
63480
260089
63481
260090
63482
260091
63483
260092
63484
260093
63485
260094
63486
260095
63487
260096
63488
260097
63489
260098
63490
260099
63491
260100
63492
260101
63493
260102
260103
260104
260105
260106
260107
260108
260109
260110
260111
260124
260125
260126
260127
260128
260129
260130
63522
260131
63523
260132
63524
260133
63525
260134
63526
260135
63527
260136
63528
260137
63529
260138
63530
260139
63531
260140
63532
260141
63533
260142
63534
260143
63535
260144
63536
260145
260146
63538
260147
63540
63542
63544
63545
63546
63549
63550
63551
260160
63552
260161
63553
260162
63554
260163
63555
260164
63556
260165
63557
260166
63558
260167
63559
260168
63560
260169
63561
260170
63562
260171
63563
63564
63565
63566
63567
260178
260179
260180
260181
260182
260183
261501
261502
261503
261504
261505
261506
261507
261508
261509
261510
261511
261512
261513
261514
261515
261516
261517
261518
261519
261520
261521
261522
261523
261524
261525
261526
261527
261528
261529
261530
261531
261532
261533
261534
261535
261536
261537
261538
261539
261540
261541
261542
261726
261727
261728
261729
261730
261731
261732
261733
261734
261735
261736
261737
261738
261739
261740
261741
261742
261743
261744
261745
261746
261747
261748
261749
261750
261751
261752
261753
261754
261755
261756
261757
261758
261759
261760
261761
261762
261763
261764
261765
261766
261767
261768
261769
261770
261771
261772
261773
261774
261775
261776
261777
261778
261779
261780
261781
261782
261783
261784
261785
261786
261787
196251
261788
196252
261789
196253
261790
196254
261791
196255
261792
196256
261793
196257
261794
196258
261795
196259
261796
196260
261797
196261
261798
196262
261799
196263
261800
196264
261801
196265
261802
196266
261803
196267
261804
196268
261805
196269
261806
196270
261807
196271
261808
196272
261809
196273
261810
196274
261811
196275
261812
196276
261813
196277
261814
196278
261815
196279
261816
196280
261817
196281
261818
196282
261819
196283
261820
196284
261821
196285
261822
196286
261823
196287
261824
196288
261825
196289
261826
196290
261827
196291
196292
196293
196294
196295
196296
196297
196298
196299
196300
196301
196302
196303
261840
196304
261841
196305
261842
196306
261843
196307
261844
196308
261845
196309
261846
196310
261847
196311
261848
196312
196313
196314
196315
196316
196317
196318
196319
196320
196321
196322
196323
196324
261861
196325
261862
196326
261863
196327
261864
196328
261865
196329
261866
196330
196331
196332
196333
196334
196335
196336
196337
196338
196339
196340
196341
196342
196343
196344
196345
261882
196346
261883
196347
261884
196348
261885
196349
261886
196350
261887
196351
196352
196353
196354
196355
196356
196357
196358
196359
196360
196361
196362
196363
196364
196365
196366
261903
196367
261904
196368
261905
196369
261906
196370
261907
196371
261908
196372
196373
196374
196375
196376
196377
196378
196379
196380
196381
196382
196383
196384
261921
196385
261922
196386
261923
196387
261924
196388
261925
196389
261926
196390
261927
196391
261928
196392
261929
196393
196394
196395
196396
196397
196398
196399
196400
196401
196402
196403
261942
261943
261944
261945
261946
261947
)


// ************************************************************************* //
