/*--------------------------------*- C++ -*----------------------------------*\
| =========                 |                                                 |
| \\      /  F ield         | OpenFOAM: The Open Source CFD Toolbox           |
|  \\    /   O peration     | Version:  2412                                  |
|   \\  /    A nd           | Website:  www.openfoam.com                      |
|    \\/     M anipulation  |                                                 |
\*---------------------------------------------------------------------------*/
FoamFile
{
    version     2.0;
    format      ascii;
    arch        "LSB;label=32;scalar=64";
    class       cellSet;
    location    "constant/polyMesh/sets";
    object      surfaceVolumeZone6_5;
}
// * * * * * * * * * * * * * * * * * * * * * * * * * * * * * * * * * * * * * //


61163
(
262144
262145
262146
262147
262148
262149
262150
262151
262152
262153
262154
262155
262156
262157
262158
262159
262160
262161
262162
262163
262164
262165
262166
262167
262168
262169
262170
262171
262172
262173
262174
262175
262176
262177
262178
262179
262180
262181
262182
262183
262184
262185
262186
262187
262188
262189
262190
262191
262192
262193
262194
262195
262196
262197
262198
262199
262200
262201
262202
262203
262204
262205
262206
262207
262208
262209
262210
262211
262212
262213
262214
262215
262216
262217
262218
262219
262220
262221
262222
262223
262224
262225
262226
262227
262228
262229
262230
262231
262232
262233
262234
262235
262236
262237
262238
262239
262240
262241
262242
262243
262244
262245
262246
262247
262248
262249
262250
262251
262252
262253
262254
262255
262256
262257
262258
262259
262260
262261
262262
262263
262264
262265
262266
262267
262268
262269
262270
262271
262272
262273
262274
262275
262276
262277
262278
262279
262280
262281
262282
262283
262284
262285
262286
262287
262288
262289
262290
262291
262292
262293
262294
262295
262296
262297
262298
262299
262300
262301
262302
262303
262304
262305
262306
262307
262308
262309
262310
262311
262312
168
262313
262314
262315
262316
262317
262318
262319
262320
262321
262322
262323
262324
180
262325
181
262326
182
262327
183
262328
184
262329
185
262330
262331
262332
262333
262334
262335
262336
192
262337
193
262338
194
262339
195
262340
196
262341
197
262342
262343
262344
262345
262346
262347
262348
204
262349
205
262350
206
262351
207
262352
208
262353
209
262354
262355
262356
262357
262358
262359
262360
216
262361
217
262362
218
262363
219
262364
220
262365
221
262366
262367
262368
262369
262370
262371
262372
228
262373
229
262374
230
262375
231
262376
232
262377
233
262378
262379
262380
262381
262382
262383
262384
240
262385
241
262386
242
262387
243
262388
244
262389
245
262390
262391
262392
262393
262394
262395
262396
252
262397
253
262398
254
262399
255
262400
256
262401
257
262402
262403
262404
262405
262406
262407
262408
262409
262410
262411
262412
262413
262414
262415
262416
262417
262418
262419
262420
262421
262422
262423
262424
262425
262426
262427
262428
262429
262430
262431
262432
262433
262434
262435
262436
262437
262438
262439
262440
262441
262442
262443
262444
262445
262446
262447
262448
262449
262450
262451
262452
262453
262454
262455
262456
262457
262458
262459
262460
262461
262462
262463
262464
262465
262466
262467
262468
262469
262470
262471
262472
262473
262474
262475
262476
262477
262478
262479
262480
262481
262482
262483
262484
262485
262486
262487
262488
262489
262490
262491
262492
262493
262494
262495
262496
262497
262498
262499
262500
262501
262502
262503
262504
262505
262506
262507
262508
262509
262510
262511
262512
262513
262514
262515
262516
262517
262518
262519
262520
262521
262522
262523
262524
262525
262526
262527
262528
262529
262530
262531
262532
262533
262534
262535
262536
262537
262538
262539
262540
262541
262542
262543
262544
262545
262546
262547
262548
262549
262550
262551
262552
262553
262554
262555
262556
262557
262558
262559
262560
262561
262562
262563
262564
262565
262566
262567
262568
262569
425
262570
262571
262572
262573
262574
430
262575
262576
262577
262578
262579
262580
262581
437
262582
438
262583
439
262584
440
262585
441
262586
442
262587
262588
262589
262590
262591
262592
262593
449
262594
450
262595
451
262596
452
262597
453
262598
454
262599
262600
262601
262602
262603
262604
262605
461
262606
462
262607
463
262608
464
262609
262610
262611
262612
262613
262614
262615
471
262616
472
262617
473
262618
474
262619
475
262620
262621
262622
262623
262624
262625
262626
482
262627
483
262628
484
262629
485
262630
262631
262632
262633
262634
262635
262636
492
262637
493
262638
494
262639
495
262640
496
262641
497
262642
262643
262644
262645
262646
262647
262648
504
262649
505
262650
506
262651
507
262652
508
262653
509
262654
262655
262656
262657
262658
262659
262660
262661
262662
262663
262664
262665
262666
262667
262668
262669
262670
262671
262672
262673
262674
262675
262676
262677
262678
262679
262680
262681
262682
262683
262684
262685
262686
262687
262688
262689
262690
262691
262692
262693
262694
262695
262696
262697
262698
262699
262700
262701
262702
262703
262704
262705
262706
262707
262708
262709
262710
262711
262712
262713
262714
262715
262716
262717
262718
262719
262720
262721
262722
262723
262724
262725
262726
262727
262728
262729
262730
262731
262732
262733
262734
262735
262736
262737
262738
262739
262740
262741
262742
262743
262744
262745
262746
262747
262748
262749
262750
262751
262752
262753
262754
262755
262756
262757
262758
262759
262760
262761
262762
262763
262764
262765
262766
262767
262768
262769
262770
262771
262772
262773
262774
262775
262776
262777
262778
262779
262780
262781
262782
262783
262784
262785
262786
262787
262788
262789
262790
262791
262792
262793
262794
262795
262796
262797
262798
262799
262800
262801
262802
262803
262804
262805
262806
262807
262808
262809
262810
262811
262812
262813
262814
262815
262816
262817
262818
262819
262820
262821
262822
262823
262824
262825
262826
262827
262828
262829
262830
262831
262832
262833
689
262834
690
262835
691
262836
692
262837
693
262838
694
262839
262840
262841
262842
262843
262844
262845
701
262846
702
262847
703
262848
704
262849
705
262850
706
262851
262852
262853
262854
262855
262856
262857
713
262858
714
262859
715
262860
716
262861
262862
262863
262864
262865
262866
262867
723
262868
724
262869
725
262870
726
262871
727
262872
262873
262874
262875
262876
262877
262878
734
262879
735
262880
736
262881
737
262882
262883
262884
262885
262886
262887
262888
744
262889
745
262890
746
262891
747
262892
748
262893
749
262894
262895
262896
262897
262898
262899
262900
756
262901
757
262902
758
262903
759
262904
760
262905
761
262906
262907
262908
262909
262910
262911
262912
262913
262914
262915
262916
262917
262918
262919
262920
262921
262922
262923
262924
262925
262926
262927
262928
262929
262930
262931
262932
262933
262934
262935
262936
262937
262938
262939
262940
262941
262942
262943
262944
262945
262946
262947
262948
262949
262950
262951
262952
262953
262954
262955
262956
262957
262958
262959
262960
262961
262962
262963
262964
262965
262966
262967
262968
262969
262970
262971
262972
262973
262974
262975
262976
262977
262978
262979
262980
262981
262982
262983
262984
262985
262986
262987
262988
262989
262990
262991
262992
262993
262994
262995
262996
262997
262998
262999
263000
263001
263002
263003
263004
263005
861
263006
263007
263008
864
263009
865
263010
263011
263012
868
263013
869
263014
263015
263016
872
263017
873
263018
263019
263020
876
263021
877
263022
263023
263024
880
263025
881
263026
263027
263028
884
263029
885
263030
263031
263032
888
263033
889
263034
890
263035
891
263036
892
263037
893
263038
894
263039
895
263040
896
263041
897
263042
898
263043
899
263044
263045
263046
263047
263048
263049
263050
263051
263052
263053
263054
263055
263056
263057
263058
263059
263060
263061
263062
263063
263064
263065
263066
263067
263068
263069
263070
263071
263072
263073
263074
263075
263076
263077
263078
263079
263080
263081
263082
263083
263084
263085
263086
263087
263088
263089
263090
263091
263092
263093
263094
263095
263096
263097
263098
263099
263100
263101
263102
263103
263104
263105
263106
263107
263108
263109
263110
263111
263112
263113
263114
263115
263116
263117
263118
263119
263120
263121
263122
263123
263124
263125
263126
263127
263128
263129
263130
263131
263132
263133
263134
263135
263136
263137
263138
263139
263140
263141
263142
263143
263144
263145
263146
263147
263148
263149
263150
263151
263152
263153
263154
263155
263156
263157
263158
1014
263159
1015
263160
1016
263161
1017
263162
1018
263163
1019
263164
1020
263165
1021
263166
1022
263167
1023
263168
1024
263169
1025
263170
1026
263171
1027
263172
1028
263173
1029
263174
1030
263175
1031
263176
1032
263177
1033
263178
1034
263179
1035
263180
1036
263181
1037
263182
1038
263183
1039
263184
1040
263185
1041
263186
1042
263187
1043
263188
1044
263189
1045
263190
1046
263191
1047
263192
1048
263193
1049
263194
1050
263195
1051
263196
1052
263197
1053
263198
1054
263199
1055
263200
1056
263201
1057
263202
1058
263203
1059
263204
263205
263206
263207
263208
263209
263210
263211
263212
263213
263214
263215
263216
263217
263218
1074
263219
1075
263220
1076
263221
1077
263222
1078
263223
1079
263224
1080
263225
1081
263226
1082
263227
1083
263228
1084
263229
1085
263230
1086
263231
1087
263232
1088
263233
1089
263234
1090
263235
1091
263236
1092
263237
1093
263238
1094
263239
1095
263240
263241
263242
263243
263244
263245
263246
263247
263248
263249
263250
263251
263252
263253
263254
1110
263255
1111
263256
1112
263257
1113
263258
1114
263259
1115
263260
1116
263261
1117
263262
1118
263263
1119
263264
1120
263265
1121
263266
1122
263267
1123
263268
1124
263269
1125
263270
1126
263271
1127
263272
1128
263273
1129
263274
1130
263275
1131
263276
1132
263277
1133
263278
1134
263279
1135
263280
263281
263282
263283
263284
263285
1141
263286
1142
263287
263288
263289
263290
263291
263292
263293
263294
263295
263296
263297
263298
263299
263300
263301
263302
263303
263304
263305
263306
263307
263308
263309
263310
263311
263312
263313
263314
263315
263316
263317
263318
263319
263320
263321
263322
263323
263324
263325
263326
263327
263328
263329
263330
263331
263332
263333
263334
263335
263336
263337
263338
263339
263340
263341
263342
263343
263344
263345
263346
263347
263348
263349
263350
263351
263352
263353
263354
263355
263356
263357
263358
263359
263360
263361
263362
263363
263364
263365
263366
263367
263368
263369
263370
263371
263372
263373
263374
263375
263376
263377
263378
263379
263380
263381
263382
263383
263384
263385
263386
263387
263388
263389
263390
263391
263392
263393
263394
263395
263396
263397
263398
263399
263400
263401
263402
263403
263404
263405
263406
263407
263408
263409
263410
263411
263412
263413
263414
263415
263416
263417
263418
263419
263420
263421
263422
263423
263424
263425
263426
263427
263428
263429
263430
263431
263432
263433
263434
263435
263436
263437
263438
263439
263440
263441
263442
263443
263444
263445
1301
263446
263447
1303
263448
1304
263449
263450
1306
263451
1307
263452
1308
263453
1309
263454
1310
263455
1311
263456
1312
263457
1313
263458
1314
263459
1315
263460
263461
1317
263462
1318
263463
1319
263464
1320
263465
1321
263466
1322
263467
1323
263468
1324
263469
1325
263470
1326
263471
263472
263473
263474
263475
263476
263477
263478
1334
263479
1335
263480
1336
263481
1337
263482
1338
263483
1339
263484
1340
263485
1341
263486
1342
263487
263488
263489
263490
263491
263492
263493
263494
1350
263495
1351
263496
1352
263497
1353
263498
1354
263499
1355
263500
1356
263501
1357
263502
1358
263503
1359
263504
1360
263505
1361
263506
263507
1363
263508
1364
263509
263510
1366
263511
1367
263512
1368
263513
1369
263514
1370
263515
1371
263516
263517
263518
263519
263520
263521
263522
263523
263524
263525
263526
263527
263528
263529
263530
263531
263532
263533
263534
263535
263536
263537
263538
263539
263540
263541
263542
263543
263544
263545
263546
263547
263548
263549
263550
263551
263552
263553
263554
263555
263556
263557
263558
263559
263560
263561
263562
263563
263564
263565
263566
263567
263568
263569
263570
263571
263572
263573
263574
263575
263576
263577
263578
263579
263580
263581
263582
263583
263584
263585
263586
263587
263588
263589
263590
263591
263592
263593
1449
263594
263595
1451
263596
1452
263597
1453
263598
1454
263599
1455
263600
1456
263601
1457
263602
1458
263603
1459
263604
1460
263605
1461
263606
1462
263607
1463
263608
1464
263609
263610
263611
263612
263613
263614
263615
263616
263617
263618
263619
263620
263621
263622
263623
263624
263625
263626
263627
263628
263629
263630
263631
263632
263633
263634
263635
263636
263637
263638
263639
263640
263641
263642
263643
263644
263645
263646
263647
263648
263649
263650
263651
263652
263653
263654
263655
263656
263657
263658
263659
263660
263661
263662
263663
263664
263665
263666
263667
263668
263669
263670
263671
263672
263673
263674
263675
263676
263677
263678
263679
263680
263681
263682
263683
263684
263685
263686
263687
263688
263689
263690
263691
263692
263693
263694
263695
263696
263697
263698
263699
263700
263701
263702
263703
263704
263705
263706
263707
263708
263709
263710
263711
263712
263713
263714
263715
263716
1572
263717
1573
263718
1574
263719
1575
263720
1576
263721
1577
263722
1578
263723
1579
263724
1580
263725
1581
263726
1582
263727
1583
263728
1584
263729
1585
263730
263731
263732
263733
263734
263735
263736
263737
263738
263739
263740
263741
263742
263743
263744
1600
263745
1601
263746
1602
263747
1603
263748
1604
263749
1605
263750
1606
263751
263752
263753
263754
263755
263756
263757
263758
263759
263760
263761
263762
263763
263764
263765
1621
263766
1622
263767
1623
263768
1624
263769
1625
263770
1626
263771
1627
263772
263773
263774
263775
263776
263777
263778
263779
263780
263781
263782
263783
263784
263785
263786
263787
263788
263789
263790
263791
263792
263793
263794
263795
263796
263797
263798
263799
263800
1656
263801
1657
263802
1658
263803
1659
263804
1660
263805
1661
263806
1662
263807
1663
263808
1664
263809
1665
263810
1666
263811
1667
263812
1668
263813
1669
263814
263815
263816
263817
263818
263819
263820
263821
263822
263823
263824
263825
263826
263827
263828
263829
263830
263831
263832
263833
263834
263835
263836
263837
263838
263839
263840
263841
263842
263843
263844
263845
263846
263847
263848
263849
263850
263851
263852
263853
263854
263855
263856
263857
263858
263859
263860
263861
263862
263863
263864
263865
263866
263867
263868
263869
263870
263871
263872
263873
263874
263875
263876
263877
263878
263879
263880
263881
263882
263883
263884
263885
263886
263887
263888
263889
263890
263891
263892
263893
1749
263894
1750
263895
1751
263896
1752
263897
1753
263898
1754
263899
1755
263900
1756
263901
1757
263902
1758
263903
1759
263904
1760
263905
1761
263906
1762
263907
1763
263908
1764
263909
1765
263910
1766
263911
1767
263912
1768
263913
1769
263914
1770
263915
1771
263916
1772
263917
1773
263918
1774
263919
1775
263920
1776
263921
1777
263922
1778
263923
1779
263924
1780
263925
1781
263926
1782
263927
1783
263928
1784
263929
1785
263930
1786
263931
263932
263933
263934
263935
263936
263937
263938
263939
263940
263941
263942
263943
263944
263945
1801
263946
1802
263947
1803
263948
1804
263949
1805
263950
1806
263951
1807
263952
1808
263953
1809
263954
1810
263955
1811
263956
1812
263957
1813
263958
1814
263959
1815
263960
1816
263961
1817
263962
263963
263964
263965
263966
263967
263968
263969
263970
263971
263972
263973
263974
263975
263976
1832
263977
1833
263978
1834
263979
1835
263980
1836
263981
1837
263982
1838
263983
1839
263984
1840
263985
1841
263986
1842
263987
1843
263988
1844
263989
1845
263990
1846
263991
1847
263992
1848
263993
1849
263994
1850
263995
1851
263996
1852
263997
1853
263998
263999
264000
264001
264002
264003
264004
264005
264006
264007
264008
264009
264010
264011
264012
264013
264014
264015
264016
264017
264018
264019
264020
264021
264022
264023
264024
264025
264026
264027
264028
264029
264030
264031
264032
264033
264034
264035
264036
264037
264038
264039
264040
264041
264042
264043
264044
264045
264046
264047
264048
264049
264050
264051
264052
264053
264054
264055
264056
264057
264058
264059
264060
264061
264062
264063
264064
264065
264066
264067
264068
264069
264070
264071
264072
264073
264074
264075
264076
264077
264078
1934
264079
1935
264080
1936
264081
1937
264082
1938
264083
1939
264084
264085
264086
264087
264088
264089
264090
264091
264092
264093
264094
264095
264096
264097
264098
264099
264100
264101
264102
264103
264104
264105
264106
264107
264108
1964
264109
1965
264110
1966
264111
1967
264112
1968
264113
1969
264114
264115
264116
264117
264118
264119
264120
264121
264122
264123
264124
264125
264126
264127
264128
264129
264130
264131
264132
264133
264134
264135
264136
264137
264138
264139
264140
264141
264142
264143
264144
264145
264146
264147
264148
264149
264150
264151
264152
264153
264154
264155
264156
264157
264158
264159
264160
264161
264162
264163
264164
264165
264166
264167
264168
264169
264170
264171
264172
264173
264174
264175
264176
264177
264178
264179
264180
264181
264182
264183
264184
264185
264186
264187
264188
264189
264190
264191
264192
264193
264194
264195
264196
264197
264198
264199
264200
264201
264202
264203
264204
264205
264206
264207
264208
264209
264210
264211
264212
264213
264214
264215
264216
264217
264218
264219
264220
264221
264222
264223
264224
264225
264226
264227
264228
264229
264230
264231
264232
264233
264234
264235
264236
264237
264238
264239
264240
264241
264242
264243
264244
264245
264246
264247
264248
264249
264250
2106
264251
2107
264252
264253
264254
264255
264256
2112
264257
2113
264258
264259
264260
264261
264262
2118
264263
2119
264264
264265
264266
264267
264268
2124
264269
2125
264270
264271
264272
264273
264274
2130
264275
2131
264276
264277
264278
264279
264280
2136
264281
2137
264282
264283
264284
264285
264286
2142
264287
2143
264288
264289
264290
264291
264292
2148
264293
2149
264294
2150
264295
2151
264296
2152
264297
2153
264298
2154
264299
2155
264300
2156
264301
2157
264302
2158
264303
2159
264304
2160
264305
2161
264306
2162
264307
2163
264308
2164
264309
2165
264310
2166
264311
2167
264312
2168
264313
2169
264314
2170
264315
2171
264316
2172
264317
2173
264318
2174
264319
264320
264321
264322
264323
264324
264325
264326
264327
264328
264329
264330
264331
264332
264333
264334
264335
264336
264337
264338
264339
264340
264341
264342
264343
264344
264345
264346
264347
264348
264349
264350
264351
264352
264353
264354
264355
264356
264357
264358
264359
264360
264361
264362
264363
264364
264365
264366
264367
264368
264369
264370
264371
264372
264373
264374
264375
264376
264377
264378
264379
264380
264381
264382
264383
264384
264385
264386
264387
264388
264389
264390
264391
264392
264393
264394
264395
264396
264397
264398
264399
264400
264401
264402
264403
264404
264405
264406
264407
264408
264409
264410
264411
264412
264413
264414
264415
264416
264417
264418
264419
264420
264421
264422
264423
264424
264425
264426
264427
264428
264429
264430
264431
264432
264433
264434
264435
264436
264437
264438
264439
264440
264441
264442
264443
264444
264445
264446
264447
264448
264449
264450
264451
264452
264453
264454
264455
264456
264457
264458
264459
264460
264461
264462
264463
264464
264465
264466
264467
264468
264469
264470
264471
264472
264473
264474
264475
264476
264477
264478
264479
264480
264481
264482
264483
264484
264485
264486
264487
264488
264489
264490
264491
264492
264493
264494
264495
264496
264497
264498
264499
264500
264501
264502
264503
264504
264505
264506
264507
264508
264509
264510
264511
264512
264513
264514
264515
264516
264517
264518
264519
264520
264521
264522
264523
264524
264525
264526
264527
264528
264529
264530
264531
264532
264533
264534
264535
264536
264537
264538
264539
264540
264541
264542
264543
264544
264545
264546
264547
264548
264549
264550
264551
264552
264553
264554
264555
264556
264557
264558
264559
264560
264561
264562
264563
264564
264565
264566
264567
264568
264569
264570
264571
264572
264573
264574
264575
264576
264577
264578
264579
264580
2436
264581
2437
264582
2438
264583
2439
264584
2440
264585
2441
264586
2442
264587
2443
264588
2444
264589
2445
264590
2446
264591
2447
264592
2448
264593
2449
264594
2450
264595
2451
264596
2452
264597
2453
264598
2454
264599
2455
264600
2456
264601
2457
264602
2458
264603
2459
264604
2460
264605
2461
264606
2462
264607
2463
264608
2464
264609
2465
264610
2466
264611
2467
264612
2468
264613
2469
264614
2470
264615
2471
264616
2472
264617
2473
264618
2474
264619
2475
264620
2476
264621
2477
264622
2478
264623
2479
264624
2480
264625
2481
264626
2482
264627
2483
264628
2484
264629
2485
264630
2486
264631
2487
264632
2488
264633
2489
264634
2490
264635
2491
264636
2492
264637
2493
264638
2494
264639
2495
264640
2496
264641
2497
264642
2498
264643
2499
264644
2500
264645
2501
264646
2502
264647
2503
264648
2504
264649
2505
264650
2506
264651
2507
264652
2508
264653
2509
264654
2510
264655
2511
264656
2512
264657
2513
264658
2514
264659
2515
264660
2516
264661
264662
264663
264664
264665
264666
264667
264668
264669
264670
264671
264672
264673
264674
264675
264676
264677
264678
264679
264680
264681
264682
264683
264684
264685
264686
264687
264688
264689
264690
264691
264692
264693
264694
264695
264696
264697
264698
264699
264700
264701
264702
264703
2559
264704
2560
264705
2561
264706
2562
264707
2563
264708
2564
264709
2565
264710
2566
264711
2567
264712
2568
264713
2569
264714
2570
264715
2571
264716
2572
264717
2573
264718
2574
264719
2575
264720
2576
264721
2577
264722
2578
264723
2579
264724
2580
264725
2581
264726
2582
264727
2583
264728
2584
264729
2585
264730
2586
264731
2587
264732
2588
264733
2589
264734
2590
264735
2591
264736
2592
264737
2593
264738
2594
264739
2595
264740
2596
264741
2597
264742
2598
264743
2599
264744
2600
264745
2601
264746
264747
264748
264749
264750
264751
264752
264753
264754
264755
264756
264757
264758
264759
264760
264761
264762
264763
264764
264765
264766
264767
264768
264769
264770
264771
264772
264773
264774
264775
264776
264777
264778
264779
264780
264781
264782
264783
264784
264785
264786
264787
264788
2644
264789
2645
264790
2646
264791
2647
264792
2648
264793
2649
264794
2650
264795
2651
264796
2652
264797
2653
264798
2654
264799
2655
264800
2656
264801
2657
264802
2658
264803
2659
264804
2660
264805
2661
264806
2662
264807
2663
264808
2664
264809
2665
264810
2666
264811
2667
264812
2668
264813
2669
264814
2670
264815
2671
264816
2672
264817
2673
264818
2674
264819
2675
264820
2676
264821
2677
264822
2678
264823
2679
264824
2680
264825
2681
264826
2682
264827
2683
264828
2684
264829
2685
264830
264831
264832
264833
264834
264835
264836
264837
264838
264839
264840
2696
264841
2697
264842
2698
264843
2699
264844
264845
264846
264847
264848
264849
264850
264851
264852
264853
264854
264855
264856
264857
264858
264859
264860
264861
264862
264863
264864
264865
264866
264867
264868
264869
264870
264871
264872
264873
264874
264875
264876
264877
264878
264879
264880
264881
264882
264883
264884
264885
264886
264887
264888
264889
264890
264891
264892
264893
264894
264895
264896
264897
264898
264899
264900
264901
264902
264903
264904
264905
264906
264907
264908
264909
264910
264911
264912
264913
264914
264915
264916
264917
264918
264919
264920
264921
264922
264923
264924
264925
264926
264927
264928
264929
264930
264931
264932
264933
264934
264935
264936
264937
264938
264939
264940
264941
264942
264943
264944
264945
264946
264947
264948
264949
264950
264951
264952
264953
264954
264955
264956
264957
264958
264959
264960
264961
264962
264963
264964
264965
264966
264967
264968
264969
264970
264971
264972
264973
264974
264975
264976
264977
264978
264979
264980
264981
264982
264983
264984
264985
264986
264987
264988
264989
264990
264991
264992
264993
264994
264995
264996
264997
264998
264999
265000
265001
265002
265003
265004
265005
265006
265007
265008
265009
265010
265011
265012
265013
265014
265015
265016
265017
265018
265019
265020
265021
265022
265023
265024
265025
265026
265027
265028
265029
265030
265031
265032
265033
265034
265035
265036
265037
265038
265039
265040
265041
265042
265043
265044
265045
265046
265047
265048
265049
265050
265051
265052
265053
265054
265055
265056
265057
265058
265059
265060
265061
265062
265063
265064
265065
265066
265067
265068
265069
265070
265071
265072
265073
265074
265075
265076
265077
265078
265079
265080
265081
265082
265083
265084
265085
265086
265087
265088
265089
265090
265091
265092
265093
265094
265095
265096
265097
265098
265099
265100
265101
265102
265103
265104
265105
265106
265107
265108
265109
265110
265111
265112
265113
265114
265115
265116
265117
265118
265119
265120
265121
265122
265123
265124
265125
265126
265127
265128
265129
265130
265131
265132
265133
265134
265135
265136
265137
265138
265139
265140
265141
265142
265143
265144
265145
265146
265147
265148
265149
265150
265151
265152
265153
265154
265155
265156
265157
265158
265159
265160
265161
265162
265163
265164
265165
265166
265167
265168
265169
265170
265171
265172
265173
265174
265175
265176
265177
265178
265179
265180
265181
265182
265183
265184
265185
265186
265187
265188
265189
265190
265191
265192
265193
265194
265195
265196
265197
265198
265199
265200
265201
265202
265203
265204
265205
265206
265207
265208
265209
265210
265211
265212
265213
265214
265215
265216
265217
265218
265219
265220
265221
265222
265223
265224
265225
265226
265227
265228
265229
265230
265231
265232
265233
265234
265235
265236
265237
265238
265239
265240
265241
265242
265243
265244
265245
265246
265247
265248
265249
265250
265251
265252
265253
265254
265255
265256
265257
265258
3114
265259
265260
3116
265261
3117
265262
265263
265264
265265
265266
3122
265267
3123
265268
3124
265269
3125
265270
265271
265272
265273
265274
3130
265275
3131
265276
3132
265277
3133
265278
3134
265279
3135
265280
3136
265281
3137
265282
3138
265283
3139
265284
3140
265285
3141
265286
3142
265287
3143
265288
3144
265289
3145
265290
3146
265291
3147
265292
3148
265293
3149
265294
3150
265295
3151
265296
3152
265297
3153
265298
265299
265300
265301
265302
3158
265303
3159
265304
3160
265305
3161
265306
3162
265307
3163
265308
3164
265309
3165
265310
3166
265311
3167
265312
3168
265313
3169
265314
3170
265315
3171
265316
3172
265317
3173
265318
3174
265319
3175
265320
3176
265321
3177
265322
3178
265323
3179
265324
3180
265325
3181
265326
265327
265328
265329
265330
265331
265332
265333
265334
265335
265336
265337
265338
265339
265340
265341
265342
265343
265344
265345
265346
265347
265348
3204
265349
3205
265350
3206
265351
3207
265352
3208
265353
3209
265354
3210
265355
3211
265356
3212
265357
3213
265358
3214
265359
3215
265360
3216
265361
3217
265362
3218
265363
3219
265364
3220
265365
3221
265366
3222
265367
3223
265368
3224
265369
3225
265370
3226
265371
3227
265372
265373
265374
265375
265376
265377
265378
265379
265380
265381
265382
265383
265384
265385
265386
265387
265388
265389
265390
265391
265392
265393
265394
3250
265395
3251
265396
3252
265397
3253
265398
3254
265399
3255
265400
3256
265401
3257
265402
3258
265403
3259
265404
3260
265405
3261
265406
3262
265407
3263
265408
3264
265409
3265
265410
3266
265411
3267
265412
3268
265413
3269
265414
3270
265415
3271
265416
3272
265417
3273
265418
265419
265420
265421
265422
3278
265423
3279
265424
3280
265425
3281
265426
265427
265428
265429
265430
3286
265431
3287
265432
3288
265433
3289
265434
3290
265435
3291
265436
3292
265437
3293
265438
3294
265439
3295
265440
3296
265441
3297
265442
3298
265443
3299
265444
3300
265445
3301
265446
3302
265447
3303
265448
3304
265449
3305
265450
3306
265451
3307
265452
3308
265453
3309
265454
3310
265455
3311
265456
3312
265457
3313
265458
3314
265459
265460
265461
265462
265463
265464
265465
265466
265467
265468
265469
265470
265471
265472
265473
265474
265475
265476
265477
265478
265479
265480
265481
265482
265483
265484
265485
265486
265487
265488
265489
265490
265491
265492
265493
265494
265495
265496
265497
265498
265499
265500
265501
265502
265503
265504
265505
265506
265507
265508
265509
265510
265511
265512
265513
265514
265515
265516
265517
265518
265519
265520
265521
265522
265523
265524
265525
265526
265527
265528
265529
265530
265531
265532
265533
265534
265535
265536
265537
265538
265539
265540
265541
265542
265543
265544
265545
265546
265547
265548
265549
265550
265551
265552
265553
265554
265555
265556
265557
265558
265559
265560
265561
265562
265563
265564
265565
265566
265567
265568
265569
265570
265571
265572
265573
265574
265575
265576
265577
265578
265579
265580
265581
265582
265583
265584
265585
265586
265587
265588
265589
265590
265591
265592
265593
265594
265595
265596
265597
265598
265599
265600
265601
265602
265603
265604
265605
265606
265607
265608
265609
265610
265611
265612
265613
265614
265615
265616
265617
265618
265619
265620
265621
265622
265623
265624
265625
265626
265627
265628
265629
265630
265631
265632
265633
265634
265635
265636
265637
265638
265639
265640
265641
265642
265643
265644
265645
265646
265647
265648
265649
265650
265651
265652
265653
265654
265655
265656
265657
265658
265659
265660
265661
265662
265663
265664
265665
265666
265667
265668
265669
265670
265671
265672
265673
265674
265675
265676
265677
265678
265679
265680
265681
265682
265683
265684
265685
265686
265687
265688
265689
265690
265691
265692
265693
265694
265695
265696
265697
265698
265699
265700
265701
265702
265703
265704
265705
265706
265707
265708
265709
265710
265711
265712
265713
265714
265715
265716
265717
265718
265719
265720
265721
265722
265723
265724
265725
265726
265727
265728
265729
265730
265731
265732
265733
265734
265735
265736
265737
265738
265739
265740
265741
265742
265743
265744
265745
265746
265747
265748
265749
265750
265751
265752
265753
265754
265755
265756
265757
265758
265759
265760
265761
265762
265763
265764
265765
265766
265767
265768
265769
265770
265771
265772
265773
265774
265775
265776
265777
265778
265779
265780
265781
265782
265783
265784
265785
265786
265787
265788
265789
265790
265791
265792
265793
265794
265795
265796
265797
265798
265799
265800
265801
265802
265803
265804
265805
265806
265807
265808
265809
265810
265811
265812
265813
3669
265814
3670
265815
265816
265817
265818
265819
265820
265821
265822
265823
265824
265825
265826
265827
265828
265829
265830
265831
3687
265832
3688
265833
3689
265834
3690
265835
3691
265836
3692
265837
3693
265838
3694
265839
3695
265840
3696
265841
3697
265842
3698
265843
3699
265844
3700
265845
3701
265846
3702
265847
265848
265849
265850
265851
265852
265853
265854
265855
3711
265856
3712
265857
3713
265858
3714
265859
3715
265860
3716
265861
3717
265862
3718
265863
3719
265864
3720
265865
3721
265866
3722
265867
3723
265868
3724
265869
3725
265870
3726
265871
3727
265872
3728
265873
3729
265874
3730
265875
265876
265877
265878
265879
265880
265881
265882
265883
265884
265885
265886
265887
265888
265889
265890
265891
3747
265892
3748
265893
3749
265894
3750
265895
3751
265896
3752
265897
3753
265898
3754
265899
3755
265900
3756
265901
3757
265902
3758
265903
3759
265904
3760
265905
3761
265906
3762
265907
3763
265908
3764
265909
3765
265910
3766
265911
265912
265913
265914
265915
265916
265917
265918
265919
265920
265921
265922
265923
265924
265925
265926
265927
3783
265928
3784
265929
3785
265930
3786
265931
3787
265932
3788
265933
3789
265934
3790
265935
3791
265936
3792
265937
3793
265938
3794
265939
3795
265940
3796
265941
3797
265942
3798
265943
3799
265944
3800
265945
3801
265946
3802
265947
265948
265949
265950
265951
265952
265953
265954
265955
3811
265956
3812
265957
3813
265958
3814
265959
265960
265961
265962
265963
265964
265965
265966
265967
265968
265969
265970
265971
265972
265973
265974
265975
265976
265977
265978
265979
265980
265981
265982
265983
265984
265985
265986
265987
265988
265989
265990
265991
265992
265993
265994
265995
265996
265997
265998
265999
266000
266001
266002
266003
266004
266005
266006
266007
266008
266009
266010
266011
266012
266013
266014
266015
266016
266017
266018
266019
266020
266021
266022
266023
266024
266025
266026
266027
266028
266029
266030
266031
266032
266033
266034
266035
266036
266037
266038
266039
266040
266041
266042
266043
266044
266045
266046
266047
266048
266049
266050
266051
266052
266053
266054
266055
266056
266057
266058
266059
266060
266061
266062
266063
266064
266065
266066
266067
266068
266069
266070
266071
266072
266073
266074
266075
266076
266077
266078
266079
266080
266081
266082
266083
266084
266085
266086
266087
266088
266089
266090
266091
266092
266093
266094
266095
266096
266097
266098
266099
266100
266101
266102
266103
266104
3960
266105
3961
266106
3962
266107
3963
266108
3964
266109
3965
266110
3966
266111
3967
266112
3968
266113
3969
266114
3970
266115
3971
266116
3972
266117
3973
266118
3974
266119
3975
266120
3976
266121
3977
266122
3978
266123
3979
266124
3980
266125
3981
266126
3982
266127
3983
266128
3984
266129
3985
266130
3986
266131
3987
266132
266133
3989
266134
266135
3991
266136
266137
3993
266138
266139
266140
266141
266142
266143
266144
266145
266146
266147
266148
266149
266150
266151
266152
266153
4009
266154
4010
266155
4011
266156
4012
266157
4013
266158
4014
266159
4015
266160
4016
266161
4017
266162
4018
266163
4019
266164
4020
266165
4021
266166
4022
266167
4023
266168
4024
266169
4025
266170
4026
266171
4027
266172
4028
266173
4029
266174
266175
4031
266176
266177
4033
266178
266179
4035
266180
266181
266182
266183
266184
266185
266186
266187
266188
266189
266190
266191
266192
266193
266194
266195
4051
266196
4052
266197
4053
266198
4054
266199
4055
266200
4056
266201
4057
266202
4058
266203
4059
266204
4060
266205
4061
266206
4062
266207
4063
266208
4064
266209
4065
266210
4066
266211
4067
266212
4068
266213
4069
266214
4070
266215
4071
266216
4072
266217
4073
266218
4074
266219
4075
266220
4076
266221
4077
266222
4078
266223
4079
266224
4080
266225
4081
266226
4082
266227
266228
266229
266230
266231
266232
266233
266234
266235
266236
266237
266238
266239
266240
266241
266242
266243
266244
266245
266246
266247
266248
266249
266250
266251
266252
266253
266254
266255
266256
266257
266258
266259
266260
266261
266262
266263
266264
266265
266266
266267
266268
266269
266270
266271
266272
266273
266274
266275
266276
266277
266278
266279
266280
266281
266282
266283
266284
266285
266286
266287
266288
266289
266290
266291
266292
266293
266294
266295
266296
266297
266298
266299
266300
266301
266302
266303
266304
266305
266306
266307
266308
266309
266310
266311
266312
266313
266314
266315
266316
266317
266318
266319
266320
266321
266322
266323
266324
266325
266326
266327
266328
266329
266330
266331
266332
266333
266334
266335
266336
266337
266338
266339
266340
266341
266342
266343
266344
266345
266346
266347
266348
266349
266350
266351
266352
266353
266354
266355
266356
266357
266358
266359
266360
266361
266362
266363
266364
266365
266366
266367
266368
266369
266370
266371
266372
266373
266374
266375
266376
266377
266378
266379
266380
266381
266382
266383
266384
266385
266386
266387
266388
266389
266390
266391
266392
266393
266394
266395
266396
266397
266398
266399
266400
266401
266402
266403
266404
266405
266406
266407
266408
266409
266410
266411
266412
266413
266414
266415
266416
266417
266418
266419
266420
266421
266422
266423
266424
266425
266426
266427
266428
266429
266430
266431
266432
266433
266434
266435
266436
266437
266438
266439
266440
266441
266442
266443
266444
266445
266446
266447
266448
266449
266450
266451
266452
266453
266454
266455
266456
266457
266458
266459
266460
266461
266462
266463
266464
4320
266465
4321
266466
266467
4323
266468
266469
266470
266471
4327
266472
4328
266473
4329
266474
4330
266475
266476
266477
266478
4334
266479
4335
266480
4336
266481
4337
266482
266483
266484
266485
4341
266486
4342
266487
4343
266488
4344
266489
266490
266491
266492
266493
266494
266495
266496
266497
266498
266499
4355
266500
4356
266501
4357
266502
4358
266503
266504
266505
266506
266507
266508
266509
266510
266511
266512
266513
4369
266514
4370
266515
4371
266516
4372
266517
266518
266519
266520
4376
266521
4377
266522
4378
266523
4379
266524
266525
266526
266527
4383
266528
4384
266529
4385
266530
4386
266531
4387
266532
4388
266533
4389
266534
4390
266535
4391
266536
4392
266537
4393
266538
4394
266539
4395
266540
4396
266541
4397
266542
266543
4399
266544
266545
266546
266547
266548
266549
266550
266551
266552
266553
266554
266555
266556
266557
266558
266559
266560
266561
266562
266563
266564
266565
266566
266567
266568
266569
266570
266571
266572
266573
266574
266575
266576
266577
266578
266579
266580
266581
266582
266583
266584
266585
266586
266587
266588
266589
266590
266591
266592
266593
266594
266595
266596
266597
266598
266599
266600
266601
266602
266603
266604
266605
266606
266607
266608
266609
266610
266611
266612
266613
266614
266615
266616
266617
266618
266619
266620
266621
266622
266623
266624
266625
266626
266627
266628
266629
266630
266631
266632
266633
266634
266635
266636
266637
266638
266639
266640
266641
266642
266643
266644
266645
266646
266647
266648
266649
266650
266651
266652
266653
266654
266655
266656
266657
266658
266659
266660
266661
266662
266663
266664
266665
266666
266667
266668
266669
266670
266671
266672
266673
266674
266675
266676
266677
266678
266679
266680
266681
266682
266683
266684
266685
266686
266687
266688
266689
266690
266691
266692
266693
266694
266695
266696
266697
266698
266699
266700
266701
266702
266703
266704
266705
266706
266707
266708
266709
266710
266711
266712
266713
266714
266715
266716
266717
266718
266719
266720
266721
266722
266723
266724
266725
266726
266727
266728
266729
266730
266731
266732
266733
266734
266735
266736
266737
266738
266739
266740
266741
266742
266743
266744
266745
266746
266747
266748
266749
266750
266751
266752
266753
266754
266755
266756
266757
266758
266759
266760
266761
266762
266763
266764
266765
266766
266767
266768
266769
266770
266771
266772
266773
266774
266775
266776
266777
266778
266779
266780
266781
266782
266783
266784
266785
266786
266787
266788
266789
266790
266791
266792
266793
266794
266795
266796
266797
266798
266799
266800
266801
266802
266803
266804
266805
266806
266807
266808
266809
266810
266811
266812
266813
266814
266815
266816
266817
266818
266819
266820
266821
266822
266823
266824
266825
266826
266827
266828
266829
266830
266831
266832
266833
266834
266835
266836
266837
266838
266839
266840
266841
266842
266843
266844
266845
266846
4702
266847
266848
4704
266849
266850
266851
4707
266852
4708
266853
266854
266855
266856
4712
266857
4713
266858
4714
266859
4715
266860
4716
266861
4717
266862
4718
266863
266864
266865
266866
4722
266867
4723
266868
4724
266869
4725
266870
4726
266871
4727
266872
4728
266873
4729
266874
4730
266875
4731
266876
4732
266877
4733
266878
4734
266879
4735
266880
266881
266882
266883
4739
266884
4740
266885
4741
266886
4742
266887
4743
266888
4744
266889
4745
266890
4746
266891
4747
266892
4748
266893
4749
266894
4750
266895
4751
266896
4752
266897
4753
266898
4754
266899
4755
266900
4756
266901
266902
4758
266903
266904
266905
266906
266907
266908
266909
266910
266911
266912
266913
266914
266915
266916
266917
4773
266918
4774
266919
4775
266920
4776
266921
4777
266922
4778
266923
4779
266924
4780
266925
4781
266926
4782
266927
4783
266928
4784
266929
4785
266930
4786
266931
266932
4788
266933
266934
266935
266936
266937
266938
266939
266940
266941
4797
266942
4798
266943
4799
266944
4800
266945
4801
266946
4802
266947
4803
266948
4804
266949
4805
266950
4806
266951
4807
266952
4808
266953
4809
266954
4810
266955
4811
266956
4812
266957
4813
266958
4814
266959
4815
266960
266961
266962
266963
4819
266964
4820
266965
4821
266966
4822
266967
4823
266968
4824
266969
4825
266970
266971
266972
266973
4829
266974
4830
266975
4831
266976
4832
266977
266978
266979
266980
266981
266982
266983
266984
266985
266986
266987
266988
266989
266990
266991
266992
266993
266994
266995
266996
266997
266998
266999
267000
267001
267002
267003
267004
267005
267006
267007
267008
267009
267010
267011
267012
267013
267014
267015
267016
267017
267018
267019
267020
267021
267022
267023
267024
267025
267026
267027
267028
267029
267030
267031
267032
267033
267034
267035
267036
267037
267038
267039
267040
267041
267042
267043
267044
267045
267046
267047
267048
267049
267050
267051
267052
267053
267054
267055
267056
267057
267058
267059
267060
267061
267062
267063
267064
267065
267066
267067
267068
267069
267070
267071
267072
267073
267074
267075
267076
267077
267078
267079
267080
267081
267082
267083
267084
267085
267086
267087
267088
267089
267090
267091
267092
267093
267094
267095
267096
267097
267098
267099
267100
267101
267102
267103
267104
267105
267106
267107
267108
267109
267110
267111
267112
267113
267114
267115
267116
267117
267118
267119
267120
267121
267122
267123
267124
267125
267126
267127
267128
267129
267130
267131
267132
267133
267134
267135
267136
267137
267138
267139
267140
267141
267142
267143
267144
267145
267146
267147
267148
267149
267150
267151
267152
267153
267154
267155
267156
267157
267158
267159
267160
267161
267162
267163
267164
267165
267166
267167
267168
267169
267170
267171
267172
267173
267174
267175
267176
267177
267178
267179
267180
267181
267182
267183
267184
267185
267186
267187
267188
267189
267190
267191
267192
267193
267194
267195
267196
267197
267198
267199
267200
267201
267202
267203
267204
267205
267206
267207
267208
267209
267210
267211
267212
267213
267214
267215
267216
267217
267218
267219
267220
267221
267222
267223
267224
267225
267226
267227
5083
267228
5084
267229
5085
267230
5086
267231
267232
267233
267234
267235
267236
267237
267238
267239
267240
267241
267242
267243
5099
267244
5100
267245
5101
267246
5102
267247
267248
267249
267250
267251
5107
267252
5108
267253
5109
267254
5110
267255
267256
267257
267258
267259
5115
267260
5116
267261
5117
267262
5118
267263
267264
267265
267266
267267
5123
267268
5124
267269
5125
267270
5126
267271
267272
267273
267274
267275
5131
267276
5132
267277
5133
267278
5134
267279
5135
267280
5136
267281
5137
267282
5138
267283
267284
267285
267286
267287
267288
267289
267290
267291
267292
267293
267294
267295
267296
267297
267298
267299
267300
267301
267302
267303
267304
267305
267306
267307
267308
267309
267310
267311
267312
267313
267314
267315
267316
267317
267318
267319
267320
267321
267322
267323
267324
267325
267326
267327
267328
267329
267330
267331
267332
267333
267334
267335
267336
267337
267338
267339
267340
267341
267342
267343
267344
267345
267346
267347
267348
267349
267350
267351
267352
267353
267354
267355
267356
267357
267358
267359
267360
267361
267362
267363
267364
267365
267366
267367
267368
267369
267370
267371
267372
267373
267374
267375
267376
267377
267378
267379
267380
267381
267382
267383
267384
267385
267386
267387
267388
267389
267390
267391
267392
267393
267394
267395
267396
267397
267398
267399
267400
267401
267402
267403
267404
267405
267406
267407
267408
267409
267410
267411
267412
267413
267414
267415
267416
267417
267418
267419
267420
267421
267422
267423
267424
267425
267426
267427
267428
267429
267430
267431
267432
267433
267434
267435
267436
267437
267438
267439
267440
267441
267442
267443
267444
267445
267446
267447
267448
267449
267450
267451
267452
267453
267454
267455
267456
267457
267458
267459
267460
267461
267462
267463
267464
267465
267466
267467
267468
267469
267470
267471
267472
267473
267474
267475
267476
267477
267478
267479
267480
267481
267482
267483
267484
267485
267486
267487
267488
267489
267490
267491
267492
267493
267494
267495
267496
267497
267498
267499
267500
267501
267502
267503
267504
267505
267506
267507
267508
267509
267510
267511
267512
267513
267514
267515
267516
267517
267518
267519
267520
267521
267522
267523
267524
267525
267526
267527
267528
267529
267530
267531
267532
267533
267534
267535
267536
267537
267538
267539
267540
267541
267542
267543
267544
267545
267546
267547
267548
267549
267550
267551
267552
267553
267554
267555
267556
267557
267558
267559
267560
267561
267562
267563
267564
267565
267566
267567
267568
267569
267570
267571
267572
267573
267574
267575
267576
267577
267578
267579
267580
267581
267582
267583
267584
267585
267586
267587
267588
267589
267590
267591
267592
267593
267594
267595
267596
267597
267598
267599
267600
267601
267602
267603
267604
267605
267606
267607
267608
5464
267609
5465
267610
5466
267611
5467
267612
5468
267613
5469
267614
5470
267615
5471
267616
5472
267617
5473
267618
5474
267619
5475
267620
5476
267621
5477
267622
5478
267623
5479
267624
5480
267625
5481
267626
5482
267627
5483
267628
5484
267629
5485
267630
5486
267631
5487
267632
5488
267633
5489
267634
5490
267635
5491
267636
5492
267637
5493
267638
5494
267639
5495
267640
5496
267641
5497
267642
5498
267643
5499
267644
5500
267645
5501
267646
5502
267647
5503
267648
5504
267649
5505
267650
5506
267651
5507
267652
5508
267653
5509
267654
5510
267655
5511
267656
5512
267657
5513
267658
5514
267659
5515
267660
5516
267661
5517
267662
5518
267663
5519
267664
5520
267665
5521
267666
5522
267667
5523
267668
5524
267669
5525
267670
5526
267671
5527
267672
5528
267673
5529
267674
5530
267675
5531
267676
5532
267677
5533
267678
5534
267679
5535
267680
5536
267681
5537
267682
5538
267683
5539
267684
5540
267685
5541
267686
5542
267687
5543
267688
5544
267689
5545
267690
5546
267691
5547
267692
5548
267693
5549
267694
5550
267695
5551
267696
5552
267697
5553
267698
5554
267699
5555
267700
5556
267701
5557
267702
5558
267703
5559
267704
5560
267705
5561
267706
5562
267707
5563
267708
5564
267709
5565
267710
5566
267711
5567
267712
5568
267713
5569
267714
5570
267715
5571
267716
5572
267717
5573
267718
5574
267719
5575
267720
5576
267721
5577
267722
5578
267723
5579
267724
5580
267725
5581
267726
5582
267727
5583
267728
5584
267729
5585
267730
5586
267731
5587
267732
5588
267733
5589
267734
5590
267735
5591
267736
5592
267737
5593
267738
5594
267739
5595
267740
5596
267741
5597
267742
5598
267743
5599
267744
5600
267745
5601
267746
5602
267747
5603
267748
267749
267750
267751
267752
267753
267754
267755
267756
267757
267758
267759
267760
267761
267762
267763
267764
267765
267766
267767
267768
267769
267770
267771
267772
267773
267774
267775
267776
267777
267778
267779
267780
267781
267782
267783
267784
267785
267786
267787
267788
267789
267790
5646
267791
5647
267792
5648
267793
5649
267794
5650
267795
5651
267796
5652
267797
5653
267798
5654
267799
5655
267800
5656
267801
5657
267802
5658
267803
5659
267804
5660
267805
5661
267806
5662
267807
5663
267808
5664
267809
5665
267810
5666
267811
5667
267812
5668
267813
5669
267814
5670
267815
5671
267816
5672
267817
5673
267818
5674
267819
5675
267820
5676
267821
5677
267822
5678
267823
5679
267824
5680
267825
5681
267826
5682
267827
5683
267828
5684
267829
5685
267830
5686
267831
5687
267832
5688
267833
5689
267834
5690
267835
5691
267836
5692
267837
5693
267838
5694
267839
5695
267840
5696
267841
5697
267842
5698
267843
5699
267844
5700
267845
5701
267846
5702
267847
5703
267848
5704
267849
5705
267850
5706
267851
5707
267852
5708
267853
5709
267854
5710
267855
5711
267856
5712
267857
5713
267858
5714
267859
5715
267860
5716
267861
5717
267862
5718
267863
5719
267864
5720
267865
5721
267866
5722
267867
267868
267869
267870
267871
267872
267873
267874
267875
267876
267877
267878
267879
267880
267881
267882
267883
267884
267885
267886
267887
267888
267889
267890
267891
267892
267893
267894
267895
267896
267897
267898
267899
267900
267901
267902
267903
267904
267905
267906
267907
267908
267909
5765
267910
5766
267911
5767
267912
5768
267913
5769
267914
5770
267915
5771
267916
5772
267917
5773
267918
5774
267919
5775
267920
5776
267921
5777
267922
5778
267923
5779
267924
5780
267925
5781
267926
5782
267927
5783
267928
5784
267929
5785
267930
5786
267931
5787
267932
5788
267933
5789
267934
5790
267935
5791
267936
5792
267937
5793
267938
5794
267939
5795
267940
5796
267941
5797
267942
5798
267943
5799
267944
5800
267945
5801
267946
5802
267947
5803
267948
5804
267949
5805
267950
5806
267951
5807
267952
5808
267953
5809
267954
5810
267955
5811
267956
5812
267957
5813
267958
5814
267959
5815
267960
5816
267961
5817
267962
5818
267963
5819
267964
5820
267965
5821
267966
267967
267968
267969
267970
267971
267972
267973
267974
267975
267976
267977
267978
267979
267980
267981
267982
5838
267983
5839
267984
5840
267985
5841
267986
5842
267987
5843
267988
5844
267989
5845
267990
267991
267992
267993
267994
267995
267996
267997
267998
267999
268000
268001
268002
268003
268004
268005
268006
268007
268008
268009
268010
268011
268012
268013
268014
268015
268016
268017
268018
268019
268020
268021
268022
268023
268024
268025
268026
268027
268028
268029
268030
268031
268032
268033
268034
268035
268036
268037
268038
268039
268040
268041
268042
268043
268044
268045
268046
268047
268048
268049
268050
268051
268052
268053
268054
268055
268056
268057
268058
268059
268060
268061
268062
268063
268064
268065
268066
268067
268068
268069
268070
268071
268072
268073
268074
268075
268076
268077
268078
268079
268080
268081
268082
268083
268084
268085
268086
268087
268088
268089
268090
268091
268092
268093
268094
268095
268096
268097
268098
268099
268100
268101
268102
268103
268104
268105
268106
268107
268108
268109
268110
268111
268112
268113
268114
268115
268116
268117
268118
268119
268120
268121
268122
268123
268124
268125
268126
268127
268128
268129
268130
268131
268132
268133
268134
268135
268136
268137
268138
268139
268140
268141
268142
268143
268144
268145
268146
268147
268148
268149
268150
268151
268152
268153
268154
268155
268156
268157
268158
268159
268160
268161
268162
268163
268164
268165
268166
268167
268168
268169
268170
268171
268172
268173
268174
268175
268176
268177
268178
268179
268180
268181
268182
268183
268184
268185
268186
268187
268188
268189
268190
268191
268192
268193
268194
268195
268196
268197
268198
268199
268200
268201
268202
268203
268204
268205
268206
268207
268208
268209
268210
268211
268212
268213
268214
268215
268216
268217
268218
268219
268220
268221
268222
268223
268224
268225
268226
268227
268228
268229
268230
268231
268232
268233
268234
268235
268236
268237
268238
268239
268240
268241
268242
268243
268244
268245
268246
268247
268248
268249
268250
268251
268252
268253
268254
268255
268256
268257
268258
268259
268260
268261
268262
268263
268264
268265
268266
268267
268268
268269
268270
268271
268272
268273
268274
268275
268276
268277
268278
268279
268280
268281
268282
268283
268284
268285
268286
268287
268288
268289
268290
268291
268292
268293
268294
268295
268296
268297
268298
268299
268300
268301
268302
268303
268304
268305
268306
268307
268308
268309
268310
268311
268312
268313
268314
268315
268316
268317
268318
268319
268320
268321
268322
268323
268324
268325
268326
268327
268328
268329
268330
268331
268332
268333
268334
268335
268336
268337
268338
268339
268340
268341
268342
268343
268344
268345
268346
268347
268348
268349
268350
268351
268352
268353
268354
268355
268356
268357
268358
268359
268360
268361
268362
268363
268364
268365
268366
268367
268368
268369
268370
268371
268372
268373
268374
268375
268376
268377
268378
268379
268380
268381
268382
268383
268384
268385
268386
268387
268388
268389
268390
268391
268392
268393
268394
268395
268396
268397
268398
268399
268400
268401
268402
268403
268404
268405
268406
268407
268408
268409
268410
268411
268412
268413
268414
268415
268416
268417
268418
268419
268420
268421
268422
268423
268424
268425
268426
268427
268428
268429
268430
268431
268432
268433
268434
268435
268436
268437
268438
268439
268440
268441
268442
268443
268444
268445
268446
268447
268448
268449
268450
268451
268452
268453
268454
268455
268456
268457
268458
268459
268460
268461
268462
268463
268464
268465
268466
268467
268468
268469
268470
268471
268472
268473
268474
268475
268476
268477
268478
268479
268480
268481
268482
268483
268484
268485
268486
268487
268488
268489
268490
268491
268492
268493
268494
268495
268496
268497
268498
268499
268500
268501
268502
268503
268504
268505
268506
268507
268508
268509
268510
268511
268512
268513
268514
268515
268516
268517
268518
268519
268520
268521
268522
268523
268524
268525
268526
268527
268528
268529
268530
268531
268532
268533
268534
268535
268536
268537
268538
268539
268540
268541
268542
268543
268544
268545
268546
268547
268548
268549
268550
268551
268552
268553
268554
268555
268556
268557
268558
268559
268560
268561
268562
268563
268564
268565
268566
268567
268568
268569
268570
268571
268572
268573
268574
268575
268576
268577
268578
268579
268580
268581
268582
268583
268584
268585
268586
268587
268588
268589
268590
268591
268592
268593
268594
268595
268596
268597
268598
268599
268600
268601
268602
268603
268604
268605
268606
268607
268608
268609
268610
268611
268612
268613
268614
268615
268616
268617
268618
268619
268620
268621
268622
268623
268624
268625
268626
268627
268628
268629
268630
268631
268632
268633
268634
268635
268636
268637
268638
268639
268640
268641
268642
268643
268644
268645
268646
268647
268648
268649
268650
268651
268652
268653
268654
268655
268656
268657
268658
268659
268660
268661
268662
268663
268664
268665
268666
268667
268668
268669
268670
268671
268672
268673
268674
268675
268676
268677
268678
268679
268680
268681
268682
268683
268684
268685
268686
268687
268688
268689
268690
268691
137619
268692
137620
268693
137621
268694
137622
268695
137623
268696
137624
268697
137625
268698
137626
268699
137627
268700
137628
268701
137629
268702
137630
268703
137631
268704
137632
268705
268706
268707
268708
268709
268710
268711
268712
268713
268714
268715
268716
268717
268718
268719
268720
268721
268722
268723
268724
268725
268726
137654
268727
137655
268728
137656
268729
137657
268730
137658
268731
137659
268732
137660
268733
268734
268735
268736
268737
268738
268739
268740
137668
268741
137669
268742
137670
268743
137671
268744
137672
268745
137673
268746
137674
268747
268748
268749
268750
268751
268752
268753
268754
268755
6611
268756
6612
268757
6613
268758
6614
268759
6615
268760
6616
268761
6617
268762
6618
268763
268764
268765
268766
268767
268768
268769
268770
268771
268772
268773
268774
268775
268776
268777
268778
268779
6635
268780
6636
268781
6637
268782
6638
268783
6639
268784
6640
268785
6641
268786
6642
268787
6643
268788
6644
268789
6645
268790
6646
268791
268792
268793
268794
268795
268796
268797
268798
268799
268800
268801
268802
268803
268804
268805
268806
268807
6663
268808
6664
268809
6665
268810
6666
268811
6667
268812
6668
268813
6669
268814
6670
268815
6671
268816
6672
268817
6673
268818
6674
268819
6675
268820
6676
268821
6677
268822
6678
268823
6679
268824
6680
268825
6681
268826
6682
268827
6683
268828
6684
268829
6685
268830
6686
268831
6687
268832
6688
268833
6689
268834
6690
268835
6691
268836
6692
268837
6693
268838
6694
268839
6695
268840
6696
268841
6697
268842
6698
268843
6699
268844
6700
268845
6701
268846
6702
268847
6703
268848
6704
268849
6705
268850
6706
268851
6707
268852
6708
268853
6709
268854
6710
268855
6711
268856
6712
268857
6713
268858
268859
268860
268861
268862
268863
268864
268865
268866
268867
268868
268869
268870
268871
268872
268873
268874
6730
268875
6731
268876
6732
268877
6733
268878
6734
268879
6735
268880
6736
268881
6737
268882
6738
268883
6739
268884
6740
268885
6741
268886
6742
268887
6743
268888
6744
268889
6745
268890
6746
268891
6747
268892
6748
268893
6749
268894
6750
268895
6751
268896
6752
268897
6753
268898
6754
268899
6755
268900
6756
268901
6757
268902
6758
268903
6759
268904
6760
268905
6761
268906
6762
268907
6763
268908
6764
268909
137837
6765
268910
6766
268911
137839
6767
268912
6768
268913
137841
6769
268914
137842
6770
268915
137843
6771
268916
137844
6772
268917
137845
6773
268918
137846
6774
268919
137847
6775
268920
137848
6776
268921
137849
6777
268922
137850
6778
268923
137851
6779
268924
137852
6780
268925
137853
6781
268926
137854
6782
268927
137855
268928
137856
268929
137857
268930
137858
268931
137859
268932
137860
268933
137861
268934
137862
268935
137863
268936
137864
268937
137865
268938
137866
268939
137867
268940
137868
268941
137869
268942
137870
268943
137871
268944
137872
268945
137873
268946
137874
268947
137875
268948
137876
268949
137877
268950
137878
268951
137879
268952
137880
268953
137881
268954
137882
268955
137883
268956
137884
268957
137885
268958
137886
268959
137887
268960
137888
268961
137889
6817
268962
137890
6818
268963
137891
6819
268964
137892
6820
268965
137893
6821
268966
137894
6822
268967
137895
6823
268968
137896
6824
268969
137897
6825
268970
137898
6826
268971
137899
6827
268972
137900
6828
268973
6829
268974
6830
268975
6831
268976
6832
268977
6833
268978
6834
268979
6835
268980
137908
6836
268981
137909
6837
268982
137910
6838
268983
137911
6839
268984
137912
6840
268985
137913
6841
268986
6842
268987
6843
268988
6844
268989
6845
268990
6846
268991
6847
268992
6848
268993
6849
268994
6850
268995
6851
268996
6852
268997
6853
268998
6854
268999
6855
269000
137928
6856
269001
137929
6857
269002
137930
6858
269003
137931
6859
269004
137932
6860
269005
137933
6861
269006
137934
6862
269007
137935
6863
269008
137936
6864
269009
137937
6865
269010
137938
6866
269011
137939
6867
269012
137940
6868
269013
137941
6869
269014
137942
6870
269015
137943
6871
269016
137944
6872
269017
137945
6873
269018
269019
269020
269021
269022
269023
269024
269025
269026
269027
269028
269029
269030
269031
269032
269033
269034
269035
269036
269037
269038
269039
269040
269041
269042
269043
269044
269045
269046
269047
269048
269049
269050
269051
269052
269053
269054
269055
269056
269057
269058
6914
269059
6915
269060
6916
269061
6917
269062
6918
269063
6919
269064
6920
269065
6921
269066
6922
269067
137995
6923
269068
137996
6924
269069
137997
6925
269070
137998
6926
269071
137999
6927
269072
138000
6928
269073
138001
6929
269074
138002
6930
269075
138003
6931
269076
138004
6932
269077
138005
6933
269078
138006
6934
269079
138007
6935
269080
138008
6936
269081
138009
6937
269082
138010
6938
269083
138011
6939
269084
138012
6940
269085
138013
6941
269086
138014
6942
269087
138015
6943
269088
138016
6944
269089
138017
6945
269090
138018
6946
269091
138019
6947
269092
138020
6948
269093
138021
6949
269094
138022
6950
269095
138023
6951
269096
138024
6952
269097
6953
269098
6954
269099
6955
269100
6956
269101
6957
269102
6958
269103
6959
269104
138032
269105
138033
269106
269107
269108
269109
269110
269111
269112
269113
269114
269115
269116
269117
269118
269119
269120
6976
269121
6977
269122
6978
269123
6979
269124
6980
269125
6981
269126
6982
269127
6983
269128
6984
269129
6985
269130
6986
269131
6987
269132
269133
269134
269135
269136
269137
269138
269139
269140
269141
269142
269143
269144
269145
269146
269147
269148
7004
269149
7005
269150
7006
269151
7007
269152
7008
269153
7009
269154
7010
269155
7011
269156
7012
269157
7013
269158
7014
269159
7015
269160
7016
269161
7017
269162
7018
269163
7019
269164
7020
269165
7021
269166
7022
269167
7023
269168
7024
269169
7025
269170
7026
269171
7027
269172
7028
269173
7029
269174
7030
269175
7031
269176
7032
269177
7033
269178
7034
269179
7035
269180
7036
269181
7037
269182
7038
269183
7039
269184
7040
269185
7041
269186
7042
269187
7043
269188
7044
269189
7045
269190
7046
269191
7047
269192
7048
269193
7049
269194
7050
269195
7051
269196
7052
269197
7053
269198
7054
269199
7055
269200
269201
269202
269203
269204
269205
269206
269207
269208
269209
269210
269211
269212
269213
269214
269215
269216
269217
269218
269219
269220
269221
269222
269223
269224
269225
269226
269227
269228
269229
269230
269231
269232
269233
269234
269235
269236
269237
269238
269239
138167
269240
138168
269241
138169
269242
138170
269243
138171
269244
138172
269245
138173
269246
138174
269247
138175
269248
138176
269249
138177
269250
138178
269251
138179
269252
138180
269253
138181
269254
138182
269255
138183
269256
138184
269257
138185
269258
138186
269259
138187
269260
138188
269261
138189
269262
138190
269263
138191
269264
138192
269265
138193
269266
138194
269267
138195
269268
138196
269269
138197
269270
138198
269271
138199
269272
138200
269273
138201
269274
138202
269275
138203
269276
138204
269277
138205
269278
138206
269279
138207
269280
138208
269281
138209
269282
138210
269283
138211
269284
138212
269285
138213
269286
138214
269287
138215
269288
138216
269289
138217
269290
138218
269291
138219
269292
138220
269293
138221
269294
138222
269295
269296
269297
269298
269299
269300
269301
269302
269303
269304
269305
269306
269307
269308
269309
269310
269311
269312
269313
269314
269315
269316
269317
269318
269319
269320
269321
269322
269323
269324
269325
269326
269327
269328
269329
269330
269331
269332
269333
269334
269335
269336
269337
269338
269339
269340
269341
269342
269343
269344
138272
269345
138273
269346
138274
269347
138275
269348
138276
269349
138277
269350
138278
269351
138279
269352
138280
269353
138281
269354
138282
269355
138283
269356
138284
269357
138285
269358
138286
269359
138287
269360
138288
269361
138289
269362
138290
269363
138291
269364
138292
269365
138293
269366
138294
269367
138295
269368
138296
269369
138297
269370
138298
269371
138299
269372
269373
269374
269375
269376
269377
269378
269379
269380
269381
269382
269383
269384
269385
269386
269387
269388
269389
269390
269391
269392
269393
269394
269395
269396
269397
269398
269399
269400
269401
269402
269403
269404
269405
269406
269407
269408
269409
269410
269411
269412
269413
269414
138342
269415
138343
269416
138344
269417
138345
269418
138346
269419
138347
269420
138348
269421
138349
269422
138350
269423
138351
269424
138352
269425
138353
269426
138354
269427
138355
269428
138356
269429
138357
269430
138358
269431
138359
269432
138360
269433
138361
269434
138362
269435
138363
269436
138364
269437
138365
269438
138366
269439
138367
269440
138368
269441
138369
269442
138370
269443
138371
269444
138372
269445
138373
269446
138374
269447
138375
269448
138376
269449
138377
269450
138378
269451
138379
269452
138380
269453
138381
269454
138382
269455
138383
269456
269457
269458
269459
269460
269461
269462
269463
269464
269465
269466
269467
269468
269469
269470
269471
269472
269473
269474
269475
269476
269477
269478
269479
269480
269481
269482
269483
269484
269485
269486
269487
269488
269489
269490
269491
269492
269493
269494
269495
269496
269497
269498
138426
269499
138427
269500
138428
269501
138429
269502
138430
269503
138431
269504
138432
269505
138433
269506
138434
269507
138435
269508
138436
269509
138437
269510
138438
269511
138439
269512
138440
269513
138441
269514
138442
269515
138443
269516
138444
269517
138445
269518
138446
269519
138447
269520
138448
269521
138449
269522
138450
269523
138451
269524
138452
269525
138453
269526
138454
269527
138455
269528
138456
269529
138457
269530
138458
269531
138459
269532
138460
269533
138461
269534
138462
269535
138463
269536
138464
269537
138465
269538
138466
269539
138467
269540
138468
7396
269541
138469
7397
269542
138470
7398
269543
138471
7399
269544
138472
7400
269545
138473
7401
269546
138474
7402
269547
138475
7403
269548
138476
7404
269549
138477
7405
269550
138478
7406
269551
138479
7407
269552
138480
7408
269553
138481
7409
269554
138482
7410
269555
138483
7411
269556
138484
7412
269557
138485
7413
269558
138486
7414
269559
138487
7415
269560
138488
7416
269561
138489
7417
269562
138490
7418
269563
138491
7419
269564
138492
269565
138493
269566
138494
269567
138495
269568
138496
269569
138497
269570
138498
269571
138499
269572
138500
269573
138501
269574
138502
269575
138503
269576
138504
269577
138505
269578
138506
269579
138507
269580
138508
269581
138509
269582
138510
269583
138511
269584
138512
269585
138513
269586
269587
269588
269589
269590
269591
269592
269593
269594
269595
269596
269597
269598
269599
269600
269601
269602
269603
269604
269605
269606
269607
269608
269609
269610
269611
269612
269613
269614
269615
269616
269617
269618
269619
269620
269621
269622
269623
269624
269625
269626
269627
269628
269629
269630
269631
269632
269633
269634
269635
269636
269637
269638
269639
269640
269641
269642
269643
269644
269645
269646
269647
269648
269649
269650
269651
269652
269653
269654
269655
269656
269657
269658
269659
269660
269661
269662
269663
269664
269665
269666
269667
269668
269669
269670
269671
269672
269673
269674
269675
269676
269677
269678
269679
269680
269681
269682
269683
269684
269685
269686
269687
269688
269689
269690
269691
269692
269693
269694
269695
269696
269697
269698
269699
269700
269701
269702
269703
269704
269705
269706
269707
269708
269709
269710
269711
269712
269713
269714
269715
269716
269717
269718
269719
269720
269721
269722
269723
269724
269725
269726
269727
269728
269729
269730
269731
269732
269733
269734
269735
269736
269737
269738
269739
269740
269741
269742
269743
269744
269745
269746
269747
269748
269749
269750
269751
269752
269753
269754
269755
269756
269757
269758
269759
269760
269761
269762
269763
269764
269765
269766
269767
269768
269769
269770
269771
269772
269773
269774
269775
269776
269777
269778
269779
269780
269781
269782
269783
269784
269785
269786
269787
269788
269789
269790
269791
269792
269793
269794
269795
269796
269797
269798
269799
269800
269801
269802
269803
269804
269805
269806
269807
269808
269809
269810
269811
269812
269813
269814
269815
269816
269817
269818
269819
269820
269821
269822
269823
269824
269825
269826
269827
269828
269829
269830
269831
269832
269833
269834
269835
269836
269837
269838
269839
269840
269841
269842
269843
269844
269845
269846
269847
269848
269849
269850
269851
269852
269853
269854
269855
269856
269857
269858
269859
269860
269861
269862
269863
269864
269865
269866
269867
269868
269869
269870
269871
269872
269873
269874
269875
269876
269877
269878
269879
269880
269881
269882
269883
269884
269885
269886
269887
269888
269889
269890
269891
269892
269893
269894
269895
269896
269897
269898
269899
269900
269901
269902
269903
269904
269905
269906
269907
269908
269909
269910
269911
269912
269913
269914
269915
269916
269917
269918
269919
269920
269921
269922
269923
269924
269925
269926
269927
269928
269929
269930
269931
269932
269933
269934
269935
269936
269937
269938
269939
269940
269941
269942
269943
269944
269945
269946
269947
269948
269949
269950
269951
269952
269953
269954
269955
269956
269957
269958
269959
269960
269961
269962
269963
269964
269965
269966
269967
269968
269969
269970
269971
269972
269973
269974
269975
269976
269977
269978
269979
269980
269981
269982
269983
269984
269985
269986
269987
269988
269989
269990
269991
269992
269993
269994
269995
269996
269997
269998
269999
270000
270001
270002
270003
270004
270005
270006
270007
270008
270009
270010
270011
270012
270013
270014
270015
270016
270017
270018
270019
270020
270021
270022
270023
270024
270025
270026
270027
270028
270029
270030
270031
270032
270033
270034
270035
270036
270037
270038
270039
270040
270041
270042
270043
270044
270045
270046
270047
270048
270049
270050
270051
270052
270053
270054
270055
270056
270057
270058
270059
270060
270061
270062
270063
270064
270065
270066
270067
270068
270069
270070
270071
270072
270073
270074
270075
270076
270077
270078
270079
270080
270081
270082
270083
270084
270085
270086
270087
270088
270089
270090
270091
270092
270093
270094
270095
270096
270097
270098
270099
270100
270101
270102
270103
270104
270105
270106
270107
270108
270109
270110
270111
270112
270113
270114
270115
270116
270117
270118
270119
270120
270121
270122
270123
270124
270125
270126
270127
270128
270129
270130
270131
270132
139060
270133
139061
270134
139062
270135
139063
270136
139064
270137
139065
270138
139066
270139
139067
270140
139068
270141
139069
270142
139070
270143
139071
270144
139072
270145
139073
270146
139074
270147
139075
270148
139076
270149
139077
270150
139078
270151
139079
270152
139080
270153
139081
270154
139082
270155
139083
270156
139084
270157
139085
270158
139086
270159
139087
270160
139088
270161
139089
270162
139090
270163
139091
270164
139092
270165
139093
270166
139094
270167
139095
270168
139096
270169
139097
270170
139098
270171
139099
270172
139100
270173
139101
270174
139102
270175
139103
270176
139104
270177
139105
270178
139106
270179
139107
270180
139108
270181
139109
8037
270182
139110
8038
270183
139111
8039
270184
139112
8040
270185
139113
8041
270186
139114
8042
270187
139115
8043
270188
139116
8044
270189
139117
270190
139118
270191
139119
270192
139120
270193
139121
270194
139122
270195
139123
270196
139124
270197
139125
270198
139126
270199
139127
270200
139128
270201
139129
270202
139130
270203
139131
270204
139132
270205
139133
270206
139134
270207
139135
270208
139136
270209
139137
270210
139138
270211
139139
270212
139140
270213
139141
270214
139142
270215
139143
270216
139144
270217
139145
270218
139146
270219
139147
270220
139148
270221
139149
270222
139150
270223
139151
270224
139152
270225
139153
270226
139154
270227
139155
270228
139156
270229
139157
270230
139158
270231
139159
270232
139160
270233
139161
270234
139162
270235
139163
270236
139164
270237
139165
270238
139166
270239
139167
270240
139168
270241
139169
270242
139170
270243
139171
270244
139172
270245
139173
270246
139174
270247
139175
270248
139176
270249
139177
270250
139178
270251
139179
270252
139180
270253
139181
270254
139182
270255
139183
270256
139184
270257
139185
270258
139186
270259
139187
270260
139188
270261
139189
270262
139190
270263
139191
270264
139192
270265
139193
270266
139194
270267
139195
270268
139196
270269
139197
8125
270270
139198
8126
270271
139199
8127
270272
139200
8128
270273
139201
8129
270274
139202
8130
270275
139203
8131
270276
139204
8132
270277
139205
270278
139206
270279
139207
270280
139208
270281
139209
270282
139210
270283
139211
270284
139212
270285
139213
270286
139214
270287
139215
270288
139216
270289
139217
270290
139218
270291
139219
270292
139220
270293
139221
270294
139222
270295
139223
270296
139224
270297
139225
270298
139226
270299
139227
270300
139228
270301
139229
270302
139230
270303
139231
270304
139232
270305
139233
270306
139234
270307
139235
270308
139236
270309
139237
8165
270310
139238
8166
270311
139239
8167
270312
139240
8168
270313
139241
8169
270314
139242
8170
270315
139243
8171
270316
139244
270317
139245
270318
139246
270319
139247
270320
139248
270321
139249
270322
139250
270323
139251
270324
139252
270325
139253
270326
139254
270327
139255
270328
139256
270329
139257
270330
139258
270331
139259
270332
139260
270333
139261
270334
139262
270335
139263
270336
139264
270337
139265
270338
139266
270339
139267
270340
270341
270342
270343
270344
270345
270346
270347
270348
270349
270350
270351
270352
270353
270354
270355
270356
270357
270358
270359
270360
270361
270362
270363
270364
270365
270366
270367
270368
270369
270370
270371
270372
270373
270374
270375
270376
270377
270378
270379
270380
270381
270382
270383
270384
270385
270386
270387
270388
270389
270390
270391
270392
270393
270394
270395
270396
270397
270398
270399
270400
270401
270402
270403
270404
270405
270406
270407
270408
270409
270410
270411
270412
270413
270414
270415
270416
270417
270418
270419
270420
270421
270422
270423
270424
270425
270426
270427
270428
270429
270430
270431
270432
270433
270434
270435
270436
270437
270438
270439
270440
270441
270442
270443
270444
270445
270446
270447
270448
270449
270450
270451
270452
270453
270454
270455
270456
270457
270458
270459
270460
270461
270462
270463
270464
270465
270466
270467
270468
270469
270470
270471
270472
270473
270474
270475
270476
270477
270478
270479
270480
270481
270482
270483
270484
270485
270486
270487
270488
270489
270490
270491
270492
270493
270494
270495
270496
270497
270498
270499
270500
270501
270502
270503
270504
270505
270506
270507
270508
270509
270510
270511
270512
270513
270514
270515
270516
270517
270518
270519
270520
270521
270522
270523
270524
270525
270526
270527
270528
270529
270530
270531
270532
270533
270534
270535
270536
270537
270538
270539
270540
270541
270542
270543
270544
270545
270546
270547
270548
270549
270550
270551
270552
270553
270554
270555
270556
270557
270558
270559
270560
270561
270562
270563
270564
270565
270566
270567
270568
270569
270570
270571
270572
270573
270574
270575
270576
270577
270578
270579
270580
270581
270582
270583
270584
270585
270586
270587
270588
270589
270590
270591
270592
270593
270594
270595
270596
270597
270598
270599
270600
270601
270602
270603
270604
270605
270606
270607
270608
270609
270610
270611
270612
270613
270614
270615
270616
270617
270618
270619
270620
270621
270622
270623
270624
270625
270626
270627
270628
270629
270630
270631
270632
270633
270634
270635
270636
270637
270638
270639
270640
270641
270642
270643
270644
270645
270646
270647
270648
270649
270650
270651
270652
270653
270654
270655
270656
270657
270658
270659
270660
270661
270662
270663
270664
270665
270666
270667
270668
270669
270670
270671
270672
270673
270674
270675
270676
270677
270678
270679
270680
270681
270682
270683
270684
270685
270686
270687
270688
270689
270690
270691
270692
270693
270694
270695
139623
270696
139624
270697
139625
270698
139626
270699
139627
270700
139628
270701
139629
270702
139630
270703
139631
270704
139632
270705
139633
270706
139634
270707
139635
270708
139636
270709
139637
270710
139638
270711
139639
270712
139640
270713
139641
270714
139642
270715
139643
270716
139644
270717
139645
270718
139646
270719
139647
270720
139648
270721
139649
270722
139650
270723
139651
270724
139652
270725
139653
270726
139654
270727
139655
270728
139656
270729
139657
270730
139658
270731
139659
270732
139660
270733
139661
270734
139662
270735
139663
270736
139664
270737
139665
270738
139666
270739
139667
270740
139668
270741
139669
270742
139670
270743
139671
270744
139672
270745
139673
270746
139674
270747
139675
270748
139676
270749
139677
270750
139678
270751
139679
270752
139680
270753
139681
270754
139682
270755
139683
270756
139684
270757
139685
270758
139686
270759
139687
270760
139688
270761
139689
270762
139690
270763
139691
270764
139692
8620
270765
139693
8621
270766
139694
8622
270767
139695
8623
270768
139696
8624
270769
139697
8625
270770
139698
8626
270771
139699
8627
270772
139700
8628
270773
139701
8629
270774
139702
8630
270775
139703
8631
270776
139704
8632
270777
139705
8633
270778
139706
8634
270779
139707
8635
270780
139708
8636
270781
139709
8637
270782
139710
8638
270783
139711
8639
270784
139712
8640
270785
139713
8641
270786
139714
8642
270787
139715
8643
270788
139716
8644
270789
139717
8645
270790
139718
8646
270791
139719
8647
270792
139720
8648
270793
139721
8649
270794
139722
8650
270795
139723
8651
270796
139724
8652
270797
139725
8653
270798
139726
8654
270799
139727
8655
270800
139728
8656
270801
139729
8657
270802
139730
8658
270803
139731
8659
270804
139732
8660
270805
139733
8661
270806
139734
8662
270807
8663
270808
8664
270809
8665
270810
8666
270811
8667
270812
8668
270813
8669
270814
8670
270815
8671
270816
8672
270817
8673
270818
8674
270819
8675
270820
8676
270821
8677
270822
8678
270823
8679
270824
8680
270825
8681
270826
8682
270827
8683
270828
8684
270829
8685
270830
8686
270831
8687
270832
8688
270833
8689
270834
8690
270835
8691
270836
8692
270837
8693
270838
8694
270839
8695
270840
8696
270841
8697
270842
8698
270843
8699
270844
8700
270845
8701
270846
8702
270847
8703
270848
8704
270849
8705
270850
8706
270851
8707
270852
8708
270853
8709
270854
8710
270855
139783
8711
270856
139784
8712
270857
139785
8713
270858
139786
8714
270859
139787
8715
270860
139788
8716
270861
139789
8717
270862
139790
8718
270863
139791
8719
270864
139792
8720
270865
139793
8721
270866
139794
8722
270867
139795
8723
270868
139796
8724
270869
139797
8725
270870
139798
8726
270871
139799
8727
270872
139800
8728
270873
139801
8729
270874
139802
8730
270875
139803
8731
270876
139804
8732
270877
139805
8733
270878
139806
8734
270879
139807
8735
270880
139808
8736
270881
139809
8737
270882
139810
8738
270883
139811
8739
270884
139812
8740
270885
139813
8741
270886
139814
8742
270887
139815
8743
270888
139816
8744
270889
139817
8745
270890
139818
8746
270891
139819
8747
270892
139820
8748
270893
139821
8749
270894
139822
8750
270895
139823
8751
270896
139824
8752
270897
139825
8753
270898
139826
8754
270899
139827
8755
270900
139828
8756
270901
139829
8757
270902
139830
8758
270903
139831
8759
270904
8760
270905
8761
270906
8762
270907
8763
270908
8764
270909
8765
270910
8766
270911
270912
270913
270914
270915
270916
270917
270918
270919
270920
270921
270922
270923
270924
270925
270926
270927
270928
270929
270930
270931
270932
270933
270934
270935
270936
270937
270938
270939
270940
270941
270942
270943
270944
270945
270946
270947
270948
270949
270950
270951
270952
139880
270953
139881
270954
139882
270955
139883
270956
139884
270957
139885
270958
139886
270959
139887
270960
139888
270961
139889
270962
139890
270963
139891
270964
139892
270965
139893
270966
139894
270967
139895
270968
139896
270969
139897
270970
139898
270971
139899
270972
139900
270973
139901
270974
139902
270975
139903
270976
139904
270977
139905
270978
139906
270979
139907
270980
139908
270981
139909
270982
139910
270983
139911
270984
139912
270985
139913
270986
139914
270987
139915
270988
139916
270989
139917
270990
139918
270991
139919
270992
139920
270993
139921
270994
139922
8850
270995
139923
8851
270996
139924
8852
270997
139925
8853
270998
139926
8854
270999
139927
8855
271000
139928
8856
271001
139929
8857
271002
139930
8858
271003
139931
8859
271004
139932
8860
271005
139933
8861
271006
139934
8862
271007
139935
8863
271008
139936
8864
271009
139937
8865
271010
139938
8866
271011
139939
8867
271012
139940
8868
271013
139941
8869
271014
139942
8870
271015
139943
8871
271016
139944
8872
271017
139945
8873
271018
139946
8874
271019
139947
8875
271020
139948
8876
271021
139949
8877
271022
8878
271023
8879
271024
8880
271025
8881
271026
8882
271027
8883
271028
8884
271029
8885
271030
8886
271031
8887
271032
8888
271033
8889
271034
8890
271035
8891
271036
8892
271037
8893
271038
8894
271039
8895
271040
8896
271041
8897
271042
8898
271043
8899
271044
8900
271045
8901
271046
8902
271047
8903
271048
8904
271049
8905
271050
8906
271051
8907
271052
8908
271053
8909
271054
8910
271055
8911
271056
8912
271057
8913
271058
8914
271059
8915
271060
8916
271061
8917
271062
8918
271063
8919
271064
8920
271065
8921
271066
8922
271067
8923
271068
8924
271069
8925
271070
8926
271071
8927
271072
8928
271073
8929
271074
8930
271075
8931
271076
8932
271077
8933
271078
8934
271079
8935
271080
8936
271081
8937
271082
8938
271083
8939
271084
8940
271085
8941
271086
8942
271087
8943
271088
8944
271089
271090
271091
271092
271093
271094
271095
271096
271097
271098
271099
271100
271101
271102
271103
271104
271105
271106
271107
271108
271109
271110
271111
271112
271113
271114
271115
271116
271117
271118
271119
271120
271121
271122
271123
271124
271125
271126
271127
271128
271129
271130
271131
271132
271133
271134
271135
271136
271137
271138
271139
271140
271141
271142
271143
271144
271145
271146
271147
271148
271149
271150
271151
271152
271153
271154
271155
271156
271157
271158
271159
271160
271161
271162
271163
271164
271165
271166
271167
271168
271169
271170
271171
271172
9028
271173
9029
271174
9030
271175
9031
271176
9032
271177
9033
271178
9034
271179
9035
271180
9036
271181
9037
271182
9038
271183
9039
271184
9040
271185
9041
271186
9042
271187
9043
271188
9044
271189
9045
271190
9046
271191
9047
271192
9048
271193
9049
271194
9050
271195
9051
271196
9052
271197
9053
271198
9054
271199
9055
271200
9056
271201
9057
271202
9058
271203
9059
271204
9060
271205
9061
271206
9062
271207
9063
271208
9064
271209
9065
271210
9066
271211
9067
271212
9068
271213
9069
271214
9070
271215
9071
271216
9072
271217
9073
271218
9074
271219
9075
271220
9076
271221
9077
271222
9078
271223
9079
271224
9080
271225
9081
271226
9082
271227
9083
271228
9084
271229
9085
271230
9086
271231
271232
271233
271234
271235
271236
271237
271238
271239
271240
271241
271242
271243
271244
271245
271246
271247
271248
271249
271250
271251
271252
271253
271254
271255
271256
271257
271258
271259
271260
271261
271262
271263
271264
271265
271266
271267
271268
271269
271270
271271
271272
271273
271274
271275
271276
271277
271278
271279
271280
271281
271282
271283
271284
271285
271286
271287
271288
271289
271290
271291
271292
271293
271294
271295
271296
271297
271298
271299
271300
271301
271302
271303
271304
271305
271306
271307
271308
271309
271310
271311
271312
271313
271314
271315
271316
271317
271318
271319
271320
271321
271322
271323
271324
271325
271326
271327
271328
271329
271330
271331
271332
271333
271334
271335
271336
271337
271338
271339
271340
271341
271342
271343
271344
271345
271346
271347
271348
271349
271350
271351
271352
271353
271354
271355
271356
271357
271358
271359
271360
271361
271362
271363
271364
271365
271366
271367
271368
271369
271370
271371
271372
271373
271374
271375
271376
271377
271378
271379
271380
271381
271382
271383
271384
271385
271386
271387
271388
271389
271390
271391
271392
271393
271394
271395
271396
271397
271398
271399
271400
271401
271402
271403
271404
271405
271406
271407
271408
271409
271410
271411
271412
271413
271414
271415
271416
271417
271418
271419
271420
271421
271422
271423
271424
271425
271426
271427
271428
271429
271430
271431
271432
271433
271434
271435
271436
271437
271438
271439
271440
271441
271442
271443
271444
271445
271446
271447
271448
271449
271450
271451
271452
271453
271454
271455
271456
271457
271458
271459
271460
271461
271462
271463
271464
271465
271466
271467
271468
271469
271470
271471
271472
271473
271474
271475
271476
271477
271478
271479
271480
271481
271482
271483
271484
271485
271486
271487
271488
271489
271490
271491
271492
271493
271494
271495
271496
271497
271498
271499
271500
271501
271502
271503
271504
271505
271506
271507
271508
271509
271510
271511
271512
271513
271514
271515
271516
271517
271518
271519
271520
271521
271522
271523
271524
271525
271526
271527
271528
271529
271530
271531
271532
271533
271534
271535
271536
271537
271538
271539
271540
271541
271542
271543
271544
271545
271546
271547
271548
271549
271550
271551
271552
271553
271554
271555
271556
271557
271558
271559
271560
271561
271562
271563
271564
271565
271566
271567
271568
271569
271570
271571
271572
271573
271574
271575
271576
271577
271578
271579
271580
271581
271582
271583
271584
271585
271586
271587
271588
271589
271590
271591
271592
271593
271594
271595
271596
271597
271598
271599
271600
271601
271602
271603
271604
271605
271606
271607
271608
271609
271610
271611
271612
271613
271614
271615
271616
271617
271618
271619
271620
271621
271622
271623
271624
271625
271626
271627
271628
271629
271630
271631
271632
271633
271634
271635
271636
271637
271638
271639
271640
271641
271642
271643
271644
271645
271646
271647
271648
271649
271650
271651
271652
271653
271654
271655
271656
271657
271658
271659
271660
271661
271662
271663
271664
271665
271666
271667
271668
271669
271670
271671
271672
271673
271674
271675
271676
271677
271678
271679
271680
271681
271682
271683
271684
271685
271686
271687
271688
271689
271690
271691
271692
271693
271694
271695
271696
271697
271698
271699
271700
271701
271702
271703
271704
271705
271706
271707
271708
271709
271710
271711
271712
271713
271714
271715
271716
271717
271718
271719
271720
271721
271722
271723
271724
271725
271726
271727
271728
271729
271730
271731
271732
271733
271734
271735
271736
271737
271738
271739
271740
271741
271742
271743
271744
271745
271746
271747
271748
271749
271750
271751
271752
271753
271754
271755
271756
271757
271758
271759
271760
271761
271762
271763
271764
271765
271766
271767
271768
271769
271770
271771
271772
271773
271774
271775
271776
271777
271778
271779
271780
271781
271782
271783
271784
271785
271786
271787
271788
271789
271790
271791
271792
271793
271794
271795
271796
271797
271798
271799
271800
271801
271802
271803
271804
271805
271806
271807
271808
271809
271810
271811
271812
271813
271814
271815
271816
271817
271818
271819
271820
271821
271822
271823
271824
271825
271826
271827
271828
271829
271830
271831
271832
271833
271834
271835
271836
271837
271838
271839
271840
271841
271842
271843
271844
271845
271846
271847
271848
271849
271850
271851
271852
271853
271854
271855
271856
271857
271858
271859
271860
271861
271862
271863
271864
271865
271866
271867
271868
271869
271870
271871
271872
271873
271874
271875
271876
271877
271878
271879
271880
271881
271882
271883
271884
271885
271886
271887
271888
271889
271890
271891
271892
271893
271894
271895
271896
271897
271898
271899
271900
271901
271902
271903
271904
271905
271906
271907
271908
271909
271910
271911
271912
271913
271914
271915
271916
271917
271918
271919
271920
271921
271922
271923
271924
271925
271926
271927
271928
271929
271930
271931
271932
271933
271934
271935
271936
271937
271938
271939
271940
271941
271942
271943
271944
271945
271946
271947
271948
271949
271950
271951
271952
271953
271954
271955
271956
271957
271958
271959
271960
271961
271962
271963
271964
271965
271966
271967
271968
271969
9825
271970
9826
271971
9827
271972
9828
271973
9829
271974
9830
271975
271976
271977
271978
271979
271980
271981
9837
271982
9838
271983
9839
271984
9840
271985
9841
271986
9842
271987
9843
271988
9844
271989
9845
271990
271991
271992
271993
271994
271995
271996
271997
271998
271999
9855
272000
9856
272001
9857
272002
9858
272003
9859
272004
9860
272005
9861
272006
9862
272007
9863
272008
9864
272009
9865
272010
9866
272011
9867
272012
9868
272013
9869
272014
9870
272015
9871
272016
9872
272017
9873
272018
9874
272019
9875
272020
9876
272021
9877
272022
9878
272023
9879
272024
9880
272025
9881
272026
9882
272027
9883
272028
9884
272029
9885
272030
272031
272032
272033
272034
272035
272036
272037
272038
272039
272040
272041
272042
9898
272043
9899
272044
9900
272045
9901
272046
9902
272047
9903
272048
9904
272049
9905
272050
9906
272051
9907
272052
9908
272053
9909
272054
9910
272055
9911
272056
9912
272057
9913
272058
9914
272059
9915
272060
9916
272061
9917
272062
9918
272063
9919
272064
9920
272065
9921
272066
9922
272067
9923
272068
9924
272069
9925
272070
9926
272071
9927
272072
9928
272073
9929
272074
9930
272075
9931
272076
9932
272077
9933
272078
9934
272079
9935
272080
9936
272081
9937
272082
9938
272083
9939
272084
9940
272085
9941
272086
9942
272087
9943
272088
9944
272089
272090
272091
272092
272093
272094
272095
272096
272097
272098
272099
272100
272101
272102
272103
272104
272105
272106
272107
272108
272109
272110
272111
272112
272113
272114
272115
272116
272117
272118
272119
272120
272121
9977
272122
9978
272123
9979
272124
9980
272125
9981
272126
9982
272127
9983
272128
9984
272129
9985
272130
9986
272131
9987
272132
9988
272133
9989
272134
9990
272135
9991
272136
9992
272137
9993
272138
9994
272139
9995
272140
9996
272141
9997
272142
9998
272143
9999
272144
10000
272145
10001
272146
10002
272147
10003
272148
10004
272149
10005
272150
10006
272151
10007
272152
10008
272153
10009
272154
10010
272155
10011
272156
10012
272157
10013
272158
10014
272159
10015
272160
10016
272161
10017
272162
10018
272163
10019
272164
10020
272165
10021
272166
10022
272167
10023
272168
272169
272170
272171
272172
272173
272174
272175
272176
272177
272178
272179
272180
272181
272182
272183
272184
272185
272186
272187
272188
272189
272190
272191
272192
272193
272194
272195
272196
272197
272198
272199
272200
272201
272202
272203
272204
272205
272206
10062
272207
10063
272208
10064
272209
10065
272210
10066
272211
10067
272212
10068
272213
10069
272214
10070
272215
10071
272216
10072
272217
10073
272218
10074
272219
10075
272220
10076
272221
10077
272222
10078
272223
10079
272224
10080
272225
10081
272226
10082
272227
10083
272228
10084
272229
10085
272230
10086
272231
10087
272232
10088
272233
10089
272234
10090
272235
10091
272236
10092
272237
10093
272238
10094
272239
10095
272240
272241
272242
272243
272244
272245
272246
272247
272248
272249
10105
272250
10106
272251
10107
272252
10108
272253
10109
272254
10110
272255
10111
272256
10112
272257
10113
272258
272259
272260
272261
272262
272263
272264
10120
272265
10121
272266
10122
272267
10123
272268
10124
272269
10125
272270
10126
272271
10127
272272
10128
272273
272274
272275
272276
272277
272278
272279
272280
272281
272282
272283
272284
272285
272286
272287
272288
272289
272290
272291
272292
272293
272294
272295
272296
272297
272298
272299
272300
272301
272302
272303
272304
272305
272306
272307
272308
272309
272310
272311
272312
272313
272314
272315
272316
272317
272318
272319
272320
272321
272322
272323
272324
272325
272326
272327
272328
272329
272330
272331
272332
272333
272334
272335
272336
272337
272338
272339
272340
272341
272342
272343
272344
272345
141273
272346
141274
272347
141275
272348
141276
272349
141277
272350
141278
272351
141279
272352
272353
272354
272355
272356
272357
272358
272359
141287
272360
141288
272361
141289
272362
141290
272363
141291
272364
141292
272365
141293
272366
141294
272367
141295
272368
141296
272369
141297
272370
141298
272371
141299
272372
141300
272373
272374
272375
272376
272377
272378
272379
272380
272381
272382
272383
272384
272385
272386
272387
272388
10244
272389
10245
272390
10246
272391
10247
272392
10248
272393
10249
272394
10250
272395
10251
272396
272397
272398
272399
272400
272401
141329
272402
141330
272403
141331
272404
141332
10260
272405
141333
10261
272406
141334
10262
272407
141335
10263
272408
141336
10264
272409
141337
10265
272410
141338
10266
272411
141339
10267
272412
141340
10268
272413
141341
10269
272414
141342
10270
272415
141343
10271
272416
141344
10272
272417
141345
10273
272418
141346
10274
272419
141347
10275
272420
141348
10276
272421
141349
272422
141350
10278
272423
141351
272424
141352
272425
141353
272426
141354
272427
141355
272428
141356
272429
272430
272431
272432
272433
272434
272435
272436
272437
272438
272439
272440
10296
272441
10297
272442
10298
272443
141371
10299
272444
141372
10300
272445
141373
10301
272446
141374
10302
272447
141375
10303
272448
141376
10304
272449
141377
10305
272450
141378
10306
272451
141379
10307
272452
141380
10308
272453
141381
10309
272454
141382
10310
272455
141383
10311
272456
141384
10312
272457
141385
10313
272458
141386
10314
272459
141387
10315
272460
141388
10316
272461
141389
10317
272462
141390
10318
272463
141391
10319
272464
141392
272465
141393
272466
141394
272467
141395
272468
141396
272469
141397
272470
141398
272471
272472
272473
272474
272475
272476
272477
272478
272479
272480
272481
272482
272483
272484
272485
272486
272487
272488
272489
272490
272491
272492
272493
272494
272495
272496
272497
272498
272499
141427
272500
141428
272501
141429
272502
141430
272503
141431
272504
141432
272505
141433
272506
141434
272507
141435
272508
141436
272509
141437
272510
141438
272511
141439
272512
141440
272513
141441
272514
141442
272515
141443
272516
141444
272517
141445
272518
141446
272519
141447
272520
141448
272521
141449
272522
141450
272523
141451
272524
141452
272525
141453
272526
141454
272527
272528
272529
272530
272531
272532
272533
272534
272535
272536
272537
272538
272539
272540
272541
272542
272543
272544
272545
272546
272547
272548
272549
272550
272551
272552
272553
272554
272555
272556
272557
272558
272559
272560
272561
272562
272563
272564
272565
272566
272567
272568
272569
141497
272570
141498
272571
141499
272572
141500
272573
141501
272574
141502
272575
141503
272576
141504
272577
141505
272578
141506
272579
141507
272580
141508
272581
141509
272582
141510
272583
141511
272584
141512
272585
141513
272586
141514
272587
141515
272588
141516
272589
141517
272590
141518
272591
141519
272592
141520
272593
141521
272594
141522
272595
141523
272596
141524
272597
272598
272599
272600
272601
272602
272603
272604
272605
272606
272607
272608
272609
272610
272611
272612
272613
272614
272615
272616
272617
272618
272619
272620
272621
272622
272623
272624
272625
272626
272627
272628
272629
272630
272631
272632
272633
272634
272635
272636
272637
272638
272639
141567
272640
141568
272641
141569
272642
141570
272643
141571
272644
141572
272645
141573
272646
141574
272647
141575
272648
141576
272649
141577
272650
141578
272651
141579
272652
141580
272653
141581
272654
141582
272655
141583
272656
141584
272657
141585
272658
141586
272659
141587
272660
141588
272661
141589
272662
141590
272663
141591
272664
141592
272665
141593
272666
141594
272667
272668
272669
272670
272671
272672
272673
10529
272674
10530
272675
10531
272676
272677
272678
272679
272680
272681
141609
272682
141610
10538
272683
141611
10539
272684
141612
10540
272685
141613
10541
272686
141614
10542
272687
141615
10543
272688
141616
10544
272689
141617
10545
272690
141618
10546
272691
141619
10547
272692
141620
10548
272693
141621
272694
141622
272695
141623
272696
141624
10552
272697
141625
10553
272698
141626
10554
272699
141627
10555
272700
141628
10556
272701
141629
10557
272702
141630
10558
272703
141631
10559
272704
141632
10560
272705
141633
10561
272706
141634
10562
272707
141635
272708
141636
272709
272710
10566
272711
10567
272712
10568
272713
10569
272714
272715
272716
272717
272718
272719
272720
272721
272722
272723
272724
10580
272725
10581
272726
10582
272727
10583
272728
272729
272730
272731
272732
272733
272734
272735
272736
272737
141665
272738
141666
272739
141667
272740
141668
272741
141669
272742
141670
272743
141671
272744
141672
272745
141673
272746
141674
272747
141675
272748
141676
272749
141677
272750
141678
272751
141679
272752
141680
272753
141681
272754
141682
272755
141683
272756
141684
272757
141685
272758
141686
272759
141687
272760
141688
272761
141689
272762
141690
272763
141691
272764
141692
272765
141693
272766
141694
272767
141695
272768
141696
272769
141697
272770
141698
272771
141699
272772
141700
272773
141701
272774
141702
272775
141703
272776
141704
272777
141705
272778
141706
272779
141707
272780
141708
272781
141709
272782
141710
272783
141711
272784
141712
272785
141713
272786
141714
272787
141715
272788
141716
272789
141717
272790
141718
272791
141719
272792
141720
272793
141721
272794
141722
272795
141723
272796
141724
272797
141725
272798
141726
272799
141727
10655
272800
141728
10656
272801
141729
10657
272802
141730
10658
272803
141731
272804
141732
272805
141733
272806
141734
272807
141735
272808
141736
272809
141737
272810
141738
272811
141739
272812
141740
272813
141741
272814
141742
272815
141743
272816
141744
272817
141745
272818
141746
272819
141747
272820
141748
272821
141749
272822
141750
272823
141751
272824
141752
272825
141753
272826
141754
272827
141755
272828
141756
272829
141757
272830
141758
272831
141759
272832
141760
272833
141761
272834
141762
272835
141763
272836
141764
272837
141765
272838
141766
272839
141767
272840
141768
272841
141769
272842
141770
272843
141771
272844
141772
272845
141773
272846
141774
272847
141775
272848
141776
272849
141777
272850
141778
272851
141779
272852
141780
272853
141781
272854
141782
272855
141783
272856
141784
272857
141785
272858
141786
272859
141787
272860
141788
272861
141789
272862
141790
272863
141791
272864
141792
272865
141793
272866
141794
272867
141795
272868
141796
272869
141797
272870
141798
272871
141799
272872
141800
272873
141801
272874
141802
272875
141803
272876
141804
272877
141805
272878
141806
272879
141807
272880
141808
272881
141809
272882
141810
272883
141811
272884
141812
272885
141813
272886
141814
272887
141815
10743
272888
141816
10744
272889
141817
10745
272890
141818
10746
272891
141819
10747
272892
141820
10748
272893
141821
10749
272894
141822
10750
272895
141823
10751
272896
141824
10752
272897
141825
10753
272898
141826
10754
272899
141827
10755
272900
141828
10756
272901
141829
10757
272902
141830
10758
272903
141831
10759
272904
141832
10760
272905
10761
272906
10762
272907
10763
272908
10764
272909
10765
272910
10766
272911
10767
272912
10768
272913
10769
272914
272915
10771
272916
272917
272918
272919
272920
272921
272922
272923
272924
272925
272926
272927
272928
272929
272930
272931
272932
272933
272934
272935
272936
272937
272938
272939
272940
272941
272942
272943
272944
272945
272946
272947
272948
272949
272950
272951
272952
272953
272954
272955
272956
272957
272958
272959
272960
272961
272962
272963
272964
272965
272966
272967
272968
272969
272970
272971
272972
272973
272974
272975
272976
272977
272978
272979
272980
272981
272982
272983
272984
272985
272986
272987
272988
272989
272990
272991
272992
272993
272994
272995
272996
272997
272998
272999
273000
273001
273002
273003
273004
273005
273006
273007
273008
273009
273010
273011
273012
273013
273014
273015
273016
273017
273018
273019
273020
273021
273022
273023
273024
273025
273026
273027
273028
273029
273030
273031
273032
273033
273034
273035
273036
273037
273038
273039
273040
273041
273042
273043
273044
273045
273046
273047
273048
273049
273050
273051
273052
273053
273054
273055
273056
273057
273058
273059
273060
273061
273062
273063
273064
273065
273066
273067
273068
273069
273070
273071
273072
273073
273074
273075
273076
273077
273078
273079
273080
273081
273082
273083
273084
273085
273086
273087
273088
273089
273090
273091
273092
273093
273094
273095
273096
273097
273098
273099
273100
273101
273102
273103
273104
273105
273106
273107
273108
273109
273110
273111
273112
273113
273114
273115
273116
273117
273118
273119
273120
273121
273122
273123
273124
273125
273126
273127
273128
273129
273130
273131
273132
273133
273134
273135
273136
273137
273138
273139
273140
273141
273142
273143
273144
273145
273146
273147
273148
273149
273150
273151
273152
273153
273154
273155
273156
273157
273158
273159
273160
273161
273162
273163
273164
273165
273166
273167
273168
273169
273170
273171
273172
273173
273174
273175
273176
273177
273178
273179
273180
273181
273182
273183
273184
273185
273186
273187
273188
273189
273190
273191
273192
273193
273194
273195
273196
273197
273198
273199
273200
273201
273202
273203
273204
273205
273206
273207
273208
273209
273210
273211
273212
273213
273214
273215
273216
273217
273218
273219
273220
273221
273222
273223
273224
273225
273226
273227
273228
273229
273230
273231
273232
273233
273234
273235
273236
273237
273238
273239
273240
273241
273242
273243
273244
273245
273246
273247
273248
273249
273250
273251
273252
273253
273254
273255
273256
273257
273258
273259
273260
273261
273262
273263
273264
273265
273266
273267
273268
273269
11125
273270
273271
273272
11128
273273
11129
273274
273275
273276
11132
273277
11133
273278
11134
273279
11135
273280
11136
273281
273282
273283
273284
273285
273286
273287
273288
273289
11145
273290
11146
273291
11147
273292
11148
273293
11149
273294
11150
273295
11151
273296
11152
273297
273298
273299
273300
273301
273302
273303
273304
273305
11161
273306
11162
273307
11163
273308
11164
273309
11165
273310
11166
273311
11167
273312
11168
273313
11169
273314
11170
273315
11171
273316
11172
273317
273318
273319
273320
273321
273322
273323
273324
273325
11181
273326
11182
273327
11183
273328
11184
273329
11185
273330
11186
273331
11187
273332
11188
273333
11189
273334
11190
273335
11191
273336
11192
273337
273338
273339
273340
273341
273342
273343
273344
273345
11201
273346
11202
273347
11203
273348
11204
273349
11205
273350
11206
273351
11207
273352
11208
273353
11209
273354
11210
273355
11211
273356
11212
273357
273358
273359
273360
273361
273362
273363
273364
273365
11221
273366
11222
273367
11223
273368
11224
273369
11225
273370
11226
273371
11227
273372
11228
273373
273374
273375
273376
273377
273378
273379
273380
273381
11237
273382
11238
273383
11239
273384
11240
273385
11241
273386
11242
273387
11243
273388
11244
273389
11245
273390
11246
273391
11247
273392
11248
273393
273394
273395
273396
273397
273398
273399
273400
273401
11257
273402
11258
273403
11259
273404
11260
273405
11261
273406
11262
273407
11263
273408
11264
273409
11265
273410
11266
273411
11267
273412
11268
273413
11269
273414
11270
273415
11271
273416
11272
273417
11273
273418
11274
273419
11275
273420
11276
273421
11277
273422
11278
273423
11279
273424
11280
273425
273426
273427
273428
273429
273430
273431
273432
273433
273434
273435
273436
273437
273438
273439
273440
273441
273442
273443
273444
273445
273446
273447
273448
273449
273450
273451
273452
273453
273454
273455
273456
273457
273458
273459
273460
273461
273462
273463
273464
273465
273466
273467
273468
273469
273470
273471
273472
273473
273474
273475
273476
273477
273478
273479
273480
273481
273482
273483
273484
273485
273486
273487
273488
273489
273490
273491
273492
273493
273494
142422
273495
142423
273496
142424
273497
142425
273498
142426
273499
142427
273500
142428
273501
142429
273502
142430
273503
142431
273504
142432
273505
142433
273506
142434
273507
142435
273508
142436
273509
142437
273510
142438
273511
142439
273512
142440
273513
142441
273514
142442
273515
273516
273517
273518
273519
273520
273521
273522
273523
273524
273525
273526
273527
273528
273529
273530
273531
273532
273533
273534
273535
273536
273537
273538
273539
273540
273541
273542
273543
142471
273544
142472
273545
142473
273546
142474
273547
142475
273548
142476
273549
142477
273550
142478
273551
142479
273552
142480
273553
142481
273554
142482
273555
142483
273556
142484
273557
142485
273558
142486
273559
142487
273560
142488
273561
142489
273562
142490
273563
142491
273564
273565
273566
273567
273568
273569
273570
273571
273572
11428
273573
11429
273574
11430
273575
11431
273576
11432
273577
11433
273578
142506
11434
273579
142507
11435
273580
142508
11436
273581
142509
11437
273582
142510
11438
273583
142511
11439
273584
142512
11440
273585
142513
11441
273586
142514
11442
273587
142515
11443
273588
142516
11444
273589
142517
11445
273590
142518
11446
273591
142519
11447
273592
142520
11448
273593
142521
11449
273594
142522
11450
273595
142523
11451
273596
142524
11452
273597
142525
11453
273598
142526
11454
273599
142527
11455
273600
142528
11456
273601
142529
11457
273602
142530
11458
273603
142531
11459
273604
142532
11460
273605
142533
11461
273606
142534
11462
273607
142535
11463
273608
142536
11464
273609
142537
11465
273610
142538
11466
273611
142539
11467
273612
142540
11468
273613
142541
11469
273614
142542
11470
273615
142543
11471
273616
142544
11472
273617
142545
11473
273618
142546
11474
273619
142547
11475
273620
142548
11476
273621
11477
273622
11478
273623
11479
273624
11480
273625
11481
273626
11482
273627
11483
273628
11484
273629
11485
273630
11486
273631
11487
273632
11488
273633
11489
273634
11490
273635
11491
273636
11492
273637
11493
273638
11494
273639
11495
273640
11496
273641
11497
273642
11498
273643
11499
273644
11500
273645
11501
273646
11502
273647
11503
273648
11504
273649
11505
273650
11506
273651
11507
273652
11508
273653
11509
273654
11510
273655
11511
273656
11512
273657
11513
273658
11514
273659
11515
273660
273661
273662
273663
273664
273665
273666
273667
273668
273669
273670
273671
273672
273673
273674
273675
273676
273677
273678
273679
273680
273681
273682
273683
273684
273685
273686
273687
273688
11544
273689
11545
273690
11546
273691
11547
273692
273693
273694
273695
273696
273697
273698
273699
273700
273701
273702
273703
273704
273705
273706
273707
273708
273709
273710
273711
273712
273713
273714
273715
273716
273717
273718
273719
273720
273721
273722
273723
273724
273725
273726
273727
273728
273729
273730
273731
273732
273733
273734
273735
273736
273737
273738
273739
273740
273741
273742
273743
273744
273745
273746
273747
273748
273749
273750
273751
273752
273753
273754
273755
273756
273757
273758
273759
273760
273761
273762
273763
273764
273765
273766
273767
273768
273769
273770
273771
273772
273773
273774
273775
273776
273777
273778
273779
273780
273781
273782
273783
273784
273785
273786
273787
273788
273789
273790
273791
273792
273793
273794
273795
273796
273797
273798
273799
273800
273801
273802
273803
273804
273805
273806
273807
273808
273809
273810
273811
273812
273813
273814
273815
273816
273817
273818
273819
273820
273821
273822
273823
273824
273825
273826
273827
273828
273829
273830
273831
273832
273833
273834
273835
273836
273837
273838
273839
273840
273841
273842
273843
273844
273845
273846
273847
273848
273849
273850
273851
273852
273853
273854
273855
273856
273857
273858
273859
273860
273861
273862
273863
273864
273865
273866
273867
273868
273869
273870
273871
273872
273873
273874
273875
273876
273877
273878
273879
273880
273881
273882
273883
273884
273885
273886
273887
273888
273889
273890
273891
273892
273893
273894
273895
273896
273897
273898
273899
273900
273901
273902
273903
273904
273905
273906
273907
273908
273909
273910
273911
273912
273913
273914
273915
273916
273917
273918
273919
273920
273921
273922
273923
273924
273925
273926
273927
273928
273929
273930
273931
273932
273933
273934
273935
273936
273937
273938
273939
273940
273941
273942
273943
273944
273945
273946
273947
273948
273949
273950
273951
273952
273953
273954
273955
273956
273957
273958
273959
273960
273961
273962
273963
273964
273965
273966
273967
273968
273969
273970
273971
273972
273973
273974
273975
273976
273977
273978
273979
273980
273981
273982
273983
273984
273985
273986
273987
273988
273989
273990
273991
273992
273993
273994
273995
273996
273997
273998
273999
274000
274001
274002
274003
274004
274005
274006
11862
274007
274008
274009
11865
274010
11866
274011
11867
274012
11868
274013
11869
274014
11870
274015
11871
274016
11872
274017
11873
274018
11874
274019
11875
274020
11876
274021
11877
274022
11878
274023
11879
274024
11880
274025
11881
274026
11882
274027
11883
274028
11884
274029
11885
274030
11886
274031
11887
274032
11888
274033
11889
274034
11890
274035
11891
274036
11892
274037
11893
274038
11894
274039
11895
274040
11896
274041
11897
274042
11898
274043
11899
274044
11900
274045
11901
274046
11902
274047
11903
274048
11904
274049
11905
274050
11906
274051
11907
274052
11908
274053
11909
274054
11910
274055
11911
274056
11912
274057
11913
274058
11914
274059
11915
274060
11916
274061
11917
274062
11918
274063
11919
274064
11920
274065
11921
274066
11922
274067
11923
274068
11924
274069
11925
274070
11926
274071
11927
274072
11928
274073
11929
274074
11930
274075
11931
274076
11932
274077
11933
274078
11934
274079
11935
274080
11936
274081
11937
274082
11938
274083
11939
274084
11940
274085
11941
274086
11942
274087
11943
274088
11944
274089
11945
274090
11946
274091
11947
274092
11948
274093
11949
274094
11950
274095
11951
274096
11952
274097
11953
274098
11954
274099
11955
274100
11956
274101
11957
274102
11958
274103
11959
274104
11960
274105
11961
274106
11962
274107
11963
274108
11964
274109
11965
274110
11966
274111
11967
274112
11968
274113
11969
274114
11970
274115
11971
274116
11972
274117
11973
274118
11974
274119
143047
11975
274120
143048
11976
274121
143049
11977
274122
143050
11978
274123
11979
274124
11980
274125
11981
274126
11982
274127
11983
274128
11984
274129
11985
274130
11986
274131
143059
11987
274132
143060
11988
274133
143061
274134
143062
274135
274136
274137
274138
274139
274140
274141
274142
274143
143071
274144
143072
274145
143073
274146
143074
274147
274148
274149
274150
274151
274152
274153
274154
274155
143083
274156
143084
274157
143085
274158
143086
274159
274160
274161
274162
274163
274164
274165
274166
274167
274168
274169
274170
274171
274172
274173
274174
274175
274176
274177
274178
274179
274180
274181
143109
274182
143110
274183
143111
274184
143112
274185
274186
274187
274188
274189
274190
274191
274192
274193
274194
274195
274196
274197
274198
274199
274200
143128
274201
143129
274202
143130
274203
143131
274204
274205
274206
274207
274208
274209
274210
274211
274212
143140
274213
143141
274214
143142
274215
143143
274216
143144
274217
143145
274218
143146
274219
274220
274221
274222
274223
143151
274224
143152
274225
143153
274226
143154
274227
143155
274228
143156
274229
143157
274230
143158
274231
143159
274232
143160
274233
143161
274234
143162
274235
143163
274236
143164
274237
143165
274238
143166
274239
143167
274240
143168
274241
143169
274242
143170
274243
143171
274244
143172
274245
143173
274246
143174
274247
143175
274248
143176
274249
143177
274250
143178
274251
143179
274252
143180
274253
143181
274254
143182
274255
143183
274256
143184
274257
143185
274258
143186
274259
143187
274260
143188
274261
143189
274262
143190
274263
143191
274264
143192
274265
143193
274266
143194
274267
143195
274268
143196
274269
143197
274270
274271
274272
274273
274274
274275
274276
274277
274278
274279
274280
274281
274282
274283
274284
274285
274286
274287
274288
274289
274290
274291
274292
274293
274294
274295
274296
274297
274298
274299
274300
274301
274302
274303
274304
274305
274306
274307
274308
274309
274310
274311
274312
274313
274314
274315
274316
274317
274318
274319
274320
274321
274322
274323
274324
274325
274326
274327
274328
274329
274330
274331
274332
274333
274334
274335
274336
274337
274338
274339
274340
274341
274342
274343
274344
274345
274346
274347
274348
274349
274350
274351
274352
274353
274354
274355
274356
274357
274358
274359
274360
274361
274362
274363
274364
274365
274366
274367
274368
274369
274370
274371
274372
274373
274374
274375
274376
274377
274378
274379
274380
274381
143309
274382
143310
274383
143311
274384
143312
274385
143313
274386
143314
274387
143315
274388
143316
274389
143317
274390
143318
274391
143319
274392
143320
274393
143321
274394
143322
274395
143323
274396
143324
274397
143325
274398
143326
274399
143327
274400
143328
274401
143329
274402
143330
274403
143331
274404
143332
274405
143333
274406
143334
274407
143335
274408
143336
274409
143337
274410
143338
274411
143339
274412
143340
274413
143341
274414
143342
274415
143343
274416
143344
274417
143345
274418
274419
274420
143348
274421
143349
274422
143350
274423
143351
274424
143352
274425
143353
274426
143354
274427
143355
274428
143356
274429
143357
274430
143358
274431
143359
274432
143360
274433
143361
274434
143362
274435
143363
274436
143364
274437
143365
274438
143366
274439
274440
274441
143369
274442
143370
274443
143371
274444
143372
274445
143373
274446
143374
274447
143375
274448
143376
274449
143377
274450
143378
274451
143379
274452
143380
274453
143381
274454
143382
274455
143383
274456
143384
274457
274458
274459
274460
274461
274462
274463
274464
274465
274466
274467
274468
274469
274470
274471
143399
274472
143400
274473
143401
274474
143402
274475
143403
274476
143404
274477
143405
274478
143406
274479
143407
274480
143408
274481
143409
274482
143410
274483
143411
274484
143412
274485
274486
274487
274488
274489
274490
274491
274492
274493
274494
274495
274496
274497
274498
274499
274500
274501
274502
274503
274504
274505
274506
274507
274508
274509
274510
274511
274512
274513
274514
274515
274516
274517
274518
274519
274520
274521
274522
274523
274524
274525
274526
274527
274528
274529
274530
274531
274532
274533
274534
274535
274536
274537
274538
274539
274540
274541
274542
274543
274544
274545
274546
274547
274548
274549
274550
274551
274552
12452
12453
12454
12455
12456
12457
12458
12459
12460
12461
12462
12463
12464
12465
12466
12467
12468
12469
12470
12471
12472
12473
12474
12475
12476
12477
12478
12479
12480
12481
12482
12483
12484
12485
12486
12487
12488
12489
12490
12491
12492
12493
12494
12495
12496
12497
12498
12499
12500
12501
12502
12503
12504
12505
12506
12507
143777
143778
143779
143780
143781
143782
143783
143784
143785
143786
143787
143788
143789
143790
143791
143792
143793
143794
143795
143796
143797
143798
143799
143800
143801
143802
143803
143804
143805
143806
143807
143808
143809
143810
143811
143812
143813
143814
143815
143816
143817
143818
143819
143820
143821
143822
143823
143824
143825
143826
143827
143828
143829
143830
143831
143832
143833
143834
143835
143836
143837
143838
143839
143840
143841
143842
143843
143844
143845
143846
143847
143848
143849
143850
143851
143852
143853
143854
143855
143856
143857
143858
143859
143860
143861
143862
143863
143864
143865
143866
143867
143868
143869
143870
143871
143872
143873
143874
143875
143876
143877
143878
143879
143880
143881
143945
143946
143947
143948
143949
143950
143951
143952
143953
143954
143955
143956
143957
143958
143959
143960
143961
143962
143963
143964
143965
143966
143967
143968
143969
143970
143971
143972
143973
143974
143975
143976
143977
143978
143979
143980
143981
143982
143983
143984
143985
143986
143987
143988
143989
143990
143991
143992
143993
144071
144072
144073
144074
144075
144076
144077
144078
144079
144080
144081
144082
144083
144084
144085
144086
144087
144088
144089
144090
144091
144092
144093
144094
144095
144096
144097
144098
144099
144100
144101
144102
144103
144104
144105
13449
13450
13451
13452
13453
13454
13455
13456
144529
13457
144530
13458
144531
13459
144532
13460
144533
13461
144534
13462
144535
144536
144537
144538
144539
144540
144541
144542
144543
144544
144545
144546
144547
144548
144549
144550
144551
144552
144553
144554
144555
144556
144557
144558
144559
144560
144561
144562
144563
144564
144565
144566
144567
144568
144569
144570
144571
144572
144573
144574
144575
144576
144577
144578
144579
144580
144581
144582
144583
144584
144585
144586
144587
144588
144589
144590
144591
13519
144592
13520
144593
13521
144594
13522
144595
144596
144597
144598
144599
144600
144601
144602
144603
144604
144605
144606
144607
144608
144609
144610
144611
144612
144613
144614
144615
144616
144617
144618
144619
144620
144621
144622
144623
13551
144624
13552
144625
13553
144626
13554
144627
13555
144628
13556
144629
13557
144630
13558
144631
144632
144633
144634
144635
144642
144643
144644
144645
144646
144647
144648
144649
144650
144651
144652
144653
144654
144655
144656
144657
144658
144659
13587
144660
13588
144661
13589
144662
13590
144663
144664
144665
144666
144667
144668
144669
144670
144671
144672
144673
144674
144675
144676
144677
144678
144679
144680
144681
144682
144683
144684
144685
144686
144687
144688
144689
144690
144691
13619
144692
13620
144693
13621
144694
13622
144695
13623
144696
13624
144697
13625
144698
13626
144699
13627
144700
13628
144701
13629
144702
13630
144703
13631
144704
13632
144705
144706
144713
144714
144715
144716
144717
144718
144719
144720
144721
144722
144723
144724
144725
144726
144727
144728
144729
144730
144731
144732
144733
13661
144734
13662
144735
13663
144736
13664
144737
144738
144739
144740
144741
144742
144743
144744
144745
144746
144747
144748
144749
144750
144751
144752
144753
144754
144755
144756
13693
13694
13695
13696
13697
13698
13699
13700
13701
13702
13703
13704
13705
13706
13707
13708
13709
13710
13711
13712
145107
145108
145109
145110
145111
145112
145113
14230
14231
14232
14233
14234
14235
14236
14237
14238
14239
14240
14241
14242
14243
14244
14245
14246
14247
14248
14249
14250
14251
14252
14253
14254
14255
14256
14257
14258
14259
14260
14261
14262
14263
14264
14265
14266
14267
14268
14269
14270
14271
14272
14273
14274
14275
14276
14277
14278
14279
14280
14281
14282
14283
14284
14285
14286
14287
14288
14289
14290
14291
14292
14293
14294
14295
14296
14297
14298
14299
14300
14301
14302
14303
14304
14305
14306
14307
14308
14309
14310
14311
14312
14313
14314
14315
14316
14317
14318
14319
14320
14321
14322
14323
14324
14325
14326
14327
14328
14329
14330
14331
14332
14333
14334
14335
14336
14337
14338
14339
14340
14341
14342
14343
14344
14345
14346
14347
14348
14349
14350
14351
14352
14353
14354
14355
14356
14357
14358
14359
14360
14361
14362
14363
14364
14365
14366
14367
14368
14369
14370
14371
14372
14373
14374
14375
14376
14377
14378
14379
14380
14381
14382
14383
14384
14385
14386
14387
14485
14486
14487
14488
14489
14490
14491
14492
14493
14494
14495
14496
14497
14498
14499
14500
14501
14502
14503
14504
14505
14506
14507
14508
14509
14510
14511
14512
14513
14514
14515
14516
14517
14518
14519
14520
14521
14522
14523
14524
14525
14526
14527
14528
14529
145602
14530
145603
14531
145604
14532
145605
14533
145606
14534
145607
14535
145608
14536
145609
14537
145610
14538
145611
14539
145612
14540
145613
14541
145614
14542
145615
14543
145616
14544
145617
14545
145618
14546
145619
14547
145620
14548
145621
14549
145622
14550
145623
14551
145624
14552
145625
14553
145626
14554
145627
14555
145628
14556
145629
14557
145630
14558
145631
14559
145632
14560
145633
14561
145634
14562
145635
14563
145636
14564
145637
14565
145638
14566
145639
14567
145640
14568
145641
14569
145642
14570
145643
14571
145644
14572
145645
14573
145646
14574
145647
14575
145648
14576
145649
14577
145650
14578
145651
14579
145652
14580
145653
14581
145654
14582
145655
145656
145657
145658
145659
145660
145661
145662
145663
145664
145665
145666
145667
145668
145669
145670
145671
145672
145673
145674
145675
145676
145677
145678
145679
145680
145681
145682
145683
145684
145685
145686
145687
145688
145689
145690
145691
145692
145693
145694
145695
145696
145697
145698
145699
145700
145701
145702
145703
145704
145705
145706
145707
145708
145709
145710
145711
145712
145713
145714
145715
145716
145717
145718
145719
145720
145721
145722
145723
145724
145725
145726
145727
14680
14681
14682
14683
14684
14685
14686
14687
14688
14689
14690
14691
14692
14693
14694
14695
14696
14697
14698
14699
14700
14701
14702
14703
14704
14705
14706
14707
14708
14709
14710
14711
14712
14713
14714
14715
14716
14717
14718
14719
14720
14721
14722
14723
14724
14725
14726
14727
14728
14729
14730
14731
14732
14733
14734
14735
14736
14737
14738
14739
14740
14741
14742
14743
14744
14745
14746
14747
14748
14749
14750
14751
14752
14753
14754
14755
14756
14757
14758
14759
145832
14760
145833
145834
145835
145836
145837
145838
145839
145840
145841
145842
145843
145844
145845
145846
145847
145848
145849
145850
145851
145852
145853
145854
145855
145856
145857
145858
145859
145860
145861
14789
145862
14790
145863
14791
145864
14792
145865
14793
145866
14794
145867
14795
145868
14796
145869
14797
145870
14798
145871
14799
145872
14800
145873
14801
145874
14802
145875
145876
145877
145878
145879
145880
145881
145882
145883
145884
145885
145886
145887
145888
145889
145890
145891
145892
145893
145894
145895
145896
145897
145898
145899
145900
145901
145902
145903
145904
145905
145906
145907
145908
145909
145910
145911
145912
145913
145914
145915
145916
145917
145918
145919
145920
145921
145922
145923
145924
145925
145926
145927
145928
145929
145930
145931
145932
145933
145934
145935
145936
146041
146042
146043
146044
146045
146046
146047
15454
15455
15456
15466
15467
15468
15472
15473
15474
15475
15476
15477
15478
15479
15480
15481
15482
15483
15484
15485
15486
15487
15488
15489
15490
15491
15492
15493
15494
15495
15532
15533
15534
15535
15536
15537
15538
15539
15540
15541
15542
15543
15544
15545
15546
15577
15578
15579
15580
15581
15582
15586
15587
15588
15595
15596
15597
15598
15599
15600
15601
15602
15603
15604
15605
15606
15607
15608
15609
15610
15611
15612
15613
15614
15615
15616
15617
15618
15619
15620
15621
15622
15623
15624
15625
15626
15627
15628
15629
15630
15631
15632
15633
15634
15635
15636
15637
15638
15639
15640
15641
15642
15643
15644
15645
15646
15647
15648
15649
15650
15651
15652
15653
15654
15655
15656
15657
15658
15659
15660
15661
15662
15663
15664
15665
15666
15667
15668
15669
15670
15671
15672
15673
15674
15675
15676
15677
15678
15679
15680
146809
146810
146811
146812
146813
146814
146815
146816
146817
146818
146819
146820
146821
146822
146823
146824
146825
146826
146827
146828
146829
146830
146831
146832
146833
146834
146835
146836
146858
146859
146860
146861
146862
146863
146864
146865
146866
146867
146868
146869
146870
146871
146872
146873
146874
146875
146876
146877
146878
146879
146880
146881
146882
146883
146884
146885
146886
146887
146888
146889
146890
146891
146892
146921
146922
146923
146924
146925
146926
146927
146928
146929
146930
146931
146932
146933
146934
146935
146936
146937
146938
146939
146940
146941
146942
146943
146944
146945
146946
146947
146948
146949
146950
146951
146952
146953
146954
146955
146956
146957
146958
146959
146960
146961
146962
146963
146964
146965
146966
146967
146968
146969
146970
146971
146972
146973
146974
146975
146976
146977
146978
146979
146980
146981
146982
146983
146984
146985
146986
146987
146988
146989
146990
146991
146992
146993
146994
146995
146996
146997
146998
146999
147000
147001
147002
147003
147004
147005
147006
147007
147008
147009
147010
147011
147012
147013
147014
147015
147016
147017
147018
147051
147052
147053
147054
147055
147056
147057
147058
147059
147060
147061
147062
147063
147064
147065
147066
147067
147068
147069
147070
147071
147072
147073
147074
147075
147076
147077
147078
147079
147080
147081
147082
147083
147084
147085
147086
147087
147088
147089
147090
147091
147092
147093
147094
147095
147096
147097
147098
147099
147100
147101
147102
147103
147104
147105
147106
147107
147108
147109
147110
147111
147112
147113
147114
147115
147116
147117
147118
147119
147120
147121
147122
147123
147124
147125
147126
147127
147128
147129
147130
147131
147132
147133
147134
147135
147136
147137
147138
147139
147140
147141
147142
147143
147144
147145
147146
147147
147148
147209
147210
147211
147212
147213
147214
147215
147216
147217
147218
16146
147219
16147
147220
16148
147221
16149
147222
16150
147223
16151
147224
16152
147225
16153
147226
16154
147227
16155
147228
16156
147229
16157
147230
16158
147231
16159
147232
16160
147233
16161
147234
16162
147235
16163
147236
16164
16165
16166
16167
16168
16169
16170
16171
16172
16173
16174
16175
16176
16177
16178
147251
16179
147252
16180
147253
16181
147254
16182
147255
16183
147256
16184
147257
16185
147258
16186
147259
16187
147260
16188
147261
16189
147262
16190
147263
16191
147264
16192
16193
16194
16195
16196
16197
16198
16199
147272
16200
147273
16201
147274
16202
147275
16203
147276
16204
147277
16205
147278
16206
147279
16207
147280
16208
147281
147282
147283
147284
147285
16230
16231
16232
16233
16234
16235
16236
16237
16238
16239
16240
16241
147314
16242
147315
16243
147316
16244
147317
16245
147318
16246
147319
16247
147320
16248
147321
16249
147322
16250
147323
16251
147324
16252
147325
16253
147326
16254
147327
16255
147328
16256
147329
16257
147330
16258
147331
16259
147332
16260
147333
16261
147334
16262
147335
16263
147336
16264
147337
16265
147338
16266
147339
16267
147340
16268
147341
16269
147342
16270
147343
16271
147344
147345
147346
147347
147348
147349
147350
147351
147352
147353
147354
147355
147356
147357
147358
147359
147360
147361
147362
147363
147364
147365
147366
147367
147368
147369
147370
147371
147372
147373
147374
147375
147376
147377
147378
147379
16307
147380
16308
147381
16309
147382
16310
147383
16311
147384
16312
147385
16313
147386
16314
147387
16315
147388
16316
147389
16317
147390
16318
147391
16319
147392
16320
147393
16321
147394
16322
147395
16323
147396
16324
147397
16325
16326
16327
16328
16329
16330
16331
16332
16333
16334
16335
16336
16337
16338
16339
16340
16341
16342
16343
16344
16345
16346
16347
16348
147855
147856
147858
147859
147860
147861
147878
147879
147880
147881
147882
147883
147884
147885
147886
147887
147888
147889
147890
147891
147892
147901
147902
147903
147904
147905
147906
147907
147908
147909
147910
147911
147912
147913
147914
147915
147924
147925
147926
147927
147928
147929
147930
147931
147940
147941
147942
147943
147944
147945
147946
147947
16979
16980
16981
16982
16983
16984
16985
16986
16987
16988
16989
16990
16991
16992
16993
16994
16995
16996
16997
16998
16999
17000
17001
17002
17003
17004
17005
17006
17007
17008
17009
17010
17011
17012
17013
17014
17015
17016
17017
17018
17019
17020
17021
17022
17023
17024
17025
17026
17027
17028
17029
17030
17031
17032
17033
17034
17035
17036
17037
17038
17039
17040
17041
17042
17043
17044
17045
17046
17047
17048
17049
17050
17051
17052
17053
17054
17055
17056
17057
17058
17059
17060
17061
17062
17063
17064
17065
17066
17067
17068
17069
17070
17071
17072
17073
17074
17075
17076
17077
17078
17079
17080
17081
17082
17083
17084
17085
17086
17087
17088
17089
17090
17091
17092
17093
17094
17095
17096
148169
17097
148170
17098
148171
17099
148172
17100
148173
17101
148174
17102
148175
17103
148176
17104
148177
17105
148178
17106
148179
17107
148180
17108
148181
17109
148182
17110
17111
17112
17113
17114
17115
17116
17117
17118
17119
17120
17121
17122
17123
17124
17125
17126
17127
17128
17129
17130
17131
17132
17133
17134
17135
17136
17137
17138
17139
17140
17141
17142
17143
17144
17145
148218
17146
148219
17147
148220
17148
148221
17149
148222
17150
148223
17151
148224
17152
148225
17153
148226
17154
148227
17155
148228
17156
148229
17157
148230
17158
148231
17159
148232
17160
148233
17161
148234
17162
148235
17163
148236
17164
148237
17165
148238
17166
148239
17167
148240
17168
148241
17169
148242
17170
148243
17171
148244
17172
148245
17173
148246
17174
148247
17175
148248
17176
148249
17177
148250
17178
148251
17179
148252
17180
148253
17181
148254
17182
148255
17183
148256
17184
148257
17185
148258
17186
148259
17187
148260
17188
148261
17189
148262
17190
148263
17191
148264
17192
148265
17193
148266
17194
148267
17195
148268
17196
148269
17197
148270
17198
148271
17199
148272
17200
148273
17201
148274
17202
148275
17203
148276
17204
148277
17205
148278
17206
148279
17207
148280
17208
148281
17209
148282
17210
148283
17211
148284
17212
148285
17213
148286
17214
148287
17215
148288
17216
148289
17217
148290
17218
148291
17219
148292
17220
148293
17221
148294
17222
148295
17223
148296
17224
148297
17225
148298
17226
148299
17227
148300
17228
148301
17229
148302
17230
148303
17231
148304
17232
148305
17233
148306
17234
148307
17235
148308
17236
148309
17237
148310
148311
148312
148313
148314
148315
148316
148317
148318
148319
148320
148321
148322
148323
148324
148325
148326
148327
148328
148329
148330
148331
148332
148333
148334
148335
148336
148337
148338
148339
148340
148341
148342
148343
148344
148345
148346
148347
148348
148349
148350
148351
148352
148353
148354
148355
148356
148357
148358
148359
148360
148361
148362
148363
148364
148365
148366
148367
148368
148369
148370
148371
148372
148373
148374
148375
148376
148377
148378
148379
148380
148381
148382
148383
148384
148385
17336
17337
17338
17339
17340
17341
17342
17343
17344
17345
17346
17347
17348
17349
17350
17351
17352
17353
17354
17355
17356
17357
17358
17359
17360
17361
17362
17363
17364
17365
17366
17367
17368
17369
17370
17371
17372
17373
17374
17375
17376
17377
17378
17379
17380
17381
17382
17383
17384
17385
17386
17387
17388
17389
17390
17391
17392
17393
17394
17395
17396
17397
17398
17399
17400
17401
17402
17403
17404
17405
17406
17407
17408
17409
17410
17411
17412
17413
17414
17415
17416
17417
17418
17419
17420
17421
17422
17423
17424
17425
17426
17427
17428
17429
17430
17431
17432
17433
17434
17435
17436
17437
17438
17439
17440
17441
17442
17443
17444
17445
17446
17447
17448
17449
17450
17451
17452
17453
17454
17455
17456
17457
17458
17459
17460
17461
17462
17463
17464
17465
17466
17467
17468
17469
17470
17471
17472
17473
17474
17475
17476
17477
17478
17479
17480
17481
17482
17483
17484
17485
17486
17487
17488
17489
17490
17491
17492
17493
17494
17495
17496
17497
17498
17499
17500
17501
17502
17503
17588
17589
17590
17591
17592
17593
17594
17595
17596
17597
17598
17599
17600
148673
17601
148674
17602
148675
17603
148676
17604
148677
17605
148678
17606
148679
17607
148680
17608
148681
17609
148682
17610
148683
17611
148684
17612
148685
17613
148686
17614
148687
17615
148688
17616
148689
17617
148690
17618
148691
17619
148692
17620
148693
17621
148694
17622
148695
17623
148696
17624
148697
17625
148698
17626
148699
17627
148700
17628
148701
17629
148702
17630
148703
17631
148704
17632
148705
17633
148706
17634
148707
17635
148708
17636
148709
17637
148710
17638
148711
17639
148712
17640
148713
17641
148714
17642
148715
17643
148716
17644
148717
17645
148718
17646
148719
17647
148720
17648
148721
17649
148722
17650
148723
17651
148724
17652
148725
17653
148726
17654
148727
17655
148728
17656
148729
17657
148730
148731
148732
148733
148734
148735
148736
148737
148738
148739
148740
148741
148742
148743
148744
148745
148746
148747
148748
148749
148750
148751
148752
148753
148754
148755
148756
148757
148758
148759
148760
148761
148762
148763
148764
148765
148766
148767
148768
148769
148770
17731
17732
17733
17734
17735
17736
17737
17738
17739
17740
17741
17742
17743
17744
17745
17746
17747
17748
17749
17750
17751
17752
17753
17754
17755
17756
17757
17758
17759
17760
17761
17762
17763
17764
17765
17766
17767
17768
17769
17770
17771
17772
17773
17774
17775
17776
17777
17778
149205
149206
149207
149208
149209
149210
149211
149212
149213
149214
149215
149216
149217
149218
149219
149220
149221
18149
149222
18150
149223
18151
149224
18152
149225
18153
149226
18154
149227
18155
149228
18156
149229
18157
149230
18158
149231
18159
149232
18160
149233
18161
149234
18162
149235
18163
149236
18164
149237
18165
149238
18166
149239
18167
149240
18168
149241
18169
149242
18170
149243
18171
149244
18172
149245
18173
149246
18174
149247
18175
149248
18176
149249
18177
149250
18178
149251
18179
149252
18180
149253
18181
149254
18182
149255
18183
149256
18184
149257
149258
149259
149260
149261
149262
149263
149264
149265
149266
149267
149268
149269
149270
149271
149272
149273
149274
149275
149276
149277
149278
149279
149280
149281
149282
149283
149284
149285
149286
149287
149288
149289
149290
149291
149292
149293
149294
149295
149296
149297
149298
149299
149300
149301
149302
149323
149324
149325
149326
149327
149328
149329
149330
149331
149332
149333
149334
149335
149336
149337
149338
149339
149340
149341
149342
149343
149344
149345
149346
149615
149616
149617
149618
149619
149620
149621
149622
149623
149624
149625
149626
149627
149628
149629
149630
149631
149632
149633
149634
149635
149636
149637
149638
149639
149640
149641
149642
149643
149644
149645
149646
149647
149648
149649
149650
18819
18820
18821
18822
18823
18824
18825
18826
18827
18828
18829
18830
149972
149973
149974
149975
149976
149977
149978
149979
149980
149981
149982
149983
149984
149985
149986
149987
149988
149989
149990
149991
149992
149993
149994
149995
149996
149997
149998
149999
150000
150001
150002
150003
150004
150005
150006
150007
150008
150009
150010
150011
150012
150013
150014
150015
150016
150017
150018
150019
150020
18951
18952
18953
18954
18955
18956
18957
18958
18959
18960
18961
18962
19011
19012
19013
19014
19015
19016
19017
19018
19019
19020
19021
19022
19023
19024
150119
150120
150121
150122
150123
150124
150125
150126
150127
150128
150129
150130
150131
150132
150133
150134
150135
150136
150137
150138
150139
150140
150141
150142
150143
150144
150145
150146
150147
150148
150149
150150
150151
150152
150153
150252
150253
150254
150255
150256
150257
150258
150259
150260
150261
150262
150263
150264
150265
150266
150267
150268
150269
150270
150271
150272
150273
150274
150275
150276
150277
150278
150279
150280
150281
150282
150283
150284
150285
150286
150287
150288
150289
150290
150291
150292
150293
150294
150295
150296
150297
150298
150299
150300
19665
19666
19667
19668
19669
19670
19671
19672
19673
19674
19675
19676
19677
19678
19679
19680
19681
19682
19683
19684
19685
19686
19687
19688
19689
19690
19691
19692
19693
19694
19695
19696
19697
19698
19699
19700
19701
19702
19703
19704
19705
19706
19707
19708
19709
19710
19711
19712
19713
19714
19715
19716
19717
19718
19719
19720
19721
19722
19723
19724
19725
19726
19727
19728
19729
19730
19731
19732
19733
19734
19735
19736
19737
19738
19739
19740
19741
19742
19743
19744
19745
19746
19747
19748
19749
19750
19751
19752
19753
19754
19755
19756
19757
19758
19759
19760
19761
19762
19763
19764
19765
19766
19767
19768
19769
19770
19771
19772
19773
19774
19775
19776
19777
19778
19779
19780
19781
19782
19783
19784
19785
19786
19787
19788
19789
19790
19791
19792
19793
19794
19795
19796
19797
19798
19799
19800
19801
19802
19803
19804
19805
19806
19807
19808
19809
19810
19811
19812
19813
19814
19815
19816
19817
19818
19819
19820
19821
19822
19823
19824
19825
19826
19827
19828
19829
19830
19831
19832
19966
19967
19968
19969
19970
19971
19972
19973
19974
19975
19976
19977
19978
19979
19980
19981
19982
19983
19984
19985
19986
19987
19988
19989
19990
19991
19992
19993
19994
19995
19996
19997
19998
19999
20000
20001
20002
20003
20004
20005
20006
20007
20008
20009
20010
20011
20012
20013
20014
20015
20016
20017
20018
20019
20020
20021
20022
20023
20024
20025
20026
20027
20028
20029
20030
20031
20032
20033
20034
20035
20036
20037
20038
20039
20040
20041
20042
20043
20044
20045
20046
20047
20048
20049
20050
20051
20052
20053
20054
20055
20056
20057
20058
20059
20060
20061
20062
20063
20064
20065
20066
20067
20068
20069
20070
20071
20072
20073
20074
20075
20076
20077
20078
20079
20080
20081
20082
20083
20084
20085
20086
20087
20088
20089
20090
20091
20092
20093
20094
20095
20096
20097
20098
20099
20100
20101
20235
20236
20237
20238
20239
20240
20241
20242
20243
20244
20245
20246
20247
20248
20249
20250
20251
20252
20253
20254
20255
20256
20257
20258
20259
20260
20261
20262
20263
20264
20265
20266
20267
20268
20269
20270
20271
20272
20273
20274
20275
20276
20277
20278
20279
20280
151502
151503
151504
151505
151506
151507
151508
151509
151510
151511
151512
151513
151514
151515
151516
151517
151518
151519
151520
151521
151522
151523
151524
151525
151526
151527
151528
151529
151530
151531
151539
151540
151541
151542
151543
151544
151545
151546
151547
151548
151549
151550
151551
151552
151553
151554
151555
151556
151557
151558
151559
151560
151561
151562
151563
151564
151565
151566
151567
151568
151569
151570
151571
151572
151573
151574
151575
151576
151577
151578
151579
151580
151581
151582
151583
151584
151585
151586
151587
151588
151589
151590
151591
151592
151593
151594
151595
151596
151597
151598
151599
151600
151601
151602
151603
151604
151605
151606
151607
151608
151609
151610
151611
151612
151613
151614
151615
151616
151617
151618
151619
151620
151621
151622
151623
151624
151625
151626
151627
151628
151629
151630
151631
151632
151633
151634
151635
151636
151637
151638
151639
151640
151641
151642
151643
151644
151645
151646
151647
151648
151649
151650
151651
151652
151653
151654
151655
151656
151657
151658
151659
151660
151661
151662
151663
151664
151665
151666
151667
151668
151669
151670
151671
151672
151673
151674
151675
151676
151677
151678
151679
151680
151681
151682
151683
151684
151685
151686
151687
151688
151689
151690
151691
151692
151693
151694
151695
151696
151697
151698
151699
151700
151701
151702
151703
151704
151705
151706
151707
151708
151709
151710
151718
151719
151720
151721
151722
151723
151724
151725
151726
151727
151728
151729
151730
151731
151732
151733
151734
151735
151736
151737
151738
151739
151740
151741
151742
151743
151744
151745
151746
151747
151748
151749
151750
151751
151752
151753
151754
151755
151756
151757
151758
151759
151760
151761
151762
151763
151764
151765
151766
151767
151768
151769
151770
151771
151772
151773
151774
151775
151776
151777
151778
151779
151780
151781
151782
151783
151784
151785
151786
151787
151788
151789
151790
151791
151792
151793
151794
151795
151796
151797
151798
151799
151800
151801
151802
151803
151804
151805
151806
151807
151808
151809
151810
151811
151812
151813
151814
151815
151816
151817
151818
151819
151820
151821
151822
151823
151824
151825
151826
151827
151828
151829
151830
151831
151832
151833
151834
151835
151836
151837
151838
151839
151840
151841
151842
151843
151844
151845
151846
151847
151848
151849
151850
151851
151852
151853
151854
151855
151856
151857
151858
151859
151860
151861
151862
151863
151864
151865
151866
151867
151868
151869
151870
151871
151872
151873
151874
151875
151876
151877
151878
151879
151880
151881
151882
151883
151884
151885
21662
21663
21664
21665
21666
21667
21668
21669
21670
21671
21672
21673
21674
21675
21676
21677
21686
21687
21688
21689
21690
21691
21692
21693
21694
21695
21696
21697
21698
21699
21700
21701
21702
21703
21704
21705
21722
21723
21724
21725
21726
21727
21728
21729
21730
21731
21732
21733
21734
21735
21736
21737
152810
21738
152811
21739
152812
21740
152813
21741
152814
21742
152815
21743
152816
21744
152817
21745
152818
21746
152819
21747
152820
21748
152821
21749
152822
21750
152823
21751
152824
21752
152825
21753
152826
21754
152827
21755
152828
21756
152829
21757
152830
21758
152831
21759
152832
21760
152833
21761
152834
21762
152835
21763
152836
21764
152837
21765
152838
21766
152839
21767
152840
21768
152841
21769
152842
21770
152843
21771
152844
21772
152845
21773
152846
21774
152847
21775
152848
21776
152849
21777
152850
21778
152851
21779
152852
21780
152853
21781
152854
152855
152856
152857
152858
152859
152860
152861
152862
152863
152864
152865
152866
152867
152868
152869
152870
152871
152872
152873
152874
152875
152876
152877
152878
21806
152879
21807
152880
21808
152881
21809
152882
21810
152883
21811
152884
21812
152885
21813
152886
21814
152887
21815
152888
21816
152889
21817
152890
21818
152891
21819
152892
21820
152893
21821
152894
21822
152895
21823
152896
21824
152897
21825
152898
21826
152899
21827
152900
21828
152901
21829
152902
21830
152903
21831
152904
21832
152905
21833
152906
21834
152907
21835
152908
21836
152909
21837
152910
21838
152911
21839
152912
21840
152913
21841
152914
21842
21843
21844
21845
21846
21847
21848
21849
21850
21851
21852
21853
21854
21855
21856
21857
21858
21859
21860
21861
21862
21863
21864
21865
21866
21867
21868
21869
21870
21871
21872
21873
21874
21875
21876
21877
152950
21878
152951
21879
152952
21880
152953
21881
152954
21882
152955
21883
152956
21884
152957
21885
152958
21886
152959
21887
152960
21888
152961
21889
152962
21890
152963
21891
152964
21892
152965
21893
152966
21894
152967
21895
152968
21896
152969
21897
152970
21898
152971
21899
152972
21900
152973
21901
152974
21902
152975
21903
152976
21904
152977
21905
152978
21906
152979
21907
152980
21908
152981
21909
152982
21910
152983
21911
152984
21912
152985
21913
152986
21914
152987
21915
152988
21916
152989
21917
152990
21918
152991
21919
152992
21920
152993
21921
152994
21922
152995
21923
152996
21924
152997
21925
152998
21926
152999
21927
153000
21928
153001
21929
153002
21930
153003
21931
153004
21932
153005
21933
153006
153007
153008
153009
153010
153011
153012
153013
153014
153015
153016
153017
153018
153019
153020
153021
153022
153023
153024
153025
153026
22002
22003
22004
22005
22006
22007
22008
22009
22010
22011
22012
22013
22014
22015
22016
22017
22018
22019
22020
22021
22022
22023
22024
22025
22026
22027
22028
22029
22030
22031
153104
22032
153105
22033
153106
22034
153107
22035
153108
22036
153109
22037
153110
22038
153111
22039
153112
22040
153113
22041
153114
22042
153115
22043
153116
22044
153117
22045
153118
22046
153119
22047
153120
22048
153121
22049
153122
22050
153123
22051
153124
22052
153125
22053
153126
22054
153127
22055
153128
22056
153129
22057
153130
22058
153131
22059
153132
22060
153133
22061
153134
22062
153135
22063
153136
22064
153137
22065
153138
22066
153139
22067
153140
22068
153141
22069
153142
22070
153143
22071
153144
22072
153145
22073
153146
22074
153147
22075
153148
22076
153149
22077
153150
22078
153151
22079
153152
22080
153153
22081
153154
22082
153155
22083
153156
22084
153157
22085
153158
22086
153159
22087
153160
22088
153161
22089
153162
22090
153163
22091
153164
22092
153165
22093
153166
22094
153167
22095
153168
22096
153169
22097
153170
22098
153171
22099
153172
22100
153173
22101
153174
22102
153175
22103
153176
22104
153177
22105
153178
22106
153179
22107
153180
22108
153181
22109
153182
22110
153183
22111
153184
22112
153185
22113
153186
22114
153187
22115
153188
22116
153189
22117
153190
22118
153191
22119
153192
22120
153193
22121
153194
22122
153195
22123
153196
22124
153197
22125
153198
22126
153199
22127
153200
22128
153201
22129
22222
22223
22224
22225
22226
22227
22228
22229
22230
22231
22232
22233
22234
22235
22236
22237
22238
22239
22240
22241
22242
22243
22244
22245
22246
22247
22248
22249
22250
22251
22252
22253
22254
22255
22256
22257
22258
22259
22260
22261
22262
22263
22264
22265
22266
22267
22268
22269
22270
22271
22272
22273
22274
22275
22276
22277
22278
22279
22280
22281
22282
22283
22284
22285
22286
22287
22288
22289
22314
22315
22316
22317
22318
22319
22320
22321
22322
22323
22324
22325
22326
22327
22328
22329
22330
22331
22332
22333
22350
22351
22352
22353
22354
22355
22356
22357
22358
22359
22360
22361
22438
22439
22440
22441
22442
22443
22444
22445
22446
22447
22448
22449
22450
22451
22452
22453
22455
22487
22488
22489
22490
22491
22492
22493
22494
22495
22496
22497
22498
22499
22500
22501
22502
22503
22504
22505
22506
22507
22508
22509
22510
22511
22512
22513
22514
22515
22516
22517
22518
22519
22520
22521
22522
22523
22524
22525
22526
22527
22528
22529
22530
22531
22532
22533
22534
22535
22536
22537
22538
22539
22540
22541
22542
22543
22544
22545
22546
22783
22784
22785
22786
22787
22788
22789
22790
22791
22792
22793
22794
22795
22796
154483
154484
154485
154486
154487
154488
154489
154490
154491
154492
154493
154494
154495
154496
154497
154498
154499
154500
154501
154502
154503
154504
154505
154506
154507
154508
154509
154510
154511
154512
154513
154514
154515
23443
154516
23444
154517
23445
154518
23446
154519
23447
154520
23448
154521
23449
154522
23450
154523
23451
154524
23452
154525
23453
154526
23454
154527
23455
154528
23456
154529
23457
154530
154531
154532
154533
154534
154535
154536
154537
154538
154539
154540
154541
154542
154543
154544
154545
154546
154547
154548
154549
154550
154551
154552
154553
154554
154555
154556
154557
154558
154559
154560
154561
154562
154563
154564
154565
154566
154567
154568
154569
154570
154571
154572
154573
154574
154575
154576
154577
154578
154579
154580
154581
154582
154583
154584
154585
154586
154587
154588
154589
154590
154591
154592
154593
154594
154595
154596
154597
154598
154599
154600
154601
154602
154603
154604
154605
154606
154607
154608
154609
154610
154611
154612
154613
154614
154615
154616
154617
154618
154619
154620
154621
154622
154623
154624
154625
154626
154627
154628
154629
154630
154631
154632
154633
154634
154635
154636
154637
154638
154639
154640
154641
154642
154643
154644
154645
154646
154647
154648
154649
154650
154651
154652
154653
154654
154655
154656
154657
154658
154659
154660
154661
154662
154663
154664
154665
154666
154667
154668
154669
154670
154671
154672
154673
154674
154675
154676
154677
154678
154679
154680
154681
154682
154683
154684
154685
154686
154687
154688
154689
154690
154691
154692
154693
154694
154695
154696
154697
154698
154699
154700
154701
154702
154703
154704
154705
154706
154707
154708
154709
154710
154711
154712
154713
154714
154715
154716
154717
154718
154719
154720
154721
154722
154723
154724
154725
154726
154727
154728
154729
154730
154731
154732
154733
154734
154735
154736
154737
154738
154739
154740
154741
154742
154743
154744
154745
154746
154747
154748
154749
154750
154751
154752
154753
154754
23682
154755
23683
154756
23684
154757
23685
154758
23686
154759
23687
154760
23688
154761
154762
154763
154764
154765
154766
154767
154768
154769
154770
154771
154772
154773
154774
154775
154776
154777
154778
154779
154780
154781
154782
154783
154784
154785
154786
154787
154788
154789
154790
154791
154792
154793
154794
154795
154796
154797
154798
154799
154800
154801
154802
154803
154804
154805
154806
154807
154808
154809
154810
154811
154812
154813
154814
154815
154816
154817
23745
154818
23746
154819
23747
154820
23748
154821
23749
154822
23750
154823
23751
154824
23752
154825
23753
154826
23754
154827
23755
154828
23756
154829
23757
154830
23758
154831
23759
154832
23760
154833
23761
154834
23762
154835
23763
154836
23764
154837
23765
154838
23766
154839
23767
154840
23768
154841
23769
154842
23770
154843
23771
154844
23772
154845
23773
154846
23774
154847
23775
154848
23776
154849
23777
154850
23778
154851
23779
154852
23780
154853
23781
154854
23782
154855
23783
154856
23784
154857
23785
154858
23786
154859
154860
154861
154862
154863
154864
154865
154866
154867
154868
154869
154870
154871
154872
154873
154874
154875
154876
154877
154878
154879
154880
154881
154882
154883
154884
154885
154886
154887
23815
154888
23816
154889
23817
154890
23818
154891
23819
154892
23820
154893
23821
154894
23822
154895
23823
154896
23824
154897
23825
154898
23826
154899
23827
154900
23828
154901
154902
154903
154904
154905
154906
154907
154908
154909
154910
154911
154912
154913
154914
154915
154916
154917
154918
154919
154920
154921
154922
154923
154924
154925
154926
154927
154928
154929
154930
154931
154932
154933
154934
154935
154936
154937
154938
154939
154940
154941
154942
154943
154944
154945
154946
154947
154948
154949
154950
154951
154952
154953
154954
154955
154956
154957
154958
154959
154960
154961
154962
154963
154964
154965
154966
154967
154968
154969
154970
154971
154972
154973
154974
154975
154976
154977
154978
154979
154980
154981
154982
154983
154984
154985
154986
154987
154988
154989
154990
154991
154992
154993
154994
154995
154996
154997
154998
154999
155000
155001
155002
155003
155004
155005
155006
155007
155008
155009
155010
155011
155012
155013
155014
155225
155226
155227
155228
155229
155230
155231
155232
155233
155234
155235
155236
155237
155238
155239
155240
155241
155242
155243
155244
155245
155246
155247
155248
155249
155250
155251
155252
155253
155254
155255
155256
155257
155258
155259
155260
155261
155262
155263
155264
155265
155266
155267
155268
155269
155270
155271
155272
155273
155274
155275
155276
155277
155278
155279
155280
155281
155282
155283
155284
155285
155286
155287
155288
155289
155290
155291
155292
155293
155294
155295
155296
155297
155298
155299
155300
155301
155302
155303
155304
155305
155306
155307
155308
155309
155310
155311
155312
155313
155314
155315
155316
155317
155318
155319
155320
155321
155322
155323
155324
155325
155326
155327
155328
155329
155330
155331
155332
155333
155334
155335
155336
155337
155338
155339
155340
155341
155342
155343
155344
155345
155346
155347
155348
155349
155350
155351
155352
155353
155354
155355
155356
155357
155358
155359
155360
155361
155362
155363
155364
155365
155366
155367
155368
155369
155370
155371
155372
155373
155374
155375
155376
155377
155378
155379
155380
155381
155382
155383
155384
155385
155386
155387
155388
155389
155390
155391
155392
155393
155394
155395
155396
155397
155398
155399
155400
155401
155402
155403
155404
155405
155406
155407
155408
155409
155410
155411
155412
155413
155414
155415
155416
155417
155418
155419
155420
155421
155422
155423
155424
155425
155426
155427
155428
155429
155430
155431
155432
155433
155434
155435
155436
155437
155438
155439
155440
155441
155442
155443
155444
155445
155446
155447
155448
155449
155450
155451
155452
155453
155454
155455
155456
155457
155458
155459
155460
155461
155462
155463
155464
155465
155466
155467
155468
155469
155470
155471
155472
155473
155474
155475
155476
155477
155478
155479
155480
155481
155482
155483
155484
155485
155486
155487
155488
155489
155490
155491
155492
155493
155494
155495
155496
155497
155498
155499
155500
155501
155502
155503
155504
155505
155506
155507
155508
155509
155510
155511
155512
155513
155514
155515
155516
155517
155518
155519
155520
155521
155522
155523
155524
155525
155526
155527
155528
155529
155530
155531
155532
155533
155534
155535
155536
155537
155538
155539
155540
155541
155542
155543
155544
155545
155546
155547
155548
155549
155550
155551
155552
155553
155554
155555
155556
155557
155558
155559
155560
155729
155730
155731
155732
155733
155734
155735
155736
155737
155738
155739
155740
155741
155742
155743
155744
155745
155746
155747
155748
155749
155750
155751
155752
155753
155754
155755
155756
155757
24685
155758
24686
155759
24687
155760
24688
155761
24689
155762
24690
155763
24691
155764
24692
155765
24693
155766
24694
155767
24695
155768
24696
155769
24697
155770
24698
155771
24699
155772
24700
155773
24701
155774
24702
155775
24703
155776
24704
155777
24705
155778
24706
155779
24707
155780
24708
155781
24709
155782
24710
155783
24711
155784
24712
155785
24713
155786
24714
155787
24715
155788
24716
155789
24717
155790
24718
155791
24719
155792
24720
155793
24721
155794
24722
155795
24723
155796
24724
155797
24725
155798
24726
155799
24727
155800
24728
155801
24729
155802
24730
155803
24731
155804
24732
155805
24733
155806
24734
155807
24735
155808
24736
155809
24737
155810
24738
155811
24739
155812
24740
155813
24741
155814
24742
155815
24743
155816
24744
155817
24745
155818
24746
155819
24747
155820
24748
155821
24749
155822
24750
155823
24751
155824
24752
155825
24753
155826
24754
155827
24755
155828
24756
155829
24757
155830
24758
155831
24759
155832
24760
155833
24761
155834
24762
155835
24763
155836
24764
155837
24765
155838
24766
155839
24767
155840
24768
155841
24769
155842
24770
155843
24771
155844
24772
155845
24773
155846
24774
155847
24775
155848
24776
155849
24777
155850
24778
155851
24779
155852
24780
155853
24781
155854
24782
24783
24784
24785
24786
24787
24788
24789
24790
24791
24792
24793
24794
24795
24796
24797
24798
24799
24800
24801
24802
24803
24804
24805
24806
24807
24808
24809
24810
24811
24812
24813
24814
24815
24816
24817
24818
24819
24820
24821
24822
24823
24824
24825
24826
24827
24828
24829
24830
24831
24832
24833
24834
24835
24836
24837
24838
24839
24840
24841
24842
24843
24844
24845
24846
24847
24848
24849
24850
24851
24852
24853
24854
24855
24856
24857
24858
24859
24860
24861
24862
24863
24864
24865
24866
24867
24868
24869
24870
24871
24872
24873
24874
24875
24876
24877
24878
24879
24880
24881
24882
24883
24884
24885
24886
24887
24888
24889
24890
24891
24892
24893
24894
24895
24896
24897
24898
24899
24900
24901
24902
24903
24904
155994
155995
155996
155997
155998
155999
156000
156001
156002
156003
156004
156005
156006
156007
156008
156009
156010
156011
156012
156013
156014
156015
156016
156017
156018
156019
156020
156021
156022
156023
156024
156025
156026
156027
156028
156029
156030
156031
156032
156033
156034
156035
156036
156037
156038
156039
156040
156041
156042
156043
156044
156045
156046
156047
156048
156049
156050
156051
156052
156053
156054
156055
156056
156057
156058
156059
156060
156061
156062
156063
156064
156065
156066
156067
156068
156069
156070
156071
156072
156073
156074
156075
156076
156077
156078
156079
156080
156081
156082
156083
156084
156085
25089
25090
25091
25092
25093
25094
25095
25096
25293
25294
25295
25296
25297
25298
25299
25300
25355
25356
25357
25358
25359
25360
25361
25362
25363
25364
25365
25366
25367
25368
25369
25370
25371
25372
25373
25374
25375
25376
25377
25378
156580
156581
156582
156583
156584
156585
156586
156587
156588
156589
156590
156591
156592
156593
156594
156595
156596
156597
156598
156599
156600
156601
156602
156603
156604
156605
156606
156607
156608
156609
156610
156611
156612
156613
156614
156615
156616
156617
156618
156619
156620
156621
156622
156623
156651
156652
156653
156654
156655
156656
156657
156658
156659
156660
156661
156662
156663
156664
156665
156666
156667
156668
156669
156670
156671
156672
156673
156674
156675
156676
156677
156678
156679
156680
156681
156682
156683
156684
156685
156686
156687
156688
156689
156690
156691
156692
156693
156694
156695
156696
156697
156698
156699
156700
156701
156702
156703
156704
156705
156706
156707
156708
156709
156710
156711
156712
156713
156714
156715
156716
156717
156718
156719
156720
156721
156722
156723
156724
156725
156726
156727
156728
156729
156730
156731
156732
156733
156734
156735
156736
156737
156738
156739
156740
156741
156742
156743
156744
156745
156746
156747
156748
156749
156750
156751
156752
156753
156754
156755
156756
156757
156758
156759
156760
156761
156762
156763
156764
156765
156766
156767
156768
156769
156770
156771
156772
156773
156774
156775
156776
156777
156778
156779
156780
156781
156782
156783
156784
156785
156786
156787
156788
156789
156790
156791
156792
156793
156794
156795
156796
156797
156798
156799
156800
156801
156802
156803
156804
156805
156806
156807
156808
156809
156810
156811
156812
156813
156814
156815
156816
156817
156818
156819
156820
156821
156822
156823
156824
156825
156826
156827
156828
156829
156830
156831
156832
156833
156834
156835
156836
156837
156838
156839
156840
156841
156842
156843
156844
156845
156846
26149
26150
26154
26155
26158
26159
26162
26163
26166
26167
26170
26192
26193
26194
26195
26196
26197
26198
26199
26200
26201
26202
26203
26204
26205
26206
26207
26208
26209
26210
26211
26212
26214
157295
157296
157297
157298
157299
157300
157301
157302
157303
157304
157305
157306
157307
157308
26236
157309
26237
157310
26238
157311
26239
157312
26240
157313
26241
157314
26242
157315
26243
157316
26244
157317
26245
157318
26246
157319
26247
157320
26248
157321
26249
157322
26250
26251
26252
26253
26254
26255
26256
26258
26280
26281
26282
26283
26284
26285
26286
26287
26288
26289
26290
26291
26292
26293
26294
26295
26296
26297
26298
26299
26300
26302
26324
26325
26326
26327
26328
26329
26330
26331
26332
26333
26334
26335
26336
26337
26338
26339
26340
26341
26342
26343
26344
26346
26368
26369
26370
26371
26372
26373
26374
26375
26376
26377
26378
26379
26380
26381
26382
26383
26384
26385
26386
26387
26388
26390
26412
26413
26414
26415
26416
26417
26418
26419
26420
26421
26422
26423
26424
26425
26426
26427
26428
26429
26430
26431
26432
26433
26434
26435
26902
26903
26904
26905
26906
26907
26908
26916
26917
26918
26919
26920
26921
26922
26923
26924
26925
26926
26927
26928
26929
26930
26931
26932
26933
26934
26935
26936
26944
26945
26946
26947
26948
26949
26950
26951
26952
26953
26954
26955
26956
26957
26958
26959
26960
26961
26962
26963
26964
26972
26973
26974
26975
26976
26977
26978
26979
26980
26981
26982
26983
26984
26985
26986
26987
26988
26989
26990
26991
26992
26993
26994
26995
26996
26998
27000
27002
27021
27022
27023
27024
27025
27026
27027
27028
27029
27030
27031
27032
27033
27034
27035
27036
27037
27038
27039
27040
27041
27043
27045
27047
27060
27061
27062
27063
27064
27065
27066
27067
27068
27069
27070
27071
27072
27073
27074
27075
27076
27077
27078
27079
27087
27088
27089
27090
27091
27092
27093
27094
27095
27096
27097
27098
27099
27100
27101
27102
27103
27104
27105
27106
27107
27108
27109
27110
27111
27112
27113
27114
27115
27116
27117
27118
27119
27120
27121
27123
27125
27127
158384
158385
158386
158387
158388
158389
158390
158391
158392
158393
158394
158395
158396
158397
158398
158399
158400
158401
158402
158403
158404
158405
158406
158407
158408
158409
158410
158411
158412
158413
158414
158415
158416
158417
158418
158419
158420
158421
158422
158423
158424
158425
158426
158427
158428
158429
158430
158431
158432
158433
158434
158435
158436
158437
158438
158439
158440
158441
158442
158443
158444
158445
158446
158447
158448
158449
158450
158451
158452
158453
158454
158455
158456
158457
158458
158459
158460
158461
158462
158463
158464
158465
158466
158467
158468
158469
158470
158471
158472
158473
158474
158475
158476
158477
158478
158479
158480
158481
158482
158483
158484
158485
158486
158487
158488
158489
158490
158491
158492
158493
158494
158495
158496
158497
158498
158499
158500
158501
158502
158503
158504
158505
158506
158507
158508
158509
158510
158511
158512
158513
158514
158515
158516
158517
158518
158519
158520
158521
158522
158523
158524
158525
158526
158527
158528
158529
158530
158531
158532
158533
158534
158535
158536
158537
158538
158539
158540
158541
158542
158543
158544
158545
158546
158547
158548
158549
158550
158551
158552
158553
158554
158555
158556
158557
158558
158559
158560
158561
158562
158563
158564
158565
158566
158567
158568
158569
158570
158571
158572
158573
158574
158575
158576
158577
158578
158579
158580
158581
158582
158583
158584
158585
158586
158587
158588
158589
158590
158591
158592
158593
158594
158595
158596
158597
158598
158599
158600
158601
158602
158603
158604
158605
158606
158607
158608
158609
158610
158611
158612
158613
158614
158615
158616
158617
158618
158619
158620
158621
158622
158623
158624
158625
158626
158627
158628
158629
158630
158631
158632
158633
158634
158635
158636
158637
158638
158639
158640
158641
158642
158643
158644
158645
158646
158647
158648
158649
158650
158651
158652
158653
158654
158655
158656
158657
158658
158659
158660
158661
158662
158663
158664
158665
158666
158667
158668
158669
158670
158671
158672
158673
158674
158675
158676
158677
158678
158679
158680
158681
158682
158683
158684
158685
158686
158687
158688
158689
158690
158691
158692
158693
158694
158695
158696
158697
158698
158699
158700
158701
158702
158703
158704
158705
158706
158707
158708
158709
158710
158711
158712
158713
158714
158715
158716
158717
158718
158719
158720
158721
158722
158723
27768
27770
27771
27773
27776
27777
27779
27780
27782
27783
27785
27786
27788
27809
27810
27811
27812
27813
27814
27815
27816
27817
27818
27819
27820
27821
27822
27823
27824
27825
27826
27827
27828
27829
27830
27831
27832
27833
27834
27835
27837
27858
27859
27860
27861
27862
27863
27864
27865
27866
27867
27868
27869
27870
27871
27872
27873
27874
27875
27876
27877
27878
27880
27909
27910
27911
27912
27913
27914
27915
27916
27917
27918
27919
27920
27921
27922
27944
27945
27946
27947
27948
27949
27950
27951
27952
27953
27954
27955
27956
27957
27986
27987
27988
27989
27990
27991
27992
27993
27994
27995
27996
27997
27998
27999
28001
28030
28031
28032
28033
28034
28035
28036
28037
28038
28039
28040
28041
28042
28043
28044
28045
28046
28047
28048
28049
28050
28051
28052
28053
28054
28055
28056
28057
28058
28059
28060
28061
28062
28063
28064
28065
28066
28067
28068
28069
28070
28071
28377
28378
28379
28380
28381
28382
28383
28384
28385
28386
28387
28388
28389
28390
28391
28392
28393
28394
28395
28396
28397
28398
28399
28400
28401
28402
28403
28404
28405
28406
28407
28408
28409
28410
28411
28412
28413
28414
28415
28416
28417
28418
28419
28420
28421
28422
28423
28424
28425
28426
28427
28428
28450
28451
28452
28453
28454
28455
28456
28457
28458
28459
28460
28461
28462
28463
28464
28465
28466
28467
28468
28469
28470
28471
28472
28473
28474
28475
28476
28477
28478
28479
28480
28481
28482
28483
28484
28485
28486
28487
28488
28489
28490
28491
28492
28493
28494
28495
28496
28497
28498
28499
28500
28501
28502
28503
28504
28505
28506
28507
28508
159763
159764
159765
159766
159767
159768
159769
159770
159771
159772
159773
159774
159775
159776
159777
159778
159779
159780
159781
159782
159783
159784
159785
159786
159787
159788
159789
159790
159791
159792
159793
159794
159795
159796
159797
159798
159799
159800
159801
159802
159803
159804
159805
159806
159807
159808
159809
159810
159811
159812
159813
159814
159815
159816
159817
159818
159819
159820
159821
159822
159823
159824
159825
159826
159827
159828
159829
159830
159831
159832
159833
159834
159835
159836
159837
159838
159839
159840
159841
159842
159843
159844
159845
159846
159847
159848
159849
159850
159851
159852
159853
159854
159855
159856
159857
159858
159859
159860
159861
159862
159863
159864
159865
159866
159867
159868
159869
159870
159871
159872
159873
159874
159875
159876
159877
159878
159879
159880
159881
159882
159883
159884
159885
159886
159887
159888
159889
159890
159891
159892
159893
159894
159895
159896
159897
159898
159899
159900
159901
159902
159903
159904
159905
159906
159907
159908
159909
159910
159911
159912
159913
159914
159915
159916
159917
159918
159919
159920
159921
159922
159923
159924
159925
159926
159927
159928
159929
159930
159931
159932
159933
159934
159935
159936
159937
159938
159939
159940
159941
159942
159943
159944
159945
159946
159947
159948
159949
159950
159951
159952
159953
159954
159955
159956
159957
159958
159959
159960
159961
159962
159963
159964
159965
159966
159967
159968
159969
159970
159971
159972
159973
159974
159975
159976
159977
159978
159979
159980
159981
159982
159983
159984
159985
159986
159987
159988
159989
159990
159991
159992
159993
159994
159995
159996
159997
159998
159999
160000
160001
160002
160003
160004
160005
160006
160007
160008
160009
160010
160011
160012
160013
160014
160015
160016
160017
160018
160019
160020
160021
160022
160023
160024
160025
160026
160027
160028
160029
160030
160031
160032
160033
160034
160035
160036
160037
160038
160039
160040
160041
160042
160043
160044
160045
160046
160047
160048
160049
160050
160051
160052
160053
160054
160055
160056
160057
28985
160058
28986
160059
28987
160060
28988
160061
28989
160062
28990
160063
28991
160064
28992
160065
28993
160066
28994
160067
28995
160068
28996
160069
28997
160070
28998
160071
28999
160072
29000
160073
29001
160074
29002
160075
29003
160076
29004
160077
29005
160078
29006
160079
29007
160080
29008
160081
29009
160082
29010
160083
29011
160084
29012
160085
29013
160086
29014
160087
29015
160088
29016
160089
29017
160090
29018
160091
29019
160092
29020
160093
29021
160094
29022
160095
29023
160096
29024
160097
29025
160098
29026
160099
29027
160100
29028
160101
29029
160102
29030
160103
29031
160104
29032
160105
29033
160106
29034
160107
29035
160108
29036
160109
29037
160110
29038
160111
29039
160112
29040
160113
29041
160114
29042
160115
29043
160116
29044
160117
29045
160118
29046
160119
29047
160120
29048
160121
29049
160122
29050
160123
29051
160124
29052
160125
29053
160126
29054
160127
29055
160128
29056
160129
29057
160130
29058
160131
29059
160132
29060
160133
29061
160134
29062
160135
29063
160136
29064
160137
29065
160138
29066
160139
29067
160140
29068
160141
29069
160142
29070
160143
29071
160144
29072
160145
29073
160146
29074
160147
29075
160148
29076
160149
29077
160150
29078
160151
29079
160152
29080
160153
29081
160154
29082
160155
29083
160156
29084
160157
29085
160158
29086
160159
29087
160160
29088
160161
29089
160162
29090
160163
29091
160164
29092
160165
29093
160166
29094
160167
29095
160168
29096
160169
29097
160170
29098
160171
29099
160172
29100
160173
29101
160174
29102
160175
29103
160176
29104
160177
29105
160178
29106
160179
29107
160180
29108
160181
29109
160182
29110
160183
29111
160184
29112
160185
29113
160186
29114
160187
29115
160188
29116
160189
29117
160190
29118
160191
29119
160192
29120
160193
29121
160194
29122
160195
29123
160196
29124
160197
29125
160198
29126
160199
29127
160200
29128
160201
29129
160202
29130
160203
29131
160204
29132
160205
29133
160206
29134
160207
29135
160208
29136
160209
29137
160210
29138
160211
29139
160212
29140
160213
29141
160214
29142
160215
29143
160216
29144
160217
29145
160218
29146
160219
29147
160220
29148
160221
29149
160222
29150
160223
29151
160224
29152
160225
29153
160226
29154
160227
29155
160228
29156
160229
29157
160230
29158
160231
29159
160232
29160
160233
29161
160234
29162
160235
29163
160236
29164
160237
29165
160238
29166
160239
29167
160240
29168
160241
29169
160242
29170
160243
29171
160244
29172
160245
29173
160246
29174
160247
29175
160248
29176
160249
29177
160250
29178
160251
29179
160252
29180
160253
29181
160254
29182
160255
29183
160256
29184
160257
29185
160258
29186
160259
29187
160260
29188
160261
160262
160263
160264
160265
160266
160267
160268
160269
160270
160271
160272
160273
160274
160275
160276
160277
160278
160279
160280
160281
160282
160283
160284
160285
160286
160287
160288
160289
160290
160291
160292
160293
160294
160295
160296
160297
160298
160299
160300
160301
160302
160303
160304
160305
160306
160307
29235
160308
29236
160309
29237
160310
29238
160311
29239
160312
29240
160313
29241
160314
29242
160315
29243
160316
29244
160317
29245
160318
29246
160319
29247
160320
29248
160321
29249
160322
29250
160323
29251
160324
29252
160325
29253
160326
29254
160327
29255
160328
29256
160329
29257
160330
29258
160331
29259
160332
29260
160333
29261
160334
29262
160335
29263
160336
29264
160337
29265
160338
29266
160339
29267
160340
29268
160341
29269
160342
29270
160343
29271
160344
29272
160345
29273
160346
29274
160347
29275
160348
29276
160349
29277
160350
29278
160351
29279
160352
29280
160353
29281
160354
29282
160355
29283
160356
29284
160357
29285
160358
29286
160359
29287
160360
29288
160361
29289
160362
29290
160363
29291
160364
29292
160365
29293
160366
29294
160367
29295
160368
29296
160369
29297
160370
29298
160371
29299
160372
29300
160373
29301
160374
29302
160375
29303
160376
29304
160377
29305
160378
29306
160379
29307
160380
29308
160381
29309
160382
29310
160383
29311
160384
29312
160385
29313
160386
29314
160387
29315
160388
29316
160389
29317
160390
29318
160391
29319
160392
29320
160393
29321
160394
29322
160395
29323
160396
29324
160397
29325
160398
29326
160399
29327
160400
29328
160401
29329
160402
29330
160403
29331
160404
29332
160405
29333
160406
29334
160407
29335
160408
29336
160409
29337
160410
29338
160411
29339
160412
29340
160413
29341
160414
29342
160415
29343
160416
29344
160417
29345
160418
29346
160419
29347
160420
29348
160421
160422
160423
160424
160425
160426
160427
160428
160429
160430
160431
160432
160433
160434
160435
160436
160437
160438
160439
160440
160441
160442
160443
160444
160445
160446
160447
160448
160449
160450
160451
160452
160453
160454
160455
160456
160457
160458
160459
160460
160461
160462
160463
160464
160465
160466
160467
160468
160469
160470
160471
160472
160473
29401
160474
29402
160475
29403
160476
29404
160477
29405
160478
29406
160479
29407
160480
29408
160481
29409
160482
29410
160483
29411
160484
29412
160485
29413
160486
29414
160487
29415
160488
29416
160489
29417
160490
29418
160491
29419
160492
29420
160493
29421
160494
29422
160495
29423
160496
29424
160497
29425
160498
29426
160499
29427
160500
29428
160501
29429
160502
29430
160503
29431
160504
29432
160505
29433
160506
29434
160507
29435
160508
29436
160509
29437
160510
29438
160511
29439
160512
29440
160513
29441
160514
29442
160515
29443
160516
29444
160517
29445
160518
29446
160519
29447
160520
29448
160521
29449
160522
29450
160523
29451
160524
29452
160525
29453
160526
29454
160527
29455
160528
29456
160529
29457
160530
29458
160531
29459
160532
29460
160533
29461
160534
29462
160535
29463
160536
29464
160537
29465
160538
29466
160539
29467
160540
29468
160541
29469
160542
29470
160543
29471
160544
29472
160545
29473
160546
29474
160547
29475
160548
29476
160549
29477
160550
29478
160551
29479
160552
29480
160553
29481
160554
29482
160555
29483
160556
29484
160557
29485
160558
29486
160559
29487
160560
29488
160561
29489
160562
29490
160563
29491
160564
29492
160565
29493
160566
29494
160567
29495
160568
160569
160570
160571
160572
160573
160574
160575
160576
160577
160578
160579
160580
160581
160582
160583
160584
160585
160586
160587
160588
160589
160590
160591
160592
160593
160594
160595
160596
160597
160598
160599
160600
160601
160602
160603
160604
160605
160606
160607
160608
160609
160610
160611
160612
160613
160614
160615
160616
160617
160618
160619
160620
160621
160622
160623
160624
160625
160626
160627
160628
160629
160630
160631
160632
160633
160634
160635
160636
160637
160638
160639
160640
160641
160642
160643
160644
160645
160646
160647
160648
160649
160650
160651
160652
160653
160654
160655
160656
160657
160658
160659
160660
160661
160662
160663
160664
160665
160666
160667
160668
160669
160670
160671
160672
160673
160674
160675
160676
160677
160678
160679
160680
160681
160682
160683
160684
160685
160686
160687
160688
160689
160690
160691
160692
160693
160694
160695
160696
160697
160698
160699
160700
160701
160702
160703
160704
160705
160706
160707
160708
160709
160710
160711
160712
160713
160714
160715
160716
160717
160718
160719
160720
160721
160722
160723
160724
160725
160726
160727
160728
160729
160730
160731
160732
160733
160734
160735
160736
160737
160738
160739
160740
160741
160742
160743
160744
160745
160746
160747
160748
160749
160750
160751
160752
160753
160754
29880
29881
29882
29883
29884
29885
29886
29887
29888
29889
29890
29891
29892
29893
29894
29895
29896
29897
29898
29899
29900
29901
29902
29903
29904
29905
29906
29907
29908
29909
29910
29911
29912
29913
29914
29915
29916
29917
29918
29919
29920
29921
29922
29923
29924
29925
29926
29927
29928
29929
29930
29931
29932
29933
29934
29935
29936
29937
29938
29939
29940
29941
29942
29943
29944
29945
29946
29947
29948
29949
29950
29951
29952
29953
161051
161052
161053
161054
161055
161056
161057
161058
161059
161060
161061
161062
161063
161064
161065
161066
161067
161068
161069
161070
161071
161072
161073
161074
161075
161076
161077
161078
161079
161080
161081
161082
161083
161084
161085
161086
161087
161088
161089
161090
161113
161114
161115
161116
161117
161118
161119
161120
161121
161122
161123
161124
161125
161126
161127
161128
161129
161130
161131
161132
161133
161134
161135
161136
161137
161138
161139
161140
161141
161142
161165
161166
161167
161168
161169
161170
161171
161172
161173
161174
30218
30219
30220
30221
30222
30223
30224
30225
30226
30227
30228
30229
30230
30231
30232
30233
30234
30235
30236
30237
30238
30239
30240
30241
30242
30243
30244
30245
30246
30247
30248
30249
30250
30251
30252
30253
30254
30255
30256
161329
30257
161330
30258
161331
30259
161332
30260
161333
30261
161334
30262
161335
30263
161336
30264
161337
30265
161338
30266
161339
30267
161340
30268
161341
30269
161342
30270
161343
30271
161344
30272
161345
30273
161346
30274
161347
30275
161348
30276
161349
30277
30278
30279
30280
30281
30282
30283
30284
161357
30285
161358
30286
161359
30287
161360
30288
161361
30289
161362
30290
161363
30291
161364
161365
161366
161367
161368
161369
161370
161371
161372
161373
161374
161375
161376
161377
161378
161379
161380
161381
161382
161383
161384
161385
161386
161387
161388
161389
161390
161391
161392
161393
161394
161395
161396
161397
161398
161399
161400
161401
161402
161403
161404
161405
30585
30586
30587
30588
30589
30590
30591
30592
30593
30594
30595
30596
161726
161727
161728
161729
161730
161731
161732
161733
161734
161735
161736
161737
161738
161739
161740
161741
161742
161743
161744
161745
161746
161747
30675
161748
30676
161749
30677
161750
30678
161751
30679
30680
30681
30682
30683
30684
161763
161764
161797
161798
161799
161800
161801
161802
161803
161804
161805
161806
161807
30763
30764
162102
162103
162104
162105
162106
162107
162108
162109
162110
162111
162112
162113
162114
162115
162116
162117
162118
162119
162120
162121
162122
162123
162124
162125
162126
162127
162128
162129
162130
162131
162132
162133
162134
162135
162136
162137
162138
162139
162140
162141
162142
162143
162144
162145
162146
162147
162148
162149
162150
162151
162152
162153
162154
162155
162156
162157
162158
162159
162160
162161
162162
162163
162164
162165
162166
162167
162168
162169
162170
162171
162172
162173
162174
162175
162176
162177
162178
162179
162180
162181
162182
162183
162184
162185
162186
162187
162188
162189
162190
162191
162192
162193
162194
162195
162196
162197
162198
162199
162200
162201
162202
162203
162204
162205
162206
162207
162208
162209
162210
162211
162212
162213
162214
162215
162216
162217
162218
162219
162220
162221
162222
162223
162224
162225
162226
162227
162228
162229
162230
162231
162232
162233
162234
162235
162236
162237
162238
162239
162240
162241
162242
162243
162244
162245
162246
162247
162248
162249
162250
162251
162252
162253
162254
162255
162256
162257
162258
162259
162260
162261
162262
162263
162264
162265
162266
162267
162268
162269
162284
162285
162286
162287
162288
162289
162290
162291
162292
162293
162294
162295
162296
162297
162298
162299
162300
162301
162302
162303
162304
162305
162306
162307
162308
162309
162310
162311
162312
162313
162314
162315
162316
162317
162318
162319
162320
162321
162322
162323
162324
162325
162326
162327
162328
162329
162330
162331
162332
162347
162348
162349
162350
162351
162352
162353
162354
162355
162356
162357
162358
162359
162360
162361
162362
162363
162364
162365
162366
162367
162368
162369
162370
162371
162372
162373
162374
162375
162376
162377
162378
162379
162380
162381
162382
162383
162384
162385
162386
162387
162388
162389
162390
162391
162392
162393
162394
162395
31453
31456
31457
31458
31459
31460
31461
31462
31463
31464
31489
31490
31491
31492
31493
31494
31495
31496
31497
31498
31499
31500
31501
31502
31503
31504
31505
31506
162579
31507
162580
31508
162581
31509
162582
31510
162583
31511
162584
31512
162585
31513
162586
31514
162587
31515
162588
31516
162589
31517
162590
31518
162591
31519
162592
31520
162593
31521
162594
31522
162595
31523
162596
31524
162597
31525
162598
31526
162599
31527
162600
31528
162601
31529
162602
31530
162603
31531
162604
31532
162605
31533
162606
31534
162607
31535
162608
31536
162609
162610
162611
162612
162613
162614
162615
162616
162617
162618
162619
162620
162621
31549
162622
31550
162623
31551
162624
31552
162625
31553
162626
31554
162627
31555
162628
31556
162629
31557
162630
31558
31559
31560
31561
31562
31563
31564
31565
31566
31567
31568
31569
31570
31571
31572
31573
31574
31575
31576
31577
31578
31579
31580
31581
31582
31583
31584
31585
31586
31587
31588
31589
31590
31591
31592
31593
31594
31595
31596
31597
31598
31599
31600
31601
31602
31603
31604
31605
31606
31607
31608
162685
162686
162687
162688
162689
162690
162691
162692
162693
162694
162695
162696
162697
162698
162699
162700
162701
162702
162703
162704
162705
162706
162707
162708
162709
162710
162711
162712
162713
162714
162715
162716
162717
31645
162718
31646
162719
31647
162720
31648
162721
31649
162722
31650
162723
31651
162724
31652
31653
31654
31655
31656
31657
31658
31659
31660
31661
31662
31663
31664
31665
31666
31667
31668
31669
31670
31671
31672
31673
31674
31675
31676
31677
31678
31679
31680
31681
31682
31683
31684
31685
162758
31686
162759
31687
162760
31688
162761
31689
162762
31690
162763
31691
162764
31692
162765
31693
162766
31694
162767
31695
162768
31696
162769
31697
162770
31698
162771
31699
162772
31700
162773
31701
162774
31702
162775
31703
162776
31704
162777
162778
162779
162780
162781
162782
31741
31742
31743
31744
31745
31746
31747
31748
31749
31750
31751
31752
31753
31754
31755
31756
31757
31758
31759
31760
31761
31762
31763
31764
31765
31766
31767
31768
31769
31770
31771
31772
31773
31774
31775
31776
31777
31778
31779
31780
31781
31782
31783
31784
31785
31786
31787
31788
31789
31790
31791
31792
31793
31794
31795
31796
31797
31798
31799
31800
31813
31814
31815
31816
31817
31818
31819
31820
31821
31822
31823
31824
31942
31943
31944
31945
31946
31947
31948
31991
31992
31993
31994
31995
31996
31997
31998
31999
32000
32001
32002
32003
32004
164052
164053
164054
164055
164056
164057
164058
164087
164088
164089
164090
164091
164092
164093
164094
164095
164096
164097
164098
164099
164100
164101
164102
164103
164104
164105
164106
164107
33266
33268
33270
33272
33273
33274
33275
33276
33277
33278
33279
33280
33281
33282
33283
33284
33285
33286
33288
33289
33291
33294
33295
33296
33297
33298
33299
33300
33301
33302
33340
33341
33342
33343
33344
33345
33346
33347
33348
33349
33350
33351
33352
33353
33354
33355
33356
33357
33358
33359
33360
33361
33362
33363
33364
33365
33366
33367
33368
33369
33370
33371
33372
33373
33374
33375
33376
33414
33415
33416
33417
33418
33419
33420
33421
33422
33423
33424
33425
33426
33427
33428
33429
33430
33431
33432
33433
33434
33435
33436
33437
33438
33439
33440
33441
33442
33443
33444
33445
33446
33447
33448
33449
33450
33451
33452
33453
33454
33455
33456
33457
33495
33496
33497
33498
33499
33500
33501
33502
33503
33504
33505
33506
33507
33508
33509
33510
33511
33512
33513
33514
33515
33516
33517
33518
33519
33520
33521
33522
33523
33524
33525
33526
33527
33528
33529
33530
33531
33532
33533
33534
33535
33536
33537
33538
33539
33540
33541
33542
33550
33551
33552
33553
33554
33555
33556
33564
33565
33566
33567
33572
33573
33574
33575
33648
33649
33650
33651
33652
33653
33654
33655
33656
33657
33658
33659
33660
33661
33662
33663
33664
33665
33666
33667
33668
33669
33670
33671
33672
33673
33674
33675
33676
33677
33678
33679
33680
33681
33682
33683
33684
33685
33686
33694
33695
33696
33697
33698
33699
33700
33708
33709
33710
33711
33716
33717
33718
33719
33801
33802
33803
33804
33805
33806
33807
33808
33809
33810
33811
33812
33813
33814
33815
33816
33817
33818
33819
33820
33821
33822
33823
33824
33825
33826
33827
33828
33829
33830
33831
33832
33833
33834
33835
33836
33837
33838
33839
33840
33841
33842
33880
33881
33882
33883
33884
33885
33886
33887
33888
33889
33890
33891
33892
33893
33894
33895
33896
33897
33898
33899
33900
33901
33902
33903
33904
33905
33906
33907
33908
33909
33910
33911
33912
33913
33914
33915
33916
34178
34179
34180
34181
34182
34183
34184
34185
34186
34187
34188
34189
34190
34191
34192
34193
34194
34195
34196
34197
34198
34199
34200
34201
34202
34203
34204
34205
34206
34207
34208
34209
34210
34211
34212
34213
34214
34215
34216
34217
34218
34219
34220
34221
34222
34223
34224
34225
34226
34311
34312
34313
34314
34315
34316
34317
34318
34319
34320
34321
34322
34323
34324
34388
34389
34390
34391
34392
34393
34394
34395
34396
34397
34398
34399
34400
34401
34672
34673
34674
34675
34676
34677
34678
34679
34680
34681
34682
34683
34684
34685
34686
34687
34688
34689
34690
34691
34692
34693
34694
34695
34696
34697
34698
34699
34700
34701
34702
34703
34815
34816
34817
34818
34819
34820
34821
34822
34823
34824
34825
34826
34827
34828
34829
34830
34831
34832
34833
34834
34835
34836
34837
34838
165984
165985
165986
165987
165988
165989
165990
165991
165992
165993
165994
165995
165996
165997
165998
165999
166000
166001
166002
166003
166004
166005
166006
166007
166008
166009
166010
166011
166012
166013
34941
166014
34942
166015
34943
166016
34944
166017
34945
166018
34946
166019
34947
166020
34948
166021
34949
166022
34950
166023
34951
166024
34952
166025
34953
166026
34954
166027
34955
166028
34956
166029
34957
166030
34958
166031
34959
166032
166033
166034
166035
166036
166037
166038
166039
166040
166041
166042
166043
166044
166045
166046
166082
166083
166084
166085
166086
166087
166088
166089
166090
166091
166092
166093
166094
166095
166096
166097
166098
166099
166100
166101
166102
166103
166104
166105
166106
166107
166108
166109
166110
166111
166112
166113
166114
166115
166116
166145
166146
166147
166148
166149
166150
166151
166152
166153
166154
166155
166156
166157
166158
166159
166160
166161
166162
166163
166164
166165
166383
166384
166385
166386
166387
166388
166389
166516
166517
166518
166519
166520
166521
166522
166523
166524
166525
166526
166527
166528
166529
166827
166828
166829
166830
166831
166832
166833
166834
166835
166836
166837
166838
166839
166840
166841
166842
166843
166844
166845
166846
166847
166848
166849
166850
166851
166852
166853
166854
166855
166856
166857
166858
166859
166860
166861
166862
166863
166864
166865
166866
166867
166868
166869
166870
166871
166872
166873
166874
166875
166876
166877
166878
166879
166880
166881
166882
166883
166884
166885
166886
166887
166888
166889
166890
166891
166892
166893
166894
166895
166896
166897
166898
166899
166900
166901
166902
166903
166904
166905
166906
166907
166908
166909
166910
166911
166912
166913
166914
166915
166916
166917
166918
166919
166920
166921
166922
166923
166924
166925
166926
166927
166928
166929
166930
166931
166932
166933
166934
166935
166936
166937
166938
166939
166940
166941
166942
166943
166944
166945
166946
166947
166948
166949
166950
166951
166952
166953
166954
166955
166956
166957
166958
166959
166960
166961
166962
166963
166964
166965
166966
166967
166968
166969
166970
166971
166972
166973
166974
166975
166976
166977
167034
167035
167036
167037
167038
167039
167040
167041
167042
167043
167044
167045
167046
167047
167048
167049
167050
167051
167052
167053
167054
167055
167056
167057
167058
167059
167060
167061
167062
167063
167064
167065
167066
167067
167068
167069
167070
167071
167072
167073
167074
167075
167076
167077
167078
167079
167080
167081
167082
167083
167084
167085
167086
167087
167088
167089
167090
167091
167092
167093
167094
167095
167096
167097
167098
167099
167100
167101
167102
167103
167104
167105
167106
167163
167164
167165
167166
167167
167168
167169
167170
167171
167172
167173
167174
167175
167176
167177
167178
167179
167180
167181
167182
167183
167184
167185
167186
167187
167188
167189
167190
167191
167192
167193
167194
167195
167196
167197
167198
167199
167200
167201
167202
167203
167204
167205
167206
167207
167208
167209
167210
167211
167212
36140
167213
36141
167214
36142
167215
36143
167216
36144
167217
36145
167218
36146
167219
36147
167220
36148
167221
36149
167222
36150
167223
36151
167224
36152
167225
36153
167226
36154
167227
36155
167228
36156
167229
36157
167230
36158
167231
36159
167232
36160
167233
36161
167234
36162
167235
36163
167236
36164
167237
36165
167238
36166
167239
36167
167240
36168
167241
36169
167242
36170
167243
36171
167244
36172
167245
36173
167246
36174
167247
36175
167248
36176
167249
36177
167250
36178
167251
36179
167252
36180
167253
36181
167254
36182
167255
36183
167256
36184
167257
36185
167258
36186
167259
36187
167260
36188
167261
36189
36190
36191
36240
36241
36242
36243
36244
36245
36246
36247
36248
36249
36250
36251
36252
36253
36254
36255
36256
36257
36258
36259
167332
36260
167333
36261
167334
167335
167336
167337
167338
167339
167340
167341
167342
167343
167344
167345
167346
167347
167348
167349
167350
167351
167352
167353
167354
167355
167356
167357
167358
167359
36310
36311
36312
36313
36314
36315
36316
36317
36318
36319
36320
36321
36322
36323
36324
36325
36326
36327
36328
36329
36330
36331
36332
36333
36334
36335
36336
36337
36338
36339
36430
36431
36432
36433
36434
36435
36436
36437
36438
36439
36440
36441
36442
36443
36444
36445
36446
36447
36448
36449
36450
36451
36452
36453
36478
36479
36480
36481
36482
36483
36484
36485
36486
36487
36488
36489
36490
36491
36492
36493
36494
36495
36496
36497
36498
36499
36500
36501
36502
36503
36504
36505
36506
36507
36508
36509
36510
36511
36512
36513
36514
36515
36516
36517
36518
36519
36520
36521
36522
36523
36524
36525
36530
36531
36532
36533
167829
167830
167831
167832
167833
167834
167835
167836
167837
167838
167839
167840
167841
167842
167857
167858
167859
167860
167861
167862
167863
167864
167865
167866
167867
167868
167869
167870
167878
167879
167880
167881
167882
167883
167884
167885
167886
167887
167888
167889
167890
167891
167892
167893
167894
167895
167896
167897
167898
167899
167900
167901
167902
167903
167904
167905
167906
167907
167908
167909
167910
167911
167912
167913
167914
167915
167916
167917
167918
167919
167920
167921
167922
167923
167924
167925
167926
167941
167942
167943
167944
167945
167946
167947
167948
167949
167950
167951
167952
167953
167954
167955
167956
167957
167958
167959
167960
167961
167969
167970
167971
167972
167973
167974
167975
167976
167977
167978
167979
167980
167981
167982
167997
167998
167999
168000
168001
168002
168003
168004
168005
168006
168007
168008
168009
168010
168125
168126
168127
168128
168129
168130
168131
168132
168133
168134
168135
168136
168137
168138
168139
168140
168141
168142
168143
168144
168145
168146
168147
168148
168149
168150
168151
168152
168153
168154
168155
168156
168157
168158
168159
168160
168161
168162
168163
168164
168165
168166
37118
37119
37120
37121
37122
37123
37124
37125
37126
37127
37128
37129
37130
37131
37132
37133
37134
37135
37136
37137
37138
37139
37140
37141
37142
37143
37144
37145
37146
37147
37148
37149
37150
37151
37152
37153
37154
37155
37156
37157
37158
37159
37160
37161
37162
37163
37164
37165
37166
37167
37168
37169
37170
37171
37172
37173
37174
37175
37176
37177
37178
37179
37180
37181
37182
37183
37184
37185
37186
37187
37188
37189
37190
37191
37192
37193
37194
37195
37196
37197
37198
37206
37207
37208
37209
37210
37211
37212
37220
37221
37222
37223
37228
37229
37230
37231
37412
37413
37414
37415
37416
37417
37418
37419
37420
37421
37422
37423
37424
37425
37426
37427
37428
37429
37430
37431
37432
168908
168909
168910
168911
168912
168913
168914
168915
168916
168917
168918
168919
168920
168921
168922
168923
168924
168925
168926
168927
168928
168929
168930
168931
168932
168933
168934
168935
168936
168937
168938
168939
168940
168941
168942
168943
168944
168945
168946
168947
168948
168949
168950
168951
168952
168953
168954
168955
168956
168957
168958
168959
168960
168961
168962
168963
168964
168965
168966
168967
168968
168969
168970
168971
168972
168973
168974
168975
168976
168977
38383
38384
38385
38386
38387
38388
38389
38390
38391
38392
38393
38394
38395
38396
38397
38398
38399
38400
38401
38402
38403
38404
169654
169655
169656
169657
169658
169659
169660
169661
169662
169663
169664
169665
169666
169667
169668
169669
169670
169671
169672
169673
169674
169675
169676
169677
169678
169679
169680
169681
169682
169683
169684
169685
169686
169687
169688
169689
169690
169691
169692
169693
169694
169695
169696
169697
169698
169699
169700
169701
169702
169703
169704
169705
169706
169707
169708
169709
169710
169711
169712
169713
169714
169715
169716
169717
169718
169719
169720
169721
169722
169723
169724
169725
169726
169727
169728
169729
169730
169731
169732
169733
38661
169734
38662
169735
38663
169736
38664
169737
38665
169738
38666
169739
38667
169740
38668
169741
38669
169742
38670
169743
38671
169744
38672
169745
38673
169746
38674
169747
38675
169748
38676
169749
38677
169750
38678
169751
38679
169752
38680
169753
38681
169754
38682
169755
169756
169757
169758
169759
169760
169761
169762
169763
169764
169765
169766
169767
169768
169769
169770
169771
169772
169773
169774
169775
169776
169777
169778
169779
169780
169781
169902
169903
169904
169905
169906
169907
169908
169909
169910
169911
169912
169913
169914
169915
169916
169917
169918
169919
169920
169921
169922
169923
169924
169925
169926
169927
169928
169929
169930
169931
169932
169933
169934
169935
169936
169937
169938
169939
169940
169941
169942
169943
169944
169945
169946
169947
169948
169949
169950
169951
169952
169953
169954
169955
169956
169957
169958
169959
169960
169961
169962
169963
169964
169965
169966
169967
169968
169969
169970
169971
169972
169973
169974
169975
169976
169977
169978
169979
169980
169981
169982
169983
170104
170105
170106
170107
170108
170109
170110
170111
170112
170113
170114
170115
170116
170117
170118
170119
170120
170121
170122
170123
170124
170125
170126
170127
170128
170129
170130
170131
170132
170133
170134
170135
170136
170137
170138
170139
170140
170141
170142
170143
170144
170145
170146
170147
170148
170149
170586
170587
170588
170589
170590
170591
170592
170593
170594
170595
170596
170597
170598
170599
170600
170601
170602
170603
170604
170605
170606
170607
170608
170609
170610
170611
170612
170613
170614
170615
170616
170617
170618
170619
170620
170621
170622
170623
170624
170625
170626
170627
170628
170629
170630
170631
170632
170633
170634
170635
170636
170637
170638
170639
170640
170641
170642
170643
170644
170645
170646
170647
170648
170649
170650
170651
170652
170653
170654
170655
170656
170657
170658
170659
170660
170661
170662
170663
170664
170665
170666
170667
170668
170669
170670
170671
170672
170673
170674
170675
170676
170677
170678
170679
170680
170681
170682
170683
170684
170685
170686
170687
170688
170689
170690
170691
170692
170693
170694
170695
170696
170697
170698
170699
170700
170701
170702
170703
170704
170705
170706
170707
170708
170709
170710
170711
170712
170713
170714
170715
170716
170717
170718
170719
170720
170721
170722
170723
170724
170725
170802
170803
170804
170805
170806
170807
170808
170809
170810
170811
170812
170813
170814
170815
170816
170817
170818
170819
170820
170821
170822
170823
170824
170825
170826
170827
170828
170829
170830
170831
170832
170833
170910
170911
170912
170913
170914
170915
170916
170917
170918
170919
170920
170921
170922
170923
170924
170925
170926
170927
170928
170929
170930
170931
170932
170933
170934
170935
170936
170937
170938
170939
170940
170941
170942
170943
170944
170945
170946
170947
170948
170949
170950
170951
170952
170953
170954
170955
170956
170957
170958
170959
170960
170961
170962
170963
170964
170965
170966
170967
170968
170969
170970
170971
170972
170973
170974
170975
170976
170977
170978
170979
170980
170981
170982
170983
170984
170985
170986
170987
170988
170989
170990
170991
170992
170993
170994
170995
170996
170997
170998
170999
171000
171001
171002
171003
171004
171005
171006
171007
171008
171009
171010
171011
171012
171013
171014
171015
171016
171017
40229
40230
40231
40232
40233
40234
40235
40236
40237
40238
40239
40240
40241
40242
40243
40244
40245
40246
40247
40248
40249
40250
40251
40252
40253
40254
40255
40256
40257
40258
40259
40260
40261
40262
40263
40264
40265
40266
40267
40268
40269
40270
40271
40272
40273
40274
40275
40276
40277
40278
40279
40280
40281
40282
40283
40284
40285
40286
40287
40288
40289
40290
40291
40292
40293
40294
40295
40296
171381
171382
171383
171384
171385
171386
171387
171388
171389
171390
171391
171392
171393
171394
171395
171396
171397
171398
171399
171400
171401
171402
171403
171404
171405
171406
171407
171408
171409
171410
171411
171412
171413
171414
171415
171416
171417
171418
171419
171420
171421
171422
171423
171424
171425
171426
171427
171428
171429
171430
171431
171432
171433
171434
171435
171436
171451
171452
171453
171454
171455
171456
171457
171458
171459
171460
171461
171462
171463
171464
171465
171466
171467
171468
171469
171470
171471
171615
171616
171617
171618
171619
171620
171621
171622
171623
171624
171625
171626
171627
171628
171629
171630
171631
171632
171633
171634
171635
171636
171637
171638
171639
171640
171641
171642
171643
171644
171645
171646
171647
171648
171649
171650
171665
171666
171667
171668
171683
171684
171685
171686
171687
171688
171689
171690
171691
171692
171693
171694
171695
171696
171697
171698
171699
171700
171701
172425
172426
172427
172428
172429
172430
172431
172432
172433
172434
172435
172436
172473
172474
172475
172476
172477
172478
172479
172480
172481
172482
172483
172484
172497
172498
172499
172500
172501
172502
172503
172504
172505
172506
172507
172508
172521
172522
172523
172524
172525
172526
172527
172528
172529
172530
172531
172532
172545
172546
172547
172548
172549
172550
172551
172552
172553
172554
172555
172556
172807
172808
172809
172810
172811
172812
172813
172814
172815
172816
172817
172818
172819
172820
172821
172822
172823
172824
172825
172826
172827
172828
172829
172830
172831
172832
172833
172834
172835
172836
172837
172838
172839
172840
172841
172842
172843
172844
172845
172846
172847
172848
172849
172850
172851
172852
172853
172854
172855
172856
172857
172858
172859
172860
172861
172862
172863
172864
172865
172866
172867
172868
172869
172870
172871
172872
172873
172874
172875
172876
172877
172878
172879
172880
172881
172882
172883
172884
172885
172886
172887
172888
172889
172890
172891
172892
172893
172894
172895
172896
172897
172898
172899
172900
172901
172902
172903
172904
172933
172934
172935
172936
172937
172938
172939
172940
172941
172942
172943
172944
172945
172946
172947
172948
172949
172950
172951
172952
172953
172954
172955
172956
172957
172958
172959
172960
172961
172962
172963
172964
172965
172966
172967
172968
172969
172970
172971
172972
172973
172974
172975
172976
172977
172978
172979
172980
172981
172982
172983
172984
172985
172986
172987
172988
172989
172990
172991
172992
172993
172994
172995
172996
172997
172998
172999
173000
173001
173002
173003
173004
173005
173006
173007
173008
173009
173010
173011
173012
173013
173014
173015
173016
173031
173032
173033
173034
173035
173036
173037
173038
173039
173040
173041
173042
173043
173044
173045
173046
173047
173048
173049
173050
173051
173052
173053
173054
173055
173056
173057
173058
173059
173060
173061
173062
173063
173064
173065
43276
43277
43279
43282
43283
43286
43287
43290
43291
43294
174368
174369
174370
174371
174372
174373
174374
174375
174376
174377
174378
174379
174380
174381
174382
174383
43311
43312
43313
43314
43315
43316
43317
43318
43319
43320
43321
43322
43323
43324
43325
43326
43327
43328
43329
43330
174416
174417
174418
174419
43347
174420
43348
174421
43349
174422
43350
174423
174424
174425
174426
174427
174428
174429
174430
174431
174432
174433
174434
174435
174436
174437
174438
174439
43367
174440
43368
174441
43369
174442
43370
174443
43375
43376
43377
43378
43383
43384
43385
43386
174476
174477
174478
174479
174480
174481
174482
174483
174484
174485
174486
174487
174488
174489
174490
174491
174492
174493
174494
174495
174496
174497
174498
174499
174500
174501
174502
174503
174504
174505
174506
174507
174508
174509
174510
174511
174512
174513
174514
174515
174516
174517
174518
174519
174520
174521
174522
174523
174524
174525
174526
174527
174528
174529
174530
174531
174532
174533
174534
174535
174536
174537
174538
174539
174540
174541
174542
174543
174544
174545
174546
174547
174548
174549
174550
174551
174552
174553
174554
174555
174556
174557
174558
174559
174560
174561
174562
174563
174564
174565
174566
174567
174568
174569
174570
174571
174572
174573
174574
174575
174576
174577
174578
174579
174580
174581
174582
174583
174584
174585
174586
174587
174588
174589
174590
174623
174624
174625
174626
174627
174628
174629
174630
174631
174632
174633
174634
174635
174636
174637
174638
174639
174640
174641
174642
174643
174644
174645
174646
174647
174648
174649
174650
174651
174652
174653
174654
174655
174656
174657
174658
174659
174660
174661
174662
174663
174664
174665
174666
174667
174668
174669
174670
174671
174672
174673
174674
174675
174676
174677
174678
174679
174680
174681
174682
174683
174684
174685
174686
174687
174688
174689
174690
174691
174692
174693
174694
174695
174696
174697
174698
174699
174700
174701
174702
174703
174704
174705
174706
174707
174708
174709
174710
174711
174712
174713
174714
174715
174716
174717
174718
174719
174720
174721
174722
174723
174724
174725
174726
174727
174728
174729
174730
174731
174732
174733
174734
174735
174736
174737
174738
174739
174740
174741
174742
174743
174744
174745
174746
174747
174748
174749
174750
174751
174752
174753
174754
174755
174756
174757
174832
174833
174834
174835
174836
174837
174838
174839
174840
174841
174842
174843
174844
174845
174846
174847
174848
174849
174850
174851
174852
174853
174854
174855
174856
174857
174858
174859
174860
174861
174862
174863
174864
174865
174866
174867
174868
174869
174870
174871
174872
174873
174874
174875
174876
174877
174878
174879
174880
174881
174882
174883
174884
174885
174886
174887
174888
174889
174890
174891
174892
174893
174894
174895
174896
174897
174898
174899
174900
174901
174902
174903
174904
174905
174906
174907
174908
174909
174910
174911
174912
174913
174914
174915
174916
174917
174918
174919
174920
174921
174922
174923
174924
174925
174926
174927
174928
174929
174930
43858
174931
43859
174932
174933
174934
43862
174935
43863
174936
174937
43865
174938
43866
174939
174940
174941
43869
174942
43870
174943
174944
43872
174945
43873
174946
174947
174948
43876
174949
43877
174950
174951
43879
174952
43880
174953
174954
174955
43883
174956
43884
174957
174958
43886
174959
174960
174961
174962
43890
174963
174964
174965
174966
174967
174968
174969
174970
174971
174972
174973
174974
174975
174976
174977
174978
174979
174980
174981
174982
174983
174984
174985
174986
174987
174988
174989
174990
174991
43920
43921
43922
43923
43924
43925
43926
43927
43928
43929
43930
43931
43932
43933
43935
43937
43939
43970
43972
43974
175066
175067
175068
175069
175070
43998
175071
175072
44000
175073
175074
44002
175075
175076
175077
175078
175079
175080
175081
175082
175083
175084
175085
175086
175087
175088
175089
175090
175091
175092
175093
175094
175095
175096
175097
175098
175099
175100
175101
175102
175103
175104
175105
175106
175107
175108
175109
175110
175111
175112
175113
175114
175115
175116
175117
175118
175119
175120
175121
175122
175123
175124
175125
175126
175127
175128
175129
175130
175131
175132
175133
175134
175135
175136
175137
175138
175139
175140
175141
175142
175143
175144
175145
175146
175147
175148
175149
175150
175151
175152
175153
175154
175155
175156
175157
175158
175159
175160
175161
175162
175163
175164
175165
175166
175167
175168
175201
175202
175203
175204
175205
175206
175207
175208
175209
175210
175211
175212
175213
175214
175215
175216
175217
175218
175219
175220
175221
175222
175223
175224
175225
175226
175227
175228
175261
175262
175263
175264
175265
175266
175267
175268
175269
175270
175271
175272
175273
175274
175275
175276
175277
175278
175279
175280
175281
175282
175283
175284
175285
175286
175287
175288
44466
44468
44469
44471
44473
44475
44477
44479
44480
44482
44484
44486
44487
44489
44491
44493
44494
44496
44498
44500
44529
44530
44531
44532
44533
44534
44535
44536
44537
44538
44539
44540
44541
44542
44543
44544
44545
44546
44547
44548
44549
44578
44579
44580
44581
44582
44583
44584
44599
44600
44601
44602
44603
44604
44605
176893
176894
176895
176896
176897
176898
176899
176936
176937
176938
176939
176940
176941
176942
176943
176944
176945
176946
176947
176948
176949
176950
176951
176952
176953
176954
176955
176956
176957
176958
176959
176988
176989
176990
176991
176992
176993
176994
176995
176996
176997
176998
176999
177000
177001
177002
177003
177004
177005
177006
177007
177008
177009
177010
177011
177012
177013
177014
177015
45999
46002
46003
46004
46005
46006
46007
46008
46009
46010
46011
46014
46015
46016
46017
46018
46019
46020
46021
46022
46023
46026
46027
46028
46029
46030
46031
46032
46033
46034
46035
46038
46039
46040
46041
46042
46043
46044
46045
46046
46051
46052
46053
46054
46107
46108
46109
46110
46111
46112
46113
46114
46115
46116
46117
46118
46119
46120
46121
46122
46123
46124
46125
46126
46127
46128
46129
46130
46131
46132
46133
46134
46135
46136
46137
46138
46139
46140
46141
46142
46143
46144
46145
46146
46147
46148
46149
46150
46151
46152
46153
46154
46159
46160
46161
46162
46219
46220
46221
46222
46279
46280
46281
46282
46303
46304
46305
46306
46327
46328
46329
46330
46434
46435
46436
46437
46438
46439
46440
46441
46453
46454
46482
46483
177644
177645
177646
177647
177656
177657
177658
177659
177660
177661
177662
177663
177664
177665
177666
177667
177668
177669
177670
177671
177672
177673
177674
177675
177676
177677
177678
177679
177680
177681
177682
177683
177684
177685
177686
177687
177688
177689
177690
177691
177692
177693
177694
177695
177696
177697
177698
177699
177700
177701
177702
177703
177704
177705
177706
177707
177708
177709
177710
177711
177712
177713
177714
177715
177716
177717
177718
177719
177720
177721
177722
177723
177724
177725
177726
177727
177728
177729
177730
177731
177732
177733
177734
177735
177736
177737
177738
177739
177740
177741
177742
177743
177744
177745
177746
177747
177748
177749
177750
177751
177752
177753
177754
177755
177756
177757
177758
177759
177760
177761
177762
177763
177764
177765
177766
177767
177768
177769
177770
177771
177772
177773
177774
177775
177776
177777
177778
177779
177780
177781
177782
177783
177784
177785
177786
177787
177788
177789
177790
177791
177792
177793
177794
177795
177796
177797
177798
177799
177800
177801
177802
177803
177804
177805
177806
177807
177808
177809
177810
177811
177812
177813
177814
177815
177816
177817
177818
177819
177820
177821
177822
177823
177824
177825
177826
177827
177828
177829
177830
177831
177832
177833
177834
177835
177836
177837
177838
177839
177840
177841
177842
177843
177844
177845
177846
177847
177848
177849
177850
177851
177852
179780
179781
179782
179783
179784
179785
179786
179787
179788
179789
179790
179791
179792
179793
179794
179795
179796
179797
179798
179799
179800
179808
179809
179810
179811
179812
179813
179814
179836
179837
179838
179839
179840
179841
179842
179843
179844
179845
179846
179847
179848
179849
179850
179851
179852
179853
179854
179855
179856
48862
48864
48866
48868
48869
48870
48871
48872
48873
48874
48875
48876
48877
48878
48879
48880
48881
48882
48884
48885
48887
48890
48891
48892
48893
48894
48895
48896
48897
48898
48899
48901
48903
48905
48906
48907
48908
48909
48910
179983
48911
179984
48912
179985
48913
179986
48914
179987
48915
179988
48916
179989
48917
179990
48918
179991
48919
179992
48920
179993
179994
179995
48923
179996
48924
179997
179998
179999
48927
180000
48928
180001
48929
180002
48930
180003
48931
48932
48933
48934
48935
48936
48938
48940
48942
48943
48944
48945
48946
48947
48948
48949
48950
48951
48952
48953
48954
48955
48956
48957
48960
48961
48964
48965
48966
48967
48968
48969
48970
48971
48972
48973
48975
48977
48979
48980
48981
48982
48983
48984
48985
48986
48987
48988
48989
48990
48991
48992
48993
48994
48997
48998
49001
49002
49003
49004
49005
49006
49007
49008
49009
49017
49018
49019
49020
49021
49022
49023
49031
49034
49039
49040
49041
49042
180228
180229
180230
180231
180232
180233
180234
49195
49196
49197
49198
49199
49200
49201
49202
49203
49204
49205
49206
49207
49208
49209
49210
49211
49212
49213
49214
49215
49216
49217
49218
49219
49220
49221
49222
49223
49224
49225
49226
49227
49228
49229
49230
49231
49232
49233
49234
49235
49236
49237
49238
49239
49240
49241
49242
49243
49244
49245
49246
49247
49248
49249
49250
49251
49252
49253
49254
49255
49256
49257
49258
49259
49260
49261
49262
49263
49264
49265
49266
49267
49268
49276
49277
49278
49279
49280
49281
49282
49290
49291
49292
49293
49298
49299
49300
49301
180473
180474
180475
180476
180477
180478
180479
180480
180481
180482
180483
180484
180485
180486
180487
180488
180489
180490
180491
180492
180493
180494
180495
180496
180497
180498
180499
180500
180501
180502
180503
180504
180505
180506
180507
180508
180509
180510
180511
180512
180513
180514
180529
180530
180531
180532
180533
49461
180534
49462
180535
49463
180536
49464
180537
49465
180538
49466
180539
49467
180540
180541
180542
49475
49476
49477
49478
49483
49484
180557
49485
180558
49486
180559
180560
180561
180562
180563
180564
180565
180566
180567
180568
180569
180570
180571
180572
180573
180574
180575
180576
180577
49572
49573
49574
49575
49576
49577
49578
49586
49587
49588
49589
49594
49595
49596
49597
181096
181097
181098
181099
181100
181101
181102
181103
181104
181105
181106
181107
181108
181109
181138
181139
181140
181141
181142
181143
181144
181145
181146
181147
181148
181149
181150
181151
181152
181153
181154
181155
181156
181157
181158
181159
181160
181161
181162
181163
181164
181165
50099
50100
50101
50102
50103
50104
50105
50106
50107
50108
50109
50110
50111
50112
50113
50114
50115
50116
50117
50118
50119
50120
50121
181194
50122
181195
50123
181196
50124
181197
50125
181198
50126
181199
50127
181200
50128
181201
50129
181202
50130
181203
50131
181204
50132
181205
50133
181206
50134
181207
50135
181208
50136
181209
50137
181210
50138
181211
181212
181213
181214
181215
181216
181217
181218
181219
181220
181221
181250
181251
181252
181253
181254
181255
181256
181257
181258
181259
181260
181261
181262
181263
181264
181265
181266
181267
181268
181269
181270
181271
181272
181273
181274
181275
181276
181277
181313
181314
181315
181316
181317
181318
181319
181320
181321
181322
181323
181324
181325
181326
181327
181328
181329
181330
181331
181332
181333
181334
181335
181336
181337
181338
181339
181340
50272
50273
50274
50275
50276
50277
50278
50279
50280
50281
50282
50283
50284
50285
50286
50287
50288
50289
50290
50291
50292
50293
50294
50295
50296
50297
50298
50299
50300
50301
50302
50303
50304
50305
50306
50307
50308
50309
181383
181384
181385
181386
181387
181388
181389
181390
181391
181392
181393
181394
181395
181396
181397
181398
181399
181400
181401
181402
181403
181404
181405
181406
181407
181408
181409
181410
181439
181440
181441
181442
181443
181444
181445
181446
181447
181448
181449
181450
181451
181452
181453
181454
181455
181456
181457
181458
181459
181460
181461
181462
181463
181464
181465
181466
181495
181496
181497
181498
181499
50427
181500
50428
181501
50429
50430
50431
50432
181866
181867
181868
181869
181870
181871
181872
181873
181874
181875
181876
181877
181878
181879
181880
181881
181882
181883
181884
181885
181886
181887
181888
181889
181890
181891
181892
181893
182377
182378
182379
182380
182381
182382
182383
182384
182385
182386
182387
182388
182389
182390
182391
182392
182393
182394
182395
182396
182397
182398
182399
182400
182401
182402
182403
182404
182405
182406
182407
182408
182409
182410
182411
182412
182413
182414
182415
182416
182417
182418
182419
182420
182421
182422
182423
182424
182425
182426
182427
182428
182429
182430
182431
182432
182433
182434
182435
182436
182437
182438
182439
182440
182441
182442
182443
182444
182445
182446
182447
182448
182449
182450
182451
182452
182453
182454
182455
182456
182457
182458
182459
182460
182461
182462
182463
182464
182465
182466
182467
182468
182469
182470
182471
182472
182473
182474
182475
182476
182477
182478
182479
182480
182481
182482
182483
182484
182485
182486
182487
182488
182489
182490
182491
182492
182493
182494
182495
182496
182497
182498
182499
182500
182501
182502
182503
182504
182505
182506
182507
182508
182509
182510
182511
182512
182513
182514
182515
182516
182517
182518
182519
182520
182521
182522
182523
182524
182525
182526
182527
182528
182529
182530
182531
182532
182533
182534
182535
182536
182537
182986
182987
182988
182989
182990
182991
182992
182993
182994
182995
182996
182997
182998
182999
183000
183001
183002
183003
183004
183005
183006
183182
183183
183184
183185
183186
183187
183188
183189
183190
183191
183192
183193
183194
183195
183196
183197
183198
183199
183200
183201
183202
183483
183484
183485
183486
183487
183488
183489
183490
183491
183492
183493
183494
183495
183496
183497
183498
183499
183500
183501
183502
183503
183504
183505
183506
183507
183508
183509
183510
183511
183512
183513
183514
183515
183516
183517
183518
183519
183520
183521
183522
183523
183524
183525
183526
183527
183528
183529
183530
183531
183532
183533
183534
183535
183536
183537
183538
183826
183827
183828
183829
183830
183831
183832
183833
183834
183835
183836
183837
183838
183839
183840
183841
183842
183843
183844
183845
183846
183847
183848
183849
183850
183851
183852
183853
183854
183855
183856
183857
183858
183859
183860
183861
183862
183863
183864
183865
183866
183867
183868
183869
183870
183871
183872
183873
183874
184120
184121
184122
184123
184124
184125
184126
184127
184128
184129
184130
184131
184132
184133
184134
184135
184136
184137
184138
184139
184140
184141
184142
184143
184144
184145
184146
184147
184148
184149
184150
184151
184152
184153
184154
184155
184156
184157
184158
184159
184160
184161
184162
184163
184164
184165
184166
184167
184168
184169
184170
184171
184172
184173
184174
184175
184176
184177
184178
184179
184180
184181
184182
184183
184184
184185
184186
184187
184188
184189
184190
184191
184192
184193
184194
184195
184196
184197
184198
184199
184200
184201
184202
184203
184204
184205
184206
184207
184208
184209
184210
184211
184212
184213
184214
184215
184216
184217
184218
184219
184220
184221
184222
184223
184224
184225
184226
184227
184228
184229
184230
184231
184428
184429
184430
184431
184432
184433
184434
184435
184436
184437
184438
184439
184440
184441
184442
184443
184444
184445
184446
184447
184448
184449
184450
184451
184452
184453
184454
184455
184456
184457
184458
184459
184460
184461
184462
184463
184464
184465
184466
184467
184468
184469
53505
53506
53509
53510
53511
53512
53513
53514
53516
53517
53520
53521
53523
53524
53527
53528
53530
53531
53534
53535
53537
53538
53541
53542
53544
53548
184624
184625
184626
184627
184628
184629
184630
184631
184632
184633
184634
184635
184636
184637
184638
184639
184640
184641
184642
184643
184644
184645
184646
184647
184648
184649
184650
184651
184652
184653
184654
184655
184656
184657
184658
184659
184660
184661
184662
184663
184664
53592
184665
53593
53594
53595
53596
53597
53598
53599
53600
53601
53602
53603
53604
53605
53606
53607
53608
53609
53610
53611
53612
53613
53614
53615
53616
53618
53620
53622
53666
53667
53668
53669
53670
53671
53672
53673
53674
53675
53676
53677
53678
53679
53680
53681
53682
53683
53685
53687
53689
53719
53720
53721
53722
53723
53724
53725
53726
53727
53728
53729
53730
53731
53732
53733
53734
53735
53736
53737
53738
53739
53740
53741
53742
53743
53765
53766
53767
53768
53769
53770
53771
53772
53773
53774
53775
53776
53777
53778
53779
53780
53781
53782
53783
53784
53785
53786
53787
53788
53789
53790
53791
53792
53793
53794
53795
53796
53811
53812
53813
53814
53815
53816
53817
53818
53819
53820
53821
53822
53823
53824
53825
53826
53827
53828
53829
53830
53831
53832
53833
53834
53835
53836
53837
53838
53839
53840
53841
53842
53843
53844
53845
53846
53847
53848
53849
53851
53853
53855
53892
53893
53894
184967
53895
184968
53896
184969
53897
184970
53898
184971
53899
184972
53900
184973
53901
184974
53902
184975
53903
184976
53904
184977
53905
184978
53906
184979
53907
184980
53908
184981
53909
184982
53910
184983
53911
184984
53912
184985
53913
184986
53914
184987
53915
184988
53916
184989
53917
184990
53918
184991
53919
184992
53920
184993
53921
184994
53922
184995
53923
184996
53924
184997
53925
184998
53926
184999
53927
185000
53928
185001
53929
185002
53930
185003
185004
53932
185005
185006
53934
185007
185008
53936
185009
185010
185011
185012
185013
185014
185015
185016
185017
185018
185019
185020
185021
185022
185023
185024
185025
185026
185027
185028
185029
185030
185031
185032
185033
185034
185035
185036
185037
185038
185039
185040
185041
185042
185043
185044
185045
185046
185047
185048
185049
185050
53980
53981
53982
53983
53984
53985
53986
53987
53988
53989
53990
53991
53992
53993
53994
53995
53996
53997
53998
53999
54000
54001
54002
54003
54004
54005
54006
54007
54008
54009
54010
54011
54012
54013
54014
54015
54016
54017
54018
54019
54020
54021
185219
185220
185221
185222
185223
185224
185225
185226
185227
185228
185229
185230
185231
185232
185233
185234
185235
185236
185237
185238
185239
185240
185241
185242
185243
185244
185245
185246
185247
185248
185249
185250
185251
185252
185253
185254
185255
185256
185257
185258
185259
185260
185261
185262
185263
185264
185265
185266
185267
54197
54198
54199
54200
54201
54202
54203
54218
54219
54220
54221
54222
54223
54224
54239
54240
54241
54242
54243
54244
54245
54260
54261
54262
54263
54264
54265
54266
185485
185486
185487
185488
185489
185490
185491
185492
185493
185494
185495
185496
185497
185498
185499
185500
185501
185502
185503
185504
185505
185506
185507
185508
185509
185510
185511
185512
185513
185514
185515
185516
185517
185518
185519
185520
185521
185522
185523
185524
185525
185526
185527
185528
185529
185530
185531
185532
185533
185534
185535
185536
185537
185538
185539
185540
185541
185542
185543
185544
185545
185546
185547
185548
54476
185549
54477
185550
54478
185551
54479
185552
54480
185553
54481
185554
54482
185555
185556
185557
185558
185559
185560
185561
185562
185563
185564
185565
185566
185567
185568
54511
54512
54513
54514
54515
54516
54517
54518
54519
54520
54521
54522
54523
54524
54525
54526
54527
54528
54529
54530
54531
54532
54533
54534
54535
54536
54537
54538
54539
54540
54541
54542
54543
54544
54545
54546
54547
54548
54549
54550
54551
54552
185751
185752
185753
185754
185755
185756
185757
185758
185759
185760
185761
185762
185763
185764
185765
185766
185767
185768
185769
185770
185771
185772
185773
185774
185775
185776
185777
185778
185779
185780
185781
185782
185783
185784
185785
185786
185787
185788
185789
185790
185791
185792
185793
185794
185795
185796
185797
185798
185799
185800
185801
185802
185803
185804
185805
185806
55211
55214
55216
55217
55218
55219
55220
55221
55222
55223
55224
55239
55240
55241
55242
55243
55244
55245
55246
55247
55248
55249
55250
55251
55252
55267
55268
55269
55270
55271
55272
55273
55274
55275
55276
55277
55278
55279
55280
55295
55296
55297
55298
55299
55300
55301
55302
55303
55304
55305
55306
55307
55308
55323
55324
55325
55326
55327
55328
55329
55330
55331
55332
55333
55334
55335
55336
186423
55351
186424
55352
186425
55353
186426
55354
186427
55355
186428
55356
186429
55357
186430
55358
186431
55359
186432
55360
186433
55361
186434
55362
186435
55363
186436
55364
186437
186438
186439
186440
186441
186442
186443
186451
55379
186452
55380
186453
55381
186454
55382
186455
55383
186456
55384
186457
55385
55386
55387
55388
55389
55390
55391
55392
186472
186473
186474
186475
186476
186477
186478
186479
55407
186480
55408
186481
55409
186482
55410
186483
55411
186484
55412
186485
55413
186486
55414
186487
55415
186488
55416
186489
55417
186490
55418
186491
55419
186492
55420
186493
55421
186494
55422
186495
55423
186496
55424
186497
55425
186498
55426
186499
55427
55428
55429
55430
55431
55432
55433
55434
55435
55436
55437
55438
55439
55440
55441
186514
55442
186515
55443
186516
55444
186517
55445
186518
55446
186519
55447
186520
55448
186521
55449
186522
55450
186523
55451
186524
55452
186525
55453
186526
55454
186527
55455
186528
55456
186529
55457
186530
55458
186531
55459
186532
55460
186533
55461
186534
55462
186535
55463
186536
55464
186537
55465
186538
55466
186539
55467
186540
55468
186541
55469
55470
55471
55472
55473
55474
55475
55476
186549
55477
186550
55478
186551
55479
186552
55480
186553
55481
186554
55482
186555
55483
186556
55484
186557
55485
186558
55486
186559
55487
186560
55488
186561
55489
186562
55490
186563
186564
186565
186566
186567
186568
186569
186570
186571
186572
186573
186574
186575
186576
186577
186578
186579
186580
186581
186582
186583
186584
186585
186586
186587
186588
186589
186590
186591
186592
186593
186594
186595
186596
186597
186598
186599
186600
186601
186602
186603
186604
186605
186606
186607
186608
186609
186610
186611
186612
186613
186614
186615
186616
186617
186618
186619
186620
186621
186622
186623
186624
186625
186626
186627
186628
186629
186630
186631
186632
186633
186634
186635
186636
186637
186638
186639
186640
186641
186642
186643
186644
186645
186646
55994
55995
55996
55997
55998
55999
56000
56001
56002
56003
56004
56005
56006
56007
56008
56009
56010
56011
56012
56013
56014
56015
56016
56017
56018
56019
56020
56021
56022
56023
56024
56025
56026
56027
56028
56029
56030
56031
56032
56033
56034
56035
56036
56037
56038
56039
56040
56041
56042
56043
56044
56045
56046
56047
56048
56049
56050
56051
56052
56053
56054
56055
56056
56057
56058
56059
56060
56061
56062
56063
56064
56065
56066
56067
56068
56069
56070
56071
56072
56073
56074
56075
56076
56077
56078
56079
56080
56081
56082
56083
56084
56085
56086
56087
56088
56089
56090
56091
56092
56093
56094
56095
56096
56097
56098
56099
56100
56101
56102
56103
56104
56105
56106
56107
56108
56109
56110
56111
56112
56113
56114
56115
56116
56117
56118
56119
56120
56121
56122
56123
56124
56125
56126
56127
56128
56129
56130
56131
56132
56133
56134
56135
56136
56137
56138
56139
56140
56141
56142
56143
56144
56145
56146
56147
56148
56149
56150
56151
56152
56153
56154
56155
56156
56157
56158
56159
56160
56161
56162
56163
56164
56165
56166
56167
56168
56169
187242
56170
187243
56171
187244
56172
187245
56173
187246
56174
187247
56175
187248
56176
187249
56177
187250
56178
187251
56179
187252
56180
187253
56181
187254
56182
187255
56183
56184
56185
56186
56187
56188
56217
56218
56219
56220
56221
56222
56223
56224
56225
56226
56227
56228
56229
56230
56231
56232
56233
56234
56235
56236
56237
56238
56239
56240
56241
56242
56243
56244
56245
56246
56247
56248
56249
56250
56251
56252
56253
56254
56255
56256
56257
56258
56259
56260
56261
56262
56263
56264
56265
56266
56267
56268
56269
56270
56271
56272
56273
56274
56275
56276
56277
56278
56279
56280
56281
56282
56283
56284
56285
56286
56287
56288
56289
56290
56291
56292
56293
56294
56295
56296
56297
56326
56327
56328
56329
56330
56331
56332
56333
56334
56335
56336
56337
56338
56339
56340
56341
56342
56343
56344
56345
56346
56347
56348
56349
56350
56351
56352
56353
56354
56355
56356
56357
56358
56359
56360
56361
56362
56363
56364
56365
56366
56367
56368
56369
56370
56371
56372
187445
56373
187446
56374
187447
56375
187448
56376
187449
56377
187450
56378
187451
56379
187452
56380
187453
56381
187454
56382
187455
56383
187456
56384
187457
56385
187458
56386
56387
56388
56389
56390
56391
56392
56393
56394
56395
56396
56397
56398
56399
56400
56401
56402
56403
56404
56405
56406
56407
187480
56408
187481
56409
187482
56410
187483
56411
187484
56412
187485
56413
187486
56414
187487
56415
187488
56416
187489
56417
187490
56418
187491
56419
187492
56420
187493
56421
187494
56422
187495
56423
56424
56425
187504
187505
187506
187507
56461
56462
56463
56464
56465
56466
56467
56468
56469
56470
56471
56472
56473
56474
187861
187862
187863
187864
187865
187866
187867
187868
187869
187870
187871
187872
187879
187880
187881
187882
187883
187884
187885
187886
187887
187888
187889
187890
187891
187892
187893
187906
187907
187908
187909
187910
187911
187912
187913
187914
187915
187916
187917
187918
187919
187920
187921
187922
187923
187924
187925
187944
187945
187946
187947
187948
187949
187950
187951
187952
187953
187954
187955
187956
187957
187958
187967
187968
187969
187970
187971
187972
187973
187974
187975
187976
187977
187978
187979
187980
187981
188008
188009
188010
188011
188012
188013
188014
188015
188016
188017
188018
188019
188020
188021
188022
188023
188024
188025
188026
188027
188028
188029
188030
188031
188050
188051
188052
188053
188054
188055
188056
188057
188058
188059
188060
188061
188062
188063
188064
188077
188078
188079
188080
188081
188082
188083
188084
188085
57130
57132
57134
57136
57137
57138
57139
57140
57141
57142
57143
57151
57152
57153
57154
57155
57156
57157
57158
57159
57160
57161
57162
57163
57164
57172
57173
188246
57174
188247
57175
188248
57176
188249
57177
188250
57178
188251
57179
57180
57181
57182
57183
57184
57185
57186
57187
57188
57189
57197
57198
57199
57200
57201
57202
57203
57204
57205
57206
57207
57208
57209
57210
57211
57212
57213
57214
57215
57216
57217
57218
57219
57220
57221
57222
57223
57224
57253
57254
57255
57256
57257
57258
57259
57260
57261
57262
57263
57264
57265
57266
57267
57268
57269
57270
57271
57272
57273
57274
57275
57276
57277
57306
57307
57308
57309
57310
57311
57312
57313
57314
57315
57316
57317
57318
57319
57327
57328
57329
57330
57331
57332
57333
57334
57335
57336
57337
57338
57339
57340
57348
57349
57350
57351
57352
57353
57354
57355
57356
57357
57358
57359
57360
57361
57362
57363
57364
57365
57366
57367
57368
57369
57370
57371
57372
57373
57374
57375
57376
57377
57378
57379
57380
57381
57382
57383
57384
57385
57386
57387
57388
57389
57575
57576
57577
57578
57579
57580
57581
57589
57590
57591
57592
57593
57594
57595
57596
57597
57598
57599
57600
57601
57602
57603
57604
57605
57606
57607
57608
57609
57610
57611
57612
57613
57614
57615
57616
57617
57618
57619
57620
57621
57622
57623
57624
57625
57626
57627
57628
57629
57630
57631
57632
57633
57634
57635
57636
57637
57638
57639
57640
57641
57642
57643
57644
188753
188754
188755
188756
188757
188758
188759
188760
188761
188762
188763
188764
188765
188766
188767
188768
188769
188770
188771
188772
188773
188774
188775
188776
188777
188778
188779
188780
188781
188782
188783
188784
188785
188786
188787
188788
188789
188790
188791
188792
188793
188794
188795
188796
188797
188798
188799
188800
188801
188802
188803
188804
188805
188806
188807
188808
188809
188810
188811
188812
188813
188814
188815
188816
188817
188818
188819
188820
188821
188822
188823
188824
188825
188826
188827
188828
188829
188830
188831
188832
188833
188834
188835
188836
188837
188838
188839
188840
188841
188842
188843
188844
188845
188846
188847
188848
188849
188850
188851
188852
188853
188854
188855
188856
188857
188858
188859
188860
188861
188862
188863
188864
188865
188866
188867
188868
188869
188870
188871
188872
188873
188874
188875
188876
188877
188878
188879
188880
188881
188882
188883
188884
188885
188886
188887
188888
188889
188890
188891
188892
188893
188894
188895
188896
189016
189017
189018
189019
189034
189035
189036
189037
57974
57975
57976
57977
57978
57979
57980
57981
57982
57983
57984
57985
57986
57987
57988
57989
57990
57991
57992
57993
57994
57995
57996
57997
57998
57999
58000
58001
58002
58003
58004
58005
58006
58007
58008
58009
58010
58011
58012
58013
58014
58015
58016
189089
58017
189090
58018
189091
58019
189092
58020
189093
58021
189094
58022
189095
58023
189096
58024
189097
58025
189098
58026
189099
58027
189100
58028
58029
58058
58059
58060
58061
58062
58063
58064
58065
58066
58067
58068
58069
58070
58071
58072
58073
58074
58075
58076
58077
58078
58079
58080
58081
58082
58083
58084
58085
58107
58108
58109
58110
58111
58112
58113
58114
58115
58116
58117
58118
58119
58120
58121
58122
58123
58124
58125
58126
58127
58128
58129
58130
58131
58132
58133
58134
189209
189210
189211
189212
189213
189214
189215
189216
189217
189218
189219
189220
189221
189222
189223
189224
189225
189226
189227
189228
189229
189230
189231
189232
58184
58185
58186
58187
58188
58189
58190
58191
58192
58193
58194
58195
58196
58197
58198
58199
58200
58201
58202
58203
58204
58205
58206
58207
58208
189281
58209
189282
58210
189283
58211
189284
58212
189285
58213
189286
58214
189287
58215
189288
58216
189289
58217
189290
58218
189291
58219
189292
58220
189293
58221
189294
58222
189295
58223
189296
58224
189297
58225
189298
189299
189300
189301
189302
189303
189304
58562
58563
58564
58565
58566
58567
58568
58569
58570
58571
58572
58573
58574
58575
58576
58577
58578
58579
58580
189653
58581
189654
58582
189655
58583
189656
58584
189657
58585
189658
58586
189659
58587
189660
58588
189661
58589
189662
58590
189663
58591
189664
58592
58593
58594
58595
58596
58597
58598
58599
58600
58601
58602
58603
58604
189677
58605
189678
58606
189679
58607
189680
58608
189681
58609
189682
58610
189683
58611
189684
58612
189685
58613
189686
58614
189687
58615
189688
58616
58617
58618
58619
58620
58621
58622
58623
58624
58625
58626
58627
58628
189701
58629
189702
58630
189703
58631
189704
58632
189705
58633
189706
58634
189707
58635
189708
58636
189709
58637
189710
58638
189711
58639
189712
58640
58641
58642
58643
58644
58645
58646
189725
189726
189727
189728
189729
189730
189731
189732
189733
189734
189735
189736
189737
189738
189739
189743
189744
189745
189761
189762
189763
189764
189765
189766
189767
189768
58696
189769
58697
189770
58698
189771
58699
189772
58700
189773
58701
189774
58702
189775
58703
58704
58705
58706
189779
58707
189780
58708
189781
58709
58710
58711
58712
58713
58714
58715
58716
58717
58718
58719
58720
58721
58722
58723
58724
189797
189798
189799
189800
189801
189802
189803
189804
189805
189806
189807
189808
189821
189822
189823
189824
189825
189826
189827
189828
189829
189830
189831
189832
58774
189847
58775
189848
58776
189849
58777
189850
58778
189851
58779
189852
58780
189853
58781
189854
58782
58783
58784
58785
58786
58787
58788
58789
58790
58791
58792
58793
58794
58795
58796
58797
58798
58799
58800
58801
58802
58803
58804
58805
58806
58807
58808
58809
58810
58811
58812
58813
58814
58815
58816
58817
58818
58819
58820
58821
58822
190023
190024
190025
190026
190027
190028
190029
190030
190031
190032
190033
190034
190035
190036
190037
190038
190039
190040
190041
190042
190043
190044
190045
190046
190047
190048
190049
190053
190054
190055
190163
190164
190189
190190
190210
190211
190212
190213
190214
190215
190216
190217
190218
190219
190220
190221
190222
190223
190224
190225
59203
59204
59205
59206
59207
59208
59209
59210
59211
59212
59213
59214
59215
59216
59217
59218
59219
59220
59221
59222
59223
59224
59225
59226
59227
59228
59229
59230
59231
59232
59233
59234
59235
59236
59237
59238
59239
59240
59241
59242
59243
59244
59245
59246
59247
59248
59249
59250
59251
59252
59253
59254
59255
59256
59257
59258
59259
59260
59261
59262
59263
59264
59265
59266
59267
59268
59269
59270
59271
59272
59273
59274
59275
59276
59277
59278
59279
59280
59281
59282
59283
59284
59285
59286
59287
59288
59289
59290
59291
59292
59293
59294
59295
59296
59297
59298
59299
59300
59301
59302
59303
59304
59305
59306
59307
59308
59309
59310
59311
59312
59313
59314
59315
59316
59317
59318
59319
59320
59321
59322
59323
59324
59325
59326
59327
59328
59329
59330
59331
59332
59333
59334
59335
59336
59337
59338
59339
59340
59341
59342
59343
59344
59345
59346
59347
59348
59349
59350
59351
59352
59353
59354
59355
59356
59357
59358
59359
59360
59361
59362
59363
59364
59365
59366
59367
59368
59369
59370
59371
59372
59373
59374
59375
59376
59377
59378
59379
59380
59381
59382
59383
59384
59385
59386
59387
59388
59389
59390
59391
59392
59393
59394
59395
59396
59397
59398
59399
59400
59401
59402
59403
59404
59405
59406
59407
59408
59409
59410
59411
59412
59413
59414
59415
59416
59417
59418
59419
59420
59421
59422
59423
59424
59425
59426
59427
59428
59429
59430
59431
59432
59433
59434
59435
59436
59437
59438
59439
59440
59441
59442
59443
59444
59445
59446
59447
59448
59449
59450
59451
59452
59453
59454
191030
191031
191032
191033
191034
191035
191036
191037
191038
191039
191040
191041
191042
191043
191044
191045
191046
191047
191048
191049
191050
191051
191052
191053
191054
191055
191056
191057
191058
191059
191060
191061
191062
191063
191064
191065
191066
191067
191068
191069
191070
191071
191072
191073
191074
191075
191076
191077
191078
191079
191080
191084
191085
191086
191138
191139
191140
191141
191142
191143
191144
191145
191146
191147
191148
191149
191150
191151
191152
191153
191154
191155
191156
191157
191158
191159
191160
191161
191162
191163
191164
191168
191169
191170
191222
191223
191224
191228
191229
191230
191258
191259
191260
191264
191265
191266
191348
191349
191350
191351
191352
191353
191354
191355
191356
191357
191358
191359
191360
191361
191362
191363
191364
191365
191366
191367
191368
191369
191370
191371
191372
191373
191374
191375
191376
191377
191378
191379
191380
191381
191382
191383
191411
191412
191413
191414
191415
191416
191417
191418
191419
191420
191421
191422
191423
191424
191425
191426
191427
191428
191429
191430
191431
191432
191433
191434
191435
191436
191437
191438
191439
191440
191441
191442
191443
191444
191445
191446
191447
191448
191449
60386
60387
60388
60389
60390
60391
60392
60393
60394
60395
60396
60397
60398
60399
60400
60401
60402
60403
60404
60405
60406
60407
60408
60409
60410
60411
60412
60413
60414
60415
60416
60417
60418
60419
60420
60421
60422
60423
60424
60425
60426
60427
60428
60429
60430
60431
60432
60433
60434
60435
60436
60437
60438
60439
60440
60441
60442
60443
60444
60445
60446
60447
60448
60449
60450
60451
60452
60453
60454
60455
60456
60457
60458
60459
60460
60461
60462
60463
60464
60465
60466
60467
60468
60469
60470
60471
60472
60473
60474
60475
60476
60477
60478
60479
60480
60481
60482
60483
60484
60485
60486
60487
60488
60489
60490
60491
60492
60493
60494
60495
60496
60497
60498
60499
60500
60501
60502
60503
60504
60505
60506
60507
60508
60509
60510
60511
60512
60513
60514
60515
60516
60517
60518
60519
60520
60521
60522
60523
60524
60525
60526
60527
60528
60529
60530
60531
60532
60533
60534
60535
60536
60537
60538
60539
60540
60541
60542
60543
60544
60545
60546
60547
60548
60549
60550
60551
60552
60553
60554
60555
60556
60557
60558
60559
60560
60561
60562
60563
60564
60565
60566
60567
60568
60569
60570
60571
60572
60573
60574
60575
60576
60577
60578
60579
60580
60581
60582
60583
60584
60585
60586
60587
60588
60589
60590
60591
60592
60593
60594
60595
60596
60597
60598
60599
60600
60601
60602
60603
60604
60605
60606
60607
60608
60609
60610
60611
60612
60613
60614
60615
60616
60617
60618
60619
60620
60621
60622
60623
60624
60625
60626
60627
60628
60629
60630
60631
60632
60633
60634
60635
60636
60637
60638
60639
60640
60641
60642
60643
60644
60645
60646
60647
60648
60649
60650
60651
60652
60653
60654
60655
60656
60657
60658
60659
60660
60661
60662
60663
60664
60665
60666
60667
60810
60811
60812
60813
60814
60815
60816
60817
60818
60819
60820
60821
60822
60823
60824
60825
60826
60827
60828
60829
60830
60831
60832
60833
60834
60835
60836
60837
60838
60839
60840
60841
60842
60843
60844
60845
60846
60847
60848
60849
60850
60851
60852
60853
60854
60855
60856
60857
60858
60859
60860
60861
60862
60863
60864
60865
60866
60867
60868
60869
60870
60871
60872
60873
60874
60875
60876
60877
60878
60879
60880
60881
60882
60883
60884
60885
60886
60887
60888
60889
60890
191963
60891
191964
60892
191965
60893
191966
60894
191967
60895
191968
60896
60897
60898
60899
60900
60901
60902
60903
60904
60905
60906
60907
60908
191981
60909
191982
60910
191983
60911
191984
60912
191985
60913
191986
60914
191987
60915
191988
60916
191989
60917
191990
60918
191991
60919
191992
60920
191993
60921
191994
60922
191995
60923
60924
60925
60926
60927
60928
60929
60930
60931
60932
60933
60934
60935
192008
60936
192009
60937
192010
60938
192011
60939
192012
60940
192013
60941
192014
60942
192015
60943
192016
60944
192017
60945
192018
60946
192019
60947
192020
60948
192021
60949
192022
60950
192023
60951
192024
60952
192025
60953
192026
60954
192027
60955
192028
60956
192029
60957
192030
60958
192031
60959
60960
60961
60962
60963
60964
60965
60966
192047
192048
192049
192050
192051
192052
192053
192054
192055
192056
192057
192058
192059
192060
192061
192062
192063
192064
192065
192066
192067
192068
192069
192070
192071
192072
192073
192074
192075
192076
192077
192078
192079
192080
192081
192082
192083
192084
192085
192086
192087
192088
192089
192090
192091
192092
192093
192094
192113
192114
192115
192116
192117
192118
192119
192120
192121
192122
192123
192124
192125
192126
192127
192128
192129
192130
192131
192132
192133
192134
192135
192136
192137
192138
192139
192140
192141
192142
192143
192144
192145
192146
192147
192148
192161
192162
192163
192164
192165
192166
192167
192168
192169
192170
192171
192172
192173
192174
192175
192176
192177
192178
192179
192180
192181
61109
192182
61110
192183
61111
192184
61112
192185
61113
192186
61114
192187
61115
192188
61116
192189
61117
192190
61118
61119
61120
61121
61122
61123
61124
61125
61126
61127
61128
61129
61130
61131
61132
61133
192206
61134
192207
61135
192208
61136
192209
61137
192210
61138
192211
61139
192212
61140
192213
61141
192214
61142
192215
61143
192216
61144
192217
61145
61146
61147
61148
61149
61150
61151
61152
61153
61154
61155
61156
61157
61158
61159
61160
192233
61161
192234
61162
192235
61163
192236
61164
192237
61165
192238
61166
192239
61167
192240
61168
192241
61169
192242
61170
192243
61171
192244
61172
192245
61173
192246
61174
192247
61175
61176
61177
61178
61179
61180
61181
61182
61183
61184
61185
61186
61187
61188
61189
61190
61191
61192
61193
61194
61195
61196
61197
61198
61199
61200
61201
61202
61203
61204
61205
61206
61207
61208
61209
61210
61211
61212
61213
61214
61215
61216
61217
61218
61219
61220
61221
61222
61223
61224
61225
61226
61227
61228
61229
61230
61231
61232
61233
61262
61263
61264
61265
61266
61267
61268
61269
61270
61271
61272
61273
61274
61275
192962
192963
192964
192965
192966
192967
192968
192969
192970
192971
192972
192973
192986
192987
192988
192989
192990
192991
192992
192993
192994
192995
192996
192997
192998
192999
193000
193001
193002
193003
193004
193005
193006
193025
193026
193027
193028
193029
193030
193031
193032
193033
193034
193035
193036
193037
193038
193039
193040
193041
193042
193043
193044
193045
193046
193047
193048
193049
193050
193051
193052
193053
193054
193055
193056
193057
193058
193059
193060
193061
193062
193063
193064
193065
193066
193067
193068
193093
193094
193095
193096
193097
193098
193099
193100
193101
193102
193103
193104
193105
193106
193107
193108
193109
193110
193111
193112
193113
193114
193115
193116
193117
193138
193139
193140
193141
193142
193143
193144
193145
193146
193147
193148
193149
193150
193151
193152
193153
193154
193155
193156
193157
193158
193159
193160
193161
193162
193195
193196
193197
193198
193199
193200
193201
193202
193203
193204
193205
193206
193207
193208
193209
193210
193211
193212
193213
193214
193215
193216
193217
193218
193219
193220
193221
193222
193223
193224
193225
193226
193227
193228
193229
193230
193231
193232
193233
193234
193235
193236
62164
193237
62165
193238
62166
193239
62167
193240
62168
193241
62169
193242
62170
193243
62171
193244
62172
193245
62173
193246
62174
193247
62175
193248
62176
193249
62177
193250
62178
62179
62180
62181
62182
62183
62184
62185
62186
62187
62188
62189
62190
62191
62192
62193
62194
62195
62196
193269
62197
193270
62198
193271
62199
193272
62200
193273
62201
193274
62202
193275
62203
193276
62204
193277
62205
193278
62206
193279
62207
193280
62208
193281
62209
193282
62210
193283
62211
193284
62212
193285
62213
193286
62214
193287
62215
193288
62216
193289
62217
62218
62219
62220
62221
62222
62223
62224
62225
62226
62227
62228
62229
193302
62230
193303
62231
193304
62232
193305
62233
193306
62234
193307
62235
193308
62236
193309
62237
193310
62238
193311
62239
193312
62240
193313
62241
193314
62242
193315
62243
193316
62244
193317
62245
193318
62246
193319
62247
193320
62248
193321
62249
193322
62250
62251
62252
62253
62254
62255
62256
62257
62258
62259
62260
62261
62262
62263
62264
62265
62266
62267
62268
62269
62270
62271
62272
62273
62274
62275
62276
62277
62278
62279
62280
62281
62282
62283
62284
62285
62286
62287
62288
62289
62290
62291
62292
62293
62294
62295
62296
62297
62298
62299
62300
62301
62302
62303
62304
62305
62306
62307
62308
62309
62310
62311
62312
62313
62314
62315
62316
62317
62318
62319
62320
62321
62322
62323
62324
62325
62326
62327
62328
62329
62330
62331
62332
62333
62334
62335
62336
62337
62338
62339
62340
62341
62342
62343
62344
62345
62346
62347
62348
62349
62430
62431
62432
62433
62434
62435
62436
62437
62438
62439
62440
62441
62442
62443
62444
62445
62446
62447
62448
62449
62450
62451
62452
62453
62454
62455
62456
62457
62458
62459
62460
62461
62462
62463
62464
62465
62466
62467
62468
62469
62470
62471
62472
62473
62474
62475
62476
62477
62478
62479
62480
62481
62482
62483
62484
62485
62486
62487
62488
62489
62490
62491
62492
62493
62494
62495
62496
62497
62498
62499
62500
62501
62502
62503
62504
62505
62586
62587
62588
62589
62590
62591
62592
62593
62594
62595
62596
62597
62598
62599
62600
62601
62602
62603
62604
62605
62606
62607
62608
62609
62610
193683
62611
193684
62612
193685
62613
193686
62614
193687
62615
193688
62616
193689
62617
193690
62618
193691
62619
193692
62620
193693
62621
193694
62622
193695
62623
193696
62624
193697
62625
193698
62626
193699
62627
193700
62628
193701
62629
193702
62630
193703
62631
193704
62632
193705
62633
193706
62634
193707
62635
193708
62636
193709
62637
193710
62638
193711
62639
193712
62640
193713
62641
193714
62642
193715
62643
193716
62644
193717
62645
193718
62646
193719
62647
193720
62648
193721
62649
193722
62650
193723
62651
193724
62652
193725
62653
193726
62654
193727
62655
193728
62656
193729
62657
193730
62658
193731
62659
193732
62660
193733
62661
193734
62662
193735
62663
193736
62664
193737
62665
193738
62666
193739
62667
193740
62668
193741
62669
193742
62670
193743
62671
193744
62672
193745
62673
193746
62674
193747
62675
193748
62676
193749
62677
193750
62678
193751
62679
193752
62680
193753
62681
193754
62682
193755
62683
193756
62684
193757
62685
193758
62686
193759
62687
193760
62688
193761
62689
193762
62690
193763
62691
193764
62692
193765
62693
193766
62694
193767
62695
193768
193769
193770
193771
193772
193773
193774
193775
193776
193777
193778
193779
193780
193781
193782
62710
193783
62711
193784
62712
193785
62713
193786
62714
193787
62715
193788
62716
193789
62717
193790
62718
62719
62720
62721
62722
62723
62724
62725
62726
62727
62728
62729
62730
194710
194711
194712
194713
194714
194715
194737
194738
194739
194740
194741
194742
194752
194753
194754
194755
194756
194757
194758
194759
194760
194761
194762
194763
194764
194765
194766
194767
194768
194769
194770
194771
194772
194773
194774
194775
194776
194777
194778
194779
194848
194849
194850
194851
194852
194853
194910
194911
194912
194913
194914
194915
194916
194917
194918
194919
194926
194927
194928
194929
194930
194931
194947
194948
194949
194950
194951
194952
194953
194954
194955
194956
194957
194958
194959
194960
194961
194962
194963
194964
194965
194966
194967
194968
194969
194970
194971
194972
194973
194974
194975
194976
194977
194978
194979
194980
194981
194982
194983
194984
194985
194986
194987
194988
194989
194990
194991
194992
194993
194994
194995
194996
194997
194998
194999
195000
195001
195002
195003
195004
195005
195006
195007
195008
195009
195010
195011
195012
195013
195014
195015
195016
195017
195018
195019
195020
195021
195022
195023
195024
195025
195026
195027
195028
195029
195030
195031
195032
195033
195034
195035
195036
195037
195038
195039
195040
195041
195042
195043
195044
195045
195046
195047
195048
195049
195050
195051
195052
195053
195054
195055
195056
195057
195058
195059
195060
195061
195062
195063
195064
195065
195066
195067
195068
195069
195070
195071
195072
195073
195074
195075
195076
195077
195078
195079
195080
195081
195082
195083
195084
195085
195086
195087
195088
195089
195090
195326
195327
195328
195329
195330
195331
195332
195333
195334
195335
195336
195337
195338
195339
195340
195341
195342
195343
195344
195345
195346
195347
195348
195349
195350
195351
195352
195353
195354
195355
195356
195357
195358
195359
195360
195361
195362
195363
195364
195365
195366
195367
195368
195369
195370
195371
195372
195373
195374
195375
195376
195377
195378
195379
195380
195381
195382
195383
195384
195385
195386
195387
195388
195389
195390
195391
195392
195393
195394
195395
195396
195397
195526
195527
195528
195529
195530
195531
64591
64592
64593
64596
64597
64600
64602
64603
64604
64605
64606
64607
64608
64609
64610
64611
64612
64613
64614
64615
64616
64617
195718
195719
195720
195721
195722
195723
195724
195725
195726
195727
195728
195729
195730
195731
195732
195733
195734
195735
195736
195737
195738
195739
195740
195741
195742
195743
195744
195745
195746
195747
64710
64711
195784
64712
195785
64713
195786
64714
195787
64715
195788
64716
195789
64717
195790
64718
195791
64719
195792
64720
195793
64721
195794
64722
195795
64723
195796
64724
195797
64725
195798
64726
195799
64727
195800
64728
195801
64729
195802
64730
195803
64731
195804
64732
195805
64733
195806
64734
195807
64735
195808
64736
195809
64737
195810
64738
195811
64739
195812
64740
195813
64741
195814
64742
195815
64743
195816
64744
195817
64745
195818
64746
195819
64747
195820
64748
195821
64749
195822
64750
195823
64751
195824
64752
195825
64753
195826
64754
195827
64755
195828
64756
195829
64757
195830
64758
195831
64759
64760
64761
64762
64763
64764
64765
64766
64767
64768
64769
64770
64771
64772
64773
64774
64775
64776
64777
64778
64779
64780
64781
64782
64783
64784
64785
64786
64787
64788
64789
64790
64791
64792
64793
64794
64795
64796
64797
64798
64799
64800
64801
64802
64803
64804
64805
64806
64807
64808
64809
64810
64811
64812
64813
64814
64815
64816
64817
64818
64819
64820
64821
64868
64869
64870
64871
64872
64873
64874
64875
64876
64877
64878
64879
64880
64881
64882
64883
64884
64885
64886
64887
64888
64889
64890
64891
64892
64893
64894
64895
64896
64897
64898
64899
64900
64901
64902
64903
64904
64905
64906
64907
64908
64909
64910
64911
64912
64913
64914
64915
64916
64917
64918
64919
64920
64921
64922
64923
64924
64925
64926
64927
64928
64929
64930
64931
64932
64933
64934
64935
64936
64937
64938
196011
64939
196012
64940
196013
64941
196014
64942
196015
64943
196016
64944
196017
64945
196018
64946
196019
64947
196020
64948
196021
64949
196022
64950
196023
64951
196024
64952
196025
64953
196026
64954
196027
64955
196028
64956
196029
64957
196030
64958
196031
64959
196032
64960
196033
64961
196034
64962
196035
64963
196036
64964
196037
64965
196038
64966
196039
64967
196040
64968
196041
64969
196042
64970
196043
64971
196044
64972
196045
64973
196046
64974
196047
64975
196048
64976
196049
64977
196050
64978
196051
64979
196052
64980
196053
64981
196054
64982
196055
64983
196056
64984
196057
64985
196058
64986
196059
64987
196060
64988
196061
64989
196062
64990
196063
64991
196064
64992
196065
64993
196066
64994
196067
64995
196068
64996
196069
64997
196070
64998
64999
65000
65001
65002
65003
65004
65005
65006
65007
196143
196144
196145
196146
196147
196148
196149
196150
196151
196152
196153
196154
196155
196156
196157
196158
196159
196160
196161
196162
196163
196164
196165
196166
196167
196168
196169
196170
196171
196172
196173
196174
196175
196176
196177
196178
196179
196180
196181
196182
65110
196183
65111
196184
65112
196185
65113
196186
65114
196187
65115
196188
65116
196189
65117
196190
65118
196191
65119
196192
65120
196193
65121
196194
65122
196195
65123
196196
65124
196197
65125
196198
65126
196199
65127
196200
65128
196201
65129
196202
65130
65131
65132
65133
65134
65135
65136
65137
65138
65139
65140
65141
65142
65143
65144
65145
65146
65147
65148
65149
65150
65151
65152
65153
65154
65155
65156
65157
65158
65159
65160
65161
65162
65163
65164
65165
65166
65167
65168
65169
65170
65171
65172
65173
65174
65175
65176
65177
65178
65179
65180
65181
65182
65183
65184
65185
65186
65187
65188
65189
65190
65191
65192
65193
65194
65195
65196
65197
65198
65199
65200
65201
65202
65203
65204
65205
65206
65207
65208
65209
65210
65211
65212
65213
65214
65215
65216
65217
65218
65219
65220
65221
65222
65223
65224
65225
65226
65227
65228
65229
65230
65231
65232
65233
65234
65235
65236
65237
65238
65239
65240
65241
65242
65243
65244
65245
65246
65247
65248
65249
65352
65353
65354
65355
65356
65357
65358
65359
65360
65361
65362
65363
65364
65365
65366
65367
65368
65369
65370
65371
65372
65373
65374
65375
65376
65377
65378
65379
65380
65381
65382
65383
65384
65385
65386
65387
65388
65389
65390
65391
65392
65393
65394
65395
65396
65397
65398
65399
65400
65401
65402
65403
65404
65405
65406
65407
65408
65409
65410
65411
65412
65413
65414
65415
65416
65417
65418
65419
65420
65421
65422
65423
65424
65425
65426
65427
65428
65429
65430
65431
65432
65433
65434
65435
65436
65437
65438
65439
65440
65441
65442
65443
65444
65445
65446
65447
65448
65449
65450
65451
65452
65453
65454
65455
65456
65457
65458
65459
65460
65461
65462
65463
65464
65465
65466
65467
65468
65469
65470
65471
65472
65473
65474
65475
65476
65477
65478
65479
65480
65481
65482
65483
65484
65485
65486
65487
65488
65489
65490
65491
65538
65539
65540
65541
65542
65543
65544
65545
65546
65547
65548
65549
65550
65551
65552
65553
65554
65555
65556
65557
65558
65559
65560
65561
65562
65563
65564
65565
196794
196795
196796
196797
196798
196799
196800
196801
196802
196803
196804
196805
196830
196831
196832
196833
196834
196835
196836
196837
196838
196839
196840
196841
196842
196843
196844
196845
196846
196847
196848
196849
196850
196875
196876
196877
196878
196879
196880
196881
196882
196883
196884
196885
196886
196887
196888
196889
196890
196891
196892
196893
196894
196895
196896
196897
196898
196899
196900
196901
196902
196903
196904
196905
196906
196907
196908
196909
196910
196911
196912
196913
196914
196915
196916
196941
196942
196943
196944
196945
196946
196947
196948
196949
196950
196951
196952
196953
196954
196955
196956
196957
196958
196959
196960
196961
196962
196963
196964
196965
196966
196967
196968
196969
196970
196971
196972
196973
196974
196975
196976
196977
196978
196979
196980
196981
196982
196983
196984
196985
196986
196987
196988
196989
196990
196991
196992
196993
196994
196995
196996
196997
196998
196999
197000
197001
197002
197003
197028
197029
197030
197031
197032
197033
197034
197035
197036
197037
197038
197039
197040
197041
197042
197043
197044
197045
197046
197047
197048
197049
197050
197051
197052
197053
197054
197055
197056
197057
197058
197059
197060
197061
197062
197063
197064
197065
197066
197067
197068
197069
197070
197071
197072
197073
197074
197075
197076
197077
197078
197079
197080
197081
197082
197083
197084
197085
197086
197087
197088
197089
197090
197115
197116
197117
197118
197119
197120
197121
197122
197123
197124
197125
197126
197127
197128
197129
197130
197131
197132
197133
197134
197135
197136
197137
197138
197139
197140
197141
197142
197143
197144
197145
197146
197147
197148
197149
197150
197151
197152
197153
197154
197155
197156
197181
197182
197183
197184
197185
197186
197187
197188
197189
197190
197191
197192
197193
197194
197195
197196
197197
197198
197199
197200
197201
197226
197227
197228
197229
197230
197231
197232
197233
197234
197235
197236
197237
197238
197239
197240
197241
197242
197243
197244
197245
197246
66260
66261
66262
66263
66264
66265
66266
66267
66268
66269
66270
66271
66272
66273
66274
66275
66276
66277
66278
66279
66280
66281
66282
66283
66284
66285
66286
66287
66288
66289
66290
66291
66292
66293
66294
66295
66296
66297
66298
66299
66300
66301
66302
66303
66304
66305
66306
66307
66308
66309
66310
66311
66312
66313
66314
66315
66316
66317
66318
66319
66320
66321
66322
66323
66324
66325
66326
66327
66328
66329
66330
66331
66332
66333
66334
66335
66336
66337
66338
66339
66340
66341
66342
66343
66344
66345
66346
66347
66348
66349
66350
66351
66352
66353
66354
66355
66356
66357
66358
66359
66360
66361
66362
66363
66364
66365
66366
66367
66368
66369
66370
66371
66372
66373
66374
66375
66376
66377
66378
66379
66380
66381
66382
66383
66384
66385
66386
66387
66388
66389
66390
66391
66392
66393
66394
66395
66396
66397
66398
66399
66400
66401
66402
66403
66404
66405
66406
66407
66408
66409
66410
66411
66412
66413
66414
66415
66416
66417
66418
66419
66420
66421
66422
66423
66424
66425
66426
66427
66428
66429
66430
66431
66432
66433
66434
66435
66436
66437
66438
66439
66440
66441
66442
66443
66444
66445
66446
66447
66448
66505
66506
66507
66508
66509
66510
66511
66512
66513
66514
66515
66516
66517
66518
66519
66520
66521
66522
66523
66524
66525
66526
66527
66528
66529
66530
66531
66532
66533
66534
66535
66536
66537
66538
66539
66540
66541
66542
66543
66544
66545
66546
66547
66548
66549
66550
66551
66552
66553
66554
66555
66556
66557
66558
66559
66560
66561
66562
66563
66564
66565
66566
66567
66568
66569
66570
66571
66572
66573
66574
66575
66576
66577
66578
66579
66580
66581
66582
66583
66584
66585
66586
66587
66588
66589
66590
66591
66592
66593
66594
66595
66596
66597
66598
66599
66600
66601
66602
66603
66604
66605
66606
66607
66608
66609
66610
66611
66612
66613
66614
66615
66616
66617
66618
66619
66620
66621
66622
66623
66624
66625
66626
66627
66628
66629
66630
66631
66632
66633
66634
66635
66636
66637
66638
66639
66640
66641
66642
66643
66644
197772
197773
197774
197781
197782
197783
197784
197785
197786
197787
66715
197788
66716
197789
66717
197790
66718
197791
66719
197792
66720
197793
66721
197794
66722
197795
66723
197796
66724
197797
66725
197798
66726
197799
66727
197800
66728
197801
66729
197802
66730
197803
66731
197804
66732
197805
66733
197806
66734
197807
66735
197808
66736
197809
66737
197810
66738
197811
66739
197812
66740
197813
66741
197814
66742
197815
66743
197816
66744
197817
66745
197818
66746
197819
66747
197820
66748
197821
66749
197822
66750
197823
66751
197824
66752
197825
66753
197826
66754
197827
66755
197828
66756
197829
66757
197830
66758
197831
66759
197832
66760
197833
66761
197834
66762
197835
66763
197836
66764
197837
66765
197838
66766
197839
66767
197840
66768
197841
66769
197842
66770
197843
66771
197844
66772
197845
66773
197846
66774
197847
66775
197848
66776
197849
66777
197850
66778
197851
66779
197852
66780
197853
66781
197854
66782
197855
66783
197856
66784
197857
66785
197858
66786
197859
66787
197860
66788
197861
66789
197862
66790
197863
66791
197864
66792
197865
66793
197866
66794
197867
66795
197868
66796
197869
66797
197870
66798
197871
66799
197872
66800
197873
66801
197874
66802
197875
66803
197876
66804
197877
66805
197878
66806
197879
66807
197880
66808
197881
66809
197882
66810
197883
66811
197884
66812
197885
66813
197886
66814
197887
66815
197888
66816
197889
66817
197890
66818
197891
66819
197892
66820
197893
66821
197894
66822
197895
66823
197896
66824
197897
66825
197898
66826
197899
66827
197900
66828
197901
66829
197902
66830
197903
66831
197904
66832
197905
66833
197906
66834
197907
66835
197908
66836
197909
66837
197910
66838
197911
66839
197912
66840
66841
66842
66843
66844
66845
66846
66847
66848
66849
66850
66851
66852
66853
66854
66855
66856
66857
66858
66859
66860
66861
66862
66863
66864
66865
66866
66867
66868
66869
66870
66871
66872
66873
66874
66875
66876
66877
66878
66879
66880
66881
66882
66883
66884
66885
66886
66887
66888
66889
66890
66891
66892
66893
66894
66895
198177
198178
198179
198180
198181
198182
198183
198184
198185
198186
198187
198188
198195
198196
198197
67875
67876
67879
67880
67881
67884
67885
67886
67887
67888
67889
67890
67891
67892
67893
67894
67895
67918
67919
67920
67921
67922
67923
67924
67925
67926
67927
67928
67929
67930
67931
67932
67933
67934
67935
67936
67937
67938
67939
67962
67963
67964
67965
67966
67967
67968
67969
67970
67971
67972
67973
67974
67975
67976
67977
67978
67979
67980
67981
67982
67983
199077
199078
68006
199079
68007
199080
68008
199081
68009
199082
68010
199083
68011
199084
68012
199085
68013
199086
68014
199087
68015
199088
68016
68017
68018
68019
68020
68021
68022
68023
68024
68025
68026
68027
199113
199114
199115
199116
199117
199118
199119
199120
199121
199122
199123
199124
199125
199126
199127
199128
199129
199130
199131
199132
199133
199134
199135
199136
68071
68072
68073
68074
68075
68076
68077
68078
68079
68080
68081
68082
68083
68084
68085
68086
68087
68088
199161
68089
199162
68090
199163
68091
199164
68092
199165
199166
199167
199168
199169
199170
199171
199172
199173
199174
199175
199176
199177
199178
199179
199180
199181
199182
199183
199184
199185
199186
199187
199188
199189
199190
199191
199192
199193
199194
199195
199196
199197
199198
199199
199200
199201
199202
199203
199204
199205
199206
199207
199208
68136
199209
68137
199210
68138
199211
68139
199212
68140
199213
68141
199214
68142
199215
68143
199216
68144
199217
68145
199218
68146
199219
68147
199220
68148
199221
68149
199222
68150
199223
68151
199224
68152
199225
68153
199226
68154
199227
68155
199228
68156
199229
68157
199230
199231
199232
199233
199234
199235
199236
199237
199238
68180
68181
68182
68183
68184
68185
68186
68187
68188
68189
68190
199263
68191
199264
68192
199265
68193
199266
68194
199267
68195
199268
68196
199269
68197
199270
68198
199271
68199
199272
68200
199273
68201
199274
68202
199275
68203
199276
68204
199277
68205
199278
68206
199279
68207
199280
68208
199281
68209
199282
68210
199283
68211
199284
68212
199285
199286
199311
199312
199313
199314
199315
199316
199317
199318
68246
199319
68247
199320
68248
199321
68249
199322
68250
199323
68251
199324
68252
199325
68253
199326
68254
199327
68255
199328
68256
199329
68257
199330
68258
199331
68259
199332
68260
199333
68261
199334
68262
68263
68264
68265
68266
68267
68268
68269
68270
68271
68272
68273
68274
68275
68276
68277
68278
68279
68280
68281
68282
68283
68284
68285
68286
199359
68287
199360
68288
199361
68289
199362
68290
199363
68291
199364
68292
199365
68293
199366
68294
199367
68295
199368
68296
199369
68297
199370
68298
199371
68299
199372
68300
199373
68301
199374
68302
199375
68303
199376
68304
199377
68305
199378
68306
199379
68307
199380
68308
199381
68309
199382
68310
199383
68311
199384
68312
199385
68313
199386
68314
199387
68315
199388
68316
199389
68317
199390
68318
199391
68319
199392
68320
199393
68321
199394
68322
199395
68323
199396
68324
199397
68325
199398
68326
199399
68327
199400
68328
199401
68329
199402
68330
199403
68331
199404
68332
199405
68333
199406
68334
199407
68335
199408
68336
199409
68337
199410
68338
199411
68339
199412
68340
199413
68341
199414
68342
199415
68343
199416
68344
199417
68345
199418
68346
199419
68347
199420
68348
199421
68349
199422
68350
199423
68351
199424
68352
199425
68353
199426
68354
199427
68355
199428
68356
199429
68357
199430
68358
199431
68359
199432
68360
199433
68361
199434
68362
199435
68363
199436
68364
68365
68366
68374
68375
68376
68377
199461
199462
199463
199464
199465
199466
199467
199468
199469
199470
199471
199472
199473
199474
199475
199476
199477
199478
199479
199480
199481
199482
199483
199484
199509
199510
199511
199512
199513
199514
199515
199516
199517
199518
199519
199520
199521
199522
199523
199524
199525
199526
199527
199528
199529
199530
199531
199532
199533
199534
199535
199536
199537
199538
199539
199540
199541
199542
199543
199544
199545
199546
199547
199548
199549
199550
199551
199552
199553
199554
199555
199556
199557
199558
199559
199560
199561
199562
199563
199564
199565
199566
199567
199568
199569
199570
199571
199572
199573
199574
199575
199576
199577
199578
199579
199580
199581
199582
199583
199584
199585
199586
199587
199588
199589
199590
199591
199592
199593
199594
199595
199596
199597
199598
199599
199600
199601
199602
199603
199604
199605
199606
199607
199608
199609
199610
199611
199612
199613
199614
199615
199616
199617
199618
199619
199620
199621
199622
199623
199624
199625
199626
199627
199628
199629
199630
199631
199632
199633
199634
199635
199636
199637
199638
199639
199640
199641
199642
199643
199644
199645
199646
199647
199648
199649
199650
199651
199652
199893
199894
199895
199896
199897
199898
199899
199900
199901
199902
199903
199904
199905
199906
199907
199908
199909
199910
199911
199912
199913
199914
199915
199916
199917
199918
199919
199920
199921
199922
199923
199924
199925
199926
199927
199928
199929
199930
199931
199932
199933
199934
200079
200080
200081
200082
200083
200084
200085
200086
200087
200088
200089
200090
200091
200092
200093
200094
200095
200096
200097
200098
200099
200100
200101
200102
200103
200104
200105
200106
200107
200108
200109
200110
200111
200112
200113
200114
200115
200116
200117
200118
200119
200120
69258
69259
69260
69261
69262
69263
69264
69272
69273
69274
69275
69276
69277
69278
69279
69280
69281
69282
69283
69284
69285
69286
69287
69288
69289
69290
69291
69292
69293
69294
69295
69296
69297
69298
69299
69300
69301
69302
69303
69304
69305
69306
69307
69308
69309
69310
69311
69312
69313
69314
69315
69316
69317
69318
69319
69320
69321
69322
69323
69324
69325
69326
69327
69328
69329
69330
69331
69332
69333
69334
69335
69336
69337
69338
69339
69340
69341
69342
69343
69344
69345
69346
69347
69348
69349
69350
69351
69352
69353
69354
69355
69356
69357
69358
69359
69360
69361
69362
69363
69364
69365
69366
69367
69368
69369
69370
69371
69372
69373
69374
69375
69376
69377
69378
69379
69380
69381
69382
69383
69384
69385
69386
69387
69388
69389
69390
69391
69392
69393
69394
69395
69396
69397
69398
69399
69400
69401
69402
69403
69404
69405
69406
69407
69408
69409
69410
69411
69412
69455
69456
69457
69458
69459
69460
69461
69462
69463
69464
69465
69466
69467
69468
69469
69470
69471
69472
69473
69474
200547
69475
200548
69476
200549
69477
200550
69478
200551
69479
200552
69480
69481
69482
69483
69484
69485
69486
69487
69488
69489
69490
69491
69492
200565
69493
200566
69494
200567
69495
200568
69496
200569
69497
200570
69498
200571
69499
200572
69500
200573
200574
200575
200576
69515
69516
200589
69517
200590
69518
200591
69519
200592
69520
200593
69521
200594
69522
200595
69523
200596
69524
200597
69525
200598
69526
200599
69527
200600
69528
69529
69530
69531
69532
69533
69534
69535
69536
69537
69538
69539
69540
200613
69541
200614
69542
200615
69543
200616
69544
200617
69545
200618
69546
200619
69547
200620
69548
200621
69549
200622
69550
200623
69551
200624
69552
200625
69553
200626
69554
200627
69555
200628
69556
200629
69557
200630
69558
200631
69559
200632
69560
200633
69561
200634
69562
200635
69563
200636
69564
69565
69566
69567
200640
69568
200641
69569
200642
69570
200643
69571
200644
69572
200645
69573
200646
69574
200647
69575
200648
69576
200649
69577
200650
69578
200651
69579
69580
69581
69582
69583
69584
69585
69586
69587
69588
69589
69590
69591
69592
69593
69594
200667
69595
200668
69596
200669
69597
200670
69598
200671
69599
200672
69600
200673
69601
200674
69602
200675
69603
200676
69604
200677
69605
200678
69606
200679
69607
200680
69608
200681
69609
200682
69610
200683
200684
200685
200686
200687
200688
200689
200690
200691
200692
200693
200694
200695
200696
200697
200698
200699
200703
200704
200705
200721
200722
200723
200724
200725
200726
200727
200728
200729
200730
200731
200732
200745
200746
200747
200748
200749
200750
200751
200752
200753
200754
200755
200756
201165
201166
201167
201168
201169
201170
201171
201172
201173
201174
201175
201176
201201
201202
201203
201204
201205
201206
201207
201208
201209
201210
201211
201212
201213
201214
201215
201216
201217
201218
201219
201220
201221
201222
201223
201224
201249
201250
201251
201252
201253
201254
201255
201256
201257
201258
201259
201260
201261
201262
201263
201264
201265
201266
201267
201268
201269
201270
201271
201272
201297
201298
201299
201300
201301
201302
201303
201304
201305
201306
201307
201308
201309
201310
201311
201312
201313
201314
201315
201316
201317
201318
201319
201320
201345
201346
201347
201348
201349
201350
201351
201352
201353
201354
201355
201356
201357
201358
201359
201360
201361
201362
201363
201364
201365
201366
201367
201368
201393
201394
201395
201396
201397
201398
201399
201400
201401
201402
201403
201404
201405
201406
201407
201408
201409
201410
201411
201412
201413
201414
201415
201416
201441
201442
201443
201444
201445
201446
201447
201448
201449
201450
201451
201452
201453
201454
201455
201456
201457
201458
201459
201460
201461
201462
201463
201464
70748
70749
70750
70751
70752
70753
70754
70755
70756
70757
70758
70759
70760
70761
70762
70763
70764
70765
70820
70821
70822
70823
70824
70825
70826
70827
70828
70829
70830
70831
70832
70833
70834
70835
70836
70837
70856
70857
70858
70859
70860
70861
70862
70863
70864
70865
70866
70867
70868
70869
70870
70871
70872
70873
70892
70893
70894
70895
70896
70897
70898
70899
70900
70901
70902
70903
70904
70905
70906
70907
70908
70909
70928
70929
70930
70931
70932
70933
70934
70935
70936
70937
70938
70939
70940
70941
70942
70943
70944
70945
70964
70965
70966
70967
70968
70969
70970
70971
70972
70973
70974
70975
70976
70977
70978
70979
70980
70981
70982
70983
70984
70985
70986
70987
70988
70989
70990
70991
202683
202684
202685
202686
202687
202688
202689
202690
202691
202692
202693
202694
202695
202696
202697
202698
202699
202700
202701
202702
202703
202704
202705
202706
202731
202732
202733
202734
202735
202736
202737
202738
202739
202740
202741
202742
202743
202744
202745
202746
202747
202748
202749
202750
202751
202752
202753
202754
202755
202756
202757
202758
202759
202760
202761
202762
202763
202764
202765
202766
202803
202804
202805
202806
202807
202808
202809
202810
202811
202812
202813
202814
202815
202816
202817
202818
202819
202820
202821
202822
202823
202824
202825
202826
202827
202828
202829
202830
202831
202832
202833
202834
202835
202836
202837
202838
202839
202840
202841
202842
202843
202844
202845
202846
202847
202848
202849
202850
202851
202852
202853
202854
202855
202856
202857
202858
202859
202860
202861
202862
202863
202864
202865
202866
202867
202868
202869
202870
202871
202872
202873
202874
202875
202876
202877
202878
202879
202880
202881
202882
202883
202884
202933
202934
202935
202936
202937
202938
202939
202940
202941
202942
202943
202944
202945
202946
202947
202948
202949
202950
202951
202952
202953
202954
202955
202956
202957
202958
202959
202960
202961
202962
202963
202964
202965
202966
202967
202968
202969
202970
202971
202972
202973
202974
202975
202976
202977
202978
202979
202980
202981
202982
203021
203022
203023
203024
203025
203026
203027
203028
203029
203030
203031
203032
203033
203034
203035
203036
203037
203038
203039
203040
203041
203042
203043
203044
203045
203046
203047
203048
203049
203050
203051
203052
203053
203054
203055
203056
203057
203058
203059
203060
203061
203062
203063
203064
203065
203066
203067
203068
203069
203070
203133
203134
203135
203136
203137
203138
203139
203140
203141
203142
203143
203144
203145
203146
203147
203148
203149
203150
203151
203152
203153
203154
203155
203156
203157
203158
203159
203160
203161
203162
203163
203164
203165
203166
203167
203168
203169
203170
203171
203172
203173
203174
203175
203176
203177
203178
203179
203180
203181
203182
203183
203184
203185
203186
203187
203188
203189
203190
203191
203192
203193
203194
203195
203196
203197
203198
203199
203200
203201
203202
203203
203204
203205
203206
203207
203208
203209
203210
203211
203212
203213
203214
203215
203216
203217
203218
203219
203220
203221
203222
203223
203224
203225
203226
203263
203264
203265
203266
203267
203268
203269
203270
203271
203272
203273
203274
203275
203276
203277
203278
203279
203280
203281
203282
203283
203284
203285
203286
203287
203288
203289
203290
203291
203292
203293
203294
203295
203296
203297
203298
203323
203324
203325
203326
203327
203328
203329
203330
203331
203332
203333
203334
203335
203336
203337
203338
203339
203340
203341
203342
203343
203344
203345
203346
203347
203348
203349
203350
203351
203352
203353
203354
203355
203356
203357
203358
203563
203564
203565
203566
203567
203568
203569
203570
203571
203572
203573
203574
203575
203576
203577
203578
203579
203580
203581
203582
203583
203584
203585
203586
203587
203588
203589
203593
203594
203595
72644
72645
72646
72647
72648
72649
72650
72651
72652
72653
72654
72655
72656
72657
72658
72659
72660
72661
72662
72663
72664
72665
72666
72667
72668
72669
72670
72671
72672
72673
72674
72675
72676
72677
72678
72679
72680
72681
72682
72683
72684
72685
72686
72687
72688
72689
72690
72691
72692
72693
72694
72695
72696
72697
72698
72699
72700
72701
72702
72703
72704
72705
72706
72707
72708
72709
72710
72711
72712
72713
72714
72715
72716
72717
72718
72719
72720
72721
72722
72723
72724
72725
72726
72727
72728
72729
72730
72731
72732
72733
72734
72735
72736
72737
72738
72739
72740
72741
72742
72743
72744
72745
72746
72747
72748
72749
72750
72751
72752
72753
72754
72755
72756
72757
72758
72759
72760
72761
72762
72763
72764
72765
72766
72767
72768
72769
72770
72771
72772
72773
72774
72775
72776
72777
72778
72779
72780
72781
72782
72783
72784
72785
72786
72787
72788
72789
72790
72791
72792
72793
72794
72795
72796
72797
72798
72799
72800
72801
72802
72803
72804
72805
72806
72807
72808
72809
72810
72811
72812
72813
72814
72815
72816
72817
72818
72819
72820
72821
72822
72823
72824
72825
72826
72827
72828
72829
72830
72831
72832
72833
72834
72835
72836
72837
72838
72839
72840
72841
72842
72843
72844
72845
72846
72847
72848
72849
72850
72851
72852
72853
72854
72855
72856
72857
72858
72859
72860
72861
72862
72863
72864
72865
72866
72867
72868
72869
72870
72871
72872
72873
72874
72875
72876
72877
72878
72879
72880
72881
72882
72883
72884
72885
72886
72887
72888
72889
72890
72891
72892
72893
72894
72895
72896
72897
72898
72899
72900
72901
72902
72903
72904
72905
72906
72907
72908
72909
72910
72911
72912
72913
72914
72915
72916
72917
72918
72919
72920
72921
72922
72923
72924
72925
72926
72927
72928
72929
72930
72931
72932
72933
72934
72935
72936
72937
72938
72939
72940
72941
72942
72943
72944
72945
72946
72947
72948
72949
72950
72951
72952
72953
72954
72955
72956
72957
72958
72959
72960
72961
72962
72963
72964
72965
72966
72967
72968
72969
72970
72971
72972
72973
72974
72975
72976
72977
72978
72979
72980
72981
72982
204055
72983
204056
72984
204057
72985
204058
72986
204059
72987
204060
72988
204061
72989
204062
72990
204063
72991
204064
72992
204065
72993
204066
72994
204067
72995
204068
72996
204069
72997
204070
72998
204071
72999
204072
73000
204073
73001
204074
73002
204075
73003
204076
73004
204077
73005
204078
73006
204079
73007
204080
73008
204081
73009
204082
73010
204083
73011
204084
73012
204085
73013
204086
73014
204087
73015
204088
73016
204089
73017
204090
73018
204091
73019
204092
73020
204093
73021
204094
73022
204095
73023
204096
73024
204097
73025
204098
73026
204099
73027
204100
73028
204101
73029
204102
73030
204103
73031
204104
73032
204105
73033
204106
73034
204107
73035
204108
73036
204109
73037
204110
73038
204111
73039
204112
73040
204113
73041
204114
73042
204115
73043
204116
73044
204117
73045
204118
73046
204119
73047
204120
73048
204121
73049
204122
73050
204123
73051
204124
73052
204125
73053
204126
73054
204127
73055
204128
73056
204129
73057
204130
73058
204131
73059
204132
73060
204133
73061
204134
73062
204135
73063
204136
73064
204137
73065
204138
73066
204139
73067
204140
73068
204141
73069
204142
73070
204143
73071
204144
73072
204145
73073
204146
73074
204147
73075
204148
73076
204149
73077
204150
73078
204151
73079
204152
73080
204153
73081
204154
73082
204155
73083
204156
73084
204157
73085
204158
73086
204159
73087
204160
73088
204161
73089
204162
73090
204163
73091
204164
73092
204165
73093
204166
73094
204167
73095
204168
73096
204169
73097
204170
73098
204171
73099
204172
73100
204173
73101
204174
73102
204175
73103
204176
73104
204177
73105
204178
73106
204179
73107
204180
73108
204181
73109
204182
73110
204183
73111
204184
73112
204185
73113
204186
73114
204187
73115
204188
73116
204189
73117
204190
73118
204191
73119
204192
73120
204193
73121
204194
73122
204195
73123
204196
73124
204197
73125
204198
73126
73127
73128
73129
73130
73131
73132
73133
73134
73135
73136
73137
73138
73139
73140
73141
73142
73143
73144
73145
73146
73147
73148
73149
73150
73151
73152
73153
73154
73155
73156
73157
73158
73159
73160
73161
73162
73163
73164
73165
73166
73167
73168
73169
73170
73171
73172
73173
73174
73175
73176
73177
73178
73179
73180
73181
73182
73183
73184
73185
73186
73187
73188
73189
73190
73191
73192
73193
73194
73195
73196
73197
73198
73199
73200
73201
73202
73203
73204
73205
73206
73207
73208
73209
73210
73211
73212
73213
73214
73215
73216
73217
73218
73219
73220
73221
73222
73223
73224
73225
73226
73227
73228
73229
73230
73231
73232
73233
73234
73235
73236
73237
73238
73239
73240
73241
73242
73243
73244
73245
73246
73247
73248
73249
73250
73251
73252
73253
73254
73255
73256
73257
73258
73259
73260
73261
73262
73263
73264
73265
73266
73267
73268
73269
73270
73271
73272
73273
73274
73275
73276
73277
73278
73279
73280
73281
73282
73283
73284
73285
73286
73287
73288
73289
73290
73291
73292
73293
73294
73295
73296
73297
73298
73299
73300
73301
73302
73303
73304
73305
73306
73307
73308
73309
73310
73311
73312
73313
73314
73315
73316
73317
73318
73319
73320
73321
73322
73323
73324
73325
73326
73327
73328
73329
73330
73331
73332
73333
73334
73335
73336
73337
73338
73339
73340
73341
73342
73343
73344
73345
73346
73347
73348
73349
73350
73351
73352
73353
73354
73355
73356
73357
73358
73359
73360
73361
73362
73363
73364
73365
73366
73367
73368
73369
73370
73371
73372
73373
73374
73375
73376
73377
73378
73379
73380
73381
73382
73383
73384
73385
73386
73387
73388
73389
73390
73391
73392
73393
73394
73395
73396
73397
73398
73399
73400
73401
73402
73403
73404
73405
73406
73407
73408
73409
73410
73411
73412
73413
73610
73611
73612
73613
73614
73615
73616
73617
73618
73619
73620
73621
73622
73623
73624
73625
73626
73627
73628
73629
73630
73631
73632
73633
73634
73635
73636
73637
73638
73639
73640
73641
73642
73643
73644
73645
73646
73647
73648
73649
73650
73651
73652
73653
73654
73655
73656
73657
73658
73659
73660
73661
73662
73663
73664
73665
73666
73667
73668
73669
73670
73671
73672
73673
73674
73675
73676
73677
73678
73679
73680
73681
73682
73683
73684
73685
73686
73687
73688
73689
73690
73691
73692
73693
73694
73695
73696
73697
73698
73699
73700
73701
73702
73703
73704
73705
73706
73707
73708
73709
73710
73711
73712
73713
73714
73715
73716
73717
73718
73719
73720
73721
73722
73723
73724
73725
73726
73727
73728
73729
73730
73731
73732
73733
73734
73735
73736
73737
73738
73739
73740
73741
73742
73743
73744
73745
73746
73747
73748
73749
73750
73751
73752
73753
73754
73755
73756
73757
73758
73759
73760
73761
73762
73763
73764
73765
73766
73767
73768
73769
73770
73771
73772
73773
73774
73775
73776
73777
73778
73779
73780
73781
73782
73783
73784
73785
73786
73787
73788
73789
73790
73791
73792
73793
73794
73795
73796
73797
73798
73799
73800
73801
73802
73803
73804
73805
73806
73807
73808
73809
73810
73811
73812
73813
73814
73815
73816
73817
73818
73819
73820
73821
73822
73823
73824
73825
73826
73827
73828
73829
73830
73831
73832
73833
73834
73835
73836
73837
73838
73839
73840
73841
73842
73843
73844
73845
73846
73847
73848
73849
73850
73851
73852
73853
73854
73855
73856
73857
73858
73859
73860
73861
73862
73863
73864
73865
73866
73867
73868
73869
73870
73871
73872
73873
73874
73875
73876
73877
73878
73879
73880
73881
73882
73883
73884
73885
73886
73887
73888
73889
73890
73891
73892
73893
73894
73895
73896
73897
73898
73899
73900
73901
73902
73903
73904
73905
73906
73907
73908
73909
73910
73911
73912
73913
73914
73915
73916
73917
73918
73919
73920
73921
73922
73923
73924
73925
73926
73927
73928
73929
73930
73931
73932
73933
73934
73935
73936
73937
73938
73939
73940
73941
73942
73943
73944
73945
73946
73947
73948
73949
73950
73951
73952
73953
73954
73955
73956
73957
73958
73959
73960
73961
73962
73963
73964
73965
73966
73967
73968
73969
73970
73971
73972
73973
73974
73975
73976
73977
73978
73979
73980
73981
73982
73983
73984
73985
73986
73987
73988
73989
73990
73991
73992
73993
73994
73995
73996
73997
73998
73999
74000
74001
74002
74003
74004
74005
74006
74007
74008
74009
74010
74011
74012
74013
74014
74015
74016
74017
74018
74019
74020
74021
74022
74023
74024
74025
74026
74027
74028
74029
74030
74031
74032
74033
74034
74035
74036
74037
74038
74039
74040
74041
74042
74043
74044
74045
74046
74047
74048
74049
74050
74233
74234
74235
74236
74237
74238
74239
74240
74241
74242
74243
74244
74245
74246
74247
74248
74249
74250
74251
74252
74253
74254
74255
74256
74257
74258
74259
74260
74261
74262
74263
74264
74265
74266
74267
74268
74269
74270
74271
74272
74273
74274
74275
74276
74277
74278
74279
74280
74281
74282
74283
74284
74285
74286
74287
74288
74289
74290
74291
74292
74293
74294
74295
74296
74297
74298
74299
74300
74301
74302
74303
74304
74305
74306
74307
74308
74309
74310
74311
74312
74313
74314
74315
74316
74317
74318
74319
74320
74321
74322
74323
74324
74325
74326
74327
74328
74329
74330
74331
74332
74333
74334
74335
74336
74337
74338
74339
74340
74341
74342
74343
74344
74345
74346
74347
74348
74349
74350
74351
74352
74353
74354
74355
74356
74357
74358
74359
74360
74361
74362
74363
74364
74365
74366
74367
74368
74369
74370
74371
74372
74373
74374
74375
74376
74377
74378
74379
74380
74381
74382
74383
74384
74385
74386
74387
74388
74389
74390
74391
74392
74393
74394
74395
74396
74397
74398
74399
74400
74401
74402
74403
74404
74405
74406
74407
74408
74409
74410
74411
74412
74413
74414
74415
74416
74417
74418
74419
74420
74421
74422
74423
74424
74425
74426
74427
74428
74429
74430
74431
74432
74433
74434
74435
74436
74437
74438
74439
74440
74441
74442
74443
74444
74445
74446
74447
74448
74449
74450
74451
74452
74453
74454
74455
74456
74457
74458
74459
74460
74461
74462
74463
74464
74465
74466
74467
74468
74469
74470
74471
74472
74473
74474
74475
74476
74477
74478
74479
74480
74481
74482
74483
74484
74485
74486
74487
74488
74489
74490
74491
74492
74493
74494
74495
74496
74497
74498
74499
74500
74501
74502
74503
74504
74505
74506
74507
74508
74509
74510
74511
74512
74513
74514
74515
74516
74517
74518
74519
74520
74521
74522
74523
74524
74525
74526
74583
74584
74585
74586
74587
74588
74589
74590
74591
74592
74593
74594
74595
74596
74597
74598
74599
74600
74601
74602
74603
74604
74605
74606
74607
74608
74609
74610
205928
205929
205930
205931
205932
205933
205934
205935
205936
205937
205938
205939
205976
205977
205978
205979
205980
205981
205982
205983
205984
205985
205986
205987
206000
206001
206002
206003
206004
206005
206006
206007
206008
206009
206010
206011
206012
206013
206014
206015
206016
206017
206018
206019
206020
206021
206022
206023
206024
206025
206026
206027
206028
206029
206030
206031
206032
206033
206034
206035
206036
206037
206118
206119
206120
206121
206122
206123
206124
206125
206126
206127
206128
206129
206186
206187
206188
206189
206190
206191
206192
206193
206194
206195
206196
206197
206198
206199
206212
206213
206214
206215
206216
206217
206218
206219
206220
206221
206222
206223
206248
206249
206250
206251
206252
206253
206254
206255
206256
206257
206258
206259
206260
206261
206262
206263
206264
206265
206266
206267
206268
206269
206270
206271
206272
206273
206274
206275
206276
206277
206278
206279
206280
206281
206282
206283
206284
206285
206286
206287
206288
206289
206290
206291
206292
206293
206294
206295
206296
206297
206298
206299
206300
206301
206302
206303
206304
206305
206306
206307
206308
206309
206310
206311
206312
206313
206314
206315
206316
206317
206318
206319
206320
206321
206322
206323
206324
206325
206326
206327
206328
206329
206330
206331
206332
206333
206334
206335
206336
206337
206338
206339
206340
206341
206342
206343
206344
206345
206346
206347
206348
206349
206350
206351
206352
206353
206354
206355
206356
206357
206358
206359
206360
206361
206362
206363
206364
206365
206366
206367
206368
206369
206370
206371
206372
206373
206374
206375
206376
206377
206378
206379
206380
206381
206382
206383
206384
206385
206386
206387
206388
206389
206390
206391
206392
206393
206394
206395
206396
206397
206398
206399
206400
206401
206402
206403
206404
206405
206406
206407
206408
206409
206410
206411
206412
206413
206414
206415
206416
206417
206418
206419
206420
206421
206422
206423
206424
206425
206426
206427
206428
206429
206430
206431
206432
206433
206434
206435
206436
206437
206438
206439
206440
206441
206442
206443
206444
206445
206446
206447
206448
206449
206450
206451
206452
206453
206454
206455
206456
206457
206458
206459
206460
206461
206462
206463
206464
206465
206466
206467
206468
206469
206470
206471
206472
206473
206474
206475
206476
206477
206478
206479
206480
206481
206482
206483
206484
206485
206486
206487
206488
206489
206490
206491
206492
206493
206494
206495
206496
206497
206498
206499
206500
206501
206502
206503
206504
206505
206506
206507
206508
206509
206510
206511
206512
206513
206514
206515
206516
206517
206518
206519
206520
206521
206522
206523
206524
206525
206526
206527
206528
206529
206530
206531
206532
206533
206534
206535
206989
206990
206991
206992
206993
206994
206995
206996
206997
206998
206999
207000
207001
207002
207003
207004
207005
207006
207007
207008
207009
207010
207011
207012
207013
207014
207015
207016
207017
207018
207019
207020
207021
207022
207023
207024
207025
207026
207027
207028
207029
207030
207031
207032
207033
207034
207035
207036
207037
207038
207039
207040
207041
207042
207043
207044
207045
207046
207047
207048
207049
207050
207051
207052
207053
207054
207055
207056
207057
207058
207059
207060
207061
207062
207063
207064
207065
207066
207067
207068
207069
207070
207071
207072
207073
207074
207075
207076
207077
207078
207079
207080
207081
207082
207083
207084
207085
207086
207087
207088
207089
207090
207091
207092
207093
207094
207095
207096
207097
207098
207099
207100
207101
207102
207103
207104
207105
207106
207107
207108
207109
207110
207111
207112
207113
207114
207115
207116
207117
207118
207119
207820
207821
207822
207823
207824
207825
207826
207827
207828
207829
207830
207831
207832
207833
207834
207835
207836
207837
207838
207839
207840
207841
207842
207843
207856
207857
207858
207859
207860
207861
207862
207863
207864
207865
207866
207867
207868
207869
207870
207871
207872
207873
207874
207875
207876
207877
207878
207879
207880
207881
207882
207883
207884
207885
207910
207911
207912
207913
207914
207915
207916
207917
207918
207919
207920
207921
207922
207923
207924
207925
207926
207927
207928
207929
207930
207931
207932
207933
207934
207935
207936
207937
207938
207939
207940
207941
207942
207943
207944
207945
207946
207947
207948
207949
207950
207951
207988
207989
207990
207991
207992
207993
207994
207995
207996
207997
207998
207999
208000
208001
208002
208003
208004
208005
208006
208007
208008
208009
208010
208011
208012
208013
208014
208015
208016
208017
208018
208019
208032
208033
208034
208035
208036
208037
208038
208039
208040
208041
208042
208043
208044
208045
208046
208047
208048
208049
208050
208051
208052
208053
208054
208055
208056
208057
208058
208059
208060
208061
208062
208063
208112
208113
208114
208115
208116
208117
208118
208119
208120
208121
208122
208123
208124
208125
208126
208127
208128
208129
208130
208131
208132
208133
208134
208135
208136
208137
208138
208139
208140
208141
208142
208143
208144
208145
208146
208147
208148
208149
208150
208151
208152
208153
208154
208155
208156
208157
208158
208159
208196
208197
208198
208199
208200
208201
208202
208203
208204
208205
208206
208207
208208
208209
208210
208211
208212
208213
208214
208215
208216
208217
208218
208219
208220
208221
208222
208223
208224
208225
208250
208251
208252
208253
208254
208255
208256
208257
208258
208259
208260
208261
208262
208263
208264
208265
208266
208267
77384
77385
77386
77387
77388
77389
77390
77391
77392
77393
77394
77395
77396
77397
77398
77399
77400
77401
77402
77403
77404
77405
77406
77407
77456
77457
77458
77459
77460
77461
77462
77463
77464
77465
77466
77467
77468
77469
77470
77471
77472
77473
77474
77475
77476
77477
77478
77479
77480
77481
77482
77483
77484
77485
77486
77487
77488
77489
208587
208588
208589
208590
208591
208592
208593
208594
208595
208596
208597
208598
77538
77539
77540
77541
77542
77543
77544
77545
77546
77547
77548
77549
77550
77551
77552
77553
77554
77555
77556
77557
77558
77559
77560
77561
77562
77563
77564
77565
77566
77567
77568
77569
77570
77571
77572
77573
77574
77575
77576
77577
77578
77579
77580
77581
77582
77583
77584
77585
77586
77587
77588
77589
77590
77591
77592
77593
77594
77595
77596
77597
77598
77599
77600
77601
77602
77603
77604
77605
77606
77607
77608
77609
77610
77611
77612
77613
77614
77615
77616
77617
77618
77619
77620
77621
77622
77623
77624
77625
77626
77627
77628
77629
77630
77631
77632
77633
77634
77635
77636
77637
77638
77639
77640
77641
77642
77643
77644
77645
77646
77647
77648
77649
77650
77651
77652
77653
77654
77655
77656
77657
77658
77659
77660
77661
77662
77663
77664
77665
77666
77667
77668
77669
77670
77671
77672
77673
77674
77675
77676
77677
77678
77679
77680
77681
77682
77683
77684
77685
77686
77687
77688
77689
77690
77691
77692
77693
77694
77695
77696
77697
77698
77699
77700
77701
77702
77703
77704
77705
77706
77707
77708
77709
77710
77711
77712
77713
77714
77715
77716
77717
77718
77719
77720
77721
77722
77723
77724
77725
77726
77727
77728
77729
77730
77731
77732
77733
77734
77735
77736
77737
77738
77739
77740
77741
77742
77743
77744
77745
77746
77747
77748
77749
77750
77799
77800
77801
77802
77803
77804
77805
77806
77807
77808
77809
77810
77811
77812
77813
77814
77815
77816
77817
77818
77819
77820
77821
77822
77823
77824
77825
77826
77827
77828
77829
77830
77831
77832
77833
77834
77835
77836
77837
77838
77839
77840
77841
77842
77843
77844
77845
77846
77847
77848
77849
77850
77851
77852
77853
77854
77855
77856
77857
77858
77859
77860
77861
77862
77863
77864
77865
77866
77867
77868
77869
77870
77871
77872
77873
77874
77875
77876
77877
77878
77879
77880
77881
77882
77883
77884
77885
77886
77887
77888
77889
77890
77891
77892
77893
77894
77895
77896
77897
77898
77899
77900
77901
77902
77903
77904
77905
77906
77907
77908
77909
77910
77911
77912
77913
77914
77915
77916
77917
77918
77919
77920
77921
77922
77923
77924
77925
77926
77927
77928
77929
77930
77931
77932
77933
77934
77935
77936
77937
77938
77939
77940
77941
77942
77943
77944
77945
77946
77947
77948
77949
77950
77951
77952
77953
77954
77955
77956
77957
77958
77959
77960
77961
77962
77963
77964
77965
77966
77967
77968
77969
77970
77971
77972
77973
77974
77975
77976
77977
77978
77979
77980
77981
77982
77983
77984
77985
77986
77987
77988
77989
77990
77991
77992
77993
77994
77995
77996
77997
77998
77999
78000
78001
78002
78003
78004
78005
78006
78007
78008
78009
78010
78011
78012
78013
78014
78015
78016
78017
78018
78019
78020
78021
78022
78023
78024
78025
78026
78027
78028
78029
78030
78031
78032
78033
78034
78035
78036
78037
78038
78039
78040
78041
78042
78043
78044
78045
78046
78047
78048
78049
78050
78051
78052
78053
78054
78055
78056
78057
78058
78177
78178
78179
78180
78181
78182
78183
78184
78185
78186
78187
78188
78189
78190
78191
78192
78193
78194
78195
78196
78197
78198
78199
78200
78201
78202
78203
78204
78205
78206
78207
78208
78209
78210
78211
78212
78213
78214
78215
78216
78217
78218
78219
78220
78221
78222
78223
78224
78225
78226
78227
78228
78229
78230
78231
78232
78233
78234
78235
78236
78237
78238
78239
78240
78241
78242
78243
78244
78245
78246
78247
78248
78249
78250
78251
78252
78253
78254
78255
78256
78257
78258
78259
78260
78261
78262
78263
78264
78265
78266
78267
78268
78269
78270
78271
78272
78273
78274
78275
78276
78277
78278
78279
78280
78281
78282
78283
78284
78285
78286
78287
78288
78289
78290
78291
78292
78293
78294
78295
78296
78297
78298
78299
78300
78301
78302
78303
78304
78305
78306
78307
78308
78309
78310
78311
78312
78313
78314
78315
78316
78317
78318
78319
78320
78321
78322
78323
78324
78325
78326
78327
78328
78329
78330
78331
78332
78333
78334
78335
78336
78337
78338
78339
78340
78341
78342
78343
78344
78345
78346
78347
78348
78349
78350
78351
78352
78353
78354
78355
78356
78357
78358
78359
78360
78361
78362
78363
78364
78365
78366
78367
78368
78369
78370
78371
78372
78373
78374
78375
78376
78377
78378
78379
78380
78381
78382
78383
78384
78385
78386
78387
78388
78389
78390
78391
78392
78393
78394
78395
78396
78397
78398
78399
78400
78401
78402
78403
78404
78405
78406
78407
78408
78409
78410
78411
78412
78413
78414
78415
78416
78417
78418
78419
78420
78421
78422
78423
78424
78425
78426
78427
78428
78429
78430
78431
78432
78433
78434
78435
78436
78437
78438
78439
78440
78441
78442
78443
78444
78445
78446
78447
78448
78449
78450
78451
78452
78453
78454
78455
78456
78457
78458
78459
78460
78461
78462
78463
78464
78465
78466
78467
78468
209592
209593
209594
209595
209596
209597
209598
209599
209600
209601
209602
209603
209604
209605
209606
209607
209608
209609
209610
209611
209612
209613
209614
209615
209616
209617
209618
209619
209620
209621
209622
209623
209624
209625
209626
209627
209628
209629
209630
209631
209632
209633
209634
209635
209636
209637
209638
209639
209640
209641
209642
209643
209644
209645
209646
209647
209648
209649
209650
209651
209652
209653
209654
209655
209656
209657
209658
209659
209660
209661
209662
209663
209664
209665
209666
209667
209668
209669
209670
209671
209672
209673
209674
209675
209676
209677
209678
209679
209680
209681
209682
209683
209684
209685
209686
209687
78615
209688
78616
209689
78617
209690
78618
209691
78619
209692
78620
209693
78621
209694
78622
209695
78623
209696
78624
209697
78625
209698
78626
209699
78627
209700
78628
209701
78629
209702
78630
209703
78631
209704
78632
209705
78633
209706
78634
209707
78635
209708
78636
209709
78637
209710
78638
209711
78639
209712
78640
209713
78641
209714
78642
209715
78643
209716
78644
209717
78645
209718
78646
209719
78647
209720
78648
209721
78649
209722
78650
209723
78651
209724
78652
209725
78653
209726
78654
209727
78655
209728
78656
209729
78657
209730
78658
209731
78659
209732
78660
209733
78661
209734
78662
209735
78663
209736
78664
209737
78665
209738
78666
209739
78667
209740
78668
209741
78669
209742
78670
209743
78671
209744
78672
209745
78673
209746
78674
209747
78675
209748
78676
209749
78677
209750
78678
209751
78679
209752
78680
209753
78681
209754
78682
209755
78683
209756
78684
209757
78685
209758
78686
209759
78687
209760
78688
209761
78689
209762
78690
209763
78691
209764
78692
209765
78693
209766
78694
209767
78695
209768
78696
209769
78697
209770
78698
209771
78699
209772
78700
209773
78701
209774
78702
209775
78703
209776
78704
209777
78705
209778
78706
209779
78707
209780
78708
209781
78709
209782
78710
209783
78711
209784
78712
209785
78713
209786
78714
209787
78715
209788
78716
209789
78717
209790
78718
209791
78719
209792
78720
209793
78721
209794
78722
209795
78723
209796
78724
209797
78725
209798
78726
209799
78727
209800
78728
209801
78729
209802
78730
209803
78731
209804
78732
209805
78733
209806
78734
209807
78735
209808
78736
209809
78737
209810
78738
209811
78739
209812
78740
209813
78741
209814
78742
209815
78743
209816
78744
209817
78745
209818
78746
209819
78747
209820
78748
209821
78749
209822
78750
209823
78751
209824
78752
209825
78753
209826
78754
209827
78755
209828
78756
209829
78757
209830
78758
209831
78759
209832
78760
209833
78761
209834
78762
209835
78763
209836
78764
209837
78765
209838
78766
209839
78767
209840
78768
209841
78769
209842
78770
209843
78771
209844
78772
209845
78773
209846
78774
209847
78775
209848
78776
209849
78777
209850
78778
209851
78779
209852
78780
209853
78781
209854
78782
209855
78783
209856
78784
209857
78785
209858
78786
209859
78787
209860
78788
209861
78789
209862
78790
209863
78791
209864
78792
209865
78793
209866
78794
209867
78795
209868
78796
209869
78797
209870
78798
209871
78799
209872
78800
209873
78801
209874
78802
209875
78803
209876
78804
209877
78805
209878
78806
209879
78807
78808
78809
78810
78811
78812
78813
78814
78815
78864
78865
78866
78867
78868
78869
78870
78871
78872
78873
78874
78875
78876
78877
78878
78879
78880
78881
78882
78883
78884
78885
78886
78887
78888
78889
78890
78891
78892
78893
78894
78895
78896
78897
78946
78947
78948
78949
78950
78951
78952
78953
78954
78955
78956
78957
78958
78959
78960
78961
78962
78963
78964
78965
78966
78967
78968
78969
78970
78971
78972
78973
78974
78975
78976
78977
78978
78979
78980
78981
78982
78983
78984
78985
78986
78987
78988
78989
78990
78991
78992
78993
78994
78995
78996
78997
78998
78999
79000
79001
79002
79003
79004
79005
79006
79007
79008
79009
79010
79011
79012
79013
79014
79015
79016
79017
79018
79019
79020
79021
79022
79023
79024
79025
79026
79027
79028
79029
79030
79031
79032
79033
79034
79035
79036
79037
79038
79039
79040
210113
79041
210114
79042
210115
79043
210116
79044
210117
79045
210118
79046
79047
79048
79049
79050
79051
79052
79053
79054
79055
79056
79057
79058
79059
79060
79061
79062
79063
79064
79065
79066
79067
79068
79069
79070
79071
79072
210145
79073
210146
79074
210147
79075
210148
79076
210149
79077
210150
79078
79079
79080
79081
79082
79083
79084
79085
79086
79087
79088
79089
79090
79091
79092
79093
79094
79095
79096
79097
79098
79099
79100
79101
79102
79103
79104
79105
79106
79107
79108
79109
79110
79111
79112
79113
79114
79115
79116
79117
79118
79119
79120
79121
79122
79123
79124
79125
79126
79127
79128
79129
79130
79131
79132
79133
79134
79833
79834
79835
79836
79837
79838
79839
79840
79841
79842
79843
79844
79845
79846
79847
79848
79849
79850
79851
79852
79853
79854
79855
79856
79857
79858
79859
79860
79861
79862
79863
79864
79865
79866
79867
79868
211022
211023
211024
211025
211026
211027
211034
211035
211036
211037
211038
211039
211046
211047
211048
211049
211050
211051
211058
211059
211060
211061
211062
211063
211070
211071
211072
211124
211125
211126
211127
211128
211129
211130
211131
211132
211133
211134
211135
211136
211137
211138
211139
211140
211141
211142
211143
211144
211145
211146
211147
211148
211149
211150
211154
211155
211156
211208
211209
211210
211214
211215
211216
211244
211245
211246
211250
211251
211252
211592
211593
211594
211595
211596
211597
211598
211599
211600
211601
211602
211603
211604
211605
211606
211607
211608
211609
211610
211611
211612
211613
211614
211615
211616
211617
211618
211619
211620
211621
211622
211623
211624
211625
211626
211627
211628
211629
211630
211631
211632
211633
211634
211635
211636
211637
211638
211639
211640
211641
211642
211643
211644
211645
211646
211647
211648
211649
211650
211651
211652
211653
211654
211655
211656
211657
211658
211659
211660
211661
211662
211663
211664
211665
211666
211667
211668
211669
211670
211671
211672
211673
211674
211675
211676
211677
211678
211679
211680
211681
211682
211683
211684
211685
211686
211687
211688
211689
211690
211691
211692
211693
211694
211695
211696
211697
211698
211699
211700
211701
211702
211703
211704
211705
211706
211707
211708
211709
211710
211711
211712
211713
211714
211715
211716
211717
211718
211719
211720
211721
211722
211723
211724
211725
211726
211727
211728
211729
211730
211731
211732
211733
211734
211735
81076
81077
81078
81079
81080
81081
81082
81083
81084
81085
81086
81087
212186
212187
212188
212189
212190
212191
212192
212193
212194
212195
212196
212197
212198
212199
212200
212201
212202
212203
212204
212205
212206
212207
212208
212209
212210
212211
212212
212213
212214
212215
212216
212217
212218
212219
212220
212221
212222
212223
212224
212225
212226
212227
212228
212229
212230
212231
212232
212233
212234
212235
212236
212237
212238
212239
212240
212241
212242
212243
212244
212245
212246
212247
212248
212249
212250
212251
212252
212253
212254
212255
212256
212257
212258
212259
212260
212261
212262
212263
212264
212265
212266
212267
212268
212269
81208
81209
81210
81211
81212
81213
81214
81215
81216
81217
81218
81219
81268
81269
81270
81271
81272
81273
81274
81275
81276
81277
81278
81279
81280
81281
81282
81283
81284
81285
81286
81287
81288
81289
81290
81291
81292
81293
81294
81295
212486
212487
212488
212489
212490
212491
212492
212493
212494
212495
212496
212497
212498
212499
212500
212501
212502
212503
212504
212505
212506
212507
212508
212509
212510
212511
212512
212513
212514
212515
212516
212517
212518
212519
212520
212521
212522
212523
212524
212525
212526
212527
212528
212529
212530
212531
212532
212533
212534
212535
212536
212537
212538
212539
212540
212541
212542
212543
212544
212545
212546
212547
212548
212549
212550
212551
212552
212553
212554
212555
212556
212557
212558
212559
212560
212561
212562
212563
212564
212565
212566
212567
212568
212569
213314
213315
213316
213323
213324
213325
213326
213327
213328
213329
213330
213331
213332
213333
213334
213335
213336
213337
213362
213363
213364
213365
213366
213367
213368
213369
213370
213371
213372
213373
213374
213375
213376
213377
213378
213379
213380
213381
213382
213383
213384
213385
213410
213411
213412
213413
213414
213415
213416
213417
213418
213419
213420
213421
213422
213423
213424
213425
213426
213427
213428
213429
213430
213431
213432
213433
213458
213459
213460
213461
213462
213463
213464
213465
213466
213467
213468
213469
213470
213471
213472
213473
213474
213475
213476
213477
213478
213479
213480
213481
213482
213483
213484
213485
213486
213487
213488
213489
213490
213491
213492
213493
213494
213495
213496
213497
213498
213499
213500
213501
213502
213503
213504
213505
213506
213507
213508
213509
213510
213511
213512
213513
213514
213521
213522
213523
213524
213525
213526
213527
213528
213529
213530
213531
213532
213533
213534
213535
213566
213567
213568
213569
213570
213571
213572
213573
213574
213575
213576
213577
213578
213579
213580
213581
213582
213583
213584
213585
213586
213587
213588
213589
213590
213591
213592
213593
213594
213595
213596
213597
213598
213599
213600
213601
213602
213603
213604
213605
213606
213607
213608
213609
213610
213611
213612
213613
213614
213615
213616
213617
213618
213619
213620
213621
213622
213629
213630
213631
213632
213633
213634
213635
213636
213637
213638
213639
213640
213641
213642
213643
213674
213675
213676
213677
213678
213679
213680
213681
213682
213683
213684
213685
213686
213687
213688
213689
213690
213691
213692
213693
213694
213695
213696
213697
213722
213723
213724
213725
213726
213727
213728
213729
213730
213731
213732
213733
213734
213735
213736
213737
213738
213739
213740
213741
213742
213743
213744
213745
213846
213847
213848
213849
213850
213851
213852
213853
213854
213855
213856
213857
213858
213859
213860
213861
82825
82826
82827
82828
82829
82830
82831
82832
82833
82834
82835
82836
82837
82838
82839
82840
82841
82842
82843
82844
82845
82846
82847
82848
82849
82850
82851
82852
82853
82854
82855
82856
82857
82858
82859
82860
82861
82862
82863
82864
82865
82866
82867
82868
82869
82870
82871
82872
82873
82874
82875
82876
82877
82878
82879
82880
82881
82882
82883
82884
82885
82886
82887
82888
82889
82890
82891
82892
82893
82894
82895
82896
82897
82898
82899
82900
82901
82902
82903
82904
82905
82906
82907
82908
82909
82910
82911
82912
82913
82914
82915
82916
82917
82918
82919
82920
82921
82922
82923
82924
82925
82926
82927
82928
82929
82930
82931
82932
82933
82934
82935
82936
82937
82938
82939
82940
82941
82942
82943
82944
82945
82946
82947
82948
82949
82950
82951
82952
82953
82954
82955
82956
82957
82958
82959
82960
82961
82962
82963
82964
82965
82966
82967
82968
82969
82970
82971
82972
82973
82974
82975
82976
82977
82978
82979
82980
82981
82982
82983
82984
82985
82986
82987
82988
82989
82990
82991
82992
82993
82994
82995
82996
82997
82998
82999
83000
83001
83002
83003
83004
83005
83006
83007
83008
83009
83010
83011
83012
83013
83014
83015
83016
83017
83018
83019
83020
83021
83022
83023
83024
83025
83026
83027
83028
83029
83030
83031
83032
83033
83034
83035
83036
83037
83038
83039
83040
83041
83042
83043
83044
83045
83046
83047
83048
83049
83050
83051
83052
83053
83054
83055
83056
83057
83058
83059
83060
83061
83062
83063
83064
83065
83066
83067
83068
83069
83070
83071
83072
83073
83074
83075
83076
83077
83078
83079
83080
83081
83082
83083
83084
83085
83086
83087
83088
83089
83090
83091
83092
83093
83094
83095
83096
83097
83098
83099
83100
83101
83102
83103
83104
83105
83106
83107
83108
83109
83110
83111
83112
83113
83114
83115
83116
83117
83118
83119
83120
83121
83122
83123
83124
83125
214198
83126
214199
83127
214200
83128
214201
83129
214202
83130
214203
83131
214204
83132
214205
83133
214206
83134
214207
83135
214208
83136
214209
83137
214210
83138
214211
83139
214212
83140
214213
83141
214214
83142
214215
83143
214216
83144
214217
83145
214218
83146
214219
83147
214220
83148
214221
83149
214222
83150
214223
83151
214224
83152
214225
83153
214226
83154
214227
83155
214228
83156
214229
83157
214230
83158
214231
83159
214232
83160
214233
83161
214234
83162
214235
83163
214236
83164
214237
83165
214238
83166
214239
83167
214240
83168
214241
83169
214242
83170
214243
83171
214244
83172
214245
83173
214246
83174
214247
83175
214248
83176
214249
83177
214250
83178
214251
83179
83180
83181
83182
83183
83184
83185
214258
83186
214259
83187
214260
83188
214261
83189
214262
83190
214263
83191
83192
83193
83194
83195
83196
83197
83198
83199
83200
83201
83202
83203
83204
83205
83206
83207
83208
83209
83210
83211
83212
83213
83214
83215
83216
83217
83218
83219
83220
83221
83222
83223
83224
83225
83226
83227
83228
83229
83230
83231
83232
83233
83234
83235
83236
83237
83238
83239
83240
83241
83242
83243
83244
83245
83246
83247
83248
83249
83250
83251
83252
83253
83254
83255
83256
83257
83258
83259
83260
83261
83262
83263
83264
83265
83266
83267
83268
83269
83270
83271
83272
83273
83274
83275
83276
83277
83278
83279
83280
83281
83282
83283
83284
83285
83286
83287
83288
83289
83290
83291
83292
83293
83294
83295
83296
83297
83298
83299
83300
83301
83302
83303
83304
83305
83306
83307
83308
83309
83310
83311
83312
83313
83314
83315
83316
83317
83318
83319
83320
83321
83322
83323
83324
83325
83326
83327
83328
83329
83330
83331
83332
83333
83334
83335
83336
83337
83338
83339
83340
83341
83342
83343
83344
83345
83346
83347
83348
83349
83350
83351
83352
83353
83354
83355
83356
83357
83358
83359
83360
83361
83362
83363
83364
83365
83366
83367
83368
83369
83370
83371
83372
83373
83374
83375
83376
83377
83378
83379
83380
83381
83382
83383
83384
83385
83386
83387
83388
83389
83390
83391
83392
83393
83394
83395
83396
83397
83398
83399
83400
83401
83402
83403
83404
83405
83406
83407
83408
83409
83410
83411
83412
83413
83414
83415
83416
83417
83418
83419
83420
83421
83422
83423
83424
83425
83426
83427
83428
83429
83430
83431
83432
83433
83434
83435
83436
83437
83438
83439
83440
83441
83442
83443
83444
83445
83446
83447
83448
83449
83450
83451
83452
83453
83454
83455
83456
83457
83458
83459
83460
83461
83462
83463
83464
83465
83466
83467
83468
83469
83470
83471
83472
83473
83474
83475
83476
83477
83478
83479
83480
83481
83482
83483
83484
83485
83486
83487
83488
83489
83490
83491
83492
83493
83494
83495
83496
83497
83498
83499
83500
83501
214574
83502
214575
83503
83504
83505
83506
83507
83508
83509
83510
83511
83512
83513
83514
214752
214753
83686
83687
83688
83689
83690
83691
83692
83693
83694
83695
83696
83697
83698
83699
83700
214773
83701
214774
83702
214775
83703
214776
83704
214777
83705
214778
83706
214779
83707
214780
83708
214781
83709
214782
83710
214783
83711
214784
83712
214785
83713
214786
83714
214787
83715
214788
83716
214789
83717
214790
83718
83719
83720
83721
83722
83723
83724
83725
83726
83727
83728
83729
83730
83731
83732
83733
83734
83735
83736
83737
83738
83739
83740
83741
83742
83743
83744
83745
83746
83747
83748
83749
83750
83751
83752
83753
83754
83755
83756
83757
83758
83759
83760
83761
83762
83763
83764
83765
83766
83767
83768
83769
83770
83771
83772
83773
83774
83775
83776
83777
83778
83779
83780
83781
83782
83783
83784
83785
83786
83787
83788
83789
83790
83791
83792
83793
83794
83795
83796
83797
83798
83799
83800
83801
83802
83803
83804
83805
83806
83807
83808
83809
83810
83811
83812
83813
83814
83815
83816
83817
83818
83819
83820
83821
83822
83823
83824
83825
83826
83827
83828
83829
83830
83831
83832
83833
83834
83835
83836
83837
83838
83839
83840
83841
83842
83843
83844
83845
83846
83847
83848
83849
83850
83851
83852
83853
83854
83855
83856
83857
83858
83859
83860
83861
83862
83863
83864
83865
83866
83867
83868
83869
83870
83871
83872
83873
83874
83875
83876
83877
83878
83879
83880
83881
83882
83883
83884
83885
83886
83887
83888
83889
83890
83891
83892
83893
83894
83895
83896
83897
83898
83899
83900
83901
83902
83903
83904
83905
83906
83907
83908
83909
83910
83911
83912
83913
83914
83915
83916
83917
83918
83919
83920
83921
83922
83923
83924
83925
83926
83927
83928
83929
83930
83931
83932
83933
83934
83935
83936
83937
83938
83939
83940
83941
83942
83943
83944
83945
83946
83947
83948
83949
83950
83951
83952
83953
83954
83955
83956
83957
83958
83959
83960
83961
83962
83963
83964
83965
83966
83967
83968
83969
83970
83971
83972
83973
83974
83975
83976
83977
83978
83979
83980
83981
83982
83983
83984
83985
83986
83987
83988
83989
83990
83991
83992
83993
83994
83995
83996
83997
83998
83999
84000
84001
84002
84003
84004
84005
84006
84007
84008
84009
84010
84011
84012
84013
84014
84015
84016
84017
84018
84019
84020
84021
84022
84023
84024
84025
84026
84027
84028
84029
84030
84031
84032
84033
84034
84035
84036
84037
84038
84039
84040
84041
84042
84043
84044
84045
84046
84047
84048
84049
84050
84051
84052
84053
84054
84055
84056
84057
84058
84059
84060
84061
84062
84063
84064
84065
84066
84067
84068
84069
84070
84071
84072
84073
84074
84075
84076
84077
84078
84079
84080
84081
84082
84083
84084
84085
84086
84087
84088
84089
84090
84091
84092
84093
84094
84266
84267
84268
84269
84270
84271
84272
84273
84274
84275
84276
84277
84278
84279
84280
84281
84282
84283
84284
84285
84286
84287
84288
84289
84290
84291
84292
84293
84294
84295
84296
84297
84298
84299
84300
84301
84302
84303
84304
84305
84306
84307
84308
84309
84310
84311
84312
84313
84314
84315
84316
84317
84318
84319
84320
84321
84322
84323
84324
84325
84326
84327
84328
84329
84330
84331
84332
84333
84334
84335
84336
84337
84338
84339
84340
84341
84342
84343
84344
84345
84346
84347
84348
84349
84350
84351
84352
84353
84354
84355
84356
84357
84358
84359
84360
84361
84362
84363
84364
84365
84366
84367
84368
84369
84370
84371
84372
84373
84374
84375
84376
84377
84378
84379
84380
84381
84382
84383
84384
84385
84386
84387
84388
84389
84390
84391
84392
84393
84394
84395
84396
84397
84398
84399
84400
84401
84402
84403
84404
84405
84406
84407
84408
84409
84410
84411
84412
84413
84414
84415
84416
84417
84418
84419
84420
84421
84422
84423
84424
84425
84426
84427
84428
84429
84430
84431
84432
84433
84434
84435
84436
84437
84438
84439
84440
84441
84442
84443
84444
84445
84446
84447
84448
84449
84450
84451
84452
84453
84454
84455
84456
84457
84458
84459
84460
84461
84462
84463
84464
84465
84466
84467
84468
84469
84470
84471
84472
84473
84474
84475
84476
84477
84478
84479
84480
84481
84482
84483
84484
84485
84486
84487
84488
84489
84490
84491
84492
84493
84494
84495
84496
84497
84498
84499
84500
84501
84502
84503
84504
84505
84506
84507
84508
84509
84510
84511
84512
84513
84514
84515
84516
84517
84518
84519
84520
84521
84522
84523
84524
84525
84526
84527
84528
84529
84530
84531
84532
84533
84534
84535
84536
84537
84538
84539
84540
84541
84542
84543
84544
84545
84546
84547
84548
84549
84550
84551
84552
84553
84554
84555
84556
84557
84558
84559
84560
84561
84562
84563
84564
84565
84566
84567
84568
84569
84570
84571
84572
84573
84574
84575
84576
84577
84578
84579
84580
84581
216340
216341
216342
216349
216350
216351
216352
216353
216354
216355
216356
216357
216358
216359
216360
216361
216362
216363
216367
216368
216369
216373
216374
216375
216376
216377
216378
216379
216380
216381
216382
216383
216384
216385
216386
216387
216391
216392
216393
216397
216398
216399
216400
216401
216402
216403
216404
216405
216406
216407
216408
216409
216410
216411
216415
216416
216417
216421
216422
216423
216424
216425
216426
216427
216428
216429
216430
216431
216432
216433
216434
216435
216439
216440
216441
216448
216449
216450
216451
216452
216453
216556
216557
216558
216559
216560
216561
216562
216563
216564
216565
216566
216567
216568
216569
216570
216571
216572
216573
216574
216575
216576
216577
216578
216579
216580
216581
216582
216583
216584
216585
216586
216587
216588
216589
216590
216591
216592
216593
216594
216595
216596
216597
216598
216599
216600
216601
216602
216603
216604
216605
216606
216607
216608
216609
216616
216617
216618
216619
216620
216621
216724
216725
216726
216727
216728
216729
216736
216737
216738
216739
216740
216741
216796
216797
216798
216799
216800
216801
216808
216809
216810
216811
216812
216813
216943
216944
216945
216946
216947
216948
216949
216950
216951
216952
216953
216954
216955
216956
216957
216958
216959
216960
216961
216962
216963
216964
216965
216966
216967
216968
216969
216970
216971
216972
216973
216974
216975
216976
216977
216978
216979
216980
216981
216982
216983
216984
216985
216986
216987
216988
216989
216990
216991
216992
216993
216994
216995
216996
217018
217019
217020
217021
217022
217023
217024
217025
217026
217027
217028
217029
217030
217031
217032
217033
217034
217035
217036
217037
217038
217039
217040
217041
217060
217061
217062
217063
217064
217065
217066
217067
217068
217069
217070
217071
217072
217073
217074
217075
217076
217077
217078
217079
217080
217081
217082
217083
217084
217085
217086
217087
217088
217089
217090
217091
217092
217486
217487
217488
217489
217490
217491
217492
217493
217494
217495
217496
217497
217498
217499
217500
217501
217502
217503
217504
217505
217506
217507
217508
217509
217510
217511
217512
217513
217514
217515
217516
217517
217518
217519
217520
217521
217522
217523
217524
217525
217526
217527
217528
217529
217530
217531
217532
217533
217534
217535
217536
217537
217538
217539
217540
217541
217542
217543
217544
217545
217546
217547
217548
217549
217550
217551
217552
217632
217633
217634
217635
217636
217637
217638
217639
217640
217641
217642
217643
217644
217645
217646
217647
217648
217649
217650
217651
217652
217653
217654
217655
217656
217657
217658
217659
217660
217661
217662
217663
217664
217665
217666
217667
217668
217669
217670
217671
217672
217673
217674
217675
217676
217677
217678
217679
217680
217681
217682
217683
217684
217685
217686
217687
217688
217689
217690
217691
217692
217693
217694
217695
218662
218663
218664
218665
218666
218667
218668
218669
218670
218671
218672
218673
218674
218675
218676
218677
218678
218679
218716
218717
218718
218719
218720
218721
218722
218723
218724
218725
218726
218727
218728
218729
218730
218731
218732
218733
218734
218735
218736
218737
218738
218739
218740
218741
218742
218743
218744
218745
218746
218747
218748
218785
218786
218787
218788
218789
218790
218791
218792
218793
218794
218795
218796
218797
218798
218799
218800
218801
218802
218803
218804
218805
218806
218807
218808
218809
218810
218811
218812
218813
218814
218815
218816
218817
218818
218819
218820
218821
218822
218823
218824
218825
218826
218827
218828
218829
218830
218831
218832
218833
218834
218835
218836
218837
218838
218839
218840
218841
218842
218843
218844
218845
218846
218847
218848
218849
218850
218851
218852
218853
218854
218888
218889
218890
218891
218892
218893
218894
218895
218896
218897
218898
218899
218900
218901
218902
218903
218904
218905
218906
218907
218908
218909
218910
218911
218912
218913
218914
218915
218916
218917
218918
218919
218920
218921
218922
218923
218924
218925
218926
218927
218928
218929
218930
218931
218932
218933
218934
218935
218936
218937
218938
218939
218940
218941
218942
218943
218944
218945
218946
218947
218948
218949
218950
218951
218952
218953
218954
218955
218956
218957
218958
218959
218960
218961
218962
218963
218964
218965
218966
218967
218968
218969
218970
218971
218972
218973
218974
218975
218976
218977
218978
218979
218980
218981
219012
219013
219014
219015
219016
219017
219018
219019
219020
219021
219022
219023
219024
219025
219026
219027
219028
219029
219030
219031
219032
219033
219034
219035
219036
219037
219038
219039
219040
219041
219042
219043
219044
219045
219046
219047
219048
219049
219050
219051
219052
219053
219054
219055
219056
219057
219058
219059
219060
219061
219062
219063
219064
219065
219066
219067
219068
219069
219070
219071
219072
219073
219074
219075
219076
219077
219078
219079
219080
219081
219082
219083
219084
219085
219086
219087
219088
219089
219090
219091
219092
219093
219094
219095
219096
219097
219098
219099
219100
219101
219102
219103
219104
219105
219106
219107
219108
219109
219110
219111
219112
219113
219114
219115
219116
219117
219154
219155
219156
219157
219158
219159
219160
219161
219162
219163
219164
219165
219166
219167
219168
219169
219170
219171
219172
219173
219174
219175
219176
219177
219178
219179
219180
219181
219182
219183
219184
219185
219186
219187
219188
219189
219190
219191
219192
219193
219194
219195
219196
219197
219198
219199
219200
219201
219202
219203
219204
219205
219206
219207
219208
219209
219210
219211
219212
219213
219214
219215
219216
219217
219218
219219
219220
219254
219255
219256
219257
219258
219259
219260
219261
219262
219263
219264
219265
219266
219267
219268
219269
219270
219271
219272
219273
219274
219275
219276
219277
219278
219279
219280
219281
219282
219283
219284
219285
219286
219287
219288
219289
219323
219324
219325
219326
219327
219328
219329
219330
219331
219332
219333
219334
219335
219336
219337
219338
219339
219340
219341
219342
219343
88780
88781
88782
88783
88784
88785
88786
88787
88788
88789
88790
88791
88792
88793
88794
88795
88796
88797
88798
88799
88800
88801
88802
88803
88804
88805
88806
88807
88808
88809
88810
88811
88812
88813
88814
88815
88816
88817
88818
88819
88820
88821
88822
88823
88882
88883
88884
88885
88886
88887
88888
88889
88890
88891
88892
88893
88894
88895
88896
88897
88898
88899
88900
88901
88902
88903
88904
88905
88906
88907
88908
88909
88910
88911
88912
88913
88914
88915
88916
88917
88918
88919
88920
88921
88922
88923
88924
88925
88926
88927
88928
88929
88930
88931
88932
88933
88934
88935
88936
88937
88938
88939
88940
88941
88942
88943
88944
88945
88946
88947
88948
88949
88950
88951
89018
89019
89020
89021
89022
89023
89024
89025
89026
89027
89028
89029
89030
89031
89032
89033
89034
89035
89036
89037
89038
89039
89040
89041
89042
89043
89044
89045
89046
89047
89048
89049
89050
89051
89052
89053
89054
89055
89056
89057
89058
89059
89060
89061
89062
89063
89064
89065
89066
89067
89068
89069
89070
89071
89072
89073
89074
89075
89076
89077
89078
89079
89080
89081
89082
89083
89084
89085
89086
89087
89088
89089
89090
89091
89092
89093
89094
89095
89096
89097
89098
89099
89100
89101
89102
89103
89104
89105
89106
89107
89108
89109
89110
89111
89112
89113
89114
89115
89116
89117
89118
89119
89120
89121
89122
89123
89124
89125
89126
89127
89128
89129
89130
89131
89132
89133
89134
89135
89136
89137
89138
89139
89140
89141
89142
89143
89144
89145
89146
89147
89148
89149
89150
89151
89152
89153
89154
89155
89156
89157
89158
89159
89160
89161
89162
89163
89164
89165
89166
89167
89168
89169
89170
89171
89172
89173
89174
89175
89176
89177
89178
89179
89180
89181
89182
89183
89184
89185
89186
89187
89188
89189
89190
89191
89192
89193
89194
89195
89196
89197
89198
89199
89200
89201
89202
89203
89204
89205
89206
89207
89208
89209
89210
89211
89212
89213
89214
89215
89216
89217
89218
89219
89220
89221
89222
89223
89224
89225
89226
89227
89228
89229
89230
89231
89232
89233
89234
89235
89236
89237
89238
89239
89240
89241
89242
89243
89244
89245
89246
89247
89248
89249
89250
89251
89252
89253
89254
89255
89256
89257
89258
89259
89260
89261
89262
89263
89352
89353
89354
89355
89356
89357
89358
89359
89360
89361
89362
89363
89364
89365
89366
89367
89368
89369
89370
89371
89372
89373
89374
89375
89376
89377
89378
89379
89380
89381
89382
89383
89384
89385
89386
89387
89388
89389
89390
89391
89392
89393
89394
89395
89396
89397
89398
89399
89400
89401
89402
89403
89404
89405
89406
89407
89408
89409
89410
89411
89412
89413
89414
89415
89416
89417
89418
89419
89420
89421
89422
89423
89424
89425
89426
89427
89428
89429
89430
89431
89432
89433
89434
89435
89436
89437
89438
89439
89440
89441
89442
89443
89444
89445
89446
89447
89448
89449
89450
89451
89452
89453
89454
89455
89456
89457
89458
89459
89460
89461
89462
89463
89464
89465
89466
89467
89468
89469
89470
89471
89472
89473
89474
89475
89476
89477
89478
89479
89480
89481
89482
89483
89484
89485
89486
89487
89488
89489
89490
89491
89492
89493
89494
89495
89496
89497
89498
89499
89500
89501
89502
89503
89504
89505
89506
89507
89508
89509
89510
89511
89512
89513
89514
89515
89516
89517
89518
89519
89520
89521
89522
89523
89524
89525
89526
89527
89528
89529
89530
89531
89532
89533
89534
89535
89536
89537
89538
89539
89540
89541
89542
89543
89544
89545
89546
89547
89548
89549
89550
89551
89552
89553
89554
89555
89556
89557
89558
89559
89560
89561
89562
89563
89564
89565
89566
89567
89568
89569
89570
89571
89572
89573
89574
89575
89576
89577
89578
89579
89580
89581
89582
89583
89584
89585
89586
89587
89588
89589
89590
89591
89592
89593
89594
89595
89596
89597
89598
89599
89600
89601
89602
89603
89604
89605
89606
89607
89608
89609
89610
89611
89612
89613
89614
89615
89616
89617
89618
89619
89620
89621
89622
89623
89624
89625
89626
89627
89628
89629
89630
89631
89632
89633
89634
89635
89636
89637
89638
89639
89640
89641
89642
89643
89644
89645
89646
89647
89648
89649
89650
89651
89652
89653
89654
89655
89656
89657
89658
89659
89660
89661
89662
89663
89664
89665
89666
89667
89668
89669
89670
89671
89672
89673
89674
89675
89676
89677
89678
89679
89680
89681
89682
89683
89684
89685
89686
89687
89688
89689
89690
89691
89692
89693
89694
89695
89696
89697
89698
89699
89700
89701
89702
89703
89704
89705
89706
89707
89708
89709
220851
220852
220853
220854
220855
220856
220857
220858
220859
220860
220861
220862
220863
220864
220865
220866
220867
220868
220869
220870
220871
220872
220873
220874
220899
220900
220901
220902
220903
220904
220905
220906
220907
220908
220909
220910
220911
220912
220913
220914
220915
220916
220917
220918
220919
220920
89848
220921
89849
220922
89850
220923
89851
220924
89852
220925
89853
220926
89854
220927
89855
220928
89856
220929
89857
220930
89858
220931
89859
220932
89860
220933
89861
220934
89862
220935
89863
220936
89864
220937
89865
220938
89866
220939
89867
220940
89868
89869
89870
89871
89872
89873
89874
89875
89876
89877
89878
89879
89880
89881
89882
89883
89884
89885
89886
89887
89888
89889
89890
89891
89892
89893
89894
89895
89896
89897
89898
89899
89900
89901
89902
89903
89904
220977
89905
220978
89906
220979
89907
220980
89908
220981
89909
220982
89910
220983
89911
220984
89912
220985
89913
220986
89914
220987
89915
220988
89916
220989
89917
220990
89918
220991
89919
220992
89920
220993
89921
220994
89922
220995
89923
220996
89924
220997
89925
220998
89926
220999
89927
221000
89928
221001
89929
221002
89930
221003
89931
221004
89932
221005
89933
221006
89934
221007
89935
221008
89936
221009
89937
221010
89938
221011
89939
221012
89940
221013
89941
221014
89942
221015
89943
221016
89944
221017
89945
221018
89946
221019
89947
221020
89948
221021
89949
221022
89950
221023
89951
221024
89952
221025
89953
221026
89954
221027
89955
221028
89956
221029
89957
221030
89958
221031
89959
221032
89960
221033
89961
221034
89962
221035
89963
221036
89964
221037
89965
221038
89966
221039
89967
221040
89968
221041
89969
221042
89970
221043
89971
221044
89972
221045
89973
221046
89974
221047
89975
221048
89976
221049
89977
221050
89978
221051
89979
221052
89980
221053
89981
221054
89982
221055
89983
221056
89984
221057
89985
221058
89986
221059
89987
221060
89988
221061
89989
221062
89990
221063
89991
221064
89992
221065
89993
221066
89994
221067
89995
221068
89996
221069
89997
221070
89998
221071
89999
221072
90000
90001
90002
90003
90004
90005
90006
90007
90008
90009
90010
90011
90012
90013
90014
90015
90016
90017
90018
90019
90020
90021
90022
90023
90024
90025
90026
90027
90028
90029
90030
90031
90032
90033
90034
90035
90036
90037
90038
90039
90040
90041
90042
90043
90044
90045
90046
90047
90048
221121
90049
221122
90050
221123
90051
221124
90052
221125
90053
221126
90054
221127
90055
221128
90056
221129
90057
221130
90058
221131
90059
221132
90060
221133
90061
221134
90062
221135
90063
221136
90064
221137
90065
221138
90066
221139
90067
221140
90068
221141
90069
221142
90070
221143
90071
221144
90072
221145
90073
221146
90074
221147
90075
221148
90076
221149
90077
221150
90078
221151
90079
221152
90080
221153
90081
221154
90082
221155
90083
221156
90084
221157
90085
221158
90086
221159
90087
221160
90088
221161
90089
221162
90090
221163
90091
221164
90092
221165
90093
221166
90094
221167
90095
221168
90096
221169
90097
221170
90098
221171
90099
221172
90100
221173
90101
221174
90102
221175
90103
221176
90104
90105
90106
90107
90108
90109
90110
90111
90112
90113
90114
90115
90116
90117
90118
90119
90120
90121
90122
90123
90124
90125
90126
90127
90128
90129
90130
90131
90132
90133
90134
90135
90136
90137
90138
90139
90140
90141
90142
90143
90144
90145
90146
90147
90148
221221
90149
221222
90150
221223
90151
221224
90152
221225
90153
221226
90154
221227
90155
221228
90156
221229
90157
221230
90158
221231
90159
221232
90160
221233
90161
221234
90162
221235
90163
221236
90164
221237
90165
221238
90166
221239
90167
221240
90168
221241
90169
221242
90170
221243
90171
221244
90172
221245
90173
221246
90174
221247
90175
221248
90176
221249
90177
221250
90178
221251
90179
221252
90180
221253
90181
221254
90182
221255
90183
221256
90184
221257
90185
221258
90186
221259
90187
221260
90188
221261
90189
221262
90190
221263
90191
221264
90192
221265
90193
221266
90194
221267
90195
221268
90196
221269
90197
221270
90198
221271
90199
221272
90200
221273
90201
221274
90202
221275
90203
221276
90204
90205
221345
221346
221347
221348
221349
221350
221351
221352
221353
221354
221355
221356
221357
221358
221359
221360
221361
221362
221363
221364
221365
221366
221367
221368
221369
221370
221371
221372
221373
221374
221375
221376
221377
221378
221379
221380
221381
221382
221383
221384
221385
221386
221387
221388
221389
221390
221391
221392
221393
221394
221395
221396
221397
221398
221399
221400
221401
221402
221403
221404
221405
221406
221407
221408
221409
221410
221411
221412
221413
221414
221415
221416
221417
221418
221419
221420
221421
221422
221423
221424
221425
221426
221427
221428
221429
221430
221431
221432
221433
221434
221435
221436
221437
221438
221439
221440
221441
221442
221443
221444
221445
221446
90374
221447
90375
221448
90376
221449
90377
221450
90378
221451
90379
221452
90380
221453
90381
221454
90382
221455
90383
221456
90384
221457
90385
221458
90386
221459
90387
221460
90388
221461
90389
221462
90390
221463
90391
221464
90392
90393
90394
90395
90396
90397
90398
90399
90400
90401
90402
90403
90404
90405
90406
90407
90408
90409
90410
90411
90412
90413
90414
90415
90416
90417
90418
90419
90420
90421
90422
90423
90424
90425
90426
90427
90428
221501
90429
221502
90430
221503
90431
221504
90432
221505
90433
221506
90434
221507
90435
221508
90436
221509
90437
221510
90438
221511
90439
221512
90440
221513
90441
221514
90442
221515
90443
221516
90444
221517
90445
221518
90446
221519
90447
221520
90448
221521
90449
221522
90450
221523
90451
221524
90452
221525
90453
221526
90454
221527
90455
221528
90456
221529
90457
221530
90458
221531
90459
221532
90460
221533
90461
221534
90462
221535
90463
221536
90464
221537
90465
221538
90466
221539
90467
221540
90468
221541
90469
221542
90470
90471
90472
90473
90474
90475
90476
90477
90478
90479
90480
90481
90482
90483
90484
90485
90486
90487
90488
90489
90490
90491
90492
90493
90494
221567
90495
221568
90496
221569
90497
221570
90498
221571
90499
221572
90500
221573
90501
221574
90502
221575
90503
221576
90504
221577
90505
221578
90506
221579
90507
221580
90508
221581
90509
221582
90510
221583
90511
221584
90512
221585
90513
221586
90514
221587
90515
221588
90516
221589
90517
221590
90518
221591
90519
221592
90520
221593
90521
221594
90522
221595
90523
221596
90524
221597
90525
221598
90526
221599
90527
221600
90528
221601
90529
221602
90530
221603
90531
221604
90532
221605
90533
221606
90534
221607
90535
221608
90536
90537
90538
90539
90540
90541
90542
90543
90544
90545
90546
90547
90548
90549
90550
90551
90552
90553
90554
90555
90556
90557
90558
90559
90560
90561
90562
90563
90564
90565
90566
90567
90568
90569
90570
90571
90572
90573
90574
90575
90576
90577
90578
90579
90580
90581
90582
90583
90584
90585
90586
90587
90588
90589
90590
90591
90592
90593
90594
90595
90596
90597
90598
90599
90600
90601
90602
90603
90604
90605
90606
90607
90608
90609
90610
90611
90612
90613
90614
90615
90616
90617
90618
90619
90620
90621
90622
90623
90624
90625
90626
90627
90628
90629
90630
90631
90632
90633
90634
90635
90636
90637
90638
90639
90640
90641
90642
90643
90644
90645
90646
90647
90648
90649
90723
90724
90725
90726
90727
90728
90729
90730
90731
90732
90733
90734
90735
90736
90737
90738
90739
90740
90741
90742
90743
90744
90745
90746
90747
90748
90749
90750
90751
90752
90753
90754
90755
90756
90757
90758
90759
90760
90761
90762
90763
90764
90765
90766
90767
90768
90769
90770
90771
90772
90773
90774
90775
90776
90777
90778
90779
90780
90781
90782
90783
90784
90785
90786
90787
90788
90789
90790
90791
90792
90844
90845
90846
90847
90848
90849
90850
90851
90852
90853
90854
90855
90856
90857
90858
90859
90860
90861
90862
90863
90864
90865
90866
90867
90868
90869
90870
90871
90872
90873
90874
90875
90876
90877
90878
90879
90880
90881
90882
90883
90884
90885
90886
90887
90888
90889
90890
90891
90892
90893
90894
90895
90896
90897
90898
90899
90900
90901
90902
90903
90904
90905
90906
90907
90908
90909
90910
90911
90912
90913
222242
222243
222244
222245
222246
222247
222260
222261
222262
222263
222264
222265
222266
222267
222268
222269
222270
222271
222272
222273
222274
222275
222276
222277
222278
222279
222280
222281
222282
222283
222284
222285
222286
222287
222288
222289
222290
222291
222292
222293
222294
222295
222296
91224
222297
91225
222298
91226
222299
91227
222300
91228
222301
91229
222302
91230
222303
91231
222304
91232
222305
91233
222306
91234
222307
91235
222308
91236
222309
91237
222310
91238
222311
91239
222312
91240
222313
91241
222314
91242
222315
91243
222316
91244
222317
91245
222318
91246
222319
91247
222320
91248
222321
91249
222322
91250
222323
91251
222324
91252
222325
91253
222326
91254
222327
91255
222328
91256
222329
91257
222330
91258
222331
91259
222332
91260
222333
91261
222334
91262
222335
91263
222336
91264
222337
91265
222338
91266
222339
91267
222340
91268
222341
91269
222342
91270
222343
91271
222344
91272
222345
91273
222346
91274
222347
91275
222348
91276
222349
91277
222350
91278
222351
91279
222352
222353
222354
222355
222356
222357
222358
222359
222360
222361
222362
222363
222364
222365
222366
222367
222368
222369
222370
222371
222372
222373
222374
222375
222376
222377
222378
222379
222380
222381
222382
222383
222384
222385
222386
222387
222388
222389
222390
222391
222392
222393
222394
222395
222396
222397
222398
222399
222400
222401
222402
222403
222404
222405
222406
222407
222408
91336
222409
91337
222410
91338
222411
91339
222412
91340
222413
91341
222414
91342
222415
91343
222416
91344
222417
91345
222418
91346
222419
91347
222420
91348
222421
91349
91350
91351
91352
91353
91354
91355
91356
91357
91358
91359
91360
91361
91362
91363
91364
91365
91366
91367
91368
91369
91370
91371
91372
91373
91374
91375
91376
91377
91378
91379
91380
91381
91382
91383
91384
91385
91386
91387
91388
91389
91390
91391
91392
91393
91394
91395
91396
91397
91398
91399
91400
91401
91402
91403
91404
91405
91406
91407
91408
91409
91410
91411
91412
91413
91414
91415
91416
91417
91418
91419
91420
91421
91422
91423
91424
91425
91426
91427
91428
91429
91430
91431
91432
91433
91434
91435
91436
91437
91438
91439
91440
91441
91442
91443
91444
91445
91446
91447
91448
91449
91450
91451
91452
91453
91454
91462
91463
91464
91465
91466
91467
91468
92343
92344
92345
92348
92349
92350
92351
92352
92353
92354
92355
92356
92357
92358
92359
92390
92391
92392
92393
92394
92395
92396
92397
92398
92399
92400
92401
92402
92403
92404
92405
92406
92407
92408
92409
92410
92411
92412
92413
92414
92415
92416
92417
92418
92419
92420
92421
92422
92423
92424
92425
92426
92427
92428
92429
92430
92431
92432
92433
92434
92435
92451
92452
92453
92454
92455
92456
92457
92458
92459
92460
92461
92462
92463
92464
92465
92466
92467
92468
92469
92470
92471
92472
92473
92474
92475
92476
92477
92478
92479
92480
92481
92482
92483
92484
92485
92486
92487
92488
92489
92490
92491
92492
92493
92494
92495
92496
92512
92513
92514
92515
92516
92517
92518
92519
92520
92521
92522
92523
92524
92525
92526
92527
92528
92529
92559
92560
92561
92562
92563
92564
92565
92566
92567
92568
92569
92570
92571
92572
92573
92574
92575
92576
92877
92878
92879
92880
92881
92882
92883
92884
92885
92886
92887
92888
92889
92890
93073
93074
93075
93076
93077
93078
93079
93080
93081
93082
93083
93084
93085
93086
93087
93088
93089
93090
93091
93092
93093
93094
93095
93096
93097
93098
93099
93100
93101
93102
93103
93104
93105
93106
93107
93108
93109
93110
93111
93112
93113
93114
93115
93116
93117
93118
93119
93120
93121
93122
93123
93124
93125
93126
93127
93128
93129
93130
93131
93132
93133
93134
93135
93136
93137
93138
93139
93140
93141
93142
93143
93144
93145
93146
93147
93148
93149
93150
93151
93152
93153
93154
93155
93156
93157
93158
93159
93160
93161
93162
93163
93164
93165
93166
93167
93168
93169
93170
93171
93172
93173
93174
93175
93176
93177
93178
93179
93180
93181
93182
93183
93184
93185
93186
93187
93188
93189
93190
93191
224387
224388
224389
224390
224391
224392
224393
224394
224395
224396
224397
224398
224441
224442
224443
224444
224445
224446
224447
224448
224449
224450
224451
224452
224471
224472
224473
224474
224475
224476
224477
224478
224479
224480
224481
224482
224483
224484
224485
224486
224487
224488
224489
224490
224491
224492
224493
224494
224495
224496
224497
224498
224499
224500
224501
224502
224503
224504
224505
224506
224507
224508
224509
224510
224511
224512
224513
224514
224515
224516
224517
224518
224519
224520
224521
224522
224523
224524
224525
224526
224527
224528
224669
224670
224671
224672
224673
224674
224675
224676
224677
224678
224679
224680
224797
224798
224799
224800
224801
224802
224803
224804
224805
224806
224807
224808
224809
224810
224811
224812
224813
224814
224815
224816
224817
224818
224831
224832
224833
224834
224835
224836
224837
224838
224839
224840
224841
224842
224873
224874
224875
224876
224877
224878
224879
224880
224881
224882
224883
224884
224885
224886
224887
224888
224889
224890
224891
224892
224893
224894
224895
224896
224897
224898
224899
224900
224901
224902
224903
224904
224905
224906
224907
224908
224909
224910
224911
224912
224913
224914
224915
224916
224917
224918
224919
224920
224921
224922
224923
224924
224925
224926
224927
224928
224929
224930
224931
224932
224933
224934
224935
224936
224937
224938
224939
224940
224941
224942
224943
224944
224945
224946
224947
224948
224949
224950
224951
224952
224953
224954
224955
224956
224957
224958
224959
224960
224961
224962
224963
224964
224965
224966
224967
224968
224969
224970
224971
224972
224973
224974
224975
224976
224977
224978
224979
224980
224981
224982
224983
224984
224985
224986
224987
224988
224989
224990
224991
224992
224993
224994
224995
224996
224997
224998
224999
225000
225001
225002
225003
225004
225005
225006
225007
225008
225009
225010
225011
225012
225013
225014
225015
225016
225017
225018
225019
225020
225021
225022
225023
225024
225025
225026
225027
225028
225029
225030
225031
225032
225033
225034
225035
225036
225037
225038
225039
225040
225041
225042
225043
225044
225045
225046
225047
225048
225049
225050
225051
225052
225053
225054
225055
225056
225057
225058
225059
225060
225061
225062
225063
225064
225065
225066
225067
225068
225069
225070
225071
225072
225073
225074
225075
225076
225077
225078
225079
225080
225081
225082
225083
225084
225085
225086
225087
225088
225089
225090
225091
225092
225093
225094
225095
225096
225097
225098
225099
225100
225101
225102
225103
225104
225105
225106
225107
225108
225109
225110
225111
225112
225113
225114
225115
225116
225117
225118
225119
225120
225121
225122
225123
225124
225125
225126
225127
225128
225129
225130
225131
225132
225133
225134
225135
225136
225137
225138
225139
225140
225141
225142
225143
225144
225145
225146
225147
225148
225149
225150
225151
225152
225153
225154
225155
225156
225157
225158
225159
225160
94436
94437
94438
94439
94440
94441
94442
94443
94444
94445
94446
94447
94448
94449
94450
94451
94452
94453
94454
94455
94456
94457
94458
94459
94460
94461
94462
94463
94464
94493
94494
94495
94496
94497
94498
94499
94500
94529
94530
94531
94532
94533
94534
94535
94536
94537
94538
94539
94540
94541
94542
94543
94572
94573
94574
94575
94576
94577
94578
94579
94580
94581
94582
94583
94584
225657
94585
225658
94586
225659
94587
225660
94588
225661
94589
225662
94590
225663
94591
225664
94592
225665
94593
225666
94594
225667
94595
225668
94596
225669
94597
225670
94598
225671
94599
225672
94600
225673
94601
225674
94602
225675
94603
225676
94604
225677
94605
225678
94606
225679
94607
225680
94608
225681
94609
225682
94610
225683
94611
225684
94612
225685
94613
225686
94614
225687
94615
225688
225689
225690
225691
225692
225693
225694
225695
225696
225697
225698
225699
225700
225701
225702
225703
225704
225705
225706
225707
225708
225709
225710
225711
225712
225713
225714
225715
225716
94644
225717
94645
225718
94646
225719
94647
225720
94648
225721
94649
225722
94650
225723
94651
225724
94652
225725
94653
225726
94654
225727
94655
225728
94656
225729
94657
225730
94658
225731
94659
225732
94660
225733
94661
225734
94662
225735
94663
225736
94664
225737
94665
225738
94666
225739
94667
225740
94668
225741
94669
225742
94670
225743
94671
225744
94672
225745
225746
225747
225748
225749
225750
225751
225752
225753
225754
225755
225756
225757
225758
225759
225760
225761
225762
225763
225764
225765
225766
225767
225768
225769
225770
225771
225772
225773
94701
225774
94702
225775
94703
225776
94704
225777
94705
225778
94706
225779
94707
225780
94708
225781
94709
225782
94710
225783
94711
225784
94712
225785
94713
225786
94714
225787
94715
225788
94716
225789
94717
225790
94718
225791
94719
225792
94720
94721
94722
94751
94752
94753
94754
94755
94756
94757
94758
94759
94760
94761
94762
94763
94764
94765
94766
94767
94768
94769
94770
94771
94772
94773
94774
94775
94776
94777
94778
225851
94779
225852
225853
225854
225855
225856
225857
225858
225859
225860
225861
225862
225863
225864
225865
225866
225867
225868
225869
225870
225871
225872
225873
225874
225875
225876
225877
225878
225879
225880
94808
225881
94809
225882
94810
225883
94811
225884
94812
225885
94813
225886
94814
225887
225888
225889
225890
225891
225892
225893
225894
225895
225896
225897
225898
225899
225900
225901
225902
225903
225904
225905
225906
225907
225908
225909
225910
225911
225912
225913
225914
225915
225916
225917
225918
225919
225920
225921
225922
225923
225924
225925
225926
225927
225928
225929
225930
225931
225932
225933
225934
225935
225936
225937
95081
95082
95083
95084
95085
95086
95087
95088
95089
95090
95091
95092
95093
95094
95095
95096
95097
95098
95099
95100
95101
95102
95103
95104
95105
95106
95107
95108
95109
95110
95111
95112
95113
95114
95115
95116
95117
95118
95119
95120
95121
95122
95123
95124
95125
95126
95127
95128
95129
95130
95131
95132
95133
95134
95135
95136
95137
95138
95139
95140
95141
95142
95143
95144
95145
95146
95147
95148
95149
95150
95151
95152
95153
95154
95155
95156
95157
95158
95159
95160
95161
95162
95163
95164
95165
95166
95167
95168
95169
95170
95171
95172
95173
95174
95175
95176
95177
95178
95179
95180
95181
95182
95183
95184
95185
95186
95187
95188
95189
95190
95191
95192
95193
95194
95195
95196
95197
95198
95199
95200
95201
95202
95203
95204
95205
95206
95207
95208
95209
95210
95211
95212
95213
95214
95215
95216
95217
95218
95219
95220
95221
95222
95223
95224
95225
95226
95227
95228
95229
95230
95231
95232
95233
95234
95235
95236
95237
95238
95239
95240
95241
95242
95243
95244
95245
95246
95247
95248
95249
95250
95251
95252
95253
95254
95255
95256
95257
95258
95259
95260
95261
95262
95263
95264
95265
95266
95267
95268
95269
95270
95271
95272
95273
95274
95275
95276
95277
95278
95279
95280
95281
95282
95283
95284
95285
95286
95287
95288
95289
95290
95291
95292
95293
95294
95295
95296
95297
95298
95299
95300
95301
95302
95303
95304
95305
95306
95307
95308
95309
95310
95311
95312
95313
95314
95315
95316
95317
95318
95319
95320
95321
95322
95323
95324
95325
95326
95327
95328
95329
95330
95331
95332
95333
95334
95335
95336
95337
95338
95339
95340
95341
95342
95343
95344
95345
95346
95445
95446
95447
95448
95449
95450
95451
95452
95453
95454
95455
95456
95457
95458
226603
226604
226605
226606
226607
226608
226609
226610
226611
226612
226613
226614
226615
226616
226617
226618
226619
226620
226621
226622
226623
226624
226625
226626
226627
226628
226629
226630
226631
226632
226633
226634
226635
226636
226637
226638
226639
226640
226641
226642
226643
226644
226645
226646
226647
226648
226649
226650
226651
226652
226653
226654
226655
226656
226657
226658
226659
226660
226661
226662
226735
226736
226737
226738
226739
226740
226741
226742
226743
226744
226745
226746
226747
226748
226749
226750
226751
226752
226753
226754
226755
226756
226757
226758
226759
226760
226761
226762
226763
226764
226765
226766
226767
226768
226769
226770
226771
226772
226773
226774
226775
226776
226777
226778
226779
226780
226781
226782
226783
226784
226785
226786
226787
226788
226789
226790
226791
226792
226793
226794
226795
226796
226797
226798
226799
226800
226801
226802
226803
226804
226805
226806
226807
226808
226809
226810
226811
226812
226813
226814
226815
226816
226817
226818
226819
226820
226821
226822
227345
227346
227347
227348
227349
227350
227351
227352
227353
227354
227355
227356
227357
227358
227359
227360
227361
227362
227363
227364
227365
227366
227367
227368
227369
227370
227371
227372
227373
227374
227375
227376
227377
227378
227379
227380
227381
227382
227383
227384
227385
227386
227387
227388
227389
227390
227391
227392
227393
227394
227395
227396
227397
227398
227399
227400
227401
227402
227403
227404
227405
227406
227407
227408
227409
227410
227411
227412
227413
227414
227415
227416
227417
227418
227419
227420
227421
227422
227423
227424
227425
227426
227427
227428
227429
227430
227431
227432
227433
227434
227435
227436
227437
227438
227439
227440
227441
227442
227443
227444
227445
227446
227447
227448
227449
227450
96378
227451
96379
227452
96380
227453
96381
227454
96382
227455
227456
96388
96389
96390
96391
96392
96393
96394
96395
96396
96397
96398
96399
96400
96401
96402
96403
96404
96405
96406
96407
96408
96409
96410
96411
96412
96413
96414
96415
96416
96417
96418
96419
96420
96421
96422
96423
96424
96425
96426
96427
96428
96429
96430
96431
96432
96433
96434
96435
96436
96437
96438
96439
96440
96441
96442
96443
96444
96445
96446
96447
96448
96449
96450
96451
96452
96453
96454
96455
96456
96457
96458
96459
96460
96461
96462
96463
96464
96465
96466
96467
96468
96469
96470
96471
96472
96473
96474
96475
96476
96477
96478
96479
96480
96481
96482
96483
96484
96485
96486
96487
96488
96489
96490
96491
96492
96493
96494
96495
96496
96497
96498
96499
96500
96501
96502
96503
96504
96505
96506
96507
96508
96509
96510
96511
96512
96513
96514
96515
96516
96517
96518
96519
96520
227593
96521
227594
96522
227595
96523
227596
96524
227597
96525
227598
96526
227599
96527
227600
96528
227601
96529
227602
96530
227603
96531
227604
96532
227605
96533
227606
96534
227607
96535
227608
96536
227609
96537
227610
96538
227611
96539
227612
96540
227613
96541
227614
96542
227615
96543
227616
96544
227617
96545
227618
96546
227619
96547
227620
96548
227621
96549
227622
96550
227623
96551
227624
96552
227625
96553
227626
96554
227627
96555
227628
96556
227629
96557
227630
96558
227631
96559
227632
96560
227633
96561
227634
96562
227635
96563
227636
96564
227637
96565
227638
96566
227639
96567
227640
96568
227641
96569
227642
96570
227643
96571
227644
96572
227645
96573
227646
96574
227647
96575
227648
96576
227649
96577
227650
96578
227651
96579
227652
96580
227653
96581
227654
96582
227655
96583
227656
96584
227657
96585
227658
96586
227659
96587
227660
96588
227661
96589
227662
96590
227663
96591
227664
96592
227665
96593
227666
96594
227667
96595
227668
96596
227669
96597
227670
96598
227671
96599
227672
96600
227673
96601
227674
96602
227675
96603
227676
96604
227677
96605
227678
96606
227679
96607
227680
96608
227681
96609
227682
96610
227683
96611
227684
96612
227685
96613
227686
96614
227687
96615
227688
96616
227689
96617
227690
96618
227691
96619
227692
96620
227693
96621
227694
96622
227695
96623
227696
96624
227697
96625
227698
96626
227699
96627
227700
96628
227701
96629
227702
96630
227703
96631
227704
96632
96633
96634
96635
96636
96637
96638
96639
96640
96641
96642
96643
96644
96645
96646
96647
96648
96649
96650
96651
96652
96653
96654
96655
96656
96657
96658
96659
96660
96661
96662
96663
96664
96665
96666
96667
96668
96669
96670
96671
96672
96673
96674
96675
96676
96677
96678
96679
96680
96681
96682
96683
96684
96685
96686
96687
96688
96689
96690
96691
96692
96693
96694
96695
96696
96697
96698
96699
96700
96701
96702
96703
96704
96705
96706
96707
96708
96709
96710
96711
96712
96713
96714
96715
96716
96717
96718
96719
96720
96721
96722
96723
96724
96725
96726
96727
96728
96729
96730
96731
96732
96733
96734
96735
96736
96737
96738
96739
96740
96741
96742
96743
96744
96745
96746
96747
96748
96749
96750
96751
96752
96753
96754
96755
96756
96757
96758
96759
96760
96761
96762
96763
96764
96765
96766
96767
96768
96769
96770
96771
96772
96773
96774
96775
96776
96777
96778
96779
96780
96781
96782
96783
96784
96785
96786
96787
96788
96789
96790
96791
96792
96793
96794
96795
96796
96797
96798
96799
96800
96801
96802
96803
96804
96805
96806
96807
96808
96809
96810
96811
96812
96813
96814
96815
96816
96817
96818
96819
96820
96821
96822
96823
96824
96825
96826
96827
96828
96829
96830
96831
96832
96833
96834
96835
96836
96837
96838
96839
96840
96841
96842
96843
96844
96845
96846
96847
96848
96849
96850
96851
96852
96853
96854
96855
96856
96857
96858
96859
96860
96861
96862
96863
96864
96865
96866
96867
96868
96869
96870
96871
96872
96873
96874
96875
96876
96877
96878
96879
96880
96881
96882
229403
229404
229405
229406
229407
229408
229409
229410
229411
229412
229413
229414
229415
229416
229417
229418
229419
229420
229421
229422
229423
229424
229425
229426
229475
229476
229477
229478
229479
229480
229481
229482
229483
229484
229485
229486
229487
229488
229489
229490
229491
229492
229493
229494
229495
229496
229497
229498
229499
229500
229501
229502
229503
229504
229505
229506
229507
229508
229509
229510
229511
229512
229513
229514
229515
229516
229565
229566
229567
229568
229569
229570
229571
229572
229573
229574
229575
229576
229577
229578
229579
229580
229581
229582
229583
229584
229585
229586
229587
229588
229589
229590
229591
229592
229593
229594
229595
229596
229597
229598
229599
229600
229601
229602
229603
229604
229605
229606
229607
229608
229609
229610
229611
229612
229613
229614
229615
229616
229617
229618
229619
229620
229621
229622
229623
229624
229625
229626
229627
229628
229629
229630
229631
229632
229633
229634
229635
229636
229637
229638
229639
229640
229641
229642
229643
229644
229645
229646
229695
229696
229697
229698
229699
229700
229701
229702
229703
229704
229705
229706
229707
229708
229709
229710
229711
229712
229713
229714
229715
229716
229717
229718
229719
229720
229721
229722
229723
229724
229725
229726
229727
229728
229729
229730
229731
229732
229733
229734
229735
229736
229737
229738
229739
229740
229741
229742
229743
229744
229745
229746
229747
229748
229749
229750
229751
229752
229753
229754
229755
229756
229757
229758
229759
229760
229761
229762
229763
229764
229765
229766
229767
229768
229769
229770
229771
229772
229773
229774
229775
229776
229777
229778
229779
229780
229781
229782
229783
229784
98712
229785
98713
229786
98714
229787
98715
229788
98716
229789
98717
229790
98718
229791
98719
229792
98720
229793
98721
229794
98722
229795
98723
229796
98724
229797
98725
229798
98726
229799
98727
229800
98728
229801
98729
229802
98730
229803
98731
229804
98732
229805
98733
229806
98734
229807
98735
229808
98736
229809
98737
229810
98738
229811
98739
229812
98740
229813
98741
229814
98742
229815
98743
229816
98744
229817
98745
229818
98746
98747
98748
98749
98750
98751
98752
98753
98754
98755
98756
98757
98758
98759
98760
98761
98762
98763
98764
98765
98766
98767
98768
98769
98770
98771
98772
98773
98774
98775
98776
98777
98778
98779
98780
98781
98782
98783
98784
98785
98786
98787
98788
98789
98790
98791
98792
98793
98794
229867
98795
229868
98796
229869
98797
229870
98798
229871
98799
229872
98800
229873
98801
229874
98802
229875
98803
229876
98804
229877
98805
229878
98806
229879
98807
229880
98808
229881
98809
229882
98810
229883
98811
229884
98812
229885
98813
229886
98814
229887
98815
229888
98816
229889
98817
229890
98818
229891
98819
229892
98820
229893
98821
229894
98822
229895
98823
229896
98824
229897
98825
229898
98826
229899
98827
229900
98828
229901
98829
229902
98830
229903
98831
229904
98832
229905
98833
229906
98834
229907
98835
229908
98836
229909
98837
229910
98838
229911
98839
229912
98840
229913
98841
229914
98842
229915
98843
229916
98844
229917
98845
229918
98846
229919
98847
229920
98848
229921
98849
229922
98850
229923
98851
229924
98852
229925
98853
229926
98854
229927
98855
229928
98856
229929
98857
229930
98858
229931
98859
229932
98860
229933
98861
229934
98862
229935
98863
229936
98864
229937
98865
229938
98866
229939
98867
229940
98868
229941
98869
229942
98870
229943
98871
229944
98872
229945
98873
229946
98874
229947
98875
229948
98876
229949
98877
229950
98878
229951
98879
229952
98880
229953
98881
229954
98882
229955
98883
229956
98884
229957
98885
229958
98886
229959
98887
229960
98888
229961
98889
229962
98890
229963
98891
229964
98892
229965
98893
229966
98894
229967
98895
229968
98896
229969
98897
229970
229971
229972
229973
229974
229975
229976
229977
229978
229979
229980
229981
229982
229983
229984
229985
229986
229987
229988
229989
229990
230039
230040
230041
230042
230043
230044
230045
230046
230047
230048
230049
230050
230051
230052
230053
230054
230055
230056
230057
230058
230059
230060
230061
230062
230063
230064
230065
230066
230067
230068
230069
230070
230071
230072
230073
230074
230075
230076
230077
230078
230079
230080
230081
230082
230083
230084
230085
230086
230087
230088
230089
230090
230091
230092
230093
230094
230095
230096
230097
230098
230099
230100
230101
230102
230103
230104
230105
230106
230107
230108
230109
230110
230111
230112
230113
230114
230115
230116
230117
230118
230119
230120
230169
230170
230171
230172
230173
230174
230175
230176
230177
230178
230179
230180
230181
230182
230183
230184
230185
230186
230187
230188
230189
230190
230191
230192
230193
230194
230195
230196
230197
230198
230199
230200
230201
230202
230203
230204
230205
230206
230207
230208
230209
230210
230259
230260
230261
230262
230263
230264
230265
230266
230267
230268
230269
230270
230271
230272
230273
230274
230275
230276
230277
230278
230279
230280
230281
230282
230283
230284
230285
230286
230287
230288
230289
230290
230291
230292
230293
230294
230295
230296
230297
230298
230299
230300
231349
231350
231351
231352
231353
231354
231367
231368
231369
231370
231371
231372
231373
231374
231375
231376
231377
231378
231379
231380
231381
231382
231383
231384
231385
231386
231387
231388
231389
231390
231391
231392
231393
231394
231395
231396
231397
231398
231399
231400
231401
231402
231403
231404
231405
231406
231407
231408
231409
231410
231411
231412
231413
231414
231415
231416
231417
231418
231419
231420
231421
231422
231423
231424
231425
231426
231427
231428
231429
231430
231431
231432
231433
231434
231435
231436
231437
231438
231439
231440
231441
231442
231443
231444
231445
231446
231447
231448
231449
231450
231451
231452
231453
231454
231455
231456
231457
231458
231459
231460
231461
231462
231463
231464
231465
231466
231467
231468
231469
231470
231471
231472
231473
231474
231475
231476
231477
231478
231479
231480
231481
231482
231483
231484
231485
231486
231487
231488
231489
231490
231491
231492
231493
231494
231495
231496
231497
231498
231499
231500
231501
231502
231503
231504
231505
231506
231507
231508
231509
231510
231511
231512
231513
231514
231515
231516
231517
231518
231519
231520
231521
231522
231523
231524
231525
231526
231527
231528
231529
231530
231531
231532
231533
231534
231535
231536
231537
231538
231539
231540
231541
231542
231543
231544
231545
231546
231547
231548
231549
231550
231551
231552
231553
231554
231555
231556
231557
231558
231559
231560
231561
231562
231563
231564
231565
231566
231567
231568
231569
231570
231571
231572
231573
231574
231575
231576
231577
231578
231579
231580
231581
231582
231583
231584
231585
231586
231587
231588
231589
231590
231591
231592
231593
231594
231595
231596
231597
231598
231599
231600
231601
231602
231603
231604
231605
231606
231607
231608
231609
231610
231611
231612
231613
231614
231615
231616
231617
231618
231619
231620
231621
231622
231623
231624
231625
231626
231627
231628
231629
231630
232335
232336
232337
232338
232339
232340
232341
232342
232343
232344
232345
232346
232347
232348
232349
232350
232351
232352
232353
232354
232355
232356
232357
232358
232371
232372
232373
232374
232375
232376
232854
232855
232856
232857
232858
232859
232878
232879
232880
232881
232882
232883
232890
232891
232892
232893
232894
232895
232902
232903
232904
232905
232906
232907
232914
232915
232916
232917
232918
232919
102237
102238
102239
102240
102241
102242
102243
102244
102245
102246
102247
102248
102249
102250
102251
102252
102253
102254
102255
102256
102257
102258
102259
102260
102261
102262
102263
102264
102265
102266
102267
102268
102269
102270
102271
102272
102273
102274
102275
102276
102277
102278
102279
102280
102281
102282
102283
102284
102285
102286
102287
102288
102289
102290
102291
102292
233490
233491
233492
233493
233494
233495
233496
233497
233498
233499
233500
233501
233502
233503
233504
233505
233506
233507
233508
233509
233510
233511
233512
233513
233514
233515
233516
233517
233518
233519
233520
233521
233522
233523
233524
233525
233526
233527
233528
233529
233530
233531
233532
233533
233534
233535
233536
233537
233538
233539
233540
233541
233542
233543
233544
233545
233546
233547
233548
233549
233550
233551
233552
233553
233554
233555
233556
233557
233558
233559
233560
233561
102517
102518
102519
102520
102521
102522
102635
102636
102637
102638
102639
102640
102641
102642
102643
102644
102645
102646
102759
102760
102761
102762
102763
102764
102877
102878
102879
102880
102881
102882
102883
102884
102885
102886
102887
102888
102889
102890
102891
102892
102893
102894
102895
102896
102897
102898
102899
102900
102901
102902
102903
102904
102905
102906
102907
102908
102909
102910
102911
102912
102913
102914
102915
102916
102917
102918
102919
102920
102921
102922
102923
102924
102925
102926
102927
102928
102929
102930
102931
102932
103045
103046
103047
103048
103049
103050
103163
103164
103165
103166
103167
103168
103169
103170
103171
103172
103173
103174
103175
103176
103177
103178
103179
103180
103181
103182
103183
103184
103185
103186
103187
103188
103189
103190
103191
103192
103193
103194
103195
103196
103197
103198
103199
103200
103201
103202
103203
103204
103205
103206
103207
103208
103209
103210
103211
103212
103213
103214
103215
103216
103217
103218
103219
103220
103221
103222
103223
103224
103225
103226
103227
103228
103229
103230
103231
103232
103233
103234
103235
103236
103237
103238
103239
103240
103241
234714
234715
234716
234717
234718
234719
234720
234721
234722
234723
234724
234725
234726
234727
234728
234729
234730
234731
234732
234733
234734
234735
234736
234737
234978
234979
234980
234981
234982
234983
234984
234985
234986
234987
234988
234989
234990
234991
234992
234993
234994
234995
234996
234997
234998
234999
235000
235001
235182
235183
235184
235185
235186
235187
235188
235189
235190
235191
235192
235193
235194
235195
235196
235197
235198
235199
235200
235201
235202
235203
235204
235205
235278
235279
235280
235281
235282
235283
235284
235285
235286
235287
235288
235289
235290
235291
235292
235293
235294
235295
235296
235297
235298
235299
235300
235301
235302
235303
235304
235305
235306
235307
235308
235309
235310
235311
235312
235313
235488
235489
235490
235491
235492
235493
235494
235495
235496
235497
104425
235498
104426
235499
104427
235500
104428
235501
104429
235502
104430
235503
104431
235504
104432
235505
104433
235506
104434
235507
104435
235508
104436
235509
104437
235510
104438
235511
104439
235512
104440
235513
104441
235514
104442
235515
104443
235516
104444
235517
104445
235518
104446
235519
104447
235520
104448
235521
104449
235522
104450
235523
104451
235524
104452
235525
104453
235526
104454
235527
104455
235528
104456
235529
104457
235530
104458
235531
104459
235532
104460
235533
104461
235534
104462
235535
104463
235536
104464
235537
104465
235538
104466
235539
104467
235540
104468
235541
104469
235542
104470
235543
104471
235544
104472
235545
104473
235546
104474
235547
104475
235548
104476
235549
104477
235550
104478
235551
104479
235552
104480
235553
104481
235554
104482
235555
104483
235556
104484
235557
104485
235558
104486
235559
104487
104488
104489
104490
104491
104492
104493
104494
104495
104496
104497
104498
104499
104500
104501
104502
104503
104504
104505
104506
104507
104508
104509
104510
104511
104512
104513
104514
104515
104923
104924
104925
104926
104927
104928
104929
104930
104931
104932
104933
104934
104935
104936
104937
104938
104939
104940
104941
104942
104943
104944
104945
104946
104947
104948
104949
104950
104951
104952
104953
104954
104955
104956
104957
104958
104959
104960
104961
104962
104963
104964
104965
104966
104967
104968
104969
104970
104971
236106
236107
236108
236109
236110
236111
236112
236113
236114
236115
236116
236117
236118
236119
236120
236121
236122
236123
236124
236125
236126
236127
236128
236129
236130
236131
236132
236133
236134
236135
236136
236137
236138
236139
236140
236141
236142
236143
236144
236145
236146
236147
236148
236149
236150
236151
236152
236153
236154
236155
236156
236157
236158
236159
236160
236161
236162
236163
236164
236165
236166
236167
236168
236169
236170
236171
236172
236173
236174
236175
236176
236177
105379
105380
105381
105382
105383
105384
105385
105386
105387
105388
105389
105390
105391
105392
105393
105394
105395
105396
105397
105398
105399
105400
105401
105402
105403
105404
105405
105406
105407
105408
105409
105410
105411
105412
105413
105414
105415
105416
105417
105418
105419
105420
105421
105422
105423
105424
105425
105426
105427
105428
105429
105430
105431
105432
105433
105434
105435
105436
105437
105438
105439
105440
105441
105442
105443
105444
105445
105446
105447
105448
105449
105450
105451
105452
105453
105454
105455
105456
105457
105458
105459
105460
105461
105462
105463
105464
105465
105466
105467
105468
105469
105470
105471
105472
105473
105474
105475
105476
105477
105478
105479
105480
105481
105482
105483
105484
105485
105486
105487
105488
105489
105490
105491
105492
105493
105494
105495
105496
105497
105498
105499
105500
105501
105502
105503
105504
105505
105506
105507
105508
105509
105510
105511
105512
105513
105514
105515
105516
105517
105518
105589
105590
105591
105592
105593
105594
105595
105596
105597
105598
105599
105600
105601
105602
105603
105604
105605
105606
105607
105608
105609
105610
105611
105612
105613
105614
105615
105616
105617
105618
105619
105620
105621
105622
105623
105624
105625
105626
105627
105628
105629
105630
105631
105632
105633
105634
105635
105636
105637
105638
105639
105640
105641
105642
105643
105644
237228
237229
237230
237231
237232
237233
237234
237235
237236
237237
237238
237239
237240
237241
237242
237243
237244
237245
237246
237247
237248
237249
237250
237251
237492
237493
237494
237495
237496
237497
237498
237499
237500
237501
237502
237503
237504
237505
237506
237507
237508
237509
237510
237511
237512
237513
237514
237515
237846
237847
237848
237849
237850
237851
238032
238033
238034
238038
238039
238040
238044
238045
238046
238047
238048
238049
238050
238051
238052
238053
238054
238055
238056
238057
238058
238062
238063
238064
238065
238066
238067
238068
238069
238070
238071
238072
238073
238074
238075
238076
238089
238090
238091
238092
238093
238094
238095
238096
238097
238098
238099
238100
238101
238102
238103
238116
238117
238118
238119
238120
238121
238122
238123
238124
238125
238126
238127
238128
238129
238130
238134
238135
238136
238137
238138
238139
238140
238141
238142
238143
238144
238145
238146
238147
238148
238149
238150
238151
238662
238663
238664
238665
238666
238667
238668
238669
238670
238689
238690
238691
238692
238693
238694
238695
238696
238697
238698
238699
238700
238701
238702
238703
238704
238705
238706
238707
238708
238709
238710
238711
238712
238713
238714
238715
238716
238717
238718
238719
238720
238721
238722
238723
238724
238734
238735
238736
238737
238738
238739
238740
238741
238742
238743
238744
238745
238746
238747
238748
238749
238750
238751
238752
238753
238754
238755
238756
238757
238758
238759
238760
238761
238762
238763
238764
238765
238766
238767
238768
238769
238770
238771
238772
238773
238774
238775
238776
238777
238778
238806
238807
238808
238809
238810
238811
238812
238813
238814
238815
238816
238817
238818
238819
238820
238821
238822
238823
238824
238825
238826
238827
238828
238829
238830
238831
238832
238833
238834
238835
238836
238837
238838
238839
238840
238841
238842
238843
238844
238845
238846
238847
238848
238849
238850
238878
238879
238880
238881
238882
238883
238884
238885
238886
238887
238888
238889
238890
238891
238892
238893
238894
238895
238896
238897
238898
238899
238900
238901
238902
238903
238904
238905
238906
238907
238908
238909
238910
238911
238912
238913
238914
238915
238916
238917
238918
238919
238920
238921
238922
238932
238933
238934
238935
238936
238937
238938
238939
238940
238986
238987
238988
238989
238990
238991
238992
238993
238994
238995
238996
238997
238998
238999
239000
239001
239002
239003
239022
239023
239024
239025
239026
239027
239028
239029
239030
239031
239032
239033
239034
239035
239036
239037
239038
239039
239040
239041
239042
239043
239044
239045
239046
239047
239048
239049
239050
239051
239052
239053
239054
239055
239056
239057
239061
239062
239063
239394
239395
239396
239397
239398
239399
239400
239401
239402
239403
239404
239405
239406
239407
239408
239421
239422
239423
239424
239425
239426
239427
239428
239429
239430
239431
239432
239433
239434
239435
239448
239449
239450
239463
239464
239465
239469
239470
239471
239475
239476
239477
240336
240337
240338
240339
240340
240341
240342
240343
240344
240345
240346
240347
240348
240349
240350
240351
240352
240353
240354
240355
240356
240357
240358
240359
240360
240361
240362
240363
240364
240365
240366
240367
240368
240369
240370
240371
240375
240376
240377
240417
240418
240419
240420
240421
240422
240423
240424
240425
240426
240427
240428
240429
240430
240431
240432
240433
240434
240435
240436
240437
240438
240439
240440
240441
240442
240443
240444
240445
240446
240447
240448
240449
240450
240451
240452
240456
240457
240458
109417
109418
109419
109420
109421
109422
109423
109424
109425
109426
109427
109428
240501
109429
240502
109430
240503
109431
240546
240547
240548
240564
240565
240566
240582
240583
240584
109516
109517
109518
109519
109520
109521
109522
109523
109524
109525
109526
109527
109528
109529
109530
109557
109558
109559
109560
109561
109562
109563
109564
109565
109566
109567
109568
109569
109570
109571
109572
109573
109574
109575
109576
109577
109578
109579
109580
109581
109582
109583
109584
109585
109586
109587
109588
109589
109590
109591
109592
109593
109594
109595
109596
109597
109598
109599
109600
109601
109602
109603
109604
109605
109606
109607
109608
109609
109610
109611
109612
109613
109614
109615
109616
109617
109618
109619
109620
109621
109622
109623
109624
109625
109626
109627
109628
109629
109630
109631
109632
109633
109634
109635
109636
109637
109638
109639
109640
109641
109642
109643
109644
109645
109646
109647
109648
109649
109650
109651
109652
109653
109654
109655
109656
109657
109658
109659
109660
109661
109662
109663
109664
109665
109666
109667
109668
109669
109670
109671
109672
109673
109674
109675
109676
109677
109678
109679
109680
109681
109682
109683
109684
109685
109686
109687
109688
109689
109690
109691
109692
109693
109694
109695
109696
109697
109698
109699
110000
110001
110002
110003
110004
110005
110006
110007
110008
110009
110010
110011
110012
110013
110014
110015
110016
110017
110018
110019
110020
110021
110022
110023
110024
110025
110026
110027
110028
110029
110030
110031
110032
110033
110034
110035
110036
110037
110038
110039
110040
110041
110042
110043
110044
110045
110046
110047
110048
110049
110050
110051
110052
110053
110054
110055
110056
110057
110058
110059
110060
110061
110062
110063
110064
110065
110066
110067
110068
110069
110070
110071
110072
110073
110074
110317
110318
110319
110320
110321
110322
110323
110324
110325
110326
110327
110328
110329
110330
110331
110332
110333
110334
110335
110336
110337
110338
110339
110340
110341
110342
110343
110344
110345
110346
110347
110348
110349
110350
110351
110352
110353
110354
110384
110385
110386
110387
110388
110389
110390
110391
110392
110393
110394
110395
110396
110397
110398
110454
110455
110456
110457
110458
110459
110460
110461
110462
110463
110464
110465
110466
110467
110468
110469
110470
110471
110472
110473
110474
110475
110476
110477
110478
110479
110480
110481
110482
110483
110484
110485
110486
110487
110488
110489
110490
110491
110492
110493
110494
110495
110496
110497
110498
110499
110500
110501
110502
110503
110504
110505
110506
110507
110508
110509
110510
110511
110512
110513
110514
110515
110516
110517
110518
110519
110520
110521
110522
110523
110524
110525
110526
110527
110528
110529
110530
110531
110532
110533
110534
110535
110536
110537
110538
110539
110540
110541
110542
110543
110544
110545
110546
110547
110548
110549
110550
110551
110552
110553
110554
110555
110556
110557
110558
110559
110560
110561
110562
110563
110564
110565
110566
110567
110568
110569
110570
110571
110572
110573
110574
110575
110576
110577
110578
110579
110580
110581
110582
110583
110584
110585
110586
110587
110588
110589
110590
110591
110592
110593
110594
110595
110596
110597
110598
110599
110600
110601
110602
110603
110604
110605
110606
110607
110608
110609
110610
110611
110612
110613
110614
110615
110616
110617
110618
110619
110620
110621
110622
110623
110624
110625
110626
110627
110628
110629
110630
110631
110632
110633
110634
110635
110636
110637
110638
110639
110640
110641
110642
110643
110644
110645
110646
110647
110648
110649
110650
110651
110652
110653
110654
110655
110656
110657
110658
110659
110660
110661
110662
110663
110664
110665
110666
110667
110668
110669
110670
110671
110672
110673
110674
110675
110676
110677
110678
110679
110680
110681
110682
110683
110684
110685
110686
110687
110688
110689
110690
110691
110692
110693
110694
110695
110696
110697
110698
110699
110700
110701
110702
110703
110704
110705
110706
110707
110708
110709
110710
110711
110712
110713
110714
110715
110716
110717
110718
110719
110720
110721
110722
110723
110724
110725
110726
110727
110728
110729
110730
110731
110732
110733
110734
110735
110736
110737
110738
110739
110740
110741
110742
110743
110744
110745
110746
110747
110748
110749
110750
110751
110752
110753
110754
110755
110756
110757
110758
110759
110760
110761
110762
110763
110764
110765
110766
110767
110768
110769
110770
110771
110772
110773
110774
110775
110776
110777
110778
110779
110780
110781
110782
110783
110784
110785
110786
110787
110788
110789
110790
110791
110792
110793
110794
110795
110796
110797
110798
110799
110800
110801
110802
110803
110804
110805
110806
110807
110808
110809
110810
110811
110812
110813
110814
110815
110816
110817
110818
110819
110820
110821
110822
110823
110824
110825
110826
110827
110828
110829
110830
110831
110832
110833
110834
110835
110836
110837
110838
110839
110840
110841
110842
110843
110844
110845
110846
110847
110848
110849
110850
110851
110852
110853
110854
110855
110856
110857
110858
110859
110860
110861
110862
110863
110864
110865
110866
110867
110868
110869
110870
110871
110872
110873
110874
110875
110876
110877
110878
110879
110880
110881
110882
110883
110884
110885
110886
110887
110888
110889
110890
110891
110892
110893
110894
110895
110896
110897
110898
110899
110900
110901
110902
110903
110904
110905
110906
110907
110908
110909
110910
110911
110912
110913
110914
110915
110916
110917
110918
110919
110920
110921
110922
110923
110924
110925
110926
110927
110928
110929
110930
110931
110932
110933
110934
110935
110936
110937
110938
110939
110940
110941
110942
110943
110944
110945
110946
110947
110948
110949
110950
110951
110952
110953
110954
110955
110956
110957
110958
110959
110960
110961
110962
110963
110964
110965
110966
110967
110968
110969
110970
110971
110972
110973
110974
110975
110976
110977
110978
110979
110980
110981
110982
110983
110984
110985
110986
110987
110988
110989
110990
110991
110992
110993
110994
110995
110996
110997
110998
110999
111000
111001
111002
111003
111004
111005
111006
111007
111008
111009
111010
111011
111012
111013
111014
111015
111016
111017
111018
111019
111020
111021
242094
111022
242095
111023
242096
111024
242097
111025
242098
111026
242099
111027
242100
111028
242101
111029
242102
111030
242103
111031
242104
111032
242105
111033
242106
111034
242107
111035
242108
111036
242109
111037
242110
111038
242111
111039
111040
111041
111042
111043
111044
242166
242167
242168
242169
242170
242171
242172
242173
242174
242175
242176
242177
242178
242179
242180
242181
242182
242183
242202
242203
242204
242205
242206
242207
242208
242209
242210
242211
242212
242213
242214
242215
242216
242217
242218
242219
242238
242239
242240
242241
242242
242243
242244
242245
242246
242247
242248
242249
242250
242251
242252
242253
242254
242255
242274
242275
242276
242277
242278
242279
242280
242281
242282
242283
242284
242285
242286
242287
242288
242289
242290
242291
242886
242887
242888
242889
242890
242891
242892
242893
242894
242895
242896
242897
242898
242899
242900
242901
242902
242903
242904
242905
242906
242907
242908
242909
242910
242911
242912
242913
242914
242915
242916
242917
242918
242919
242920
242921
242922
242923
242924
242925
242926
242927
242928
242929
242930
242931
242932
242933
242934
242935
242936
242937
242938
242939
242940
242941
242942
242943
242944
242945
242946
242947
242948
242949
242950
242951
242952
242953
242954
242955
242956
242957
112257
112258
112259
112260
112261
112262
112263
112264
112265
112266
112267
112268
112269
112270
112271
112272
112273
112274
112275
112276
112277
112278
112279
112280
112281
112282
112283
112284
112285
112286
112287
112288
112289
112290
112291
112292
112293
112294
112295
112296
112297
112298
112299
112300
112301
112302
112303
112304
112305
112306
112307
112308
112309
112310
112311
112312
112313
112314
112315
112316
112317
112318
112319
112320
112321
112322
112323
112324
112325
112326
112327
112328
112329
112330
112331
112332
112333
112334
112335
112336
112337
112338
112339
112340
112341
112342
112343
112344
112345
112346
112347
112348
112349
112350
112351
112352
112353
112354
112355
112356
112357
112358
112359
112360
112361
112362
112363
112364
112365
112366
112367
112368
112369
112370
112371
112372
112373
112374
112375
112376
112377
112378
112379
112380
112381
112382
112383
112384
112385
112386
112387
112388
112389
112390
112391
112392
112393
112394
112395
112396
112397
112398
112399
112400
112401
112402
112403
112404
112405
112406
112407
112408
112409
112410
112411
112412
112413
112414
112415
112416
112417
112488
112489
112490
112491
112492
112493
112494
112495
112496
112497
112498
112499
112500
112501
112502
112503
112504
112505
112506
112507
112508
112509
112510
112511
112512
112513
112514
112515
112516
112517
112518
112519
112520
112521
112522
112523
112524
112525
112526
112527
112528
112529
112530
112531
112532
112533
112534
112535
112536
112537
112538
112539
112540
112541
112542
112543
112544
112545
112546
112547
112548
112549
112550
112551
112552
112553
112554
112555
112556
112557
112684
112685
112686
112687
112688
112689
112690
112691
112692
112693
112694
112695
112696
112697
112698
112699
112700
112701
112702
112703
112704
112705
112706
112707
112708
112709
112710
112711
112712
112713
112714
112715
112716
112717
112718
112719
112720
112721
112722
112723
112724
112725
112726
112727
112728
112729
112730
112731
112732
112733
112734
112735
112736
112737
112738
112739
112740
112741
112742
112743
112744
112745
112746
112747
112748
112749
112750
112751
112752
112753
112754
112755
112756
112757
112758
112759
112760
112761
112762
112763
112764
112765
112766
112767
112768
112769
112770
112771
112772
112773
112774
112775
112776
112777
112778
112779
112780
112781
244104
244105
244106
244107
244108
244109
244110
244111
244112
244113
244114
244115
244116
244117
244118
244119
244120
244121
244122
244123
244124
244125
244126
244127
244368
244369
244370
244371
244372
244373
244374
244375
244376
244377
244378
244379
244380
244381
244382
244383
244384
244385
244386
244387
244388
244389
244390
244391
244626
244627
244628
244629
244630
244631
244632
244633
244634
244635
244636
244637
244638
244639
244640
244641
244642
244643
244644
244645
244646
244647
244648
244649
244650
244651
244652
244653
244654
244655
244656
244657
244658
244659
244660
244661
244662
244663
244664
244665
244666
244667
244668
244669
244670
244671
244672
244673
244674
244675
244676
244677
244678
244679
244680
244681
244682
244683
244684
244685
244686
244687
244688
244689
244690
244691
244692
244693
244694
244695
244696
244697
244698
244699
244700
244701
244702
244703
244704
244705
244706
244809
244810
244811
244812
244813
244814
244815
244816
244817
244818
244819
244820
244821
244822
244823
244824
244825
244826
244827
244828
244829
244830
244831
244832
244833
244834
244835
244836
244837
244838
244839
244840
244841
244842
244843
244844
245025
245026
245027
245028
245029
245030
245031
245032
245033
245034
245035
245036
245037
245038
245039
245040
245041
245042
245043
245044
245045
245046
245047
245048
245049
245050
245051
245052
245053
245054
245055
245056
245057
245058
245059
245060
245061
245062
245063
245064
245065
245066
245067
245068
245069
245070
245071
245072
245073
245074
245075
245076
245077
245078
245079
245080
245081
245082
245083
245084
245085
245086
245087
245088
245089
245090
245091
245092
245093
245094
245095
245096
245097
245098
245099
245100
245101
245102
245103
245104
245105
245106
245107
245108
245109
245110
245111
245112
245113
245114
245115
245116
245117
245118
245119
245120
245121
245122
245123
245124
245125
245126
245127
245128
245129
245130
245131
245132
245133
245134
245135
245136
245137
245138
245139
245140
245141
245142
245143
245144
245145
245146
245147
245148
245149
245150
245151
245152
245153
245154
245155
245156
245157
245158
245159
245160
245161
245162
245163
245164
245165
245166
245167
245168
245169
245170
245171
245172
245173
245174
245247
245248
245249
245250
245251
245252
245253
245254
245255
245256
245257
245258
245259
245260
245261
245262
245263
245264
245265
245266
245267
245268
245269
245270
245271
245272
245273
245274
245275
245276
245277
245278
245279
245280
245281
245282
245283
245284
245285
245286
245287
245288
245289
245290
245291
245292
245293
245294
245295
245296
245297
245298
245299
245300
245301
245302
245303
245304
245305
245306
245307
245308
245309
245310
245311
245312
245313
245314
245315
245316
245317
245318
245319
245320
245321
245322
245323
245324
245325
245326
245327
245328
245329
245330
245331
245332
245333
245334
245335
245336
245337
245338
245339
245340
245341
245342
245343
245344
245345
245346
245347
245348
245349
245350
245351
245352
245353
245354
114343
114344
114345
114346
114347
114348
114349
114350
114351
114352
114353
114354
114355
114356
114357
114358
114359
114360
245433
114361
245434
114362
245435
114363
245436
114364
245437
114365
245438
114366
245439
114367
245440
114368
245441
114369
245442
114370
245443
114371
245444
114372
245445
114373
245446
114374
245447
114375
245448
114376
245449
114377
245450
114378
245451
114379
245452
114380
245453
114381
245454
114382
245455
114383
245456
114384
245457
114385
245458
114386
245459
114387
114388
114389
114390
114391
114392
114393
114394
114395
114396
114397
114398
114399
114400
114401
114402
114403
114404
114405
114406
114407
114408
114409
114410
114411
114412
114413
114414
114415
114416
114417
114418
114419
114420
114421
114422
114423
114424
114425
114426
114427
114428
114429
114430
114431
114432
114433
114434
114435
114436
114437
114438
114439
114440
114441
114442
114443
114444
114445
114446
114447
114448
114449
114450
114451
114452
114453
114454
114455
114456
114457
114458
114459
114460
114461
114462
114463
114464
114465
114466
114467
114468
114469
114470
114471
114472
114473
114474
114475
114476
114477
114478
114479
114480
114481
114482
114483
114484
114485
114486
114487
114488
114489
114490
114491
114492
114493
114494
114495
114496
114497
114498
114499
114500
114501
114502
114503
114504
245577
114505
245578
114506
245579
114507
245580
114508
245581
114509
245582
114510
245583
114511
245584
114512
245585
114513
245586
114514
245587
114515
245588
114516
245589
114517
245590
114518
245591
114519
245592
114520
245593
114521
245594
114522
245595
114523
245596
114524
245597
114525
245598
114526
245599
114527
245600
114528
245601
114529
245602
114530
245603
114531
245604
114532
245605
114533
245606
114534
245607
114535
245608
114536
245609
114537
245610
114538
245611
114539
245612
114540
245613
114541
245614
114542
245615
114543
245616
114544
245617
114545
245618
114546
245619
114547
245620
114548
245621
114549
114550
114551
114552
114553
114554
114555
114556
114557
114558
114559
114560
114561
114562
114563
114564
114565
114566
114567
114568
114569
114570
114571
114572
114573
114574
114575
114576
114577
114578
114579
114580
114581
114582
114583
114584
114585
114586
114587
114588
114589
114590
114591
114592
114593
114594
114595
114596
114597
114598
114599
114600
114601
114602
114603
114604
114605
114606
114607
114608
114609
114610
114611
114612
114613
114614
114615
114616
114617
114618
114619
114620
114621
114622
114623
114624
114625
114626
114627
114628
114629
114630
114631
114632
114633
114634
114635
114636
114637
114638
114639
114640
114641
114642
114643
114644
114645
114646
114647
114648
114649
114650
114651
114652
114653
114654
114655
114656
114657
114658
114659
114660
114661
114662
114663
114664
114665
114666
114667
114668
114669
114670
114671
114672
114673
114674
114675
114676
114677
114678
114679
114680
114681
114682
114683
114684
114685
114686
114687
114688
114689
114690
114691
114692
114693
114694
114695
114696
114697
114698
114699
114700
114701
114702
114703
114704
114705
114706
114707
114708
114709
114710
114711
114712
114713
114714
114715
114716
114717
114718
114719
114720
114721
114722
114723
114724
114725
114726
114727
114728
114729
114730
114731
114732
114733
114734
114735
114736
114737
114738
114739
114740
114741
114742
114743
114744
114745
114746
114747
114748
114749
114750
114751
114752
114753
114754
114755
114756
114757
114758
114759
114760
114761
114762
114763
114764
114765
114766
114767
114768
114769
114770
114771
114772
114773
114774
114775
114776
114777
114778
114779
114780
114781
114782
114783
114784
114785
114786
114787
114788
114789
114790
114791
114792
114793
114794
114795
114796
114797
114798
114799
114800
114801
114802
114803
114804
114805
114806
114807
114808
114809
114810
114811
114812
114813
114814
114815
114816
114817
114818
114819
114820
114821
114822
114823
114824
114825
114826
114827
114828
114829
114830
114831
114832
114833
114834
114835
114836
114837
114838
114839
114840
114841
114842
114843
114844
114845
114846
114847
114848
114849
114850
114851
114852
114853
114854
114855
114856
114857
114858
114859
114860
115197
115198
115199
115200
115201
115202
115203
115204
115205
115206
115207
115208
115209
115210
115211
115212
115213
115214
115215
115216
115217
115218
115219
115220
115221
115222
115223
115224
115225
115226
115227
115228
115229
115230
115231
115232
115233
115234
115235
115236
115237
115238
115239
115240
115241
115242
115243
115244
115245
115246
115247
115248
115249
115250
115251
115252
115253
115254
115255
115256
115257
115258
115259
115260
115261
115262
115263
115264
115265
115266
115267
115268
115269
115270
115271
115272
115273
115274
115275
115276
115277
115278
115279
115280
115281
115282
115283
115284
115285
115286
115287
115288
115289
115290
115291
115292
115293
115294
115295
115296
115297
115298
115299
115300
115301
115302
115303
115304
115305
115306
115307
115308
115309
115310
115311
115312
115313
115314
115315
115316
115317
115318
115319
115320
115321
115322
115323
115324
115325
115326
115327
115328
115329
115330
115331
115332
115333
115334
115335
115336
115337
115338
115339
115340
115341
115342
115343
115344
115345
115346
115347
115348
115349
115350
115351
115352
115353
115354
115355
115356
115357
115358
115359
115360
115361
115362
115363
115364
115365
115366
115367
115368
115369
115370
115371
115372
115373
115374
115375
115376
115377
115378
115379
115380
115381
115382
115383
115384
115385
115386
115387
115388
115389
115390
115391
115392
115393
115394
115395
115396
115397
115398
115399
115400
115401
115402
115403
115404
115405
115406
115407
115408
115409
115410
115411
115412
115413
115414
115415
115416
115417
115418
115419
115420
115421
115422
115423
115424
115425
115426
115427
115428
115429
115430
115431
115432
115433
115434
115435
115436
115437
115438
115439
115440
115441
115442
115443
115444
115445
115446
115447
115448
115449
115450
115451
115452
115453
115454
115455
115456
115457
115458
115459
115460
115461
115462
115463
115464
115465
115466
115467
115468
115469
115470
115471
115472
115473
115474
115475
115476
115477
115478
115479
115480
115481
115482
115483
115484
115485
115486
115487
115488
115489
115490
115491
115492
115493
115494
115495
115496
115497
115498
115499
115500
115501
115502
115503
115504
115505
115506
115507
115508
115509
115510
115511
115512
115513
115514
115515
115516
115517
115518
115519
115520
115521
115522
115523
115524
115525
115526
115527
115528
115529
115530
115531
115532
115533
115534
115535
115536
115537
115538
115539
115540
115541
115542
115543
115544
115545
115546
115547
115548
115549
115550
115551
115552
115553
115554
115555
115556
115557
115558
115559
115560
115561
115562
115563
115564
115565
115566
115567
115568
115569
115570
115571
115572
115573
115574
115575
115576
115577
115578
115579
115580
115581
115582
115583
115584
115585
115586
115587
115588
115589
115590
115591
115592
115593
115594
115595
115876
115877
115878
115879
115880
115881
115882
115883
115884
115885
115886
115887
115888
115889
115890
115891
115892
115893
115894
115895
115896
115897
115898
115899
115900
115901
115902
115903
115904
115905
115906
115907
115908
115909
115910
115911
115912
115913
115914
115915
115916
115917
115918
115919
115920
115921
115922
115923
115924
115925
115926
115927
115928
115929
115930
115931
115932
115933
115934
115935
115936
115937
115938
115939
115940
115941
115942
115943
115944
115945
115946
115947
115948
115949
115950
115951
115952
115953
115954
115955
115956
115957
115958
115959
115960
115961
115962
115963
115964
115965
115966
115967
115968
115969
115970
115971
115972
115973
115974
115975
115976
115977
115978
115979
115980
115981
115982
115983
115984
115985
115986
115987
247101
247102
247103
247104
247105
247106
247107
247108
247109
247110
247111
247112
247113
247114
247115
247116
247117
247118
247119
247120
247121
247176
247177
247178
247179
247180
247181
247182
247183
247184
247185
247186
247187
247188
247189
247190
247191
247192
247193
247194
247195
247196
247215
247216
247217
247218
247219
247220
247221
247222
247223
247224
247225
247226
247227
247228
247229
247230
247231
247232
247251
247252
247253
247254
247255
247256
247257
247258
247259
247260
247261
247262
247263
247264
247265
247266
247267
247268
247269
247270
247271
247290
247291
247292
247293
247294
247295
247296
247297
247298
247299
247300
247301
247302
247303
247304
247305
247306
247307
247359
247360
247361
247362
247363
247364
247365
247366
247367
247368
247369
247370
247371
247372
247373
247374
247375
247376
116391
116392
116393
116394
116395
116396
116397
116398
116399
116400
116401
116402
116403
116404
116405
116406
116407
116408
116409
116410
116411
116412
116413
116414
116415
116416
116417
116418
116419
116420
116421
116422
116423
116424
116425
116426
116427
116428
116429
116430
116431
116432
116433
116434
116435
116436
116437
116438
116439
116440
116441
116442
116443
116444
116445
116446
116447
116448
116449
116450
116451
116452
116453
116454
116455
116456
116457
116458
116459
116460
116461
116462
116463
116464
116465
116466
116467
116468
116469
116470
116471
116472
116473
116474
116475
116476
116477
116478
116479
116480
116481
116482
116483
116484
116485
116486
116487
116488
116489
116490
116491
116492
116493
116494
116495
116496
116497
116498
116499
116500
116501
116502
116503
116504
116505
116506
116507
116508
116509
116510
116511
116512
116513
116514
116515
116516
116517
116518
116519
116520
116521
116522
116523
116524
116525
116526
116527
116528
116529
116530
116531
116532
116533
116534
116535
116536
116537
116538
116539
116540
116541
116542
116543
116544
116545
116546
116547
116548
116549
116550
116551
116552
116553
116554
116555
116556
116557
116558
116559
116560
116561
116562
116563
116564
116565
116566
116567
116568
116569
116570
116571
116572
116573
116574
116575
116576
116577
116578
116579
116580
116581
116582
116583
116584
116585
116586
116587
116588
116589
116590
116591
116592
116593
116594
116595
116596
116597
116598
116599
116600
116601
116602
116603
116604
116605
116606
116607
116608
116609
116610
116611
116612
116613
116614
116615
116616
116617
116618
116619
116620
116621
116622
116623
116624
116625
116626
116627
116628
116629
116630
116631
116632
116633
116634
116635
116636
116637
116638
116639
116640
116641
116642
116643
116644
116645
116646
116647
116648
116649
116650
116651
116652
116653
116654
116655
116656
116657
116658
116659
116660
116661
116662
116663
116664
116665
116666
116667
116668
116669
116670
116671
116672
116673
116674
247872
247873
247874
247875
247876
247877
247878
247879
247880
247881
247882
247883
247884
247885
247886
247887
247888
247889
247905
247906
247907
247908
247909
247910
247911
247912
247913
247914
247915
247916
247917
247918
247919
247920
247921
247922
247938
247939
247940
247941
247942
247943
247944
247945
247946
247947
247948
247949
247950
247951
247952
247953
247954
247955
247971
247972
247973
247974
247975
247976
247977
247978
247979
247980
247981
247982
247983
247984
247985
247986
247987
247988
248004
248005
248006
248007
248008
248009
248010
248011
248012
248013
248014
248015
248016
248017
248018
248019
248020
248021
248037
248038
248039
248040
248041
248042
248043
248044
248045
248046
248047
248048
248049
248050
248051
248052
248053
248054
248070
248071
248072
248073
248074
248075
248076
248077
248078
248079
248080
248081
248082
248083
248084
248085
248086
248087
248109
248110
248111
248112
248113
248114
248115
248116
248117
248118
248119
248120
248121
248122
248123
248124
248125
248126
248127
248128
248129
248130
248131
248132
248133
248134
248135
248136
248137
248138
248139
248140
248141
248658
248659
248660
248661
248662
248663
248682
248683
248684
248685
248686
248687
248688
248689
248690
248691
248692
248693
248694
248695
248696
248697
248698
248699
248700
248701
248702
248703
248704
248705
248706
248707
248708
248709
248710
248711
248712
248713
248714
248715
248716
248717
248727
248728
248729
248730
248731
248732
248733
248734
248735
248736
248737
248738
248739
248740
248741
248742
248743
248744
248745
248746
248747
248748
248749
248750
248751
248752
248753
248754
248755
248756
248757
248758
248759
248760
248761
248762
248763
248764
248765
248766
248767
248768
248769
248770
248771
248799
248800
248801
248802
248803
248804
248805
248806
248807
248808
248809
248810
248811
248812
248813
248814
248815
248816
248817
248818
248819
248820
248821
248822
248823
248824
248825
248826
248827
248828
248829
248830
248831
248832
248833
248834
248835
248836
248837
248838
248839
248840
248841
248842
248843
248871
248872
248873
248874
248875
248876
248877
248878
248879
248880
248881
248882
248883
248884
248885
248886
248887
248888
248889
248890
248891
248892
248893
248894
248895
248896
248897
248898
248899
248900
248901
248902
248903
248904
248905
248906
248907
248908
248909
248910
248911
248912
248913
248914
248915
248925
248926
248927
248928
248929
248930
248931
248932
248933
248979
248980
248981
248982
248983
248984
248985
248986
248987
248988
248989
248990
248991
248992
248993
248994
248995
248996
249015
249016
249017
249018
249019
249020
249021
249022
249023
249024
249025
249026
249027
249028
249029
249030
249031
249032
249033
249034
249035
249036
249037
249038
249039
249040
249041
249042
249043
249044
249045
249046
249047
249048
249049
249050
249054
249055
249056
249096
249097
249098
249099
249100
249101
249102
249103
249104
249105
249106
249107
249108
249109
249110
249111
249112
249113
249132
249133
249134
249135
249136
249137
249138
249139
249140
249141
249142
249143
249144
249145
249146
249147
249148
249149
249150
249151
249152
249153
249154
249155
249156
249157
249158
249177
249178
249179
249192
249193
249194
249195
249196
249197
249198
249199
249200
249201
249202
249203
249204
249205
249206
249207
249208
249209
249210
249211
249212
249213
249214
249215
249216
249217
249218
249219
249220
249221
249222
249223
249224
249225
249226
249227
249228
249229
249230
249231
249232
249233
249234
249235
249236
249237
249238
249239
249240
249241
249242
249243
249244
249245
249246
249247
249248
249249
249250
249251
249252
249253
249254
249255
249256
249257
249258
249259
249260
249261
249262
249263
249264
249265
249266
249267
249268
249269
249270
249271
249272
249273
249274
249275
249315
249316
249317
249318
249319
249320
249321
249322
249323
249324
249325
249326
249327
249328
249329
249330
249331
249332
249333
249334
249335
249336
249337
249338
249339
249340
249341
249342
249343
249344
249345
249346
249347
249348
249349
249350
249351
249352
249353
249354
249355
249356
249357
249358
249359
249360
249361
249362
249363
249364
249365
249366
249367
249368
249369
249370
249371
249372
249373
249374
249375
249376
249377
249378
249379
249380
249381
249382
249383
249384
249385
249386
249387
249388
249389
249390
249391
249392
249393
249394
249395
249396
249397
249398
249399
249400
249401
249402
249403
249404
249405
249406
249407
249408
249409
249410
249411
249412
249413
249414
249415
249416
249417
249418
249419
249420
249421
249422
249423
249424
249425
249426
249427
249428
249429
249430
249431
249432
249433
249434
249435
249436
249437
249438
249439
249440
249441
249442
249443
249444
249445
249446
249447
249448
249449
249450
249451
249452
249453
249454
249455
249456
249457
249458
249459
249460
249461
249462
249463
249464
249465
249466
249467
249468
249469
249470
249471
249472
249473
249474
249475
249476
249477
249478
249479
249480
249481
249482
249483
249484
249485
249486
249487
249488
249489
249490
249491
249492
249493
249494
249495
249496
249497
249498
249499
249500
249501
249502
249503
249504
249505
249506
249507
249508
249509
249510
249511
249512
249513
249514
249515
249516
249517
249518
249519
249520
249521
249522
249523
249524
249525
249526
249527
249528
249529
249530
249531
249532
249533
249534
249535
249536
249537
249538
249539
249540
249541
249542
249543
249544
249545
249546
249547
249548
249549
249550
249551
249552
249553
249554
249555
249556
249557
249558
249559
249560
249561
249562
249563
249564
249565
249566
249567
249568
249569
249570
249571
249572
249573
249574
249575
249576
249577
249578
249579
249580
249581
249582
249583
249584
249585
249586
249587
249588
249589
249590
249591
249592
249593
249594
249595
249596
249597
249598
249599
249600
249601
249602
249603
249604
249605
249606
249607
249608
249609
249610
249611
249612
249613
249614
249615
249616
249617
249618
249619
249620
249621
249622
249623
249624
249625
249626
249627
249628
249629
249630
249631
249632
249633
249634
249635
249636
249637
249638
249639
249640
249641
249642
249643
249644
249645
249646
249647
249648
249649
249650
249651
249652
249653
249654
249655
249656
249657
249658
249659
249660
249661
249662
249663
249664
249665
249666
249667
249668
249669
249670
249671
249672
249673
249674
249675
249676
249677
249678
249679
249680
249681
249682
249683
118966
118967
118968
118969
118970
118971
118972
118973
118974
118975
118976
118977
118978
118979
118980
118981
118982
118983
118984
118985
118986
118987
118988
118989
118990
118991
118992
118993
118994
118995
118996
118997
118998
118999
119000
119001
119002
119003
119004
119005
119006
119007
119008
119009
119010
119011
119012
119013
119014
119015
119016
119017
119018
119019
119020
119021
119022
119023
119024
119025
119026
119027
119028
119029
119030
119031
119032
119033
119034
119035
119036
119037
119038
119039
119040
119041
119042
119043
119051
119052
119053
119054
250230
250231
250232
250233
250234
250235
250236
250237
250238
119166
250239
119167
250240
119168
250241
119169
250242
119170
250243
119171
250244
119172
250245
119173
250246
119174
250247
119175
250248
119176
250249
119177
250250
119178
250251
119179
250252
250253
250254
250255
250256
250257
250258
250259
250260
250261
250262
250263
250264
250265
250791
250792
250793
250794
250795
250796
250797
250798
250799
250800
250801
250802
250923
250924
250925
250926
250927
250928
250929
250930
250931
250932
250933
250934
251109
251110
251111
252318
252319
252320
252327
252328
252329
252330
252331
252332
252336
252337
252338
252339
252340
252341
252345
252346
252347
252348
252349
252350
252354
252355
252356
252357
252358
252359
252363
252364
252365
252411
252412
252413
252414
252415
252416
252417
252418
252419
252420
252421
252422
252423
252424
252425
252426
252427
252428
252429
252430
252431
252432
252433
252434
252435
252436
252437
252438
252439
252440
252441
252442
252443
252444
252445
252446
252447
252448
252449
252450
252451
252452
252456
252457
252458
252504
252505
252506
252507
252508
252509
252510
252511
252512
252513
252514
252515
252516
252517
252518
252519
252520
252521
252522
252523
252524
252525
252526
252527
252528
252529
252530
252531
252532
252533
252537
252538
252539
252585
252586
252587
252588
252589
252590
252591
252592
252593
252594
252595
252596
252597
252598
252599
252600
252601
252602
252603
252604
252605
252606
252607
252608
252609
252610
252611
252612
252613
252614
252618
252619
252620
252657
252658
252659
252660
252661
252662
252663
252664
252665
252666
252667
252668
252669
252670
252671
252672
252673
252674
252675
252676
252677
252678
252679
252680
252681
252682
252683
252684
252685
252686
252690
252691
252692
252729
252730
252731
252732
252733
252734
252735
252736
252737
252738
252739
252740
252741
252742
252743
252744
252745
252746
252747
252748
252749
252750
252751
252752
252753
252754
252755
252756
252757
252758
252762
252763
252764
252810
252811
252812
252813
252814
252815
252816
252817
252818
252819
252820
252821
252822
252823
252824
252825
252826
252827
252828
252829
252830
252831
252832
252833
252834
252835
252836
252837
252838
252839
252840
252841
252842
252843
252844
252845
122710
122711
122712
122715
122716
122719
122721
122722
122723
122724
122725
122726
122727
122728
122729
122730
122731
122732
122733
122734
122735
122736
122737
122740
122742
122743
122744
122747
122749
122750
122751
122752
122753
122754
122755
122756
122757
122758
122759
122760
122761
122762
122763
122764
122765
122768
122770
122771
122772
122775
122777
122778
122779
122780
122781
122782
122783
122784
122785
122786
122787
122788
122789
122790
122791
122792
122793
122796
253869
253870
122798
253871
122799
253872
122800
253873
253874
253875
122803
253876
253877
122805
253878
122806
253879
122807
253880
122808
253881
122809
253882
122810
253883
122811
122812
122813
122814
122815
122816
122817
122818
122819
122820
122821
122824
122826
122827
122835
122836
122837
122838
122839
122840
122841
253920
253921
253922
253923
253924
253925
253926
253927
253928
253929
253930
253931
253932
253933
253934
253935
253936
253937
253938
253939
253940
253941
253942
253943
253944
253945
253946
253947
253948
253949
253950
253951
253952
253953
253954
253955
253956
253957
253958
253959
253960
253961
253962
253963
253964
253965
253966
253967
253968
253969
253970
253971
253972
253973
253974
253975
253976
253977
253978
253979
253980
253981
253982
253983
253984
253985
253986
253987
253988
253989
253990
253991
254010
254011
254012
254013
254014
254015
254016
254017
254018
254019
254020
254021
254022
254023
254024
254025
254026
254027
254028
254029
254030
254031
254032
254033
122961
254034
122962
254035
122963
254036
122964
254037
122965
254038
122966
254039
122967
254040
122968
254041
122969
254042
122970
254043
122971
254044
122972
254045
122973
254046
122974
254047
122975
254048
122976
254049
122977
254050
122978
254051
122979
254052
122980
254053
122981
254054
122982
254055
122983
254056
122984
254057
122985
254058
122986
254059
122987
254060
122988
254061
122989
254062
122990
254063
122991
254064
122992
254065
122993
254066
122994
254067
122995
254068
122996
254069
122997
254070
122998
254071
122999
254072
123000
254073
123001
254074
123002
254075
123003
254076
123004
254077
123005
254078
123006
254079
123007
254080
123008
254081
123009
254082
123010
254083
123011
254084
123012
254085
123013
254086
123014
254087
123015
254088
123016
254089
123017
254090
123018
254091
123019
254092
123020
254093
123021
254094
123022
254095
123023
254096
123024
254097
123025
254098
123026
254099
123027
123028
123029
123030
123031
123032
123033
123034
123035
123036
123037
123038
123039
123040
123041
123042
123043
123044
123045
123046
123047
123048
123049
123050
123051
123052
123053
123054
123055
123056
123057
123058
123059
123060
123061
123062
123063
123064
123065
123066
123067
123068
123069
123070
123071
123072
123073
123074
123075
123076
123077
123078
123079
254154
254155
254156
254157
254158
254159
123087
254160
123088
254161
123089
254162
123090
254163
123091
254164
123092
254165
123093
254166
254167
254168
254169
254170
254171
254172
254173
254174
254175
254176
254177
254178
254179
254180
254181
254182
254183
254184
254185
254186
254187
254188
254189
254190
254191
254192
254193
254194
254195
254196
254197
254198
254199
254200
254201
254202
254203
254204
254205
254206
254207
254208
254209
254210
254211
254212
254213
254214
254215
254216
254217
254218
254219
254220
254221
254222
254223
254224
254225
254226
254227
254228
254229
254230
254231
254232
254233
254234
254235
254236
254237
254238
254239
254240
254241
254242
254243
123213
123214
123215
123216
123217
123218
123219
254298
254299
123227
254300
123228
254301
123229
254302
123230
254303
123231
254304
123232
254305
123233
254306
254307
254308
254309
254310
254311
254312
254313
254314
254315
254316
254317
254318
254319
254320
254321
254322
254323
254324
254325
254326
254327
254328
254329
254330
254331
254332
254333
254334
254335
254336
254337
254338
254339
254340
254341
254342
254343
254344
254345
254346
254347
254348
254349
254350
254351
254352
254353
254354
254355
254356
254357
254358
254359
254360
254361
254362
254363
254364
254365
254366
254367
254368
254369
254370
254371
254372
254373
254374
254375
254376
254377
254378
254379
254380
254381
254382
254383
254384
254385
254386
254387
254406
254407
254408
254409
254410
254411
254412
254413
254414
254415
254416
254417
254418
254419
254420
254421
254422
254423
123353
123354
123355
123356
123357
123358
123359
123367
123368
123369
123370
123371
123372
123373
123409
123410
123411
123412
123413
123414
123415
123423
123424
123425
123426
123427
123428
123429
254514
254515
254516
254517
254518
254519
254520
254521
254522
254523
254524
254525
254526
254527
254528
254529
254530
254531
254532
254533
254534
254535
254536
254537
123465
254538
123466
254539
123467
254540
123468
254541
123469
254542
123470
254543
123471
254544
254545
254546
254547
254548
254549
123479
123480
123481
123482
123483
123484
123485
254586
254587
254588
254589
254590
254591
254592
254593
254594
254595
254596
254597
254598
254599
254600
254601
254602
254603
254604
254605
254606
254607
254608
254609
254610
254611
254612
254613
254614
254615
254616
254617
254618
254619
254620
254621
254622
254623
254624
254625
254626
254627
254628
254629
254630
254631
254632
254633
254634
254635
254636
254637
254638
254639
254640
254641
254642
254643
254644
254645
254646
254647
254648
254649
254650
254651
254652
254653
254654
254655
254656
254657
254664
254665
254666
254667
254668
254669
123926
123927
123928
123929
123930
123931
123932
123933
123934
123935
123936
123937
123938
123939
123940
123941
123942
123943
123944
123945
123946
123947
123948
123949
123950
123951
123952
123953
123954
123955
123956
123957
123958
123959
123960
123961
123962
123963
123964
123965
123966
123967
123968
123969
123970
123971
123972
123973
123974
123975
123976
123977
123978
123979
123980
123981
123982
123983
123984
123985
123986
123987
123988
123989
123990
123991
123992
123993
123994
123995
123996
123997
123998
123999
124000
124001
124002
124003
124004
124005
124006
124007
124008
124009
124010
124011
124012
124013
124014
124015
124016
124017
124018
124019
124020
124021
124022
124023
124024
124025
124026
124027
124077
124078
124079
124080
124081
124082
124083
124084
124085
124086
124087
124088
124089
124090
124091
124092
124093
124094
124095
124096
124097
124098
124099
124100
124101
124102
124103
124104
124105
124106
124107
124108
124109
124110
124111
124112
124113
124114
124115
124116
124117
124118
124119
124120
124121
124122
124123
124124
124125
124126
124127
124128
124129
124130
124152
124153
124154
124155
124156
124157
124193
124194
124195
124196
124197
124198
124199
124242
124243
124244
124245
124246
124247
124248
255330
255331
255332
255339
255340
255341
255345
255346
255347
255351
255352
255353
255357
255358
255359
255384
255385
255386
255387
255388
255389
255390
255391
255392
255393
255394
255395
255396
255397
255398
255399
255400
255401
255402
255403
255404
255405
255406
255407
255408
255409
255410
255411
255412
255413
255438
255439
255440
255441
255442
255443
255468
255469
255470
255471
255472
255473
255480
255481
255482
255483
255484
255485
255492
255493
255494
255495
255496
255497
124547
124548
124549
124550
124551
124552
124553
124554
124555
124556
124557
124558
124559
124560
124561
124562
124563
124564
124565
124566
124567
124568
124569
124570
124571
124572
124573
124574
124575
124576
124577
124578
124579
124580
124581
124582
124583
124584
124585
124586
124587
124588
124589
124590
124591
124592
124593
124594
124595
124722
124723
124724
124725
124726
124727
124728
124729
124730
124731
124732
124733
124734
124735
124736
124737
124738
124739
124740
124741
124742
124743
124744
124745
124746
124747
124748
124749
124750
124751
124752
124753
124754
124755
124756
124757
124758
124759
124760
124761
124762
124763
124764
124765
124766
124767
124768
124769
124770
126103
126104
126105
126106
126107
126108
126109
126110
126111
126112
126113
126114
126115
126116
126117
126118
126119
126120
126121
126122
126123
126124
126125
126126
126127
126128
126129
126130
126131
126132
126133
126134
126135
126136
126137
126138
126139
126140
126141
126142
126143
126144
257217
126145
257218
126146
257219
126147
257220
126148
257221
126149
257222
126150
257223
126151
257224
126152
257225
126153
257226
126154
257227
126155
257228
126156
257229
126157
257230
126158
257231
126159
126160
126161
126162
257235
126163
257236
126164
257237
126165
257238
126166
257239
126167
257240
126168
257241
126169
257242
126170
257243
126171
257244
126172
257245
126173
257246
126174
257247
126175
257248
126176
257249
126177
126178
126179
126180
257253
126181
257254
126182
257255
126183
257256
126184
257257
126185
257258
126186
257259
126187
257260
126188
257261
126189
257262
126190
257263
126191
257264
126192
257265
126193
257266
126194
257267
126195
126196
126197
126198
257271
126199
257272
126200
257273
126201
257274
126202
257275
126203
257276
126204
257277
126205
257278
126206
257279
126207
257280
126208
257281
126209
257282
126210
257283
126211
257284
126212
257285
126213
126214
126215
126216
126217
126218
126219
257292
126220
257293
126221
257294
126222
257295
126223
257296
126224
257297
126225
126226
126227
126228
126229
126230
126231
126232
126233
126234
126235
126236
126237
126238
126239
126240
126241
126242
126243
126244
126245
126246
126247
126248
126249
126250
126251
126252
126253
126254
126255
126256
126257
126258
126259
126260
126261
126262
126263
126264
126265
126266
126267
126268
126269
126270
126271
126272
126273
126274
126275
126276
126277
126278
126279
126280
126281
126282
126283
126284
126285
126286
126287
126288
126289
126290
126291
126292
126293
126294
126295
126296
126297
126298
126299
126300
126301
126302
126303
257376
126304
257377
126305
257378
126306
257379
126307
257380
126308
257381
126309
257382
126310
257383
126311
257384
126312
257385
126313
257386
126314
257387
126315
257388
126316
257389
126317
257390
126318
257391
126319
257392
126320
257393
126321
257394
126322
257395
126323
257396
126324
257397
126325
257398
126326
257399
126327
257400
126328
257401
126329
257402
126330
257403
126331
257404
126332
257405
126333
257406
126334
257407
126335
257408
126336
257409
126337
257410
126338
257411
126339
257412
126340
257413
126341
257414
126342
257415
126343
257416
126344
257417
126345
257418
126346
257419
126347
257420
126348
257421
126349
257422
126350
257423
126351
257424
126352
257425
126353
257426
126354
257427
126355
257428
126356
257429
126357
257430
126358
257431
126359
257432
126360
257433
126361
257434
126362
257435
126363
257436
126364
257437
126365
257438
126366
257439
126367
257440
126368
257441
126369
257442
126370
257443
126371
257444
126372
257445
126373
257446
126374
257447
126375
126376
126377
126378
126379
126380
126381
257454
126382
257455
126383
257456
126384
257457
126385
257458
126386
257459
126387
126388
126389
126390
126391
126392
126393
126394
126395
126396
126397
126398
126399
126400
126401
126402
126403
126404
126405
126406
126407
126408
126409
126410
126411
126412
126413
126414
126415
126416
126417
126418
126419
126420
126421
126422
126423
126424
126425
126426
126427
126428
126429
126430
126431
126432
126433
126434
126435
126436
126437
126438
126439
126440
126441
126442
126443
126444
126445
126446
126447
126448
126449
126450
126451
126452
126453
126454
126455
126456
126457
126458
126459
126460
126461
126462
126463
126464
126465
126466
126467
126468
126469
126470
126471
257544
126472
257545
126473
257546
126474
257547
126475
257548
126476
257549
126477
126478
126479
126480
126481
126482
126483
126484
126485
126486
126487
126488
126489
126490
126491
126492
126493
126494
126495
126496
126497
126498
126499
126500
126501
126502
126503
126504
126505
126506
126507
126508
126509
126510
126511
126512
126513
126514
126515
126516
126517
126518
126519
126520
126521
126522
126523
126524
126525
126526
126527
126528
126529
126530
126531
126532
126533
126534
126535
126536
126537
126538
126539
126540
126541
126542
126543
126544
126545
126546
126547
126548
126549
126550
126551
126552
126553
126554
126555
126556
126557
126558
126559
126560
126561
257634
126562
257635
126563
257636
126564
257637
126565
257638
126566
257639
126567
126568
126569
126570
126571
126572
126573
126574
126575
126576
126577
126578
126579
126580
126581
126582
126583
126584
126585
126586
126587
126588
126589
126590
126591
126592
126593
126594
126595
126596
126597
257670
126598
257671
126599
257672
126600
257673
126601
257674
126602
257675
126603
126604
126605
126606
126607
126608
126609
126610
126611
126612
126613
126614
126615
126616
126617
126618
126619
126620
126621
126622
126623
126624
126625
126626
126627
126628
126629
126630
126631
126632
126633
257706
126634
257707
126635
257708
126636
257709
126637
257710
126638
257711
126639
126640
126641
126642
126643
126644
126645
126646
126647
126648
126649
126650
126651
126652
126653
126654
126655
126656
126896
126897
126898
126899
126900
126901
126902
126903
126904
126905
126906
126907
126908
126909
126910
126911
126912
126913
126914
126915
126916
126917
126918
126919
126920
126921
126922
126923
126924
126925
126926
126927
126928
126929
126930
126931
126932
126933
126934
126935
126936
126937
126938
126939
126940
126941
126942
126943
126944
126945
126946
126947
126948
126949
126950
126951
126952
126953
126954
126955
126956
126957
126958
126959
126960
126961
126962
126963
126964
126965
126966
126967
126968
126969
126970
126971
126972
126973
126974
126975
126976
126977
126978
126979
126980
126981
126982
126983
126984
126985
126986
126987
126988
126989
126990
126991
126992
126993
126994
126995
126996
126997
126998
126999
127000
127001
127002
127003
127004
127005
127006
127007
127008
127009
127010
127011
127012
127013
127014
127015
127016
127017
127018
127019
127020
127021
127022
127023
127024
127025
127026
127027
127028
127029
127030
127031
127032
127033
127034
127035
127036
127037
127038
127039
127040
127041
127042
127043
127044
127045
127046
127047
127048
127049
127050
127051
127052
127053
127054
127055
127056
127057
127058
127059
127060
127061
127062
127063
127064
127065
127066
127067
127068
127069
127070
127071
127072
127073
127074
127075
127076
127077
127078
127079
127080
127081
127082
127083
127084
127085
127086
127087
127088
127089
127090
127091
127092
127093
127094
127095
127096
127097
127098
127099
127100
127101
127102
127103
127104
127105
127106
127107
127108
127109
127110
127111
127112
127113
127114
127115
127116
127117
127118
127119
127120
127121
127122
127123
127124
127125
127126
127127
127128
127129
127130
127131
127132
127133
127134
127135
127136
127137
127138
127139
127140
127141
127142
127143
127144
127145
127146
127147
127148
127149
127150
127151
127152
127153
127154
127155
127156
127157
127158
127159
127160
127161
127162
127163
127164
127165
127166
127167
127168
127169
127170
127171
127172
127173
127174
127175
127176
127177
127178
127179
127180
127181
127182
127183
127184
127185
127186
127187
127188
127189
127190
127191
127192
127193
127194
127195
127196
127197
127198
127199
127200
127201
127202
127203
127204
127205
127206
127207
127208
127209
127210
127211
127212
127213
127214
127215
127216
127217
127218
127219
127220
127221
127222
127223
127224
127225
127226
127227
127228
127229
127230
127231
127232
127233
127234
127235
127236
127237
127238
127239
127240
127241
127242
127243
127244
127245
127246
127247
127248
127249
127250
127251
127252
127253
127254
127255
127256
127257
127258
127259
127260
127261
127262
127263
127264
127265
127266
127267
127268
127269
127270
127271
127272
127273
127274
127275
127276
127277
127278
127279
127280
127281
127282
127283
127284
127285
127286
127287
127288
127289
127290
127291
127292
127293
127294
127295
127296
127297
127298
127299
127300
127301
127302
127303
127304
127305
127573
127574
127575
127576
127577
127578
127579
127580
127581
127582
127583
127584
127585
127586
127587
127588
127589
127590
127591
127592
127593
127594
127595
127596
127597
127598
127599
127600
127601
127602
127603
127604
127605
127606
127607
127608
127609
127610
127611
127612
127613
127614
127615
127616
127617
127618
127619
127620
127621
127622
127623
127624
127625
127626
127627
127628
127629
127630
127631
127632
127633
127634
127635
127636
127637
127638
127639
127640
127641
127642
127643
127644
127645
127646
127647
127648
127649
127650
127651
127652
127653
127654
127655
127656
127657
127658
127659
127660
127661
127662
127663
127664
127665
127666
127667
127668
127669
127670
127671
127672
127673
127674
127675
127676
127677
127678
127679
127680
127681
127682
127683
127684
127685
127686
127687
127688
127689
127690
127691
127692
127693
127694
127695
127696
127697
127698
127699
127700
127701
127702
127703
127704
127705
127706
127707
127708
127709
127710
127711
127712
127713
127714
127715
127716
127717
127718
127719
127720
127721
127722
127723
127724
127725
127726
127727
127728
127729
127730
127731
127732
127733
127734
127735
127736
127737
127738
127739
127740
127741
127742
127743
127744
127745
127746
127747
127748
127749
127750
127751
127752
127753
127754
127755
127756
127757
127758
259248
259249
259250
259251
259252
259253
259254
259255
259256
259257
259258
259259
259260
259261
259262
259317
259318
259319
259320
259321
259322
259323
259324
259325
259326
259327
259328
259329
259330
259331
259350
259351
259352
259353
259354
259355
259356
259357
259358
259359
259360
259361
259362
259363
259364
259365
259366
259367
259386
259387
259388
259389
259390
259391
259392
259393
259394
259395
259396
259397
259398
259399
259400
259419
259420
259421
259422
259423
259424
259425
259426
259427
259428
259429
259430
259431
259432
259433
259434
259435
259436
259743
259744
259745
259746
259747
259748
259749
259750
259751
259752
259753
259754
259755
259756
259757
259758
259759
259760
259761
259762
259763
259764
259765
259766
259767
259768
259769
259770
259771
259772
259773
259774
259775
259776
259777
259778
128838
128839
128840
128841
128842
128843
128844
128957
128958
128959
128960
128961
128962
128963
128964
128965
128966
128967
128968
128969
128970
260352
260353
260354
260355
260356
260357
260358
260359
260360
260361
260362
260363
260484
260485
260486
260487
260488
260489
260490
260491
260492
260493
260494
260495
260706
260707
260708
260709
260710
260711
260712
260713
260714
260715
260716
260717
260718
260719
260720
260721
260722
260723
260724
260725
260726
260727
260728
260729
260730
260731
260732
260733
260734
260735
260736
260737
260738
260739
260740
260741
260742
260743
260744
260745
260746
260747
260748
260749
260750
260751
260752
260753
260754
260755
260756
260757
260758
260759
260760
260761
260762
260763
260764
260765
260766
260767
260768
260769
260770
260771
260772
260773
260774
260775
260776
260777
260778
260779
260780
260781
260782
260783
260784
260785
260786
260787
260788
260789
260790
260791
260792
260793
260794
260795
260847
260848
260849
260850
260851
260852
260853
260854
260855
260856
260857
260858
260859
260860
260861
260862
260863
260864
129880
129881
129882
260955
129883
260956
129884
260957
129885
260958
129886
260959
129887
260960
129888
260961
129889
260962
129890
260963
129891
260964
129892
260965
129893
260966
129894
260967
129895
260968
129896
260969
129897
260970
129898
260971
129899
260972
129900
260973
129901
260974
129902
260975
129903
260976
129904
260977
129905
260978
129906
260979
129907
260980
129908
260981
129909
260982
129910
260983
129911
260984
129912
260985
129913
260986
129914
260987
129915
260988
129916
260989
129917
260990
129918
260991
129919
260992
129920
260993
129921
260994
129922
260995
129923
260996
129924
260997
129925
260998
129926
260999
129927
261000
129928
261001
261002
261003
261004
261005
261006
261007
261008
261009
261010
261011
261012
261013
261014
261015
261016
261017
261018
261019
261020
261021
261022
261023
261024
261025
261026
261027
261028
261029
261030
261031
261032
261033
261034
261035
261036
261037
261038
261039
261040
261041
261042
261043
261044
261045
261046
261047
261048
261049
261050
261051
261052
261053
261054
261055
261056
261057
261058
261059
261060
261061
261062
261063
261064
261065
261150
261151
261152
261153
261154
261155
261156
261157
261158
261159
261160
261161
261162
261163
261164
261165
261166
261167
261168
261169
261170
261171
261172
261173
261174
261175
261176
261177
261178
261179
261180
261181
261182
261183
261184
261185
261186
261187
261188
261189
261190
261191
261192
261193
261194
261195
261196
261197
261198
261199
261200
261201
261202
261203
261204
261205
261206
261207
261208
261209
261210
261211
261212
261213
261214
261215
261216
261217
261218
130146
261219
130147
261220
130148
261221
130149
261222
130150
261223
130151
261224
130152
261225
130153
261226
130154
261227
130155
261228
130156
261229
130157
261230
130158
261231
130159
261232
261233
261234
261235
261236
261237
261238
261239
261240
261241
261242
261243
261244
261245
261246
261247
261248
261249
261250
261251
261252
261253
261254
261255
261256
261257
261258
261259
261260
261261
261262
261263
261264
261265
261266
261267
261268
261269
261270
261271
261272
261273
261274
261275
261276
261277
261278
261279
261280
261281
261282
261283
261284
261285
261286
261287
261288
261289
261290
261291
261292
261293
261372
261373
261374
261375
261376
261377
261378
261379
261380
261381
261382
261383
261384
261385
261386
130314
261387
130315
261388
130316
261389
130317
261390
130318
261391
130319
261392
130320
130321
130322
130323
130324
130325
130326
130327
261465
261466
261467
261468
261469
261470
261471
261472
261473
261474
261475
261476
261477
261478
261479
261480
261481
261482
261483
261484
261485
261486
261487
261488
261489
261490
261491
261492
261493
261494
261495
261496
261497
262056
262057
262058
262059
262060
262061
262080
262081
262082
262083
262084
262085
262092
262093
262094
262095
262096
262097
262104
262105
262106
262107
262108
262109
262116
262117
262118
262119
262120
262121
262140
262141
262142
262143
)


// ************************************************************************* //
